ORDERID,ORDERDATE,CUSTOMERID,CUSTOMERNAME,PHONE,EMAIL,PRODUCTID,PRODUCTNAME,CATEGORY,QUANTITY,UNITPRICE,LINEAMOUNT
O00194,2025-05-30,C0531,Kabir Balakrishnan,918185434973,bbansal@gmail.com,P0238,Fear,Home,1,6342.47,6342.47
O00194,2025-05-30,C0531,Kabir Balakrishnan,918185434973,bbansal@gmail.com,P0206,Other,Home,2,16417.86,32835.72
O00195,2025-01-19,C0472,Tiya Bassi,916366979432,dugaldhruv@gmail.com,P0118,Support,Home,2,35996.16,71992.32
O00195,2025-01-19,C0472,Tiya Bassi,916366979432,dugaldhruv@gmail.com,P0434,Foot,Home,2,5572.57,11145.14
O00195,2025-01-19,C0472,Tiya Bassi,916366979432,dugaldhruv@gmail.com,P0307,Much,Fashion,3,27744.18,83232.54
O00195,2025-01-19,C0472,Tiya Bassi,916366979432,dugaldhruv@gmail.com,P0207,Hope,Books,3,31811.6,95434.8
O00195,2025-01-19,C0472,Tiya Bassi,916366979432,dugaldhruv@gmail.com,P0310,Data,Toys,3,32555.16,97665.48
O00196,2025-01-18,C0177,Tarini Subramanian,917423037546,avarughese@gmail.com,P0296,Safe,Grocery,3,6885.75,20657.25
O00196,2025-01-18,C0177,Tarini Subramanian,917423037546,avarughese@gmail.com,P0476,Matter,Books,1,635.14,635.14
O00196,2025-01-18,C0177,Tarini Subramanian,917423037546,avarughese@gmail.com,P0081,Concern,Books,3,17375.63,52126.89
O00196,2025-01-18,C0177,Tarini Subramanian,917423037546,avarughese@gmail.com,P0244,Friend,Grocery,2,44739.64,89479.28
O00197,2024-10-20,C0363,Eshani Sharaf,916263392414,nsastry@gmail.com,P0114,Office,Toys,2,11898.15,23796.3
O00197,2024-10-20,C0363,Eshani Sharaf,916263392414,nsastry@gmail.com,P0438,Build,Fashion,2,25867.34,51734.68
O00197,2024-10-20,C0363,Eshani Sharaf,916263392414,nsastry@gmail.com,P0041,Tend,Toys,2,6624.75,13249.5
O00197,2024-10-20,C0363,Eshani Sharaf,916263392414,nsastry@gmail.com,P0440,Alone,Grocery,3,27504.54,82513.62
O00197,2024-10-20,C0363,Eshani Sharaf,916263392414,nsastry@gmail.com,P0354,Among,Electronics,2,42154.64,84309.28
O00198,2024-09-08,C0279,Amira Bhalla,919143913654,saranvritika@gmail.com,P0289,Well,Grocery,2,4903.97,9807.94
O00198,2024-09-08,C0279,Amira Bhalla,919143913654,saranvritika@gmail.com,P0319,Friend,Electronics,1,17520.15,17520.15
O00199,2025-03-05,C0524,Anya Biswas,916722937890,kabirsani@gmail.com,P0037,Hundred,Books,2,36049.73,72099.46
O00199,2025-03-05,C0524,Anya Biswas,916722937890,kabirsani@gmail.com,P0006,Worker,Grocery,3,22450.55,67351.65
O00199,2025-03-05,C0524,Anya Biswas,916722937890,kabirsani@gmail.com,P0029,Technology,Grocery,2,1746.82,3493.64
O00199,2025-03-05,C0524,Anya Biswas,916722937890,kabirsani@gmail.com,P0454,Later,Fashion,3,39383.95,118151.85
O00199,2025-03-05,C0524,Anya Biswas,916722937890,kabirsani@gmail.com,P0019,Such,Fashion,1,14547.49,14547.49
O00200,2025-04-22,C0442,Indrans Sarma,918997701440,alia83@gmail.com,P0390,Hard,Books,3,47047.15,141141.45
O00200,2025-04-22,C0442,Indrans Sarma,918997701440,alia83@gmail.com,P0362,Thank,Fashion,3,18203.86,54611.58
O00200,2025-04-22,C0442,Indrans Sarma,918997701440,alia83@gmail.com,P0406,Until,Fashion,3,35664.69,106994.07
O00201,2025-04-17,C0098,Priyansh Dutt,919462330079,bdass@gmail.com,P0429,Free,Books,2,25226.17,50452.34
O00201,2025-04-17,C0098,Priyansh Dutt,919462330079,bdass@gmail.com,P0222,Wrong,Fashion,1,16593.23,16593.23
O00202,2025-08-27,C0935,Neysa Bobal,916844858404,raumehul@gmail.com,P0418,Health,Toys,1,11635.18,11635.18
O00202,2025-08-27,C0935,Neysa Bobal,916844858404,raumehul@gmail.com,P0095,Four,Grocery,3,43421.39,130264.17
O00202,2025-08-27,C0935,Neysa Bobal,916844858404,raumehul@gmail.com,P0293,Money,Grocery,1,486.78,486.78
O00202,2025-08-27,C0935,Neysa Bobal,916844858404,raumehul@gmail.com,P0053,Time,Home,2,28738.91,57477.82
O00202,2025-08-27,C0935,Neysa Bobal,916844858404,raumehul@gmail.com,P0203,Fund,Fashion,1,11474.77,11474.77
O00203,2025-03-04,C0356,Arhaan Bhatnagar,916014460760,danimanjari@gmail.com,P0276,All,Books,2,17066.13,34132.26
O00203,2025-03-04,C0356,Arhaan Bhatnagar,916014460760,danimanjari@gmail.com,P0457,Which,Books,2,25557.49,51114.98
O00203,2025-03-04,C0356,Arhaan Bhatnagar,916014460760,danimanjari@gmail.com,P0356,Paper,Books,2,1746.39,3492.78
O00203,2025-03-04,C0356,Arhaan Bhatnagar,916014460760,danimanjari@gmail.com,P0394,Strategy,Fashion,3,24240.67,72722.01
O00203,2025-03-04,C0356,Arhaan Bhatnagar,916014460760,danimanjari@gmail.com,P0442,Line,Grocery,3,48049.73,144149.19
O00204,2025-04-20,C0172,Indrans Dass,918075269722,ivan39@gmail.com,P0491,Gun,Home,1,14220.38,14220.38
O00204,2025-04-20,C0172,Indrans Dass,918075269722,ivan39@gmail.com,P0242,Guess,Grocery,3,29562.1,88686.3
O00204,2025-04-20,C0172,Indrans Dass,918075269722,ivan39@gmail.com,P0363,Inside,Books,3,26506.83,79520.49
O00204,2025-04-20,C0172,Indrans Dass,918075269722,ivan39@gmail.com,P0391,Reason,Toys,3,43651.0,130953.0
O00205,2025-06-02,C0437,Samarth Soman,916505668320,suranitya@gmail.com,P0295,Goal,Electronics,1,197.81,197.81
O00206,2025-04-24,C0561,Anay Kanda,919345448315,azadbhatti@gmail.com,P0054,Knowledge,Grocery,1,49403.07,49403.07
O00206,2025-04-24,C0561,Anay Kanda,919345448315,azadbhatti@gmail.com,P0208,Wide,Books,2,45993.95,91987.9
O00206,2025-04-24,C0561,Anay Kanda,919345448315,azadbhatti@gmail.com,P0293,Money,Grocery,3,486.78,1460.34
O00206,2025-04-24,C0561,Anay Kanda,919345448315,azadbhatti@gmail.com,P0422,Long,Toys,2,23695.22,47390.44
O00207,2025-02-21,C0027,Diya Shankar,918811975015,eshaniguha@gmail.com,P0475,At,Toys,3,35943.68,107831.04
O00207,2025-02-21,C0027,Diya Shankar,918811975015,eshaniguha@gmail.com,P0200,But,Home,3,13941.44,41824.32
O00208,2025-06-25,C0085,Hazel Sood,916126436243,manikyalala@gmail.com,P0138,Purpose,Grocery,3,2234.54,6703.62
O00208,2025-06-25,C0085,Hazel Sood,916126436243,manikyalala@gmail.com,P0381,Avoid,Toys,3,20362.89,61088.67
O00208,2025-06-25,C0085,Hazel Sood,916126436243,manikyalala@gmail.com,P0373,Especially,Electronics,3,6461.93,19385.79
O00209,2025-08-15,C0220,Eshani Sem,919076754649,sankarvritika@gmail.com,P0358,Method,Toys,1,20030.96,20030.96
O00209,2025-08-15,C0220,Eshani Sem,919076754649,sankarvritika@gmail.com,P0498,Alone,Grocery,1,23027.23,23027.23
O00209,2025-08-15,C0220,Eshani Sem,919076754649,sankarvritika@gmail.com,P0421,Human,Home,3,37593.63,112780.89
O00209,2025-08-15,C0220,Eshani Sem,919076754649,sankarvritika@gmail.com,P0019,Such,Fashion,3,14547.49,43642.47
O00209,2025-08-15,C0220,Eshani Sem,919076754649,sankarvritika@gmail.com,P0193,Whole,Home,2,2379.84,4759.68
O00210,2025-02-18,C0691,Renee Datta,919835351473,khushi53@gmail.com,P0455,Court,Electronics,1,24246.4,24246.4
O00210,2025-02-18,C0691,Renee Datta,919835351473,khushi53@gmail.com,P0095,Four,Grocery,1,43421.39,43421.39
O00211,2024-12-13,C0018,Hazel Chokshi,919454816171,anyataneja@gmail.com,P0051,Child,Home,1,907.17,907.17
O00211,2024-12-13,C0018,Hazel Chokshi,919454816171,anyataneja@gmail.com,P0321,Right,Fashion,3,41419.14,124257.42
O00212,2025-04-18,C0603,Lakshay Kanda,916666873298,kiaan49@gmail.com,P0473,Feeling,Fashion,3,6741.82,20225.46
O00212,2025-04-18,C0603,Lakshay Kanda,916666873298,kiaan49@gmail.com,P0148,Will,Books,3,29281.73,87845.19
O00213,2025-08-15,C0373,Aaryahi Kari,918939094678,himmatbhalla@gmail.com,P0455,Court,Electronics,3,24246.4,72739.2
O00213,2025-08-15,C0373,Aaryahi Kari,918939094678,himmatbhalla@gmail.com,P0244,Friend,Grocery,3,44739.64,134218.92
O00213,2025-08-15,C0373,Aaryahi Kari,918939094678,himmatbhalla@gmail.com,P0274,Goal,Books,1,36502.79,36502.79
O00213,2025-08-15,C0373,Aaryahi Kari,918939094678,himmatbhalla@gmail.com,P0261,Movie,Toys,2,34647.61,69295.22
O00213,2025-08-15,C0373,Aaryahi Kari,918939094678,himmatbhalla@gmail.com,P0136,Method,Grocery,2,2991.68,5983.36
O00214,2024-10-24,C0337,Kabir Kale,918400709173,arhaan96@gmail.com,P0379,Without,Electronics,1,13525.07,13525.07
O00214,2024-10-24,C0337,Kabir Kale,918400709173,arhaan96@gmail.com,P0182,Director,Electronics,3,28330.65,84991.95
O00214,2024-10-24,C0337,Kabir Kale,918400709173,arhaan96@gmail.com,P0148,Will,Books,1,29281.73,29281.73
O00214,2024-10-24,C0337,Kabir Kale,918400709173,arhaan96@gmail.com,P0227,Behavior,Electronics,2,36013.96,72027.92
O00214,2024-10-24,C0337,Kabir Kale,918400709173,arhaan96@gmail.com,P0046,Around,Books,3,33731.27,101193.81
O00215,2024-10-24,C0714,Ivana Basak,919407545082,singhalvedika@gmail.com,P0249,Threat,Toys,2,16905.35,33810.7
O00216,2025-06-09,C0184,Priyansh Chakrabarti,919586488505,irabhagat@gmail.com,P0477,Executive,Home,2,40796.04,81592.08
O00216,2025-06-09,C0184,Priyansh Chakrabarti,919586488505,irabhagat@gmail.com,P0269,Speech,Books,3,34902.62,104707.86
O00217,2025-02-18,C0704,Samaira Batra,919823544047,xkalita@gmail.com,P0061,Much,Books,3,42843.58,128530.74
O00217,2025-02-18,C0704,Samaira Batra,919823544047,xkalita@gmail.com,P0248,My,Grocery,1,37715.55,37715.55
O00217,2025-02-18,C0704,Samaira Batra,919823544047,xkalita@gmail.com,P0087,Hotel,Fashion,3,2608.49,7825.47
O00217,2025-02-18,C0704,Samaira Batra,919823544047,xkalita@gmail.com,P0095,Four,Grocery,3,43421.39,130264.17
O00217,2025-02-18,C0704,Samaira Batra,919823544047,xkalita@gmail.com,P0400,However,Toys,2,24051.41,48102.82
O00218,2025-02-19,C0776,Hazel Madan,917674728232,uvala@gmail.com,P0274,Goal,Books,3,36502.79,109508.37
O00218,2025-02-19,C0776,Hazel Madan,917674728232,uvala@gmail.com,P0416,Hot,Fashion,3,2188.07,6564.21
O00219,2024-11-04,C0703,Parinaaz Chakrabarti,918211956232,shamikdasgupta@gmail.com,P0052,Black,Electronics,2,8130.37,16260.74
O00219,2024-11-04,C0703,Parinaaz Chakrabarti,918211956232,shamikdasgupta@gmail.com,P0347,Newspaper,Fashion,3,48533.81,145601.43
O00219,2024-11-04,C0703,Parinaaz Chakrabarti,918211956232,shamikdasgupta@gmail.com,P0496,Although,Grocery,1,6446.33,6446.33
O00219,2024-11-04,C0703,Parinaaz Chakrabarti,918211956232,shamikdasgupta@gmail.com,P0040,Practice,Home,3,27945.65,83836.95
O00219,2024-11-04,C0703,Parinaaz Chakrabarti,918211956232,shamikdasgupta@gmail.com,P0382,Member,Books,2,10297.15,20594.3
O00220,2025-02-28,C0439,Adira De,916676421710,schakrabarti@gmail.com,P0180,Section,Electronics,3,15179.3,45537.9
O00220,2025-02-28,C0439,Adira De,916676421710,schakrabarti@gmail.com,P0446,Personal,Home,1,42866.03,42866.03
O00220,2025-02-28,C0439,Adira De,916676421710,schakrabarti@gmail.com,P0224,Each,Fashion,3,595.03,1785.09
O00220,2025-02-28,C0439,Adira De,916676421710,schakrabarti@gmail.com,P0101,Decision,Books,2,11437.75,22875.5
O00220,2025-02-28,C0439,Adira De,916676421710,schakrabarti@gmail.com,P0243,Although,Electronics,1,39529.4,39529.4
O00221,2025-07-13,C0834,Pari Lalla,917016894822,wablepriyansh@gmail.com,P0318,Partner,Home,2,15284.42,30568.84
O00221,2025-07-13,C0834,Pari Lalla,917016894822,wablepriyansh@gmail.com,P0275,Growth,Fashion,3,40260.94,120782.82
O00221,2025-07-13,C0834,Pari Lalla,917016894822,wablepriyansh@gmail.com,P0177,Add,Grocery,2,31507.75,63015.5
O00221,2025-07-13,C0834,Pari Lalla,917016894822,wablepriyansh@gmail.com,P0194,Better,Books,1,49657.42,49657.42
O00221,2025-07-13,C0834,Pari Lalla,917016894822,wablepriyansh@gmail.com,P0062,Night,Toys,2,719.92,1439.84
O00222,2024-11-13,C0376,Ira Shukla,917471114095,cwable@gmail.com,P0352,Decade,Grocery,1,22564.59,22564.59
O00222,2024-11-13,C0376,Ira Shukla,917471114095,cwable@gmail.com,P0309,Represent,Electronics,1,4996.03,4996.03
O00222,2024-11-13,C0376,Ira Shukla,917471114095,cwable@gmail.com,P0160,Since,Toys,3,41383.45,124150.35
O00222,2024-11-13,C0376,Ira Shukla,917471114095,cwable@gmail.com,P0276,All,Books,3,17066.13,51198.39
O00222,2024-11-13,C0376,Ira Shukla,917471114095,cwable@gmail.com,P0454,Later,Fashion,2,39383.95,78767.9
O00223,2025-08-14,C0366,Manjari Bhagat,917821455871,sherecharvi@gmail.com,P0091,Land,Toys,2,19236.54,38473.08
O00223,2025-08-14,C0366,Manjari Bhagat,917821455871,sherecharvi@gmail.com,P0363,Inside,Books,2,26506.83,53013.66
O00223,2025-08-14,C0366,Manjari Bhagat,917821455871,sherecharvi@gmail.com,P0076,Gas,Grocery,3,33745.05,101235.15
O00224,2025-02-16,C0178,Kashvi Bail,918234798903,yuvaan91@gmail.com,P0310,Data,Toys,2,32555.16,65110.32
O00224,2025-02-16,C0178,Kashvi Bail,918234798903,yuvaan91@gmail.com,P0489,Treat,Home,3,30157.74,90473.22
O00224,2025-02-16,C0178,Kashvi Bail,918234798903,yuvaan91@gmail.com,P0181,Store,Electronics,3,7171.29,21513.87
O00224,2025-02-16,C0178,Kashvi Bail,918234798903,yuvaan91@gmail.com,P0333,Type,Grocery,2,5203.19,10406.38
O00224,2025-02-16,C0178,Kashvi Bail,918234798903,yuvaan91@gmail.com,P0319,Friend,Electronics,1,17520.15,17520.15
O00225,2025-08-31,C0787,Ivan Bandi,917704987677,anahitawali@gmail.com,P0154,Effort,Grocery,3,26859.2,80577.6
O00225,2025-08-31,C0787,Ivan Bandi,917704987677,anahitawali@gmail.com,P0455,Court,Electronics,2,24246.4,48492.8
O00226,2025-03-04,C0677,Badal Setty,917870437169,jayantgarg@gmail.com,P0439,Share,Toys,3,18005.17,54015.51
O00226,2025-03-04,C0677,Badal Setty,917870437169,jayantgarg@gmail.com,P0224,Each,Fashion,1,595.03,595.03
O00226,2025-03-04,C0677,Badal Setty,917870437169,jayantgarg@gmail.com,P0118,Support,Home,3,35996.16,107988.48
O00227,2024-10-22,C0742,Faiyaz Kari,917066019297,otank@gmail.com,P0099,Machine,Grocery,1,5087.08,5087.08
O00227,2024-10-22,C0742,Faiyaz Kari,917066019297,otank@gmail.com,P0220,Car,Grocery,2,15563.77,31127.54
O00227,2024-10-22,C0742,Faiyaz Kari,917066019297,otank@gmail.com,P0328,Born,Home,2,7635.87,15271.74
O00228,2024-12-03,C0639,Tiya Bal,917663811731,chaudharivedika@gmail.com,P0202,Least,Grocery,2,30815.56,61631.12
O00228,2024-12-03,C0639,Tiya Bal,917663811731,chaudharivedika@gmail.com,P0217,Building,Fashion,1,43359.09,43359.09
O00228,2024-12-03,C0639,Tiya Bal,917663811731,chaudharivedika@gmail.com,P0307,Much,Fashion,2,27744.18,55488.36
O00228,2024-12-03,C0639,Tiya Bal,917663811731,chaudharivedika@gmail.com,P0180,Section,Electronics,1,15179.3,15179.3
O00228,2024-12-03,C0639,Tiya Bal,917663811731,chaudharivedika@gmail.com,P0300,Return,Electronics,3,10069.79,30209.37
O00229,2025-09-04,C0123,Kimaya Dalal,919366570613,oorja07@gmail.com,P0330,Do,Toys,3,27768.67,83306.01
O00230,2025-03-03,C0207,Diya Gaba,917630388905,tejasbumb@gmail.com,P0149,Media,Electronics,3,33043.26,99129.78
O00230,2025-03-03,C0207,Diya Gaba,917630388905,tejasbumb@gmail.com,P0072,Half,Home,2,30586.09,61172.18
O00231,2025-02-12,C0501,Hansh Raju,919019213592,shaanbhargava@gmail.com,P0228,World,Home,3,42687.6,128062.8
O00231,2025-02-12,C0501,Hansh Raju,919019213592,shaanbhargava@gmail.com,P0220,Car,Grocery,3,15563.77,46691.31
O00231,2025-02-12,C0501,Hansh Raju,919019213592,shaanbhargava@gmail.com,P0202,Least,Grocery,2,30815.56,61631.12
O00232,2024-11-05,C0207,Diya Gaba,917630388905,tejasbumb@gmail.com,P0256,Choice,Fashion,1,38096.03,38096.03
O00233,2025-06-24,C0656,Saksham Venkatesh,919160581307,tejasmangal@gmail.com,P0173,Fine,Fashion,3,36346.52,109039.56
O00233,2025-06-24,C0656,Saksham Venkatesh,919160581307,tejasmangal@gmail.com,P0144,Career,Toys,2,19915.53,39831.06
O00233,2025-06-24,C0656,Saksham Venkatesh,919160581307,tejasmangal@gmail.com,P0441,Color,Toys,1,31441.06,31441.06
O00233,2025-06-24,C0656,Saksham Venkatesh,919160581307,tejasmangal@gmail.com,P0053,Time,Home,2,28738.91,57477.82
O00233,2025-06-24,C0656,Saksham Venkatesh,919160581307,tejasmangal@gmail.com,P0416,Hot,Fashion,2,2188.07,4376.14
O00234,2025-02-24,C0743,Diya Seshadri,919006717508,rasha96@gmail.com,P0369,Region,Books,3,29719.67,89159.01
O00234,2025-02-24,C0743,Diya Seshadri,919006717508,rasha96@gmail.com,P0326,Live,Grocery,2,18953.49,37906.98
O00234,2025-02-24,C0743,Diya Seshadri,919006717508,rasha96@gmail.com,P0314,Stuff,Electronics,2,23667.18,47334.36
O00235,2025-01-18,C0216,Jayan Dada,918889302083,ushan@gmail.com,P0236,Situation,Books,2,7364.61,14729.22
O00235,2025-01-18,C0216,Jayan Dada,918889302083,ushan@gmail.com,P0132,Fear,Books,2,16953.1,33906.2
O00235,2025-01-18,C0216,Jayan Dada,918889302083,ushan@gmail.com,P0024,Officer,Grocery,3,25649.5,76948.5
O00235,2025-01-18,C0216,Jayan Dada,918889302083,ushan@gmail.com,P0300,Return,Electronics,3,10069.79,30209.37
O00236,2025-02-20,C0300,Hrishita Sant,919391347913,bhavin40@gmail.com,P0004,Strong,Electronics,2,14763.61,29527.22
O00236,2025-02-20,C0300,Hrishita Sant,919391347913,bhavin40@gmail.com,P0227,Behavior,Electronics,1,36013.96,36013.96
O00236,2025-02-20,C0300,Hrishita Sant,919391347913,bhavin40@gmail.com,P0454,Later,Fashion,2,39383.95,78767.9
O00236,2025-02-20,C0300,Hrishita Sant,919391347913,bhavin40@gmail.com,P0268,Very,Electronics,1,49631.1,49631.1
O00236,2025-02-20,C0300,Hrishita Sant,919391347913,bhavin40@gmail.com,P0417,Here,Electronics,3,48161.82,144485.46
O00237,2025-07-11,C0384,Kimaya Sidhu,919937011779,qbhasin@gmail.com,P0491,Gun,Home,2,14220.38,28440.76
O00237,2025-07-11,C0384,Kimaya Sidhu,919937011779,qbhasin@gmail.com,P0193,Whole,Home,3,2379.84,7139.52
O00237,2025-07-11,C0384,Kimaya Sidhu,919937011779,qbhasin@gmail.com,P0300,Return,Electronics,1,10069.79,10069.79
O00238,2025-06-04,C0068,Vedika Gokhale,917657793975,gulatisuhana@gmail.com,P0487,Wind,Grocery,2,26054.97,52109.94
O00238,2025-06-04,C0068,Vedika Gokhale,917657793975,gulatisuhana@gmail.com,P0228,World,Home,2,42687.6,85375.2
O00238,2025-06-04,C0068,Vedika Gokhale,917657793975,gulatisuhana@gmail.com,P0087,Hotel,Fashion,2,2608.49,5216.98
O00238,2025-06-04,C0068,Vedika Gokhale,917657793975,gulatisuhana@gmail.com,P0186,Environment,Fashion,1,39743.81,39743.81
O00239,2024-11-18,C0068,Vedika Gokhale,917657793975,gulatisuhana@gmail.com,P0013,Give,Electronics,3,2877.19,8631.57
O00240,2025-06-29,C0398,Madhup Dutt,917752166449,boramannat@gmail.com,P0153,Dark,Electronics,3,47262.3,141786.9
O00240,2025-06-29,C0398,Madhup Dutt,917752166449,boramannat@gmail.com,P0152,Marriage,Electronics,3,24420.94,73262.82
O00241,2024-09-05,C0340,Zara Zacharia,919186068480,gmallick@gmail.com,P0101,Decision,Books,3,11437.75,34313.25
O00241,2024-09-05,C0340,Zara Zacharia,919186068480,gmallick@gmail.com,P0126,Wonder,Toys,2,28749.51,57499.02
O00242,2025-07-19,C0944,Ira Majumdar,918282949339,shalvkuruvilla@gmail.com,P0417,Here,Electronics,3,48161.82,144485.46
O00242,2025-07-19,C0944,Ira Majumdar,918282949339,shalvkuruvilla@gmail.com,P0131,Quite,Fashion,2,25134.94,50269.88
O00242,2025-07-19,C0944,Ira Majumdar,918282949339,shalvkuruvilla@gmail.com,P0141,Arm,Toys,3,8803.86,26411.58
O00242,2025-07-19,C0944,Ira Majumdar,918282949339,shalvkuruvilla@gmail.com,P0205,Low,Books,3,3894.6,11683.8
O00242,2025-07-19,C0944,Ira Majumdar,918282949339,shalvkuruvilla@gmail.com,P0287,Environment,Books,3,28596.46,85789.38
O00243,2024-09-18,C0338,Advika Venkatesh,917073275888,kanavrajagopalan@gmail.com,P0296,Safe,Grocery,3,6885.75,20657.25
O00244,2024-12-15,C0176,Ehsaan Golla,917214513167,jbhatti@gmail.com,P0093,Improve,Books,1,43974.96,43974.96
O00244,2024-12-15,C0176,Ehsaan Golla,917214513167,jbhatti@gmail.com,P0174,Career,Grocery,3,33061.41,99184.23
O00244,2024-12-15,C0176,Ehsaan Golla,917214513167,jbhatti@gmail.com,P0496,Although,Grocery,2,6446.33,12892.66
O00244,2024-12-15,C0176,Ehsaan Golla,917214513167,jbhatti@gmail.com,P0037,Hundred,Books,1,36049.73,36049.73
O00244,2024-12-15,C0176,Ehsaan Golla,917214513167,jbhatti@gmail.com,P0379,Without,Electronics,1,13525.07,13525.07
O00245,2025-04-08,C0028,Tarini Koshy,919892557737,dugarjayan@gmail.com,P0441,Color,Toys,3,31441.06,94323.18
O00245,2025-04-08,C0028,Tarini Koshy,919892557737,dugarjayan@gmail.com,P0338,Such,Books,1,38071.08,38071.08
O00246,2024-12-04,C0996,Jayant Bhavsar,916561231679,myramajumdar@gmail.com,P0112,So,Fashion,1,7126.45,7126.45
O00246,2024-12-04,C0996,Jayant Bhavsar,916561231679,myramajumdar@gmail.com,P0280,Stay,Grocery,1,33100.84,33100.84
O00246,2024-12-04,C0996,Jayant Bhavsar,916561231679,myramajumdar@gmail.com,P0091,Land,Toys,2,19236.54,38473.08
O00246,2024-12-04,C0996,Jayant Bhavsar,916561231679,myramajumdar@gmail.com,P0188,Seat,Home,1,13140.53,13140.53
O00247,2025-04-18,C0005,Uthkarsh Toor,919604056464,rasha82@gmail.com,P0103,Green,Fashion,2,43879.19,87758.38
O00247,2025-04-18,C0005,Uthkarsh Toor,919604056464,rasha82@gmail.com,P0176,Young,Grocery,1,30664.46,30664.46
O00247,2025-04-18,C0005,Uthkarsh Toor,919604056464,rasha82@gmail.com,P0045,Term,Electronics,3,27614.52,82843.56
O00247,2025-04-18,C0005,Uthkarsh Toor,919604056464,rasha82@gmail.com,P0429,Free,Books,1,25226.17,25226.17
O00247,2025-04-18,C0005,Uthkarsh Toor,919604056464,rasha82@gmail.com,P0137,Artist,Toys,1,22076.28,22076.28
O00248,2025-07-20,C0143,Fateh Sabharwal,918238977786,ycherian@gmail.com,P0196,Someone,Fashion,3,31927.62,95782.86
O00248,2025-07-20,C0143,Fateh Sabharwal,918238977786,ycherian@gmail.com,P0500,Sort,Books,3,30616.24,91848.72
O00249,2025-05-14,C0081,Shray Loyal,917561450578,wadhwabhavin@gmail.com,P0453,Official,Grocery,3,34440.96,103322.88
O00249,2025-05-14,C0081,Shray Loyal,917561450578,wadhwabhavin@gmail.com,P0339,Teach,Electronics,3,15732.96,47198.88
O00249,2025-05-14,C0081,Shray Loyal,917561450578,wadhwabhavin@gmail.com,P0170,She,Books,1,26961.11,26961.11
O00249,2025-05-14,C0081,Shray Loyal,917561450578,wadhwabhavin@gmail.com,P0184,Service,Grocery,2,40592.32,81184.64
O00249,2025-05-14,C0081,Shray Loyal,917561450578,wadhwabhavin@gmail.com,P0474,History,Toys,1,6036.27,6036.27
O00250,2025-06-20,C0609,Parinaaz Deo,916371738916,uhanda@gmail.com,P0276,All,Books,1,17066.13,17066.13
O00250,2025-06-20,C0609,Parinaaz Deo,916371738916,uhanda@gmail.com,P0343,Our,Electronics,2,36254.41,72508.82
O00250,2025-06-20,C0609,Parinaaz Deo,916371738916,uhanda@gmail.com,P0223,Free,Electronics,3,8128.12,24384.36
O00250,2025-06-20,C0609,Parinaaz Deo,916371738916,uhanda@gmail.com,P0225,About,Toys,1,34961.77,34961.77
O00250,2025-06-20,C0609,Parinaaz Deo,916371738916,uhanda@gmail.com,P0348,Expert,Home,1,19437.03,19437.03
O00251,2025-03-01,C0871,Navya Ganguly,919624238524,daminiarya@gmail.com,P0469,Do,Toys,2,8436.34,16872.68
O00252,2024-11-02,C0497,Pari Gala,918726555199,japte@gmail.com,P0143,Protect,Toys,1,38572.8,38572.8
O00252,2024-11-02,C0497,Pari Gala,918726555199,japte@gmail.com,P0208,Wide,Books,2,45993.95,91987.9
O00252,2024-11-02,C0497,Pari Gala,918726555199,japte@gmail.com,P0137,Artist,Toys,2,22076.28,44152.56
O00252,2024-11-02,C0497,Pari Gala,918726555199,japte@gmail.com,P0237,Increase,Grocery,2,12800.95,25601.9
O00252,2024-11-02,C0497,Pari Gala,918726555199,japte@gmail.com,P0262,The,Home,2,17889.61,35779.22
O00253,2025-07-15,C0876,Jivin Loke,916613316202,chahaljayesh@gmail.com,P0197,Wear,Electronics,3,11828.38,35485.14
O00253,2025-07-15,C0876,Jivin Loke,916613316202,chahaljayesh@gmail.com,P0124,The,Electronics,1,38646.03,38646.03
O00253,2025-07-15,C0876,Jivin Loke,916613316202,chahaljayesh@gmail.com,P0247,Difficult,Books,2,41823.06,83646.12
O00253,2025-07-15,C0876,Jivin Loke,916613316202,chahaljayesh@gmail.com,P0218,Key,Toys,2,25984.1,51968.2
O00254,2025-08-04,C0106,Kaira Ghosh,918355116974,sumershanker@gmail.com,P0306,Wall,Home,3,44948.53,134845.59
O00254,2025-08-04,C0106,Kaira Ghosh,918355116974,sumershanker@gmail.com,P0490,They,Home,1,2217.14,2217.14
O00255,2025-03-21,C0828,Uthkarsh Goel,919306486524,aarnabath@gmail.com,P0032,Language,Fashion,2,22132.39,44264.78
O00256,2025-03-25,C0246,Miraya Sengupta,917333307560,sanabanerjee@gmail.com,P0124,The,Electronics,1,38646.03,38646.03
O00256,2025-03-25,C0246,Miraya Sengupta,917333307560,sanabanerjee@gmail.com,P0015,Create,Books,2,29120.31,58240.62
O00257,2025-08-23,C0517,Ranbir Kaul,918533677938,okurian@gmail.com,P0135,Plan,Fashion,2,27769.28,55538.56
O00257,2025-08-23,C0517,Ranbir Kaul,918533677938,okurian@gmail.com,P0321,Right,Fashion,2,41419.14,82838.28
O00257,2025-08-23,C0517,Ranbir Kaul,918533677938,okurian@gmail.com,P0319,Friend,Electronics,1,17520.15,17520.15
O00257,2025-08-23,C0517,Ranbir Kaul,918533677938,okurian@gmail.com,P0355,Put,Electronics,3,48668.56,146005.68
O00258,2025-07-09,C0048,Ojas Krishnan,919455897444,ckulkarni@gmail.com,P0391,Reason,Toys,1,43651.0,43651.0
O00258,2025-07-09,C0048,Ojas Krishnan,919455897444,ckulkarni@gmail.com,P0010,Accept,Grocery,3,31464.13,94392.39
O00259,2025-02-23,C0975,Nishith Dhar,917083761145,vvarma@gmail.com,P0430,Hot,Grocery,2,43351.68,86703.36
O00260,2024-12-27,C0157,Abram Kaur,918030374602,raunak17@gmail.com,P0241,Nation,Electronics,2,42008.14,84016.28
O00260,2024-12-27,C0157,Abram Kaur,918030374602,raunak17@gmail.com,P0153,Dark,Electronics,2,47262.3,94524.6
O00260,2024-12-27,C0157,Abram Kaur,918030374602,raunak17@gmail.com,P0166,Interesting,Grocery,1,4704.45,4704.45
O00260,2024-12-27,C0157,Abram Kaur,918030374602,raunak17@gmail.com,P0353,Evidence,Books,2,12904.16,25808.32
O00260,2024-12-27,C0157,Abram Kaur,918030374602,raunak17@gmail.com,P0462,May,Electronics,1,34764.62,34764.62
O00261,2025-07-21,C0245,Vidur Anand,916629934906,saksham47@gmail.com,P0468,Industry,Home,1,34232.29,34232.29
O00261,2025-07-21,C0245,Vidur Anand,916629934906,saksham47@gmail.com,P0092,Tell,Home,1,40584.21,40584.21
O00261,2025-07-21,C0245,Vidur Anand,916629934906,saksham47@gmail.com,P0386,Thus,Toys,2,26873.03,53746.06
O00261,2025-07-21,C0245,Vidur Anand,916629934906,saksham47@gmail.com,P0007,Whose,Grocery,1,3639.73,3639.73
O00261,2025-07-21,C0245,Vidur Anand,916629934906,saksham47@gmail.com,P0057,Carry,Grocery,3,32036.35,96109.05
O00262,2024-10-14,C0213,Jhanvi Bumb,919096283985,lakshit59@gmail.com,P0167,Growth,Fashion,2,9807.77,19615.54
O00262,2024-10-14,C0213,Jhanvi Bumb,919096283985,lakshit59@gmail.com,P0232,Simply,Fashion,3,47673.19,143019.57
O00262,2024-10-14,C0213,Jhanvi Bumb,919096283985,lakshit59@gmail.com,P0185,Soldier,Electronics,1,15224.0,15224.0
O00263,2025-06-01,C0090,Rohan Suresh,917512525425,vbir@gmail.com,P0320,Sort,Fashion,3,1924.24,5772.72
O00264,2025-07-12,C0688,Dhanuk D’Alia,919490748482,aaina17@gmail.com,P0411,At,Electronics,3,19105.0,57315.0
O00264,2025-07-12,C0688,Dhanuk D’Alia,919490748482,aaina17@gmail.com,P0113,Near,Toys,2,7688.42,15376.84
O00264,2025-07-12,C0688,Dhanuk D’Alia,919490748482,aaina17@gmail.com,P0003,Cell,Electronics,3,48147.23,144441.69
O00264,2025-07-12,C0688,Dhanuk D’Alia,919490748482,aaina17@gmail.com,P0291,Church,Home,1,38797.98,38797.98
O00264,2025-07-12,C0688,Dhanuk D’Alia,919490748482,aaina17@gmail.com,P0163,Same,Books,1,41732.14,41732.14
O00265,2024-12-27,C0895,Samarth Sathe,917412407699,kiarabatra@gmail.com,P0279,Kid,Fashion,2,22978.31,45956.62
O00266,2025-02-28,C0999,Zara Chhabra,919646732136,faurora@gmail.com,P0354,Among,Electronics,1,42154.64,42154.64
O00266,2025-02-28,C0999,Zara Chhabra,919646732136,faurora@gmail.com,P0478,Pretty,Toys,1,45214.46,45214.46
O00267,2024-10-30,C0379,Aradhya Dara,916637310306,emir65@gmail.com,P0423,New,Books,2,36902.07,73804.14
O00268,2024-10-08,C0763,Yasmin Koshy,917314648554,zain40@gmail.com,P0139,Poor,Toys,3,38016.17,114048.51
O00269,2025-05-17,C0077,Arnav Yohannan,916571663967,hchandra@gmail.com,P0036,Consumer,Books,1,24513.98,24513.98
O00270,2025-03-01,C0139,Ayesha Sane,918019536103,gatik91@gmail.com,P0070,Figure,Toys,1,15626.72,15626.72
O00270,2025-03-01,C0139,Ayesha Sane,918019536103,gatik91@gmail.com,P0049,Education,Fashion,3,33685.14,101055.42
O00271,2024-10-20,C0698,Onkar Chana,918231813589,edwinpriyansh@gmail.com,P0432,Employee,Electronics,1,21473.93,21473.93
O00271,2024-10-20,C0698,Onkar Chana,918231813589,edwinpriyansh@gmail.com,P0175,Require,Electronics,3,10713.49,32140.47
O00271,2024-10-20,C0698,Onkar Chana,918231813589,edwinpriyansh@gmail.com,P0309,Represent,Electronics,3,4996.03,14988.09
O00271,2024-10-20,C0698,Onkar Chana,918231813589,edwinpriyansh@gmail.com,P0444,Bit,Grocery,3,6982.49,20947.47
O00272,2025-01-19,C0604,Rati Gara,917679803121,yadavfateh@gmail.com,P0248,My,Grocery,3,37715.55,113146.65
O00273,2025-03-04,C0036,Arnav Chauhan,917604389562,wsura@gmail.com,P0272,Maybe,Toys,1,47951.54,47951.54
O00273,2025-03-04,C0036,Arnav Chauhan,917604389562,wsura@gmail.com,P0260,Course,Electronics,3,4260.68,12782.04
O00273,2025-03-04,C0036,Arnav Chauhan,917604389562,wsura@gmail.com,P0241,Nation,Electronics,2,42008.14,84016.28
O00273,2025-03-04,C0036,Arnav Chauhan,917604389562,wsura@gmail.com,P0235,Ball,Electronics,1,36018.57,36018.57
O00273,2025-03-04,C0036,Arnav Chauhan,917604389562,wsura@gmail.com,P0090,Create,Electronics,1,4541.22,4541.22
O00274,2024-11-19,C0393,Pari Vala,919063835890,saraftushar@gmail.com,P0192,Even,Books,3,32881.09,98643.27
O00274,2024-11-19,C0393,Pari Vala,919063835890,saraftushar@gmail.com,P0437,Card,Fashion,1,16672.54,16672.54
O00274,2024-11-19,C0393,Pari Vala,919063835890,saraftushar@gmail.com,P0444,Bit,Grocery,3,6982.49,20947.47
O00274,2024-11-19,C0393,Pari Vala,919063835890,saraftushar@gmail.com,P0197,Wear,Electronics,2,11828.38,23656.76
O00274,2024-11-19,C0393,Pari Vala,919063835890,saraftushar@gmail.com,P0448,My,Toys,1,7511.41,7511.41
O00275,2025-04-25,C0957,Fateh Lad,919079577720,varmamahika@gmail.com,P0097,Worker,Home,3,21400.55,64201.65
O00275,2025-04-25,C0957,Fateh Lad,919079577720,varmamahika@gmail.com,P0041,Tend,Toys,1,6624.75,6624.75
O00275,2025-04-25,C0957,Fateh Lad,919079577720,varmamahika@gmail.com,P0233,Resource,Home,3,5535.26,16605.78
O00275,2025-04-25,C0957,Fateh Lad,919079577720,varmamahika@gmail.com,P0115,Run,Fashion,1,44401.73,44401.73
O00275,2025-04-25,C0957,Fateh Lad,919079577720,varmamahika@gmail.com,P0398,North,Home,1,42310.86,42310.86
O00276,2025-07-27,C0596,Mahika Shah,917457869300,inaaya-issac@gmail.com,P0365,See,Fashion,3,7195.14,21585.42
O00276,2025-07-27,C0596,Mahika Shah,917457869300,inaaya-issac@gmail.com,P0370,Stand,Books,1,47131.46,47131.46
O00276,2025-07-27,C0596,Mahika Shah,917457869300,inaaya-issac@gmail.com,P0162,Population,Home,3,48541.96,145625.88
O00276,2025-07-27,C0596,Mahika Shah,917457869300,inaaya-issac@gmail.com,P0303,Doctor,Books,3,45811.55,137434.65
O00277,2025-02-28,C0686,Rasha Bhargava,917289684829,farhan60@gmail.com,P0297,Interview,Home,3,39804.91,119414.73
O00277,2025-02-28,C0686,Rasha Bhargava,917289684829,farhan60@gmail.com,P0309,Represent,Electronics,1,4996.03,4996.03
O00277,2025-02-28,C0686,Rasha Bhargava,917289684829,farhan60@gmail.com,P0034,Begin,Home,2,23453.17,46906.34
O00277,2025-02-28,C0686,Rasha Bhargava,917289684829,farhan60@gmail.com,P0039,Home,Grocery,2,24312.94,48625.88
O00278,2025-05-28,C0616,Eva Din,916867189997,jtak@gmail.com,P0102,Forget,Books,1,41702.42,41702.42
O00279,2024-10-09,C0244,Shaan Soman,917953129485,uchad@gmail.com,P0482,Prove,Fashion,3,36394.17,109182.51
O00279,2024-10-09,C0244,Shaan Soman,917953129485,uchad@gmail.com,P0147,Finish,Grocery,1,3515.25,3515.25
O00279,2024-10-09,C0244,Shaan Soman,917953129485,uchad@gmail.com,P0256,Choice,Fashion,3,38096.03,114288.09
O00279,2024-10-09,C0244,Shaan Soman,917953129485,uchad@gmail.com,P0336,Need,Electronics,1,24340.15,24340.15
O00280,2025-02-09,C0421,Seher Wali,918097643395,ojasratti@gmail.com,P0361,Upon,Electronics,1,22373.88,22373.88
O00280,2025-02-09,C0421,Seher Wali,918097643395,ojasratti@gmail.com,P0184,Service,Grocery,3,40592.32,121776.96
O00280,2025-02-09,C0421,Seher Wali,918097643395,ojasratti@gmail.com,P0019,Such,Fashion,3,14547.49,43642.47
O00281,2025-05-10,C0617,Sara Shroff,916977033864,anaya05@gmail.com,P0165,Still,Grocery,2,37256.63,74513.26
O00281,2025-05-10,C0617,Sara Shroff,916977033864,anaya05@gmail.com,P0356,Paper,Books,1,1746.39,1746.39
O00281,2025-05-10,C0617,Sara Shroff,916977033864,anaya05@gmail.com,P0492,Forward,Fashion,1,5178.13,5178.13
O00281,2025-05-10,C0617,Sara Shroff,916977033864,anaya05@gmail.com,P0082,Nothing,Home,2,26893.32,53786.64
O00281,2025-05-10,C0617,Sara Shroff,916977033864,anaya05@gmail.com,P0465,Tough,Toys,1,38414.53,38414.53
O00282,2024-09-09,C0826,Rohan Varkey,916298866454,trisha77@gmail.com,P0365,See,Fashion,1,7195.14,7195.14
O00282,2024-09-09,C0826,Rohan Varkey,916298866454,trisha77@gmail.com,P0164,Day,Electronics,1,9669.61,9669.61
O00282,2024-09-09,C0826,Rohan Varkey,916298866454,trisha77@gmail.com,P0323,By,Books,3,47004.89,141014.67
O00282,2024-09-09,C0826,Rohan Varkey,916298866454,trisha77@gmail.com,P0192,Even,Books,1,32881.09,32881.09
O00283,2025-06-05,C0535,Aniruddh Rout,918583362088,sethisuhana@gmail.com,P0364,Owner,Home,1,28432.83,28432.83
O00283,2025-06-05,C0535,Aniruddh Rout,918583362088,sethisuhana@gmail.com,P0441,Color,Toys,1,31441.06,31441.06
O00283,2025-06-05,C0535,Aniruddh Rout,918583362088,sethisuhana@gmail.com,P0252,Democrat,Home,3,27839.73,83519.19
O00284,2025-08-15,C0354,Urvi Sangha,917778713187,hbhatti@gmail.com,P0080,Accept,Books,3,22114.75,66344.25
O00284,2025-08-15,C0354,Urvi Sangha,917778713187,hbhatti@gmail.com,P0034,Begin,Home,1,23453.17,23453.17
O00285,2025-01-12,C0299,Kaira Chahal,916432609777,hunar45@gmail.com,P0183,Shake,Electronics,1,13105.89,13105.89
O00285,2025-01-12,C0299,Kaira Chahal,916432609777,hunar45@gmail.com,P0298,Bring,Grocery,1,10120.73,10120.73
O00285,2025-01-12,C0299,Kaira Chahal,916432609777,hunar45@gmail.com,P0452,Gun,Books,1,28509.16,28509.16
O00285,2025-01-12,C0299,Kaira Chahal,916432609777,hunar45@gmail.com,P0240,Garden,Grocery,1,12458.89,12458.89
O00286,2024-12-21,C0069,Elakshi Dutta,916194691634,amiradeep@gmail.com,P0145,Once,Electronics,3,19289.24,57867.72
O00286,2024-12-21,C0069,Elakshi Dutta,916194691634,amiradeep@gmail.com,P0160,Since,Toys,3,41383.45,124150.35
O00286,2024-12-21,C0069,Elakshi Dutta,916194691634,amiradeep@gmail.com,P0102,Forget,Books,1,41702.42,41702.42
O00287,2024-09-28,C0237,Uthkarsh Chaudhari,918835857328,pbhalla@gmail.com,P0124,The,Electronics,1,38646.03,38646.03
O00287,2024-09-28,C0237,Uthkarsh Chaudhari,918835857328,pbhalla@gmail.com,P0379,Without,Electronics,1,13525.07,13525.07
O00288,2025-05-28,C0759,Gokul Varty,918185980420,yashviverma@gmail.com,P0500,Sort,Books,2,30616.24,61232.48
O00289,2024-12-29,C0346,Aniruddh Bedi,918183943923,shanaya72@gmail.com,P0252,Democrat,Home,2,27839.73,55679.46
O00289,2024-12-29,C0346,Aniruddh Bedi,918183943923,shanaya72@gmail.com,P0019,Such,Fashion,2,14547.49,29094.98
O00289,2024-12-29,C0346,Aniruddh Bedi,918183943923,shanaya72@gmail.com,P0165,Still,Grocery,3,37256.63,111769.89
O00289,2024-12-29,C0346,Aniruddh Bedi,918183943923,shanaya72@gmail.com,P0305,Alone,Grocery,3,12384.66,37153.98
O00290,2025-08-27,C0212,Gokul Madan,918209607064,biju19@gmail.com,P0071,Next,Toys,2,31890.26,63780.52
O00290,2025-08-27,C0212,Gokul Madan,918209607064,biju19@gmail.com,P0387,Take,Electronics,2,37111.49,74222.98
O00290,2025-08-27,C0212,Gokul Madan,918209607064,biju19@gmail.com,P0310,Data,Toys,2,32555.16,65110.32
O00291,2025-01-17,C0231,Damini Lanka,918159146720,madhavlata@gmail.com,P0408,Billion,Home,1,30060.41,30060.41
O00291,2025-01-17,C0231,Damini Lanka,918159146720,madhavlata@gmail.com,P0446,Personal,Home,1,42866.03,42866.03
O00291,2025-01-17,C0231,Damini Lanka,918159146720,madhavlata@gmail.com,P0467,Music,Home,2,6015.2,12030.4
O00291,2025-01-17,C0231,Damini Lanka,918159146720,madhavlata@gmail.com,P0174,Career,Grocery,3,33061.41,99184.23
O00292,2024-11-02,C0601,Misha Karnik,918234772816,mehul28@gmail.com,P0165,Still,Grocery,3,37256.63,111769.89
O00292,2024-11-02,C0601,Misha Karnik,918234772816,mehul28@gmail.com,P0387,Take,Electronics,1,37111.49,37111.49
O00293,2025-02-06,C0993,Sara Rout,917504409761,dkoshy@gmail.com,P0274,Goal,Books,2,36502.79,73005.58
O00294,2024-09-28,C0560,Tarini Kadakia,918144507873,anikasant@gmail.com,P0230,Voice,Books,3,12941.39,38824.17
O00295,2024-10-08,C0746,Nehmat Sheth,916052927263,whayre@gmail.com,P0186,Environment,Fashion,1,39743.81,39743.81
O00295,2024-10-08,C0746,Nehmat Sheth,916052927263,whayre@gmail.com,P0382,Member,Books,2,10297.15,20594.3
O00295,2024-10-08,C0746,Nehmat Sheth,916052927263,whayre@gmail.com,P0269,Speech,Books,2,34902.62,69805.24
O00295,2024-10-08,C0746,Nehmat Sheth,916052927263,whayre@gmail.com,P0244,Friend,Grocery,1,44739.64,44739.64
O00296,2024-09-16,C0751,Aarush Badal,919298625378,qtoor@gmail.com,P0201,Month,Toys,1,38270.76,38270.76
O00296,2024-09-16,C0751,Aarush Badal,919298625378,qtoor@gmail.com,P0217,Building,Fashion,2,43359.09,86718.18
O00296,2024-09-16,C0751,Aarush Badal,919298625378,qtoor@gmail.com,P0136,Method,Grocery,3,2991.68,8975.04
O00296,2024-09-16,C0751,Aarush Badal,919298625378,qtoor@gmail.com,P0388,Develop,Fashion,1,48051.78,48051.78
O00296,2024-09-16,C0751,Aarush Badal,919298625378,qtoor@gmail.com,P0260,Course,Electronics,3,4260.68,12782.04
O00297,2024-12-19,C0722,Rhea Kibe,917980928488,divannishith@gmail.com,P0033,Smile,Electronics,3,7304.63,21913.89
O00298,2024-10-28,C0351,Yuvaan Dube,918258261985,sekhonzara@gmail.com,P0344,State,Grocery,3,6188.97,18566.91
O00299,2025-02-07,C0788,Ehsaan Chowdhury,919661788084,jhans@gmail.com,P0427,Glass,Grocery,1,32006.32,32006.32
O00299,2025-02-07,C0788,Ehsaan Chowdhury,919661788084,jhans@gmail.com,P0010,Accept,Grocery,3,31464.13,94392.39
O00300,2024-10-07,C0114,Diya Kade,918226472081,subramaniananahi@gmail.com,P0230,Voice,Books,3,12941.39,38824.17
O00300,2024-10-07,C0114,Diya Kade,918226472081,subramaniananahi@gmail.com,P0128,West,Electronics,1,14179.39,14179.39
O00300,2024-10-07,C0114,Diya Kade,918226472081,subramaniananahi@gmail.com,P0077,Walk,Books,2,31770.26,63540.52
O00300,2024-10-07,C0114,Diya Kade,918226472081,subramaniananahi@gmail.com,P0271,What,Home,1,25241.9,25241.9
O00300,2024-10-07,C0114,Diya Kade,918226472081,subramaniananahi@gmail.com,P0264,Conference,Home,3,40033.67,120101.01
O00301,2024-09-24,C0180,Sara Som,917828894434,vivaankulkarni@gmail.com,P0389,Can,Grocery,3,2990.09,8970.27
O00301,2024-09-24,C0180,Sara Som,917828894434,vivaankulkarni@gmail.com,P0145,Once,Electronics,3,19289.24,57867.72
O00302,2025-03-24,C0702,Vihaan Khurana,916236728726,ehsaanraval@gmail.com,P0019,Such,Fashion,3,14547.49,43642.47
O00302,2025-03-24,C0702,Vihaan Khurana,916236728726,ehsaanraval@gmail.com,P0480,Each,Fashion,2,34183.23,68366.46
O00302,2025-03-24,C0702,Vihaan Khurana,916236728726,ehsaanraval@gmail.com,P0386,Thus,Toys,2,26873.03,53746.06
O00302,2025-03-24,C0702,Vihaan Khurana,916236728726,ehsaanraval@gmail.com,P0261,Movie,Toys,3,34647.61,103942.83
O00303,2025-06-10,C0923,Jhanvi Wadhwa,916345199889,gkalla@gmail.com,P0034,Begin,Home,2,23453.17,46906.34
O00303,2025-06-10,C0923,Jhanvi Wadhwa,916345199889,gkalla@gmail.com,P0087,Hotel,Fashion,2,2608.49,5216.98
O00303,2025-06-10,C0923,Jhanvi Wadhwa,916345199889,gkalla@gmail.com,P0470,Manage,Electronics,1,6525.32,6525.32
O00303,2025-06-10,C0923,Jhanvi Wadhwa,916345199889,gkalla@gmail.com,P0177,Add,Grocery,2,31507.75,63015.5
O00304,2025-03-19,C0953,Yakshit Sodhi,916413128962,kkant@gmail.com,P0164,Day,Electronics,2,9669.61,19339.22
O00304,2025-03-19,C0953,Yakshit Sodhi,916413128962,kkant@gmail.com,P0099,Machine,Grocery,2,5087.08,10174.16
O00304,2025-03-19,C0953,Yakshit Sodhi,916413128962,kkant@gmail.com,P0253,Himself,Toys,2,28859.07,57718.14
O00304,2025-03-19,C0953,Yakshit Sodhi,916413128962,kkant@gmail.com,P0248,My,Grocery,1,37715.55,37715.55
O00305,2025-04-27,C0276,Dharmajan Mangal,919043484388,wwadhwa@gmail.com,P0448,My,Toys,1,7511.41,7511.41
O00305,2025-04-27,C0276,Dharmajan Mangal,919043484388,wwadhwa@gmail.com,P0465,Tough,Toys,2,38414.53,76829.06
O00305,2025-04-27,C0276,Dharmajan Mangal,919043484388,wwadhwa@gmail.com,P0433,Friend,Electronics,3,38386.31,115158.93
O00306,2025-07-26,C0269,Eshani Ratti,918857474206,ykant@gmail.com,P0305,Alone,Grocery,2,12384.66,24769.32
O00306,2025-07-26,C0269,Eshani Ratti,918857474206,ykant@gmail.com,P0007,Whose,Grocery,3,3639.73,10919.19
O00306,2025-07-26,C0269,Eshani Ratti,918857474206,ykant@gmail.com,P0302,Example,Grocery,2,17949.9,35899.8
O00306,2025-07-26,C0269,Eshani Ratti,918857474206,ykant@gmail.com,P0333,Type,Grocery,3,5203.19,15609.57
O00306,2025-07-26,C0269,Eshani Ratti,918857474206,ykant@gmail.com,P0291,Church,Home,3,38797.98,116393.94
O00307,2025-07-27,C0429,Indranil Madan,919693119429,zchawla@gmail.com,P0092,Tell,Home,1,40584.21,40584.21
O00308,2025-06-24,C0861,Zaina Kaul,916669007781,adah69@gmail.com,P0136,Method,Grocery,2,2991.68,5983.36
O00308,2025-06-24,C0861,Zaina Kaul,916669007781,adah69@gmail.com,P0389,Can,Grocery,2,2990.09,5980.18
O00308,2025-06-24,C0861,Zaina Kaul,916669007781,adah69@gmail.com,P0206,Other,Home,1,16417.86,16417.86
O00308,2025-06-24,C0861,Zaina Kaul,916669007781,adah69@gmail.com,P0242,Guess,Grocery,2,29562.1,59124.2
O00308,2025-06-24,C0861,Zaina Kaul,916669007781,adah69@gmail.com,P0212,Expect,Grocery,3,24638.09,73914.27
O00309,2025-07-30,C0155,Fateh Sur,917259071640,veer01@gmail.com,P0203,Fund,Fashion,2,11474.77,22949.54
O00309,2025-07-30,C0155,Fateh Sur,917259071640,veer01@gmail.com,P0463,Enough,Books,3,8622.35,25867.05
O00309,2025-07-30,C0155,Fateh Sur,917259071640,veer01@gmail.com,P0485,Economic,Fashion,2,47504.24,95008.48
O00309,2025-07-30,C0155,Fateh Sur,917259071640,veer01@gmail.com,P0242,Guess,Grocery,1,29562.1,29562.1
O00309,2025-07-30,C0155,Fateh Sur,917259071640,veer01@gmail.com,P0460,Place,Electronics,1,42204.95,42204.95
O00310,2025-07-08,C0238,Indrans Chad,916116433632,kulkarnifarhan@gmail.com,P0310,Data,Toys,3,32555.16,97665.48
O00310,2025-07-08,C0238,Indrans Chad,916116433632,kulkarnifarhan@gmail.com,P0460,Place,Electronics,3,42204.95,126614.85
O00311,2024-10-21,C0485,Mahika Seshadri,919317516767,ramareyansh@gmail.com,P0458,South,Grocery,3,30814.65,92443.95
O00311,2024-10-21,C0485,Mahika Seshadri,919317516767,ramareyansh@gmail.com,P0125,Who,Fashion,3,44975.66,134926.98
O00311,2024-10-21,C0485,Mahika Seshadri,919317516767,ramareyansh@gmail.com,P0180,Section,Electronics,3,15179.3,45537.9
O00311,2024-10-21,C0485,Mahika Seshadri,919317516767,ramareyansh@gmail.com,P0418,Health,Toys,1,11635.18,11635.18
O00311,2024-10-21,C0485,Mahika Seshadri,919317516767,ramareyansh@gmail.com,P0455,Court,Electronics,3,24246.4,72739.2
O00312,2025-02-02,C0953,Yakshit Sodhi,916413128962,kkant@gmail.com,P0346,Manage,Electronics,3,13256.96,39770.88
O00313,2025-01-28,C0179,Manjari Ahuja,917367144345,chaudharisiya@gmail.com,P0253,Himself,Toys,2,28859.07,57718.14
O00313,2025-01-28,C0179,Manjari Ahuja,917367144345,chaudharisiya@gmail.com,P0321,Right,Fashion,1,41419.14,41419.14
O00314,2025-05-25,C0085,Hazel Sood,916126436243,manikyalala@gmail.com,P0401,Reveal,Fashion,1,4209.04,4209.04
O00314,2025-05-25,C0085,Hazel Sood,916126436243,manikyalala@gmail.com,P0357,Recently,Home,3,8621.08,25863.24
O00314,2025-05-25,C0085,Hazel Sood,916126436243,manikyalala@gmail.com,P0415,Sign,Electronics,2,37467.77,74935.54
O00314,2025-05-25,C0085,Hazel Sood,916126436243,manikyalala@gmail.com,P0405,Number,Books,1,36701.41,36701.41
O00314,2025-05-25,C0085,Hazel Sood,916126436243,manikyalala@gmail.com,P0215,Stock,Home,3,12235.32,36705.96
O00315,2024-10-12,C0440,Miraan Guha,917165079625,udewan@gmail.com,P0127,Single,Books,3,43219.93,129659.79
O00316,2024-10-23,C0892,Trisha Jain,917380791228,ivanswamy@gmail.com,P0471,Far,Toys,3,4287.8,12863.4
O00316,2024-10-23,C0892,Trisha Jain,917380791228,ivanswamy@gmail.com,P0274,Goal,Books,2,36502.79,73005.58
O00317,2025-03-16,C0619,Umang Dora,918417845775,priyanshdhillon@gmail.com,P0079,Hand,Books,3,2100.87,6302.61
O00318,2024-12-17,C0425,Tanya Rajagopal,919833496956,kuruvillaayesha@gmail.com,P0009,They,Home,1,32134.95,32134.95
O00318,2024-12-17,C0425,Tanya Rajagopal,919833496956,kuruvillaayesha@gmail.com,P0076,Gas,Grocery,1,33745.05,33745.05
O00319,2025-06-29,C0980,Eva Chatterjee,918762206775,rravel@gmail.com,P0080,Accept,Books,3,22114.75,66344.25
O00319,2025-06-29,C0980,Eva Chatterjee,918762206775,rravel@gmail.com,P0122,Girl,Grocery,3,25630.56,76891.68
O00319,2025-06-29,C0980,Eva Chatterjee,918762206775,rravel@gmail.com,P0253,Himself,Toys,2,28859.07,57718.14
O00319,2025-06-29,C0980,Eva Chatterjee,918762206775,rravel@gmail.com,P0424,Suffer,Home,3,13776.75,41330.25
O00320,2025-07-14,C0061,Adah Bains,917345584923,divyanshhans@gmail.com,P0417,Here,Electronics,3,48161.82,144485.46
O00320,2025-07-14,C0061,Adah Bains,917345584923,divyanshhans@gmail.com,P0175,Require,Electronics,1,10713.49,10713.49
O00321,2025-02-19,C0420,Rasha Lalla,918578597317,vaibhav54@gmail.com,P0181,Store,Electronics,2,7171.29,14342.58
O00322,2024-11-19,C0608,Tiya Madan,917908565670,shaan69@gmail.com,P0147,Finish,Grocery,2,3515.25,7030.5
O00322,2024-11-19,C0608,Tiya Madan,917908565670,shaan69@gmail.com,P0253,Himself,Toys,3,28859.07,86577.21
O00322,2024-11-19,C0608,Tiya Madan,917908565670,shaan69@gmail.com,P0354,Among,Electronics,2,42154.64,84309.28
O00323,2024-10-09,C0054,Ivana Srivastava,919510681533,chandrakanav@gmail.com,P0022,Husband,Electronics,3,33123.51,99370.53
O00323,2024-10-09,C0054,Ivana Srivastava,919510681533,chandrakanav@gmail.com,P0218,Key,Toys,3,25984.1,77952.3
O00323,2024-10-09,C0054,Ivana Srivastava,919510681533,chandrakanav@gmail.com,P0151,Artist,Home,2,33499.86,66999.72
O00323,2024-10-09,C0054,Ivana Srivastava,919510681533,chandrakanav@gmail.com,P0321,Right,Fashion,3,41419.14,124257.42
O00001,2025-04-16,C0277,Romil Ramesh,916122333505,abramsom@gmail.com,P0064,White,Electronics,1,29997.92,29997.92
O00001,2025-04-16,C0277,Romil Ramesh,916122333505,abramsom@gmail.com,P0157,Establish,Home,2,159.01,318.02
O00001,2025-04-16,C0277,Romil Ramesh,916122333505,abramsom@gmail.com,P0035,Almost,Electronics,2,44323.81,88647.62
O00001,2025-04-16,C0277,Romil Ramesh,916122333505,abramsom@gmail.com,P0195,Difficult,Toys,3,38374.95,115124.85
O00001,2025-04-16,C0277,Romil Ramesh,916122333505,abramsom@gmail.com,P0259,Region,Books,3,31147.8,93443.4
O00002,2025-01-24,C0935,Neysa Bobal,916844858404,raumehul@gmail.com,P0106,Agreement,Grocery,2,33426.3,66852.6
O00002,2025-01-24,C0935,Neysa Bobal,916844858404,raumehul@gmail.com,P0242,Guess,Grocery,2,29562.1,59124.2
O00002,2025-01-24,C0935,Neysa Bobal,916844858404,raumehul@gmail.com,P0433,Friend,Electronics,3,38386.31,115158.93
O00003,2024-12-01,C0424,Prerak Toor,918611083537,indrans50@gmail.com,P0275,Growth,Fashion,1,40260.94,40260.94
O00003,2024-12-01,C0424,Prerak Toor,918611083537,indrans50@gmail.com,P0249,Threat,Toys,1,16905.35,16905.35
O00004,2025-01-28,C0365,Piya Konda,918368674076,dhingraeshani@gmail.com,P0126,Wonder,Toys,2,28749.51,57499.02
O00004,2025-01-28,C0365,Piya Konda,918368674076,dhingraeshani@gmail.com,P0048,Probably,Toys,2,15969.26,31938.52
O00005,2025-05-17,C0867,Hazel Barman,918333829986,sarrafdivyansh@gmail.com,P0034,Begin,Home,3,23453.17,70359.51
O00005,2025-05-17,C0867,Hazel Barman,918333829986,sarrafdivyansh@gmail.com,P0153,Dark,Electronics,3,47262.3,141786.9
O00005,2025-05-17,C0867,Hazel Barman,918333829986,sarrafdivyansh@gmail.com,P0272,Maybe,Toys,3,47951.54,143854.62
O00005,2025-05-17,C0867,Hazel Barman,918333829986,sarrafdivyansh@gmail.com,P0142,Cause,Home,2,42626.52,85253.04
O00006,2025-03-09,C0545,Shray Mahal,918783755027,psinha@gmail.com,P0326,Live,Grocery,3,18953.49,56860.47
O00006,2025-03-09,C0545,Shray Mahal,918783755027,psinha@gmail.com,P0497,Home,Grocery,1,14070.95,14070.95
O00006,2025-03-09,C0545,Shray Mahal,918783755027,psinha@gmail.com,P0117,Radio,Toys,2,1792.39,3584.78
O00006,2025-03-09,C0545,Shray Mahal,918783755027,psinha@gmail.com,P0176,Young,Grocery,1,30664.46,30664.46
O00007,2025-01-04,C0304,Nishith Talwar,919973185051,mbava@gmail.com,P0407,Town,Grocery,1,15477.24,15477.24
O00007,2025-01-04,C0304,Nishith Talwar,919973185051,mbava@gmail.com,P0040,Practice,Home,1,27945.65,27945.65
O00007,2025-01-04,C0304,Nishith Talwar,919973185051,mbava@gmail.com,P0083,Tell,Toys,3,34146.63,102439.89
O00007,2025-01-04,C0304,Nishith Talwar,919973185051,mbava@gmail.com,P0117,Radio,Toys,3,1792.39,5377.17
O00007,2025-01-04,C0304,Nishith Talwar,919973185051,mbava@gmail.com,P0399,Edge,Grocery,2,8358.74,16717.48
O00008,2025-07-23,C0193,Aaina Dutt,917719239917,ayeshakashyap@gmail.com,P0400,However,Toys,2,24051.41,48102.82
O00008,2025-07-23,C0193,Aaina Dutt,917719239917,ayeshakashyap@gmail.com,P0009,They,Home,3,32134.95,96404.85
O00008,2025-07-23,C0193,Aaina Dutt,917719239917,ayeshakashyap@gmail.com,P0057,Carry,Grocery,2,32036.35,64072.7
O00008,2025-07-23,C0193,Aaina Dutt,917719239917,ayeshakashyap@gmail.com,P0303,Doctor,Books,1,45811.55,45811.55
O00009,2025-02-13,C0946,Nitara Kar,917395647368,kbansal@gmail.com,P0009,They,Home,1,32134.95,32134.95
O00009,2025-02-13,C0946,Nitara Kar,917395647368,kbansal@gmail.com,P0005,Third,Electronics,1,17555.54,17555.54
O00009,2025-02-13,C0946,Nitara Kar,917395647368,kbansal@gmail.com,P0254,Main,Books,3,31781.67,95345.01
O00009,2025-02-13,C0946,Nitara Kar,917395647368,kbansal@gmail.com,P0279,Kid,Fashion,1,22978.31,22978.31
O00009,2025-02-13,C0946,Nitara Kar,917395647368,kbansal@gmail.com,P0116,Mr,Fashion,2,7183.89,14367.78
O00010,2025-05-17,C0094,Tushar Kata,918636049905,darshit93@gmail.com,P0456,Social,Fashion,2,32028.66,64057.32
O00010,2025-05-17,C0094,Tushar Kata,918636049905,darshit93@gmail.com,P0353,Evidence,Books,1,12904.16,12904.16
O00010,2025-05-17,C0094,Tushar Kata,918636049905,darshit93@gmail.com,P0085,Worker,Books,2,33183.28,66366.56
O00010,2025-05-17,C0094,Tushar Kata,918636049905,darshit93@gmail.com,P0221,The,Home,2,25026.69,50053.38
O00010,2025-05-17,C0094,Tushar Kata,918636049905,darshit93@gmail.com,P0044,Age,Books,1,29870.75,29870.75
O00011,2024-12-27,C0732,Aaina Kar,916590403064,ccontractor@gmail.com,P0234,Pay,Fashion,1,31655.12,31655.12
O00011,2024-12-27,C0732,Aaina Kar,916590403064,ccontractor@gmail.com,P0117,Radio,Toys,2,1792.39,3584.78
O00011,2024-12-27,C0732,Aaina Kar,916590403064,ccontractor@gmail.com,P0362,Thank,Fashion,2,18203.86,36407.72
O00011,2024-12-27,C0732,Aaina Kar,916590403064,ccontractor@gmail.com,P0014,Top,Toys,1,46778.4,46778.4
O00011,2024-12-27,C0732,Aaina Kar,916590403064,ccontractor@gmail.com,P0152,Marriage,Electronics,1,24420.94,24420.94
O00012,2025-03-05,C0329,Divit Khanna,919534887185,hchand@gmail.com,P0336,Need,Electronics,3,24340.15,73020.45
O00012,2025-03-05,C0329,Divit Khanna,919534887185,hchand@gmail.com,P0090,Create,Electronics,2,4541.22,9082.44
O00012,2025-03-05,C0329,Divit Khanna,919534887185,hchand@gmail.com,P0495,Half,Grocery,2,17681.55,35363.1
O00012,2025-03-05,C0329,Divit Khanna,919534887185,hchand@gmail.com,P0221,The,Home,2,25026.69,50053.38
O00012,2025-03-05,C0329,Divit Khanna,919534887185,hchand@gmail.com,P0309,Represent,Electronics,3,4996.03,14988.09
O00013,2024-11-14,C0913,Tushar Bawa,918271932977,dharmajan64@gmail.com,P0082,Nothing,Home,1,26893.32,26893.32
O00013,2024-11-14,C0913,Tushar Bawa,918271932977,dharmajan64@gmail.com,P0002,Big,Books,3,29810.32,89430.96
O00013,2024-11-14,C0913,Tushar Bawa,918271932977,dharmajan64@gmail.com,P0090,Create,Electronics,3,4541.22,13623.66
O00014,2025-08-26,C0283,Samiha Korpal,917105567571,parinaazbera@gmail.com,P0303,Doctor,Books,3,45811.55,137434.65
O00014,2025-08-26,C0283,Samiha Korpal,917105567571,parinaazbera@gmail.com,P0310,Data,Toys,1,32555.16,32555.16
O00014,2025-08-26,C0283,Samiha Korpal,917105567571,parinaazbera@gmail.com,P0453,Official,Grocery,1,34440.96,34440.96
O00015,2024-11-08,C0195,Sahil Bhandari,919146442229,stuvanviswanathan@gmail.com,P0387,Take,Electronics,1,37111.49,37111.49
O00015,2024-11-08,C0195,Sahil Bhandari,919146442229,stuvanviswanathan@gmail.com,P0231,Reality,Toys,1,36040.9,36040.9
O00015,2024-11-08,C0195,Sahil Bhandari,919146442229,stuvanviswanathan@gmail.com,P0385,Southern,Fashion,1,5603.28,5603.28
O00016,2025-05-02,C0527,Adira Kadakia,917235300947,ranbirboase@gmail.com,P0312,Hour,Home,2,26966.28,53932.56
O00016,2025-05-02,C0527,Adira Kadakia,917235300947,ranbirboase@gmail.com,P0292,Participant,Fashion,2,6391.66,12783.32
O00016,2025-05-02,C0527,Adira Kadakia,917235300947,ranbirboase@gmail.com,P0041,Tend,Toys,1,6624.75,6624.75
O00016,2025-05-02,C0527,Adira Kadakia,917235300947,ranbirboase@gmail.com,P0195,Difficult,Toys,2,38374.95,76749.9
O00016,2025-05-02,C0527,Adira Kadakia,917235300947,ranbirboase@gmail.com,P0072,Half,Home,3,30586.09,91758.27
O00017,2024-09-05,C0363,Eshani Sharaf,916263392414,nsastry@gmail.com,P0340,Activity,Fashion,1,47305.7,47305.7
O00017,2024-09-05,C0363,Eshani Sharaf,916263392414,nsastry@gmail.com,P0345,Fund,Fashion,2,28257.12,56514.24
O00017,2024-09-05,C0363,Eshani Sharaf,916263392414,nsastry@gmail.com,P0147,Finish,Grocery,2,3515.25,7030.5
O00018,2025-05-05,C0378,Kashvi Bhatti,917963681847,cshere@gmail.com,P0165,Still,Grocery,2,37256.63,74513.26
O00018,2025-05-05,C0378,Kashvi Bhatti,917963681847,cshere@gmail.com,P0124,The,Electronics,3,38646.03,115938.09
O00018,2025-05-05,C0378,Kashvi Bhatti,917963681847,cshere@gmail.com,P0359,Bill,Home,1,17296.21,17296.21
O00018,2025-05-05,C0378,Kashvi Bhatti,917963681847,cshere@gmail.com,P0304,Give,Grocery,1,4472.77,4472.77
O00019,2025-05-22,C0430,Miraya Bahl,917063753229,kanavsharaf@gmail.com,P0215,Stock,Home,1,12235.32,12235.32
O00019,2025-05-22,C0430,Miraya Bahl,917063753229,kanavsharaf@gmail.com,P0040,Practice,Home,3,27945.65,83836.95
O00019,2025-05-22,C0430,Miraya Bahl,917063753229,kanavsharaf@gmail.com,P0338,Such,Books,3,38071.08,114213.24
O00020,2025-02-07,C0244,Shaan Soman,917953129485,uchad@gmail.com,P0255,Born,Books,3,22491.06,67473.18
O00020,2025-02-07,C0244,Shaan Soman,917953129485,uchad@gmail.com,P0221,The,Home,1,25026.69,25026.69
O00020,2025-02-07,C0244,Shaan Soman,917953129485,uchad@gmail.com,P0290,Test,Fashion,3,26416.08,79248.24
O00020,2025-02-07,C0244,Shaan Soman,917953129485,uchad@gmail.com,P0428,Land,Grocery,1,36183.78,36183.78
O00020,2025-02-07,C0244,Shaan Soman,917953129485,uchad@gmail.com,P0303,Doctor,Books,1,45811.55,45811.55
O00021,2025-03-11,C0288,Baiju Kulkarni,919947129773,charmannat@gmail.com,P0381,Avoid,Toys,1,20362.89,20362.89
O00021,2025-03-11,C0288,Baiju Kulkarni,919947129773,charmannat@gmail.com,P0102,Forget,Books,3,41702.42,125107.26
O00021,2025-03-11,C0288,Baiju Kulkarni,919947129773,charmannat@gmail.com,P0284,Draw,Books,3,9525.56,28576.68
O00021,2025-03-11,C0288,Baiju Kulkarni,919947129773,charmannat@gmail.com,P0252,Democrat,Home,2,27839.73,55679.46
O00022,2025-06-06,C0672,Abram Kala,918284854898,sanebaiju@gmail.com,P0267,Activity,Books,2,37125.93,74251.86
O00022,2025-06-06,C0672,Abram Kala,918284854898,sanebaiju@gmail.com,P0156,Stage,Books,2,37082.36,74164.72
O00022,2025-06-06,C0672,Abram Kala,918284854898,sanebaiju@gmail.com,P0367,Throw,Toys,1,45671.59,45671.59
O00022,2025-06-06,C0672,Abram Kala,918284854898,sanebaiju@gmail.com,P0402,Difference,Fashion,1,5152.16,5152.16
O00022,2025-06-06,C0672,Abram Kala,918284854898,sanebaiju@gmail.com,P0432,Employee,Electronics,1,21473.93,21473.93
O00023,2025-08-26,C0338,Advika Venkatesh,917073275888,kanavrajagopalan@gmail.com,P0191,Again,Electronics,1,4114.1,4114.1
O00024,2025-01-24,C0387,Stuvan Dalal,917960779661,choprazeeshan@gmail.com,P0229,Goal,Electronics,3,18497.07,55491.21
O00024,2025-01-24,C0387,Stuvan Dalal,917960779661,choprazeeshan@gmail.com,P0106,Agreement,Grocery,1,33426.3,33426.3
O00025,2025-03-02,C0022,Ahana  Buch,916889086442,aptemahika@gmail.com,P0269,Speech,Books,1,34902.62,34902.62
O00025,2025-03-02,C0022,Ahana  Buch,916889086442,aptemahika@gmail.com,P0058,Data,Fashion,3,19851.06,59553.18
O00025,2025-03-02,C0022,Ahana  Buch,916889086442,aptemahika@gmail.com,P0153,Dark,Electronics,3,47262.3,141786.9
O00025,2025-03-02,C0022,Ahana  Buch,916889086442,aptemahika@gmail.com,P0141,Arm,Toys,3,8803.86,26411.58
O00026,2024-09-20,C0847,Divit Gokhale,918760449081,aarna35@gmail.com,P0146,Buy,Fashion,3,18119.49,54358.47
O00027,2024-09-29,C0804,Yuvraj  Yohannan,918131052599,tara64@gmail.com,P0135,Plan,Fashion,2,27769.28,55538.56
O00027,2024-09-29,C0804,Yuvraj  Yohannan,918131052599,tara64@gmail.com,P0464,National,Toys,2,39575.17,79150.34
O00027,2024-09-29,C0804,Yuvraj  Yohannan,918131052599,tara64@gmail.com,P0377,Old,Grocery,2,15509.49,31018.98
O00027,2024-09-29,C0804,Yuvraj  Yohannan,918131052599,tara64@gmail.com,P0031,Strategy,Toys,1,3707.32,3707.32
O00027,2024-09-29,C0804,Yuvraj  Yohannan,918131052599,tara64@gmail.com,P0016,Weight,Grocery,2,45838.51,91677.02
O00028,2024-09-11,C0332,Taran Sunder,919258482355,birdivit@gmail.com,P0443,Woman,Electronics,3,3027.49,9082.47
O00028,2024-09-11,C0332,Taran Sunder,919258482355,birdivit@gmail.com,P0257,Hot,Grocery,2,17886.49,35772.98
O00028,2024-09-11,C0332,Taran Sunder,919258482355,birdivit@gmail.com,P0125,Who,Fashion,3,44975.66,134926.98
O00028,2024-09-11,C0332,Taran Sunder,919258482355,birdivit@gmail.com,P0057,Carry,Grocery,3,32036.35,96109.05
O00029,2025-07-30,C0418,Ahana  Bhattacharyya,919187685513,jhanvitella@gmail.com,P0393,Bill,Home,1,20161.69,20161.69
O00029,2025-07-30,C0418,Ahana  Bhattacharyya,919187685513,jhanvitella@gmail.com,P0437,Card,Fashion,1,16672.54,16672.54
O00029,2025-07-30,C0418,Ahana  Bhattacharyya,919187685513,jhanvitella@gmail.com,P0497,Home,Grocery,2,14070.95,28141.9
O00029,2025-07-30,C0418,Ahana  Bhattacharyya,919187685513,jhanvitella@gmail.com,P0243,Although,Electronics,2,39529.4,79058.8
O00029,2025-07-30,C0418,Ahana  Bhattacharyya,919187685513,jhanvitella@gmail.com,P0340,Activity,Fashion,1,47305.7,47305.7
O00030,2025-05-19,C0689,Shlok Mall,918236730913,armaan76@gmail.com,P0459,Still,Toys,1,5875.98,5875.98
O00031,2025-01-06,C0946,Nitara Kar,917395647368,kbansal@gmail.com,P0007,Whose,Grocery,1,3639.73,3639.73
O00032,2025-07-27,C0868,Tiya Ray,919222267284,devansh97@gmail.com,P0310,Data,Toys,1,32555.16,32555.16
O00032,2025-07-27,C0868,Tiya Ray,919222267284,devansh97@gmail.com,P0204,Grow,Home,1,36853.4,36853.4
O00032,2025-07-27,C0868,Tiya Ray,919222267284,devansh97@gmail.com,P0475,At,Toys,2,35943.68,71887.36
O00033,2025-08-20,C0988,Vaibhav Sampath,916389288186,taimur49@gmail.com,P0271,What,Home,2,25241.9,50483.8
O00033,2025-08-20,C0988,Vaibhav Sampath,916389288186,taimur49@gmail.com,P0405,Number,Books,3,36701.41,110104.23
O00034,2025-01-13,C0903,Umang Dutt,917476412118,sunderazad@gmail.com,P0055,Off,Home,2,9847.69,19695.38
O00034,2025-01-13,C0903,Umang Dutt,917476412118,sunderazad@gmail.com,P0343,Our,Electronics,3,36254.41,108763.23
O00035,2024-10-02,C0420,Rasha Lalla,918578597317,vaibhav54@gmail.com,P0257,Hot,Grocery,2,17886.49,35772.98
O00036,2025-02-23,C0337,Kabir Kale,918400709173,arhaan96@gmail.com,P0339,Teach,Electronics,3,15732.96,47198.88
O00036,2025-02-23,C0337,Kabir Kale,918400709173,arhaan96@gmail.com,P0039,Home,Grocery,2,24312.94,48625.88
O00036,2025-02-23,C0337,Kabir Kale,918400709173,arhaan96@gmail.com,P0150,Carry,Electronics,1,48970.24,48970.24
O00036,2025-02-23,C0337,Kabir Kale,918400709173,arhaan96@gmail.com,P0113,Near,Toys,2,7688.42,15376.84
O00036,2025-02-23,C0337,Kabir Kale,918400709173,arhaan96@gmail.com,P0317,Less,Fashion,2,48728.05,97456.1
O00037,2025-02-20,C0787,Ivan Bandi,917704987677,anahitawali@gmail.com,P0141,Arm,Toys,2,8803.86,17607.72
O00037,2025-02-20,C0787,Ivan Bandi,917704987677,anahitawali@gmail.com,P0094,Foot,Electronics,1,39141.36,39141.36
O00037,2025-02-20,C0787,Ivan Bandi,917704987677,anahitawali@gmail.com,P0011,Task,Electronics,1,12639.93,12639.93
O00037,2025-02-20,C0787,Ivan Bandi,917704987677,anahitawali@gmail.com,P0312,Hour,Home,2,26966.28,53932.56
O00037,2025-02-20,C0787,Ivan Bandi,917704987677,anahitawali@gmail.com,P0090,Create,Electronics,1,4541.22,4541.22
O00038,2025-05-30,C0016,Nirvi Sarma,918637183289,baliindranil@gmail.com,P0226,Close,Fashion,1,22025.27,22025.27
O00038,2025-05-30,C0016,Nirvi Sarma,918637183289,baliindranil@gmail.com,P0450,Make,Home,3,13343.15,40029.45
O00038,2025-05-30,C0016,Nirvi Sarma,918637183289,baliindranil@gmail.com,P0297,Interview,Home,2,39804.91,79609.82
O00038,2025-05-30,C0016,Nirvi Sarma,918637183289,baliindranil@gmail.com,P0401,Reveal,Fashion,2,4209.04,8418.08
O00038,2025-05-30,C0016,Nirvi Sarma,918637183289,baliindranil@gmail.com,P0369,Region,Books,1,29719.67,29719.67
O00039,2025-01-25,C0190,Aarav Krishna,918323897538,sanekismat@gmail.com,P0243,Although,Electronics,3,39529.4,118588.2
O00039,2025-01-25,C0190,Aarav Krishna,918323897538,sanekismat@gmail.com,P0425,Born,Home,3,23771.25,71313.75
O00039,2025-01-25,C0190,Aarav Krishna,918323897538,sanekismat@gmail.com,P0035,Almost,Electronics,3,44323.81,132971.43
O00039,2025-01-25,C0190,Aarav Krishna,918323897538,sanekismat@gmail.com,P0484,Season,Toys,1,8571.02,8571.02
O00039,2025-01-25,C0190,Aarav Krishna,918323897538,sanekismat@gmail.com,P0313,Condition,Toys,2,36907.6,73815.2
O00040,2025-07-18,C0050,Manjari Kota,919759622143,ryanvenkatesh@gmail.com,P0291,Church,Home,1,38797.98,38797.98
O00040,2025-07-18,C0050,Manjari Kota,919759622143,ryanvenkatesh@gmail.com,P0194,Better,Books,1,49657.42,49657.42
O00040,2025-07-18,C0050,Manjari Kota,919759622143,ryanvenkatesh@gmail.com,P0490,They,Home,2,2217.14,4434.28
O00041,2024-10-06,C0448,Tara Magar,919951523721,siya92@gmail.com,P0360,Per,Fashion,1,44753.22,44753.22
O00042,2025-02-05,C0763,Yasmin Koshy,917314648554,zain40@gmail.com,P0457,Which,Books,1,25557.49,25557.49
O00042,2025-02-05,C0763,Yasmin Koshy,917314648554,zain40@gmail.com,P0163,Same,Books,2,41732.14,83464.28
O00043,2025-07-18,C0045,Shanaya Chadha,918272113766,zarabuch@gmail.com,P0343,Our,Electronics,1,36254.41,36254.41
O00043,2025-07-18,C0045,Shanaya Chadha,918272113766,zarabuch@gmail.com,P0136,Method,Grocery,1,2991.68,2991.68
O00044,2024-11-05,C0456,Ojas Dar,919063445336,vohrapari@gmail.com,P0188,Seat,Home,2,13140.53,26281.06
O00044,2024-11-05,C0456,Ojas Dar,919063445336,vohrapari@gmail.com,P0305,Alone,Grocery,2,12384.66,24769.32
O00045,2025-01-08,C0919,Urvi Anne,917850210864,handapihu@gmail.com,P0293,Money,Grocery,1,486.78,486.78
O00045,2025-01-08,C0919,Urvi Anne,917850210864,handapihu@gmail.com,P0322,Plant,Fashion,1,37337.54,37337.54
O00045,2025-01-08,C0919,Urvi Anne,917850210864,handapihu@gmail.com,P0074,Read,Home,2,31600.59,63201.18
O00045,2025-01-08,C0919,Urvi Anne,917850210864,handapihu@gmail.com,P0053,Time,Home,2,28738.91,57477.82
O00046,2024-12-31,C0824,Priyansh Kaul,916599700423,rheaborde@gmail.com,P0346,Manage,Electronics,3,13256.96,39770.88
O00046,2024-12-31,C0824,Priyansh Kaul,916599700423,rheaborde@gmail.com,P0409,Ever,Fashion,1,48069.69,48069.69
O00047,2025-02-26,C0149,Seher Bora,919527476525,ckar@gmail.com,P0497,Home,Grocery,1,14070.95,14070.95
O00047,2025-02-26,C0149,Seher Bora,919527476525,ckar@gmail.com,P0095,Four,Grocery,2,43421.39,86842.78
O00047,2025-02-26,C0149,Seher Bora,919527476525,ckar@gmail.com,P0315,Pm,Home,3,6451.23,19353.69
O00048,2025-02-13,C0397,Zeeshan Baria,916995336199,upadhyaymanjari@gmail.com,P0312,Hour,Home,2,26966.28,53932.56
O00048,2025-02-13,C0397,Zeeshan Baria,916995336199,upadhyaymanjari@gmail.com,P0319,Friend,Electronics,2,17520.15,35040.3
O00049,2025-01-08,C0615,Anahita Sur,919840082657,kandasana@gmail.com,P0456,Social,Fashion,2,32028.66,64057.32
O00049,2025-01-08,C0615,Anahita Sur,919840082657,kandasana@gmail.com,P0170,She,Books,1,26961.11,26961.11
O00049,2025-01-08,C0615,Anahita Sur,919840082657,kandasana@gmail.com,P0021,Yourself,Fashion,2,8698.02,17396.04
O00049,2025-01-08,C0615,Anahita Sur,919840082657,kandasana@gmail.com,P0242,Guess,Grocery,3,29562.1,88686.3
O00049,2025-01-08,C0615,Anahita Sur,919840082657,kandasana@gmail.com,P0115,Run,Fashion,2,44401.73,88803.46
O00050,2025-05-10,C0108,Vihaan Trivedi,917940507714,iseth@gmail.com,P0284,Draw,Books,1,9525.56,9525.56
O00050,2025-05-10,C0108,Vihaan Trivedi,917940507714,iseth@gmail.com,P0200,But,Home,1,13941.44,13941.44
O00050,2025-05-10,C0108,Vihaan Trivedi,917940507714,iseth@gmail.com,P0187,Many,Electronics,3,46075.75,138227.25
O00050,2025-05-10,C0108,Vihaan Trivedi,917940507714,iseth@gmail.com,P0344,State,Grocery,1,6188.97,6188.97
O00050,2025-05-10,C0108,Vihaan Trivedi,917940507714,iseth@gmail.com,P0368,Theory,Books,2,28749.17,57498.34
O00051,2025-07-16,C0292,Gatik Mahajan,918893340247,tankojas@gmail.com,P0248,My,Grocery,3,37715.55,113146.65
O00051,2025-07-16,C0292,Gatik Mahajan,918893340247,tankojas@gmail.com,P0286,Practice,Fashion,3,34386.6,103159.8
O00051,2025-07-16,C0292,Gatik Mahajan,918893340247,tankojas@gmail.com,P0143,Protect,Toys,1,38572.8,38572.8
O00052,2025-07-13,C0310,Tiya Dewan,916581993665,kallakabir@gmail.com,P0214,Measure,Grocery,3,30393.59,91180.77
O00053,2025-03-21,C0607,Fateh Setty,919017844973,jguha@gmail.com,P0422,Long,Toys,2,23695.22,47390.44
O00053,2025-03-21,C0607,Fateh Setty,919017844973,jguha@gmail.com,P0056,Home,Toys,1,710.67,710.67
O00053,2025-03-21,C0607,Fateh Setty,919017844973,jguha@gmail.com,P0140,State,Grocery,3,28789.71,86369.13
O00053,2025-03-21,C0607,Fateh Setty,919017844973,jguha@gmail.com,P0142,Cause,Home,3,42626.52,127879.56
O00053,2025-03-21,C0607,Fateh Setty,919017844973,jguha@gmail.com,P0067,Ten,Books,2,22515.47,45030.94
O00054,2025-01-12,C0687,Oorja Varkey,916316188672,jivika69@gmail.com,P0403,Expert,Fashion,1,9574.21,9574.21
O00054,2025-01-12,C0687,Oorja Varkey,916316188672,jivika69@gmail.com,P0367,Throw,Toys,1,45671.59,45671.59
O00054,2025-01-12,C0687,Oorja Varkey,916316188672,jivika69@gmail.com,P0227,Behavior,Electronics,1,36013.96,36013.96
O00055,2025-02-07,C0451,Charvi Savant,918186412470,banikhazel@gmail.com,P0449,Start,Books,3,31877.19,95631.57
O00055,2025-02-07,C0451,Charvi Savant,918186412470,banikhazel@gmail.com,P0451,How,Electronics,1,32544.56,32544.56
O00055,2025-02-07,C0451,Charvi Savant,918186412470,banikhazel@gmail.com,P0155,Live,Electronics,3,7171.57,21514.71
O00056,2024-10-06,C0177,Tarini Subramanian,917423037546,avarughese@gmail.com,P0018,Watch,Fashion,1,38945.67,38945.67
O00056,2024-10-06,C0177,Tarini Subramanian,917423037546,avarughese@gmail.com,P0398,North,Home,1,42310.86,42310.86
O00056,2024-10-06,C0177,Tarini Subramanian,917423037546,avarughese@gmail.com,P0260,Course,Electronics,1,4260.68,4260.68
O00057,2025-06-04,C0941,Anya Rao,916457562694,rsrivastava@gmail.com,P0163,Same,Books,3,41732.14,125196.42
O00057,2025-06-04,C0941,Anya Rao,916457562694,rsrivastava@gmail.com,P0050,Relationship,Books,3,48838.18,146514.54
O00057,2025-06-04,C0941,Anya Rao,916457562694,rsrivastava@gmail.com,P0353,Evidence,Books,3,12904.16,38712.48
O00058,2025-02-03,C0899,Hridaan Bumb,918291472336,riya19@gmail.com,P0019,Such,Fashion,1,14547.49,14547.49
O00059,2024-12-29,C0812,Shanaya Rama,919932258973,dhanuk33@gmail.com,P0449,Start,Books,1,31877.19,31877.19
O00059,2024-12-29,C0812,Shanaya Rama,919932258973,dhanuk33@gmail.com,P0223,Free,Electronics,2,8128.12,16256.24
O00059,2024-12-29,C0812,Shanaya Rama,919932258973,dhanuk33@gmail.com,P0243,Although,Electronics,1,39529.4,39529.4
O00060,2025-07-09,C0425,Tanya Rajagopal,919833496956,kuruvillaayesha@gmail.com,P0088,Interesting,Books,2,23862.35,47724.7
O00061,2025-01-01,C0763,Yasmin Koshy,917314648554,zain40@gmail.com,P0391,Reason,Toys,3,43651.0,130953.0
O00061,2025-01-01,C0763,Yasmin Koshy,917314648554,zain40@gmail.com,P0493,Would,Toys,1,26066.08,26066.08
O00061,2025-01-01,C0763,Yasmin Koshy,917314648554,zain40@gmail.com,P0219,Degree,Books,3,4353.93,13061.79
O00061,2025-01-01,C0763,Yasmin Koshy,917314648554,zain40@gmail.com,P0253,Himself,Toys,3,28859.07,86577.21
O00061,2025-01-01,C0763,Yasmin Koshy,917314648554,zain40@gmail.com,P0500,Sort,Books,1,30616.24,30616.24
O00062,2024-11-13,C0033,Nakul Madan,919474132899,madhup05@gmail.com,P0475,At,Toys,1,35943.68,35943.68
O00063,2024-10-31,C0372,Taran Thakur,919392619780,pchanda@gmail.com,P0133,Course,Home,1,25607.5,25607.5
O00063,2024-10-31,C0372,Taran Thakur,919392619780,pchanda@gmail.com,P0039,Home,Grocery,1,24312.94,24312.94
O00063,2024-10-31,C0372,Taran Thakur,919392619780,pchanda@gmail.com,P0270,Drug,Electronics,2,11052.9,22105.8
O00063,2024-10-31,C0372,Taran Thakur,919392619780,pchanda@gmail.com,P0208,Wide,Books,1,45993.95,45993.95
O00064,2025-02-21,C0905,Anaya Dube,919230635111,krout@gmail.com,P0370,Stand,Books,3,47131.46,141394.38
O00065,2025-03-25,C0604,Rati Gara,917679803121,yadavfateh@gmail.com,P0189,Take,Books,2,21117.14,42234.28
O00065,2025-03-25,C0604,Rati Gara,917679803121,yadavfateh@gmail.com,P0021,Yourself,Fashion,3,8698.02,26094.06
O00065,2025-03-25,C0604,Rati Gara,917679803121,yadavfateh@gmail.com,P0405,Number,Books,2,36701.41,73402.82
O00065,2025-03-25,C0604,Rati Gara,917679803121,yadavfateh@gmail.com,P0386,Thus,Toys,3,26873.03,80619.09
O00066,2025-03-15,C0968,Renee D’Alia,916667107542,royaarav@gmail.com,P0017,Establish,Grocery,3,1885.0,5655.0
O00066,2025-03-15,C0968,Renee D’Alia,916667107542,royaarav@gmail.com,P0194,Better,Books,1,49657.42,49657.42
O00066,2025-03-15,C0968,Renee D’Alia,916667107542,royaarav@gmail.com,P0434,Foot,Home,3,5572.57,16717.71
O00066,2025-03-15,C0968,Renee D’Alia,916667107542,royaarav@gmail.com,P0500,Sort,Books,1,30616.24,30616.24
O00066,2025-03-15,C0968,Renee D’Alia,916667107542,royaarav@gmail.com,P0134,Against,Home,2,34667.28,69334.56
O00067,2025-07-11,C0596,Mahika Shah,917457869300,inaaya-issac@gmail.com,P0140,State,Grocery,2,28789.71,57579.42
O00067,2025-07-11,C0596,Mahika Shah,917457869300,inaaya-issac@gmail.com,P0188,Seat,Home,2,13140.53,26281.06
O00067,2025-07-11,C0596,Mahika Shah,917457869300,inaaya-issac@gmail.com,P0320,Sort,Fashion,3,1924.24,5772.72
O00068,2024-11-13,C0568,Romil Ahuja,917508186764,samarth94@gmail.com,P0215,Stock,Home,3,12235.32,36705.96
O00068,2024-11-13,C0568,Romil Ahuja,917508186764,samarth94@gmail.com,P0385,Southern,Fashion,1,5603.28,5603.28
O00068,2024-11-13,C0568,Romil Ahuja,917508186764,samarth94@gmail.com,P0225,About,Toys,1,34961.77,34961.77
O00069,2025-07-08,C0590,Jayan Loke,919043273655,mbhalla@gmail.com,P0319,Friend,Electronics,2,17520.15,35040.3
O00069,2025-07-08,C0590,Jayan Loke,919043273655,mbhalla@gmail.com,P0111,Forward,Fashion,3,13770.51,41311.53
O00069,2025-07-08,C0590,Jayan Loke,919043273655,mbhalla@gmail.com,P0182,Director,Electronics,2,28330.65,56661.3
O00069,2025-07-08,C0590,Jayan Loke,919043273655,mbhalla@gmail.com,P0125,Who,Fashion,3,44975.66,134926.98
O00069,2025-07-08,C0590,Jayan Loke,919043273655,mbhalla@gmail.com,P0296,Safe,Grocery,1,6885.75,6885.75
O00070,2025-02-23,C0757,Arhaan Dua,916406107346,vartypiya@gmail.com,P0067,Ten,Books,2,22515.47,45030.94
O00070,2025-02-23,C0757,Arhaan Dua,916406107346,vartypiya@gmail.com,P0455,Court,Electronics,1,24246.4,24246.4
O00070,2025-02-23,C0757,Arhaan Dua,916406107346,vartypiya@gmail.com,P0265,Write,Grocery,2,30863.16,61726.32
O00070,2025-02-23,C0757,Arhaan Dua,916406107346,vartypiya@gmail.com,P0052,Black,Electronics,2,8130.37,16260.74
O00070,2025-02-23,C0757,Arhaan Dua,916406107346,vartypiya@gmail.com,P0194,Better,Books,1,49657.42,49657.42
O00071,2025-05-16,C0543,Zaina Srinivas,918944219485,nrege@gmail.com,P0049,Education,Fashion,1,33685.14,33685.14
O00071,2025-05-16,C0543,Zaina Srinivas,918944219485,nrege@gmail.com,P0344,State,Grocery,1,6188.97,6188.97
O00072,2024-11-04,C0205,Neelofar Amble,919659084112,mehul37@gmail.com,P0264,Conference,Home,3,40033.67,120101.01
O00072,2024-11-04,C0205,Neelofar Amble,919659084112,mehul37@gmail.com,P0279,Kid,Fashion,2,22978.31,45956.62
O00072,2024-11-04,C0205,Neelofar Amble,919659084112,mehul37@gmail.com,P0475,At,Toys,3,35943.68,107831.04
O00073,2025-08-19,C0142,Lagan Luthra,917532063835,ganesanmisha@gmail.com,P0065,Gun,Fashion,2,46224.7,92449.4
O00074,2025-02-26,C0257,Amira Shere,916402207445,bajajlavanya@gmail.com,P0396,Someone,Books,3,8750.11,26250.33
O00074,2025-02-26,C0257,Amira Shere,916402207445,bajajlavanya@gmail.com,P0459,Still,Toys,3,5875.98,17627.94
O00074,2025-02-26,C0257,Amira Shere,916402207445,bajajlavanya@gmail.com,P0198,Buy,Grocery,1,4664.49,4664.49
O00075,2025-07-03,C0402,Kiara Ramanathan,918791220847,nirvaanratta@gmail.com,P0327,Mean,Electronics,3,45227.54,135682.62
O00075,2025-07-03,C0402,Kiara Ramanathan,918791220847,nirvaanratta@gmail.com,P0455,Court,Electronics,2,24246.4,48492.8
O00075,2025-07-03,C0402,Kiara Ramanathan,918791220847,nirvaanratta@gmail.com,P0487,Wind,Grocery,2,26054.97,52109.94
O00076,2024-11-21,C0502,Samiha Keer,917767857833,xjayaraman@gmail.com,P0091,Land,Toys,2,19236.54,38473.08
O00076,2024-11-21,C0502,Samiha Keer,917767857833,xjayaraman@gmail.com,P0453,Official,Grocery,3,34440.96,103322.88
O00076,2024-11-21,C0502,Samiha Keer,917767857833,xjayaraman@gmail.com,P0259,Region,Books,3,31147.8,93443.4
O00077,2025-01-22,C0288,Baiju Kulkarni,919947129773,charmannat@gmail.com,P0081,Concern,Books,2,17375.63,34751.26
O00078,2024-11-14,C0607,Fateh Setty,919017844973,jguha@gmail.com,P0282,Long,Toys,2,38700.74,77401.48
O00078,2024-11-14,C0607,Fateh Setty,919017844973,jguha@gmail.com,P0466,Know,Home,1,32070.74,32070.74
O00078,2024-11-14,C0607,Fateh Setty,919017844973,jguha@gmail.com,P0051,Child,Home,2,907.17,1814.34
O00079,2025-08-23,C0577,Rhea Handa,916694078038,chhabratejas@gmail.com,P0287,Environment,Books,2,28596.46,57192.92
O00079,2025-08-23,C0577,Rhea Handa,916694078038,chhabratejas@gmail.com,P0054,Knowledge,Grocery,3,49403.07,148209.21
O00079,2025-08-23,C0577,Rhea Handa,916694078038,chhabratejas@gmail.com,P0460,Place,Electronics,2,42204.95,84409.9
O00079,2025-08-23,C0577,Rhea Handa,916694078038,chhabratejas@gmail.com,P0046,Around,Books,1,33731.27,33731.27
O00080,2025-01-18,C0220,Eshani Sem,919076754649,sankarvritika@gmail.com,P0111,Forward,Fashion,2,13770.51,27541.02
O00080,2025-01-18,C0220,Eshani Sem,919076754649,sankarvritika@gmail.com,P0355,Put,Electronics,2,48668.56,97337.12
O00080,2025-01-18,C0220,Eshani Sem,919076754649,sankarvritika@gmail.com,P0046,Around,Books,2,33731.27,67462.54
O00081,2024-12-21,C0569,Neelofar Date,918141065015,chaddhanuk@gmail.com,P0184,Service,Grocery,1,40592.32,40592.32
O00081,2024-12-21,C0569,Neelofar Date,918141065015,chaddhanuk@gmail.com,P0345,Fund,Fashion,3,28257.12,84771.36
O00082,2025-05-19,C0563,Khushi Lall,918312846764,johalraunak@gmail.com,P0255,Born,Books,3,22491.06,67473.18
O00083,2024-11-13,C0859,Armaan Toor,917586625070,gandhiazad@gmail.com,P0294,Enough,Toys,1,28895.66,28895.66
O00083,2024-11-13,C0859,Armaan Toor,917586625070,gandhiazad@gmail.com,P0223,Free,Electronics,2,8128.12,16256.24
O00083,2024-11-13,C0859,Armaan Toor,917586625070,gandhiazad@gmail.com,P0465,Tough,Toys,1,38414.53,38414.53
O00083,2024-11-13,C0859,Armaan Toor,917586625070,gandhiazad@gmail.com,P0216,Smile,Books,3,5257.39,15772.17
O00084,2025-04-07,C0635,Mehul Rao,916335294760,divit49@gmail.com,P0494,Technology,Fashion,3,26389.15,79167.45
O00084,2025-04-07,C0635,Mehul Rao,916335294760,divit49@gmail.com,P0063,Bad,Home,3,1796.02,5388.06
O00084,2025-04-07,C0635,Mehul Rao,916335294760,divit49@gmail.com,P0235,Ball,Electronics,3,36018.57,108055.71
O00084,2025-04-07,C0635,Mehul Rao,916335294760,divit49@gmail.com,P0451,How,Electronics,3,32544.56,97633.68
O00085,2025-02-21,C0118,Elakshi Aggarwal,916647572711,tara27@gmail.com,P0300,Return,Electronics,3,10069.79,30209.37
O00085,2025-02-21,C0118,Elakshi Aggarwal,916647572711,tara27@gmail.com,P0103,Green,Fashion,2,43879.19,87758.38
O00085,2025-02-21,C0118,Elakshi Aggarwal,916647572711,tara27@gmail.com,P0372,Prevent,Books,3,13248.28,39744.84
O00086,2024-10-26,C0403,Diya Ratti,918120442383,krishnamurthyarmaan@gmail.com,P0213,Perhaps,Books,2,17118.78,34237.56
O00086,2024-10-26,C0403,Diya Ratti,918120442383,krishnamurthyarmaan@gmail.com,P0037,Hundred,Books,3,36049.73,108149.19
O00087,2025-09-02,C0115,Onkar Butala,917098253265,rdivan@gmail.com,P0248,My,Grocery,2,37715.55,75431.1
O00087,2025-09-02,C0115,Onkar Butala,917098253265,rdivan@gmail.com,P0441,Color,Toys,2,31441.06,62882.12
O00087,2025-09-02,C0115,Onkar Butala,917098253265,rdivan@gmail.com,P0410,Result,Fashion,2,39761.33,79522.66
O00087,2025-09-02,C0115,Onkar Butala,917098253265,rdivan@gmail.com,P0358,Method,Toys,1,20030.96,20030.96
O00088,2024-11-23,C0512,Zeeshan Ramanathan,919457055939,vmani@gmail.com,P0412,High,Home,2,28978.96,57957.92
O00088,2024-11-23,C0512,Zeeshan Ramanathan,919457055939,vmani@gmail.com,P0291,Church,Home,2,38797.98,77595.96
O00088,2024-11-23,C0512,Zeeshan Ramanathan,919457055939,vmani@gmail.com,P0054,Knowledge,Grocery,1,49403.07,49403.07
O00088,2024-11-23,C0512,Zeeshan Ramanathan,919457055939,vmani@gmail.com,P0140,State,Grocery,1,28789.71,28789.71
O00089,2025-06-21,C0238,Indrans Chad,916116433632,kulkarnifarhan@gmail.com,P0014,Top,Toys,1,46778.4,46778.4
O00089,2025-06-21,C0238,Indrans Chad,916116433632,kulkarnifarhan@gmail.com,P0140,State,Grocery,1,28789.71,28789.71
O00090,2025-06-02,C0041,Aaryahi Raval,919352681701,kashvidugar@gmail.com,P0205,Low,Books,3,3894.6,11683.8
O00090,2025-06-02,C0041,Aaryahi Raval,919352681701,kashvidugar@gmail.com,P0201,Month,Toys,1,38270.76,38270.76
O00090,2025-06-02,C0041,Aaryahi Raval,919352681701,kashvidugar@gmail.com,P0386,Thus,Toys,2,26873.03,53746.06
O00091,2025-03-06,C0727,Uthkarsh Talwar,917256581028,ftrivedi@gmail.com,P0252,Democrat,Home,2,27839.73,55679.46
O00091,2025-03-06,C0727,Uthkarsh Talwar,917256581028,ftrivedi@gmail.com,P0416,Hot,Fashion,1,2188.07,2188.07
O00091,2025-03-06,C0727,Uthkarsh Talwar,917256581028,ftrivedi@gmail.com,P0214,Measure,Grocery,2,30393.59,60787.18
O00091,2025-03-06,C0727,Uthkarsh Talwar,917256581028,ftrivedi@gmail.com,P0006,Worker,Grocery,1,22450.55,22450.55
O00092,2024-10-10,C0963,Mehul Borra,916391569711,gabatiya@gmail.com,P0390,Hard,Books,2,47047.15,94094.3
O00092,2024-10-10,C0963,Mehul Borra,916391569711,gabatiya@gmail.com,P0294,Enough,Toys,2,28895.66,57791.32
O00092,2024-10-10,C0963,Mehul Borra,916391569711,gabatiya@gmail.com,P0367,Throw,Toys,1,45671.59,45671.59
O00092,2024-10-10,C0963,Mehul Borra,916391569711,gabatiya@gmail.com,P0019,Such,Fashion,1,14547.49,14547.49
O00092,2024-10-10,C0963,Mehul Borra,916391569711,gabatiya@gmail.com,P0140,State,Grocery,3,28789.71,86369.13
O00093,2025-03-24,C0743,Diya Seshadri,919006717508,rasha96@gmail.com,P0474,History,Toys,2,6036.27,12072.54
O00093,2025-03-24,C0743,Diya Seshadri,919006717508,rasha96@gmail.com,P0243,Although,Electronics,3,39529.4,118588.2
O00093,2025-03-24,C0743,Diya Seshadri,919006717508,rasha96@gmail.com,P0166,Interesting,Grocery,1,4704.45,4704.45
O00093,2025-03-24,C0743,Diya Seshadri,919006717508,rasha96@gmail.com,P0417,Here,Electronics,1,48161.82,48161.82
O00094,2025-01-21,C0885,Ojas Dalal,916282462513,himmatbaral@gmail.com,P0448,My,Toys,3,7511.41,22534.23
O00094,2025-01-21,C0885,Ojas Dalal,916282462513,himmatbaral@gmail.com,P0036,Consumer,Books,2,24513.98,49027.96
O00094,2025-01-21,C0885,Ojas Dalal,916282462513,himmatbaral@gmail.com,P0067,Ten,Books,3,22515.47,67546.41
O00094,2025-01-21,C0885,Ojas Dalal,916282462513,himmatbaral@gmail.com,P0391,Reason,Toys,1,43651.0,43651.0
O00095,2025-06-08,C0833,Hridaan Badal,917190117647,pvala@gmail.com,P0226,Close,Fashion,2,22025.27,44050.54
O00096,2024-11-12,C0930,Mishti Datta,916422168080,vritika12@gmail.com,P0352,Decade,Grocery,1,22564.59,22564.59
O00096,2024-11-12,C0930,Mishti Datta,916422168080,vritika12@gmail.com,P0187,Many,Electronics,3,46075.75,138227.25
O00096,2024-11-12,C0930,Mishti Datta,916422168080,vritika12@gmail.com,P0429,Free,Books,3,25226.17,75678.51
O00097,2025-05-07,C0979,Jivin Kadakia,919326099940,bajajindrans@gmail.com,P0410,Result,Fashion,1,39761.33,39761.33
O00097,2025-05-07,C0979,Jivin Kadakia,919326099940,bajajindrans@gmail.com,P0439,Share,Toys,1,18005.17,18005.17
O00097,2025-05-07,C0979,Jivin Kadakia,919326099940,bajajindrans@gmail.com,P0022,Husband,Electronics,1,33123.51,33123.51
O00098,2024-09-08,C0290,Sahil Ganguly,918082755691,mahalakarsh@gmail.com,P0384,Market,Grocery,2,30276.68,60553.36
O00099,2025-05-23,C0458,Anya Bala,919350960323,duttdamini@gmail.com,P0178,Alone,Electronics,2,6742.5,13485.0
O00099,2025-05-23,C0458,Anya Bala,919350960323,duttdamini@gmail.com,P0067,Ten,Books,1,22515.47,22515.47
O00099,2025-05-23,C0458,Anya Bala,919350960323,duttdamini@gmail.com,P0488,Staff,Electronics,1,19763.51,19763.51
O00099,2025-05-23,C0458,Anya Bala,919350960323,duttdamini@gmail.com,P0370,Stand,Books,1,47131.46,47131.46
O00100,2025-05-03,C0835,Suhana Sahni,919254460469,nayantarajoshi@gmail.com,P0259,Region,Books,3,31147.8,93443.4
O00100,2025-05-03,C0835,Suhana Sahni,919254460469,nayantarajoshi@gmail.com,P0321,Right,Fashion,1,41419.14,41419.14
O00101,2025-08-21,C0660,Adah Jaggi,917531915478,anay66@gmail.com,P0155,Live,Electronics,2,7171.57,14343.14
O00101,2025-08-21,C0660,Adah Jaggi,917531915478,anay66@gmail.com,P0230,Voice,Books,3,12941.39,38824.17
O00101,2025-08-21,C0660,Adah Jaggi,917531915478,anay66@gmail.com,P0225,About,Toys,1,34961.77,34961.77
O00101,2025-08-21,C0660,Adah Jaggi,917531915478,anay66@gmail.com,P0123,Real,Electronics,3,3842.47,11527.41
O00101,2025-08-21,C0660,Adah Jaggi,917531915478,anay66@gmail.com,P0367,Throw,Toys,3,45671.59,137014.77
O00102,2025-02-27,C0013,Aaryahi Luthra,918399396603,othakur@gmail.com,P0042,Director,Fashion,3,41973.05,125919.15
O00102,2025-02-27,C0013,Aaryahi Luthra,918399396603,othakur@gmail.com,P0391,Reason,Toys,3,43651.0,130953.0
O00102,2025-02-27,C0013,Aaryahi Luthra,918399396603,othakur@gmail.com,P0149,Media,Electronics,3,33043.26,99129.78
O00103,2025-07-12,C0259,Priyansh Kumar,917238445709,aayushluthra@gmail.com,P0291,Church,Home,1,38797.98,38797.98
O00103,2025-07-12,C0259,Priyansh Kumar,917238445709,aayushluthra@gmail.com,P0255,Born,Books,1,22491.06,22491.06
O00103,2025-07-12,C0259,Priyansh Kumar,917238445709,aayushluthra@gmail.com,P0096,Need,Home,2,5167.74,10335.48
O00104,2024-10-05,C0374,Zain Karpe,919502187902,baijukalita@gmail.com,P0471,Far,Toys,2,4287.8,8575.6
O00105,2025-07-26,C0004,Hazel Ram,918204352520,yuvraj-ganguly@gmail.com,P0151,Artist,Home,2,33499.86,66999.72
O00106,2025-01-24,C0484,Emir Dutta,916856070208,semalia@gmail.com,P0347,Newspaper,Fashion,1,48533.81,48533.81
O00106,2025-01-24,C0484,Emir Dutta,916856070208,semalia@gmail.com,P0391,Reason,Toys,1,43651.0,43651.0
O00106,2025-01-24,C0484,Emir Dutta,916856070208,semalia@gmail.com,P0055,Off,Home,2,9847.69,19695.38
O00106,2025-01-24,C0484,Emir Dutta,916856070208,semalia@gmail.com,P0455,Court,Electronics,2,24246.4,48492.8
O00106,2025-01-24,C0484,Emir Dutta,916856070208,semalia@gmail.com,P0475,At,Toys,2,35943.68,71887.36
O00107,2024-10-17,C0686,Rasha Bhargava,917289684829,farhan60@gmail.com,P0207,Hope,Books,3,31811.6,95434.8
O00108,2025-03-16,C0063,Yasmin Mangal,917530467806,nayantara23@gmail.com,P0384,Market,Grocery,1,30276.68,30276.68
O00108,2025-03-16,C0063,Yasmin Mangal,917530467806,nayantara23@gmail.com,P0131,Quite,Fashion,2,25134.94,50269.88
O00108,2025-03-16,C0063,Yasmin Mangal,917530467806,nayantara23@gmail.com,P0312,Hour,Home,1,26966.28,26966.28
O00109,2025-08-19,C0468,Mishti Srinivasan,919318592099,xbose@gmail.com,P0401,Reveal,Fashion,1,4209.04,4209.04
O00109,2025-08-19,C0468,Mishti Srinivasan,919318592099,xbose@gmail.com,P0329,Within,Grocery,3,36526.35,109579.05
O00109,2025-08-19,C0468,Mishti Srinivasan,919318592099,xbose@gmail.com,P0312,Hour,Home,2,26966.28,53932.56
O00109,2025-08-19,C0468,Mishti Srinivasan,919318592099,xbose@gmail.com,P0226,Close,Fashion,2,22025.27,44050.54
O00110,2024-09-23,C0563,Khushi Lall,918312846764,johalraunak@gmail.com,P0297,Interview,Home,2,39804.91,79609.82
O00110,2024-09-23,C0563,Khushi Lall,918312846764,johalraunak@gmail.com,P0391,Reason,Toys,3,43651.0,130953.0
O00110,2024-09-23,C0563,Khushi Lall,918312846764,johalraunak@gmail.com,P0028,Doctor,Home,1,169.02,169.02
O00111,2025-01-21,C0933,Shlok Bandi,917997945227,darshit64@gmail.com,P0347,Newspaper,Fashion,3,48533.81,145601.43
O00111,2025-01-21,C0933,Shlok Bandi,917997945227,darshit64@gmail.com,P0307,Much,Fashion,3,27744.18,83232.54
O00111,2025-01-21,C0933,Shlok Bandi,917997945227,darshit64@gmail.com,P0167,Growth,Fashion,2,9807.77,19615.54
O00111,2025-01-21,C0933,Shlok Bandi,917997945227,darshit64@gmail.com,P0360,Per,Fashion,2,44753.22,89506.44
O00111,2025-01-21,C0933,Shlok Bandi,917997945227,darshit64@gmail.com,P0070,Figure,Toys,3,15626.72,46880.16
O00112,2025-08-14,C0599,Trisha Sanghvi,918701163297,groveroorja@gmail.com,P0277,Add,Electronics,1,47598.78,47598.78
O00112,2025-08-14,C0599,Trisha Sanghvi,918701163297,groveroorja@gmail.com,P0324,Culture,Books,1,19384.0,19384.0
O00112,2025-08-14,C0599,Trisha Sanghvi,918701163297,groveroorja@gmail.com,P0323,By,Books,3,47004.89,141014.67
O00112,2025-08-14,C0599,Trisha Sanghvi,918701163297,groveroorja@gmail.com,P0006,Worker,Grocery,3,22450.55,67351.65
O00112,2025-08-14,C0599,Trisha Sanghvi,918701163297,groveroorja@gmail.com,P0107,According,Fashion,2,35187.46,70374.92
O00113,2024-11-05,C0718,Onkar Kumer,917415502686,pkota@gmail.com,P0288,Ten,Books,3,21119.51,63358.53
O00113,2024-11-05,C0718,Onkar Kumer,917415502686,pkota@gmail.com,P0039,Home,Grocery,3,24312.94,72938.82
O00113,2024-11-05,C0718,Onkar Kumer,917415502686,pkota@gmail.com,P0027,Like,Toys,1,26312.15,26312.15
O00114,2024-09-05,C0696,Nayantara Sheth,919367087848,zgrewal@gmail.com,P0302,Example,Grocery,2,17949.9,35899.8
O00114,2024-09-05,C0696,Nayantara Sheth,919367087848,zgrewal@gmail.com,P0470,Manage,Electronics,2,6525.32,13050.64
O00114,2024-09-05,C0696,Nayantara Sheth,919367087848,zgrewal@gmail.com,P0076,Gas,Grocery,3,33745.05,101235.15
O00114,2024-09-05,C0696,Nayantara Sheth,919367087848,zgrewal@gmail.com,P0089,Mission,Home,2,47776.2,95552.4
O00115,2024-10-22,C0361,Dhruv Apte,917595173283,wbajwa@gmail.com,P0405,Number,Books,2,36701.41,73402.82
O00115,2024-10-22,C0361,Dhruv Apte,917595173283,wbajwa@gmail.com,P0324,Culture,Books,2,19384.0,38768.0
O00115,2024-10-22,C0361,Dhruv Apte,917595173283,wbajwa@gmail.com,P0325,Sell,Home,2,8305.03,16610.06
O00116,2024-10-30,C0819,Trisha Amble,919204236016,mirayagola@gmail.com,P0156,Stage,Books,2,37082.36,74164.72
O00116,2024-10-30,C0819,Trisha Amble,919204236016,mirayagola@gmail.com,P0152,Marriage,Electronics,2,24420.94,48841.88
O00116,2024-10-30,C0819,Trisha Amble,919204236016,mirayagola@gmail.com,P0479,Popular,Electronics,2,20646.55,41293.1
O00116,2024-10-30,C0819,Trisha Amble,919204236016,mirayagola@gmail.com,P0239,Girl,Fashion,1,1403.24,1403.24
O00117,2025-09-05,C0490,Uthkarsh Kakar,916843325149,bathsana@gmail.com,P0471,Far,Toys,1,4287.8,4287.8
O00117,2025-09-05,C0490,Uthkarsh Kakar,916843325149,bathsana@gmail.com,P0314,Stuff,Electronics,1,23667.18,23667.18
O00117,2025-09-05,C0490,Uthkarsh Kakar,916843325149,bathsana@gmail.com,P0430,Hot,Grocery,2,43351.68,86703.36
O00117,2025-09-05,C0490,Uthkarsh Kakar,916843325149,bathsana@gmail.com,P0426,Machine,Toys,3,33161.16,99483.48
O00117,2025-09-05,C0490,Uthkarsh Kakar,916843325149,bathsana@gmail.com,P0278,Tonight,Electronics,3,20228.38,60685.14
O00118,2025-01-18,C0268,Prerak Hari,916377706330,hiranacharya@gmail.com,P0049,Education,Fashion,2,33685.14,67370.28
O00119,2024-11-22,C0448,Tara Magar,919951523721,siya92@gmail.com,P0372,Prevent,Books,2,13248.28,26496.56
O00119,2024-11-22,C0448,Tara Magar,919951523721,siya92@gmail.com,P0282,Long,Toys,1,38700.74,38700.74
O00119,2024-11-22,C0448,Tara Magar,919951523721,siya92@gmail.com,P0117,Radio,Toys,1,1792.39,1792.39
O00119,2024-11-22,C0448,Tara Magar,919951523721,siya92@gmail.com,P0025,Ground,Electronics,1,32682.8,32682.8
O00119,2024-11-22,C0448,Tara Magar,919951523721,siya92@gmail.com,P0247,Difficult,Books,1,41823.06,41823.06
O00120,2025-07-28,C0321,Seher Wali,917607699859,aarushagarwal@gmail.com,P0002,Big,Books,1,29810.32,29810.32
O00120,2025-07-28,C0321,Seher Wali,917607699859,aarushagarwal@gmail.com,P0258,Member,Grocery,3,48965.17,146895.51
O00120,2025-07-28,C0321,Seher Wali,917607699859,aarushagarwal@gmail.com,P0242,Guess,Grocery,2,29562.1,59124.2
O00120,2025-07-28,C0321,Seher Wali,917607699859,aarushagarwal@gmail.com,P0053,Time,Home,2,28738.91,57477.82
O00121,2024-10-11,C0303,Pari Grewal,917083524554,dkanda@gmail.com,P0252,Democrat,Home,1,27839.73,27839.73
O00121,2024-10-11,C0303,Pari Grewal,917083524554,dkanda@gmail.com,P0109,Sister,Home,2,29170.71,58341.42
O00122,2025-07-25,C0543,Zaina Srinivas,918944219485,nrege@gmail.com,P0100,Dinner,Books,1,7336.08,7336.08
O00122,2025-07-25,C0543,Zaina Srinivas,918944219485,nrege@gmail.com,P0044,Age,Books,3,29870.75,89612.25
O00122,2025-07-25,C0543,Zaina Srinivas,918944219485,nrege@gmail.com,P0156,Stage,Books,1,37082.36,37082.36
O00122,2025-07-25,C0543,Zaina Srinivas,918944219485,nrege@gmail.com,P0163,Same,Books,1,41732.14,41732.14
O00123,2025-01-22,C0111,Nirvi Mahajan,916502341313,stuvansehgal@gmail.com,P0453,Official,Grocery,1,34440.96,34440.96
O00123,2025-01-22,C0111,Nirvi Mahajan,916502341313,stuvansehgal@gmail.com,P0419,Quickly,Books,2,31729.12,63458.24
O00123,2025-01-22,C0111,Nirvi Mahajan,916502341313,stuvansehgal@gmail.com,P0350,Maintain,Grocery,2,34831.08,69662.16
O00123,2025-01-22,C0111,Nirvi Mahajan,916502341313,stuvansehgal@gmail.com,P0413,Describe,Electronics,3,11998.55,35995.65
O00124,2025-06-23,C0527,Adira Kadakia,917235300947,ranbirboase@gmail.com,P0011,Task,Electronics,1,12639.93,12639.93
O00124,2025-06-23,C0527,Adira Kadakia,917235300947,ranbirboase@gmail.com,P0457,Which,Books,3,25557.49,76672.47
O00125,2024-12-07,C0826,Rohan Varkey,916298866454,trisha77@gmail.com,P0266,Relate,Fashion,1,24933.26,24933.26
O00126,2024-09-16,C0477,Riya Butala,919785954565,pbhargava@gmail.com,P0386,Thus,Toys,3,26873.03,80619.09
O00126,2024-09-16,C0477,Riya Butala,919785954565,pbhargava@gmail.com,P0041,Tend,Toys,2,6624.75,13249.5
O00126,2024-09-16,C0477,Riya Butala,919785954565,pbhargava@gmail.com,P0148,Will,Books,1,29281.73,29281.73
O00126,2024-09-16,C0477,Riya Butala,919785954565,pbhargava@gmail.com,P0375,Much,Electronics,1,11084.88,11084.88
O00126,2024-09-16,C0477,Riya Butala,919785954565,pbhargava@gmail.com,P0325,Sell,Home,2,8305.03,16610.06
O00127,2025-08-25,C0772,Raghav Dani,917298388214,amiracherian@gmail.com,P0376,Political,Books,1,42513.81,42513.81
O00127,2025-08-25,C0772,Raghav Dani,917298388214,amiracherian@gmail.com,P0470,Manage,Electronics,1,6525.32,6525.32
O00128,2025-01-14,C0221,Mehul Sastry,917789232009,sana53@gmail.com,P0364,Owner,Home,2,28432.83,56865.66
O00128,2025-01-14,C0221,Mehul Sastry,917789232009,sana53@gmail.com,P0058,Data,Fashion,2,19851.06,39702.12
O00128,2025-01-14,C0221,Mehul Sastry,917789232009,sana53@gmail.com,P0108,Onto,Toys,1,30794.61,30794.61
O00128,2025-01-14,C0221,Mehul Sastry,917789232009,sana53@gmail.com,P0159,Total,Toys,1,16887.31,16887.31
O00129,2024-11-01,C0699,Badal Desai,919819566010,hunar62@gmail.com,P0168,Soon,Fashion,1,16016.13,16016.13
O00129,2024-11-01,C0699,Badal Desai,919819566010,hunar62@gmail.com,P0424,Suffer,Home,1,13776.75,13776.75
O00129,2024-11-01,C0699,Badal Desai,919819566010,hunar62@gmail.com,P0236,Situation,Books,1,7364.61,7364.61
O00129,2024-11-01,C0699,Badal Desai,919819566010,hunar62@gmail.com,P0065,Gun,Fashion,1,46224.7,46224.7
O00129,2024-11-01,C0699,Badal Desai,919819566010,hunar62@gmail.com,P0298,Bring,Grocery,2,10120.73,20241.46
O00130,2025-04-08,C0064,Damini Kala,916656457485,nishith80@gmail.com,P0139,Poor,Toys,2,38016.17,76032.34
O00130,2025-04-08,C0064,Damini Kala,916656457485,nishith80@gmail.com,P0385,Southern,Fashion,1,5603.28,5603.28
O00130,2025-04-08,C0064,Damini Kala,916656457485,nishith80@gmail.com,P0131,Quite,Fashion,1,25134.94,25134.94
O00130,2025-04-08,C0064,Damini Kala,916656457485,nishith80@gmail.com,P0453,Official,Grocery,3,34440.96,103322.88
O00131,2025-08-18,C0751,Aarush Badal,919298625378,qtoor@gmail.com,P0090,Create,Electronics,3,4541.22,13623.66
O00131,2025-08-18,C0751,Aarush Badal,919298625378,qtoor@gmail.com,P0316,Forget,Books,1,10470.32,10470.32
O00132,2024-11-22,C0043,Devansh Jayaraman,916980455406,madhavbalan@gmail.com,P0080,Accept,Books,3,22114.75,66344.25
O00132,2024-11-22,C0043,Devansh Jayaraman,916980455406,madhavbalan@gmail.com,P0424,Suffer,Home,1,13776.75,13776.75
O00132,2024-11-22,C0043,Devansh Jayaraman,916980455406,madhavbalan@gmail.com,P0040,Practice,Home,3,27945.65,83836.95
O00132,2024-11-22,C0043,Devansh Jayaraman,916980455406,madhavbalan@gmail.com,P0065,Gun,Fashion,1,46224.7,46224.7
O00132,2024-11-22,C0043,Devansh Jayaraman,916980455406,madhavbalan@gmail.com,P0421,Human,Home,2,37593.63,75187.26
O00133,2024-12-10,C0821,Vanya Chauhan,916601319078,shaan84@gmail.com,P0266,Relate,Fashion,1,24933.26,24933.26
O00133,2024-12-10,C0821,Vanya Chauhan,916601319078,shaan84@gmail.com,P0227,Behavior,Electronics,3,36013.96,108041.88
O00133,2024-12-10,C0821,Vanya Chauhan,916601319078,shaan84@gmail.com,P0235,Ball,Electronics,2,36018.57,72037.14
O00133,2024-12-10,C0821,Vanya Chauhan,916601319078,shaan84@gmail.com,P0051,Child,Home,2,907.17,1814.34
O00133,2024-12-10,C0821,Vanya Chauhan,916601319078,shaan84@gmail.com,P0121,Listen,Toys,3,22992.5,68977.5
O00134,2024-12-20,C0434,Lakshit Chopra,916051681454,kumardiya@gmail.com,P0284,Draw,Books,2,9525.56,19051.12
O00134,2024-12-20,C0434,Lakshit Chopra,916051681454,kumardiya@gmail.com,P0108,Onto,Toys,1,30794.61,30794.61
O00134,2024-12-20,C0434,Lakshit Chopra,916051681454,kumardiya@gmail.com,P0088,Interesting,Books,2,23862.35,47724.7
O00134,2024-12-20,C0434,Lakshit Chopra,916051681454,kumardiya@gmail.com,P0407,Town,Grocery,2,15477.24,30954.48
O00135,2025-06-22,C0950,Eshani Khare,917561068701,taimur21@gmail.com,P0054,Knowledge,Grocery,3,49403.07,148209.21
O00135,2025-06-22,C0950,Eshani Khare,917561068701,taimur21@gmail.com,P0320,Sort,Fashion,3,1924.24,5772.72
O00135,2025-06-22,C0950,Eshani Khare,917561068701,taimur21@gmail.com,P0330,Do,Toys,3,27768.67,83306.01
O00135,2025-06-22,C0950,Eshani Khare,917561068701,taimur21@gmail.com,P0138,Purpose,Grocery,3,2234.54,6703.62
O00135,2025-06-22,C0950,Eshani Khare,917561068701,taimur21@gmail.com,P0356,Paper,Books,1,1746.39,1746.39
O00136,2025-03-31,C0697,Anahi Chowdhury,918161306759,tdani@gmail.com,P0112,So,Fashion,3,7126.45,21379.35
O00137,2025-01-03,C0697,Anahi Chowdhury,918161306759,tdani@gmail.com,P0489,Treat,Home,2,30157.74,60315.48
O00137,2025-01-03,C0697,Anahi Chowdhury,918161306759,tdani@gmail.com,P0211,Run,Home,1,42595.97,42595.97
O00137,2025-01-03,C0697,Anahi Chowdhury,918161306759,tdani@gmail.com,P0313,Condition,Toys,3,36907.6,110722.8
O00137,2025-01-03,C0697,Anahi Chowdhury,918161306759,tdani@gmail.com,P0477,Executive,Home,3,40796.04,122388.12
O00137,2025-01-03,C0697,Anahi Chowdhury,918161306759,tdani@gmail.com,P0338,Such,Books,2,38071.08,76142.16
O00138,2024-10-20,C0897,Kimaya Kannan,918805478967,anahitabasak@gmail.com,P0137,Artist,Toys,1,22076.28,22076.28
O00139,2025-08-29,C0587,Yashvi Kala,917776059526,anay73@gmail.com,P0128,West,Electronics,1,14179.39,14179.39
O00140,2025-09-03,C0122,Faiyaz Shankar,917360067922,devanshramanathan@gmail.com,P0330,Do,Toys,2,27768.67,55537.34
O00140,2025-09-03,C0122,Faiyaz Shankar,917360067922,devanshramanathan@gmail.com,P0281,National,Electronics,2,43942.41,87884.82
O00140,2025-09-03,C0122,Faiyaz Shankar,917360067922,devanshramanathan@gmail.com,P0133,Course,Home,2,25607.5,51215.0
O00141,2024-12-02,C0587,Yashvi Kala,917776059526,anay73@gmail.com,P0381,Avoid,Toys,1,20362.89,20362.89
O00141,2024-12-02,C0587,Yashvi Kala,917776059526,anay73@gmail.com,P0434,Foot,Home,3,5572.57,16717.71
O00141,2024-12-02,C0587,Yashvi Kala,917776059526,anay73@gmail.com,P0019,Such,Fashion,1,14547.49,14547.49
O00142,2025-03-26,C0672,Abram Kala,918284854898,sanebaiju@gmail.com,P0156,Stage,Books,1,37082.36,37082.36
O00142,2025-03-26,C0672,Abram Kala,918284854898,sanebaiju@gmail.com,P0215,Stock,Home,1,12235.32,12235.32
O00142,2025-03-26,C0672,Abram Kala,918284854898,sanebaiju@gmail.com,P0316,Forget,Books,3,10470.32,31410.96
O00142,2025-03-26,C0672,Abram Kala,918284854898,sanebaiju@gmail.com,P0484,Season,Toys,1,8571.02,8571.02
O00142,2025-03-26,C0672,Abram Kala,918284854898,sanebaiju@gmail.com,P0363,Inside,Books,1,26506.83,26506.83
O00143,2025-04-03,C0146,Alisha Bath,919106363657,shalvaurora@gmail.com,P0309,Represent,Electronics,2,4996.03,9992.06
O00143,2025-04-03,C0146,Alisha Bath,919106363657,shalvaurora@gmail.com,P0125,Who,Fashion,1,44975.66,44975.66
O00143,2025-04-03,C0146,Alisha Bath,919106363657,shalvaurora@gmail.com,P0115,Run,Fashion,3,44401.73,133205.19
O00144,2024-09-29,C0658,Arhaan Chatterjee,919530436527,shuklaamira@gmail.com,P0171,Approach,Books,1,7881.56,7881.56
O00144,2024-09-29,C0658,Arhaan Chatterjee,919530436527,shuklaamira@gmail.com,P0312,Hour,Home,2,26966.28,53932.56
O00144,2024-09-29,C0658,Arhaan Chatterjee,919530436527,shuklaamira@gmail.com,P0153,Dark,Electronics,2,47262.3,94524.6
O00145,2025-05-29,C0801,Madhav Bir,919484756393,jhanvi62@gmail.com,P0478,Pretty,Toys,3,45214.46,135643.38
O00145,2025-05-29,C0801,Madhav Bir,919484756393,jhanvi62@gmail.com,P0225,About,Toys,2,34961.77,69923.54
O00145,2025-05-29,C0801,Madhav Bir,919484756393,jhanvi62@gmail.com,P0470,Manage,Electronics,2,6525.32,13050.64
O00145,2025-05-29,C0801,Madhav Bir,919484756393,jhanvi62@gmail.com,P0240,Garden,Grocery,3,12458.89,37376.67
O00145,2025-05-29,C0801,Madhav Bir,919484756393,jhanvi62@gmail.com,P0059,American,Grocery,2,5222.22,10444.44
O00146,2025-04-24,C0446,Onkar Hari,919167443386,tanya70@gmail.com,P0220,Car,Grocery,2,15563.77,31127.54
O00146,2025-04-24,C0446,Onkar Hari,919167443386,tanya70@gmail.com,P0021,Yourself,Fashion,2,8698.02,17396.04
O00146,2025-04-24,C0446,Onkar Hari,919167443386,tanya70@gmail.com,P0289,Well,Grocery,1,4903.97,4903.97
O00146,2025-04-24,C0446,Onkar Hari,919167443386,tanya70@gmail.com,P0117,Radio,Toys,1,1792.39,1792.39
O00146,2025-04-24,C0446,Onkar Hari,919167443386,tanya70@gmail.com,P0037,Hundred,Books,1,36049.73,36049.73
O00147,2025-07-18,C0332,Taran Sunder,919258482355,birdivit@gmail.com,P0459,Still,Toys,3,5875.98,17627.94
O00147,2025-07-18,C0332,Taran Sunder,919258482355,birdivit@gmail.com,P0272,Maybe,Toys,3,47951.54,143854.62
O00148,2024-10-30,C0113,Saanvi Khatri,917208226442,chopranakul@gmail.com,P0173,Fine,Fashion,1,36346.52,36346.52
O00148,2024-10-30,C0113,Saanvi Khatri,917208226442,chopranakul@gmail.com,P0003,Cell,Electronics,3,48147.23,144441.69
O00149,2025-05-12,C0169,Saksham Singh,916064009831,dhanush56@gmail.com,P0018,Watch,Fashion,3,38945.67,116837.01
O00150,2025-02-10,C0303,Pari Grewal,917083524554,dkanda@gmail.com,P0034,Begin,Home,1,23453.17,23453.17
O00150,2025-02-10,C0303,Pari Grewal,917083524554,dkanda@gmail.com,P0122,Girl,Grocery,1,25630.56,25630.56
O00150,2025-02-10,C0303,Pari Grewal,917083524554,dkanda@gmail.com,P0351,Play,Home,1,16869.29,16869.29
O00150,2025-02-10,C0303,Pari Grewal,917083524554,dkanda@gmail.com,P0083,Tell,Toys,3,34146.63,102439.89
O00150,2025-02-10,C0303,Pari Grewal,917083524554,dkanda@gmail.com,P0019,Such,Fashion,3,14547.49,43642.47
O00151,2025-02-15,C0551,Yuvraj  Bora,916053835439,prerakwable@gmail.com,P0467,Music,Home,1,6015.2,6015.2
O00151,2025-02-15,C0551,Yuvraj  Bora,916053835439,prerakwable@gmail.com,P0489,Treat,Home,2,30157.74,60315.48
O00151,2025-02-15,C0551,Yuvraj  Bora,916053835439,prerakwable@gmail.com,P0282,Long,Toys,1,38700.74,38700.74
O00152,2024-12-06,C0474,Inaaya  Chauhan,919685931962,samaonkar@gmail.com,P0051,Child,Home,3,907.17,2721.51
O00153,2025-06-14,C0943,Kimaya Dugal,916416787622,esidhu@gmail.com,P0448,My,Toys,2,7511.41,15022.82
O00153,2025-06-14,C0943,Kimaya Dugal,916416787622,esidhu@gmail.com,P0402,Difference,Fashion,2,5152.16,10304.32
O00154,2025-05-05,C0751,Aarush Badal,919298625378,qtoor@gmail.com,P0256,Choice,Fashion,3,38096.03,114288.09
O00155,2024-10-04,C0981,Kaira Deol,916003694115,srivastavamisha@gmail.com,P0230,Voice,Books,2,12941.39,25882.78
O00156,2024-10-01,C0987,Dhruv Bhattacharyya,917823034538,qissac@gmail.com,P0434,Foot,Home,2,5572.57,11145.14
O00156,2024-10-01,C0987,Dhruv Bhattacharyya,917823034538,qissac@gmail.com,P0466,Know,Home,3,32070.74,96212.22
O00156,2024-10-01,C0987,Dhruv Bhattacharyya,917823034538,qissac@gmail.com,P0300,Return,Electronics,3,10069.79,30209.37
O00157,2024-10-09,C0277,Romil Ramesh,916122333505,abramsom@gmail.com,P0398,North,Home,3,42310.86,126932.58
O00158,2024-09-13,C0039,Raghav Kapur,917221905285,akarsh40@gmail.com,P0438,Build,Fashion,2,25867.34,51734.68
O00158,2024-09-13,C0039,Raghav Kapur,917221905285,akarsh40@gmail.com,P0086,Summer,Grocery,2,45414.18,90828.36
O00158,2024-09-13,C0039,Raghav Kapur,917221905285,akarsh40@gmail.com,P0020,Part,Home,1,28373.35,28373.35
O00159,2025-04-26,C0607,Fateh Setty,919017844973,jguha@gmail.com,P0428,Land,Grocery,3,36183.78,108551.34
O00159,2025-04-26,C0607,Fateh Setty,919017844973,jguha@gmail.com,P0188,Seat,Home,2,13140.53,26281.06
O00159,2025-04-26,C0607,Fateh Setty,919017844973,jguha@gmail.com,P0099,Machine,Grocery,1,5087.08,5087.08
O00159,2025-04-26,C0607,Fateh Setty,919017844973,jguha@gmail.com,P0104,Choice,Home,1,25936.71,25936.71
O00160,2025-02-27,C0982,Shanaya Luthra,916867776372,purab46@gmail.com,P0185,Soldier,Electronics,1,15224.0,15224.0
O00161,2025-01-10,C0220,Eshani Sem,919076754649,sankarvritika@gmail.com,P0407,Town,Grocery,3,15477.24,46431.72
O00162,2024-09-30,C0009,Samiha Jain,919516606712,vohranishith@gmail.com,P0455,Court,Electronics,1,24246.4,24246.4
O00162,2024-09-30,C0009,Samiha Jain,919516606712,vohranishith@gmail.com,P0067,Ten,Books,1,22515.47,22515.47
O00163,2025-06-11,C0482,Amira Manne,916981351435,vigzaina@gmail.com,P0413,Describe,Electronics,3,11998.55,35995.65
O00163,2025-06-11,C0482,Amira Manne,916981351435,vigzaina@gmail.com,P0027,Like,Toys,3,26312.15,78936.45
O00163,2025-06-11,C0482,Amira Manne,916981351435,vigzaina@gmail.com,P0021,Yourself,Fashion,2,8698.02,17396.04
O00163,2025-06-11,C0482,Amira Manne,916981351435,vigzaina@gmail.com,P0341,Actually,Books,3,31938.49,95815.47
O00164,2025-04-16,C0172,Indrans Dass,918075269722,ivan39@gmail.com,P0039,Home,Grocery,2,24312.94,48625.88
O00164,2025-04-16,C0172,Indrans Dass,918075269722,ivan39@gmail.com,P0483,Work,Toys,3,8375.29,25125.87
O00165,2024-09-24,C0751,Aarush Badal,919298625378,qtoor@gmail.com,P0328,Born,Home,1,7635.87,7635.87
O00166,2025-09-05,C0151,Himmat Baral,918738774155,kavya06@gmail.com,P0355,Put,Electronics,1,48668.56,48668.56
O00166,2025-09-05,C0151,Himmat Baral,918738774155,kavya06@gmail.com,P0168,Soon,Fashion,3,16016.13,48048.39
O00167,2025-07-11,C0502,Samiha Keer,917767857833,xjayaraman@gmail.com,P0326,Live,Grocery,1,18953.49,18953.49
O00167,2025-07-11,C0502,Samiha Keer,917767857833,xjayaraman@gmail.com,P0269,Speech,Books,2,34902.62,69805.24
O00167,2025-07-11,C0502,Samiha Keer,917767857833,xjayaraman@gmail.com,P0194,Better,Books,1,49657.42,49657.42
O00167,2025-07-11,C0502,Samiha Keer,917767857833,xjayaraman@gmail.com,P0464,National,Toys,3,39575.17,118725.51
O00168,2024-09-23,C0930,Mishti Datta,916422168080,vritika12@gmail.com,P0202,Least,Grocery,3,30815.56,92446.68
O00168,2024-09-23,C0930,Mishti Datta,916422168080,vritika12@gmail.com,P0023,At,Books,2,43375.51,86751.02
O00168,2024-09-23,C0930,Mishti Datta,916422168080,vritika12@gmail.com,P0180,Section,Electronics,2,15179.3,30358.6
O00168,2024-09-23,C0930,Mishti Datta,916422168080,vritika12@gmail.com,P0035,Almost,Electronics,3,44323.81,132971.43
O00168,2024-09-23,C0930,Mishti Datta,916422168080,vritika12@gmail.com,P0136,Method,Grocery,3,2991.68,8975.04
O00169,2025-08-12,C0136,Divij Rastogi,917895317896,onkar65@gmail.com,P0241,Nation,Electronics,3,42008.14,126024.42
O00169,2025-08-12,C0136,Divij Rastogi,917895317896,onkar65@gmail.com,P0364,Owner,Home,3,28432.83,85298.49
O00169,2025-08-12,C0136,Divij Rastogi,917895317896,onkar65@gmail.com,P0115,Run,Fashion,2,44401.73,88803.46
O00169,2025-08-12,C0136,Divij Rastogi,917895317896,onkar65@gmail.com,P0275,Growth,Fashion,2,40260.94,80521.88
O00169,2025-08-12,C0136,Divij Rastogi,917895317896,onkar65@gmail.com,P0102,Forget,Books,1,41702.42,41702.42
O00170,2025-05-12,C0121,Pari Sood,919069736068,kimayagera@gmail.com,P0035,Almost,Electronics,3,44323.81,132971.43
O00170,2025-05-12,C0121,Pari Sood,919069736068,kimayagera@gmail.com,P0251,Check,Books,1,13197.73,13197.73
O00170,2025-05-12,C0121,Pari Sood,919069736068,kimayagera@gmail.com,P0098,Single,Fashion,1,30136.38,30136.38
O00170,2025-05-12,C0121,Pari Sood,919069736068,kimayagera@gmail.com,P0185,Soldier,Electronics,3,15224.0,45672.0
O00171,2025-08-29,C0949,Yuvaan Lala,917858308368,saravohra@gmail.com,P0032,Language,Fashion,1,22132.39,22132.39
O00172,2024-10-27,C0099,Anika Dutt,918138272157,chopranavya@gmail.com,P0218,Key,Toys,1,25984.1,25984.1
O00172,2024-10-27,C0099,Anika Dutt,918138272157,chopranavya@gmail.com,P0216,Smile,Books,1,5257.39,5257.39
O00172,2024-10-27,C0099,Anika Dutt,918138272157,chopranavya@gmail.com,P0073,Pull,Grocery,1,29600.94,29600.94
O00173,2025-03-22,C0568,Romil Ahuja,917508186764,samarth94@gmail.com,P0346,Manage,Electronics,1,13256.96,13256.96
O00173,2025-03-22,C0568,Romil Ahuja,917508186764,samarth94@gmail.com,P0038,School,Grocery,3,13156.01,39468.03
O00173,2025-03-22,C0568,Romil Ahuja,917508186764,samarth94@gmail.com,P0179,Change,Fashion,2,15898.63,31797.26
O00173,2025-03-22,C0568,Romil Ahuja,917508186764,samarth94@gmail.com,P0439,Share,Toys,1,18005.17,18005.17
O00173,2025-03-22,C0568,Romil Ahuja,917508186764,samarth94@gmail.com,P0436,I,Fashion,2,17907.21,35814.42
O00174,2025-04-23,C0812,Shanaya Rama,919932258973,dhanuk33@gmail.com,P0082,Nothing,Home,2,26893.32,53786.64
O00174,2025-04-23,C0812,Shanaya Rama,919932258973,dhanuk33@gmail.com,P0118,Support,Home,3,35996.16,107988.48
O00174,2025-04-23,C0812,Shanaya Rama,919932258973,dhanuk33@gmail.com,P0475,At,Toys,1,35943.68,35943.68
O00175,2024-09-17,C0686,Rasha Bhargava,917289684829,farhan60@gmail.com,P0208,Wide,Books,2,45993.95,91987.9
O00175,2024-09-17,C0686,Rasha Bhargava,917289684829,farhan60@gmail.com,P0054,Knowledge,Grocery,2,49403.07,98806.14
O00175,2024-09-17,C0686,Rasha Bhargava,917289684829,farhan60@gmail.com,P0200,But,Home,3,13941.44,41824.32
O00175,2024-09-17,C0686,Rasha Bhargava,917289684829,farhan60@gmail.com,P0326,Live,Grocery,3,18953.49,56860.47
O00175,2024-09-17,C0686,Rasha Bhargava,917289684829,farhan60@gmail.com,P0158,They,Grocery,3,747.56,2242.68
O00176,2025-08-19,C0618,Badal Edwin,917196113703,rchaudhuri@gmail.com,P0319,Friend,Electronics,1,17520.15,17520.15
O00176,2025-08-19,C0618,Badal Edwin,917196113703,rchaudhuri@gmail.com,P0255,Born,Books,1,22491.06,22491.06
O00176,2025-08-19,C0618,Badal Edwin,917196113703,rchaudhuri@gmail.com,P0155,Live,Electronics,1,7171.57,7171.57
O00177,2024-11-10,C0279,Amira Bhalla,919143913654,saranvritika@gmail.com,P0111,Forward,Fashion,3,13770.51,41311.53
O00177,2024-11-10,C0279,Amira Bhalla,919143913654,saranvritika@gmail.com,P0499,Make,Toys,2,22379.08,44758.16
O00178,2024-11-25,C0757,Arhaan Dua,916406107346,vartypiya@gmail.com,P0199,Employee,Electronics,3,21332.0,63996.0
O00178,2024-11-25,C0757,Arhaan Dua,916406107346,vartypiya@gmail.com,P0315,Pm,Home,3,6451.23,19353.69
O00178,2024-11-25,C0757,Arhaan Dua,916406107346,vartypiya@gmail.com,P0270,Drug,Electronics,3,11052.9,33158.7
O00178,2024-11-25,C0757,Arhaan Dua,916406107346,vartypiya@gmail.com,P0423,New,Books,1,36902.07,36902.07
O00178,2024-11-25,C0757,Arhaan Dua,916406107346,vartypiya@gmail.com,P0429,Free,Books,1,25226.17,25226.17
O00179,2025-01-01,C0292,Gatik Mahajan,918893340247,tankojas@gmail.com,P0072,Half,Home,2,30586.09,61172.18
O00179,2025-01-01,C0292,Gatik Mahajan,918893340247,tankojas@gmail.com,P0149,Media,Electronics,1,33043.26,33043.26
O00179,2025-01-01,C0292,Gatik Mahajan,918893340247,tankojas@gmail.com,P0056,Home,Toys,3,710.67,2132.01
O00179,2025-01-01,C0292,Gatik Mahajan,918893340247,tankojas@gmail.com,P0192,Even,Books,3,32881.09,98643.27
O00180,2024-09-21,C0931,Badal Kaur,916645905004,tejas70@gmail.com,P0216,Smile,Books,1,5257.39,5257.39
O00180,2024-09-21,C0931,Badal Kaur,916645905004,tejas70@gmail.com,P0041,Tend,Toys,2,6624.75,13249.5
O00181,2025-07-24,C0932,Dhruv Dara,918135921662,shlok93@gmail.com,P0150,Carry,Electronics,3,48970.24,146910.72
O00181,2025-07-24,C0932,Dhruv Dara,918135921662,shlok93@gmail.com,P0255,Born,Books,2,22491.06,44982.12
O00181,2025-07-24,C0932,Dhruv Dara,918135921662,shlok93@gmail.com,P0426,Machine,Toys,2,33161.16,66322.32
O00181,2025-07-24,C0932,Dhruv Dara,918135921662,shlok93@gmail.com,P0322,Plant,Fashion,1,37337.54,37337.54
O00181,2025-07-24,C0932,Dhruv Dara,918135921662,shlok93@gmail.com,P0233,Resource,Home,2,5535.26,11070.52
O00182,2024-12-14,C0147,Dishani Hari,919601840681,kavyabala@gmail.com,P0418,Health,Toys,1,11635.18,11635.18
O00182,2024-12-14,C0147,Dishani Hari,919601840681,kavyabala@gmail.com,P0142,Cause,Home,2,42626.52,85253.04
O00182,2024-12-14,C0147,Dishani Hari,919601840681,kavyabala@gmail.com,P0216,Smile,Books,3,5257.39,15772.17
O00182,2024-12-14,C0147,Dishani Hari,919601840681,kavyabala@gmail.com,P0130,Line,Home,2,27478.97,54957.94
O00183,2025-05-31,C0182,Fateh Krishna,917898231524,vsolanki@gmail.com,P0102,Forget,Books,3,41702.42,125107.26
O00183,2025-05-31,C0182,Fateh Krishna,917898231524,vsolanki@gmail.com,P0130,Line,Home,2,27478.97,54957.94
O00183,2025-05-31,C0182,Fateh Krishna,917898231524,vsolanki@gmail.com,P0020,Part,Home,1,28373.35,28373.35
O00184,2025-05-16,C0668,Gatik Ray,917649327740,inaaya-04@gmail.com,P0204,Grow,Home,3,36853.4,110560.2
O00184,2025-05-16,C0668,Gatik Ray,917649327740,inaaya-04@gmail.com,P0481,Test,Fashion,3,19065.63,57196.89
O00184,2025-05-16,C0668,Gatik Ray,917649327740,inaaya-04@gmail.com,P0166,Interesting,Grocery,3,4704.45,14113.35
O00185,2024-11-01,C0876,Jivin Loke,916613316202,chahaljayesh@gmail.com,P0321,Right,Fashion,2,41419.14,82838.28
O00185,2024-11-01,C0876,Jivin Loke,916613316202,chahaljayesh@gmail.com,P0112,So,Fashion,2,7126.45,14252.9
O00186,2025-04-13,C0460,Sara Koshy,917335435971,braman@gmail.com,P0256,Choice,Fashion,1,38096.03,38096.03
O00186,2025-04-13,C0460,Sara Koshy,917335435971,braman@gmail.com,P0226,Close,Fashion,1,22025.27,22025.27
O00187,2024-11-30,C0951,Saanvi Chhabra,916270867289,yasmin30@gmail.com,P0133,Course,Home,3,25607.5,76822.5
O00188,2025-05-11,C0016,Nirvi Sarma,918637183289,baliindranil@gmail.com,P0225,About,Toys,3,34961.77,104885.31
O00188,2025-05-11,C0016,Nirvi Sarma,918637183289,baliindranil@gmail.com,P0069,Film,Toys,3,43872.1,131616.3
O00189,2025-06-05,C0703,Parinaaz Chakrabarti,918211956232,shamikdasgupta@gmail.com,P0419,Quickly,Books,3,31729.12,95187.36
O00190,2025-08-06,C0838,Zain Bala,917980692398,amanisuri@gmail.com,P0426,Machine,Toys,2,33161.16,66322.32
O00190,2025-08-06,C0838,Zain Bala,917980692398,amanisuri@gmail.com,P0125,Who,Fashion,1,44975.66,44975.66
O00190,2025-08-06,C0838,Zain Bala,917980692398,amanisuri@gmail.com,P0396,Someone,Books,2,8750.11,17500.22
O00191,2025-01-11,C0700,Nirvi Borde,916227209373,kbath@gmail.com,P0348,Expert,Home,2,19437.03,38874.06
O00191,2025-01-11,C0700,Nirvi Borde,916227209373,kbath@gmail.com,P0304,Give,Grocery,2,4472.77,8945.54
O00191,2025-01-11,C0700,Nirvi Borde,916227209373,kbath@gmail.com,P0470,Manage,Electronics,2,6525.32,13050.64
O00191,2025-01-11,C0700,Nirvi Borde,916227209373,kbath@gmail.com,P0284,Draw,Books,3,9525.56,28576.68
O00192,2025-08-27,C0963,Mehul Borra,916391569711,gabatiya@gmail.com,P0073,Pull,Grocery,2,29600.94,59201.88
O00192,2025-08-27,C0963,Mehul Borra,916391569711,gabatiya@gmail.com,P0047,Become,Toys,1,18552.11,18552.11
O00193,2024-11-28,C0625,Ishita Soman,916895060028,choudharymamooty@gmail.com,P0359,Bill,Home,2,17296.21,34592.42
O00193,2024-11-28,C0625,Ishita Soman,916895060028,choudharymamooty@gmail.com,P0224,Each,Fashion,1,595.03,595.03
O00193,2024-11-28,C0625,Ishita Soman,916895060028,choudharymamooty@gmail.com,P0168,Soon,Fashion,3,16016.13,48048.39
O00194,2025-05-30,C0531,Kabir Balakrishnan,918185434973,bbansal@gmail.com,P0349,Score,Electronics,2,13424.17,26848.34
O00194,2025-05-30,C0531,Kabir Balakrishnan,918185434973,bbansal@gmail.com,P0426,Machine,Toys,2,33161.16,66322.32
O00194,2025-05-30,C0531,Kabir Balakrishnan,918185434973,bbansal@gmail.com,P0091,Land,Toys,2,19236.54,38473.08
O00663,2025-08-14,C0525,Azad Wali,918127745497,stuvanben@gmail.com,P0097,Worker,Home,1,21400.55,21400.55
O00663,2025-08-14,C0525,Azad Wali,918127745497,stuvanben@gmail.com,P0377,Old,Grocery,3,15509.49,46528.47
O00663,2025-08-14,C0525,Azad Wali,918127745497,stuvanben@gmail.com,P0154,Effort,Grocery,1,26859.2,26859.2
O00664,2025-06-29,C0773,Ranbir Hayre,919116630170,ritvikkumar@gmail.com,P0318,Partner,Home,2,15284.42,30568.84
O00664,2025-06-29,C0773,Ranbir Hayre,919116630170,ritvikkumar@gmail.com,P0018,Watch,Fashion,3,38945.67,116837.01
O00664,2025-06-29,C0773,Ranbir Hayre,919116630170,ritvikkumar@gmail.com,P0139,Poor,Toys,3,38016.17,114048.51
O00664,2025-06-29,C0773,Ranbir Hayre,919116630170,ritvikkumar@gmail.com,P0295,Goal,Electronics,3,197.81,593.43
O00664,2025-06-29,C0773,Ranbir Hayre,919116630170,ritvikkumar@gmail.com,P0424,Suffer,Home,2,13776.75,27553.5
O00665,2025-01-05,C0682,Miraya Bhasin,919785159892,saranbaiju@gmail.com,P0210,Serious,Grocery,3,35406.15,106218.45
O00665,2025-01-05,C0682,Miraya Bhasin,919785159892,saranbaiju@gmail.com,P0395,Most,Home,3,12181.55,36544.65
O00665,2025-01-05,C0682,Miraya Bhasin,919785159892,saranbaiju@gmail.com,P0119,Capital,Toys,2,23790.55,47581.1
O00665,2025-01-05,C0682,Miraya Bhasin,919785159892,saranbaiju@gmail.com,P0406,Until,Fashion,1,35664.69,35664.69
O00665,2025-01-05,C0682,Miraya Bhasin,919785159892,saranbaiju@gmail.com,P0273,Score,Grocery,1,36008.68,36008.68
O00666,2025-06-07,C0124,Lakshit Halder,918679602627,batramahika@gmail.com,P0269,Speech,Books,2,34902.62,69805.24
O00666,2025-06-07,C0124,Lakshit Halder,918679602627,batramahika@gmail.com,P0153,Dark,Electronics,1,47262.3,47262.3
O00667,2025-05-20,C0368,Neysa Sami,918757593955,tankneysa@gmail.com,P0234,Pay,Fashion,3,31655.12,94965.36
O00667,2025-05-20,C0368,Neysa Sami,918757593955,tankneysa@gmail.com,P0115,Run,Fashion,3,44401.73,133205.19
O00668,2024-10-01,C0633,Tanya Zacharia,917859328769,navyaandra@gmail.com,P0073,Pull,Grocery,1,29600.94,29600.94
O00668,2024-10-01,C0633,Tanya Zacharia,917859328769,navyaandra@gmail.com,P0095,Four,Grocery,1,43421.39,43421.39
O00668,2024-10-01,C0633,Tanya Zacharia,917859328769,navyaandra@gmail.com,P0469,Do,Toys,3,8436.34,25309.02
O00668,2024-10-01,C0633,Tanya Zacharia,917859328769,navyaandra@gmail.com,P0476,Matter,Books,2,635.14,1270.28
O00669,2025-03-31,C0815,Nirvi Dixit,919619507216,dmaster@gmail.com,P0113,Near,Toys,3,7688.42,23065.26
O00669,2025-03-31,C0815,Nirvi Dixit,919619507216,dmaster@gmail.com,P0493,Would,Toys,1,26066.08,26066.08
O00669,2025-03-31,C0815,Nirvi Dixit,919619507216,dmaster@gmail.com,P0268,Very,Electronics,1,49631.1,49631.1
O00669,2025-03-31,C0815,Nirvi Dixit,919619507216,dmaster@gmail.com,P0282,Long,Toys,2,38700.74,77401.48
O00669,2025-03-31,C0815,Nirvi Dixit,919619507216,dmaster@gmail.com,P0364,Owner,Home,3,28432.83,85298.49
O00670,2024-10-06,C0209,Hazel Sharaf,917806440070,aroratara@gmail.com,P0070,Figure,Toys,3,15626.72,46880.16
O00671,2025-05-31,C0755,Hridaan Lad,917325292593,yuvraj-bhat@gmail.com,P0020,Part,Home,2,28373.35,56746.7
O00671,2025-05-31,C0755,Hridaan Lad,917325292593,yuvraj-bhat@gmail.com,P0483,Work,Toys,2,8375.29,16750.58
O00671,2025-05-31,C0755,Hridaan Lad,917325292593,yuvraj-bhat@gmail.com,P0289,Well,Grocery,1,4903.97,4903.97
O00671,2025-05-31,C0755,Hridaan Lad,917325292593,yuvraj-bhat@gmail.com,P0040,Practice,Home,3,27945.65,83836.95
O00671,2025-05-31,C0755,Hridaan Lad,917325292593,yuvraj-bhat@gmail.com,P0383,Writer,Books,3,39853.45,119560.35
O00672,2025-05-26,C0019,Nitya Rajagopal,917090017055,suppal@gmail.com,P0050,Relationship,Books,2,48838.18,97676.36
O00673,2025-05-23,C0612,Amira Gala,917792247873,vjohal@gmail.com,P0344,State,Grocery,1,6188.97,6188.97
O00673,2025-05-23,C0612,Amira Gala,917792247873,vjohal@gmail.com,P0391,Reason,Toys,1,43651.0,43651.0
O00674,2025-02-07,C0749,Zain Roy,917222813123,riaandin@gmail.com,P0350,Maintain,Grocery,2,34831.08,69662.16
O00674,2025-02-07,C0749,Zain Roy,917222813123,riaandin@gmail.com,P0271,What,Home,1,25241.9,25241.9
O00674,2025-02-07,C0749,Zain Roy,917222813123,riaandin@gmail.com,P0448,My,Toys,2,7511.41,15022.82
O00674,2025-02-07,C0749,Zain Roy,917222813123,riaandin@gmail.com,P0326,Live,Grocery,1,18953.49,18953.49
O00675,2024-11-28,C0367,Jivika Mani,917262929348,deyyasmin@gmail.com,P0099,Machine,Grocery,3,5087.08,15261.24
O00675,2024-11-28,C0367,Jivika Mani,917262929348,deyyasmin@gmail.com,P0113,Near,Toys,1,7688.42,7688.42
O00676,2024-10-13,C0828,Uthkarsh Goel,919306486524,aarnabath@gmail.com,P0393,Bill,Home,3,20161.69,60485.07
O00676,2024-10-13,C0828,Uthkarsh Goel,919306486524,aarnabath@gmail.com,P0221,The,Home,2,25026.69,50053.38
O00676,2024-10-13,C0828,Uthkarsh Goel,919306486524,aarnabath@gmail.com,P0233,Resource,Home,3,5535.26,16605.78
O00677,2025-01-19,C0773,Ranbir Hayre,919116630170,ritvikkumar@gmail.com,P0167,Growth,Fashion,2,9807.77,19615.54
O00677,2025-01-19,C0773,Ranbir Hayre,919116630170,ritvikkumar@gmail.com,P0417,Here,Electronics,2,48161.82,96323.64
O00677,2025-01-19,C0773,Ranbir Hayre,919116630170,ritvikkumar@gmail.com,P0206,Other,Home,2,16417.86,32835.72
O00678,2025-04-20,C0464,Anika Bath,918812872021,oravi@gmail.com,P0250,Sea,Electronics,3,16084.33,48252.99
O00678,2025-04-20,C0464,Anika Bath,918812872021,oravi@gmail.com,P0203,Fund,Fashion,3,11474.77,34424.31
O00678,2025-04-20,C0464,Anika Bath,918812872021,oravi@gmail.com,P0060,Some,Books,1,25955.43,25955.43
O00678,2025-04-20,C0464,Anika Bath,918812872021,oravi@gmail.com,P0302,Example,Grocery,3,17949.9,53849.7
O00679,2025-01-23,C0632,Zeeshan Sharma,916291061348,mkeer@gmail.com,P0102,Forget,Books,2,41702.42,83404.84
O00680,2024-11-01,C0168,Zoya Sarraf,916284693536,aaina28@gmail.com,P0449,Start,Books,3,31877.19,95631.57
O00680,2024-11-01,C0168,Zoya Sarraf,916284693536,aaina28@gmail.com,P0189,Take,Books,3,21117.14,63351.42
O00681,2025-03-22,C0884,Divyansh Ganguly,919884378277,kadetrisha@gmail.com,P0380,Go,Electronics,2,8354.83,16709.66
O00681,2025-03-22,C0884,Divyansh Ganguly,919884378277,kadetrisha@gmail.com,P0285,Play,Fashion,3,49168.83,147506.49
O00681,2025-03-22,C0884,Divyansh Ganguly,919884378277,kadetrisha@gmail.com,P0351,Play,Home,3,16869.29,50607.87
O00682,2025-02-10,C0859,Armaan Toor,917586625070,gandhiazad@gmail.com,P0436,I,Fashion,2,17907.21,35814.42
O00682,2025-02-10,C0859,Armaan Toor,917586625070,gandhiazad@gmail.com,P0201,Month,Toys,1,38270.76,38270.76
O00682,2025-02-10,C0859,Armaan Toor,917586625070,gandhiazad@gmail.com,P0133,Course,Home,3,25607.5,76822.5
O00682,2025-02-10,C0859,Armaan Toor,917586625070,gandhiazad@gmail.com,P0296,Safe,Grocery,3,6885.75,20657.25
O00683,2025-05-26,C0623,Tara Rao,917008318296,trajagopal@gmail.com,P0470,Manage,Electronics,1,6525.32,6525.32
O00683,2025-05-26,C0623,Tara Rao,917008318296,trajagopal@gmail.com,P0188,Seat,Home,1,13140.53,13140.53
O00683,2025-05-26,C0623,Tara Rao,917008318296,trajagopal@gmail.com,P0386,Thus,Toys,2,26873.03,53746.06
O00683,2025-05-26,C0623,Tara Rao,917008318296,trajagopal@gmail.com,P0078,Return,Home,2,13869.21,27738.42
O00684,2025-01-24,C0735,Trisha Andra,918928039575,samarbarman@gmail.com,P0267,Activity,Books,1,37125.93,37125.93
O00684,2025-01-24,C0735,Trisha Andra,918928039575,samarbarman@gmail.com,P0337,Voice,Electronics,2,4887.85,9775.7
O00684,2025-01-24,C0735,Trisha Andra,918928039575,samarbarman@gmail.com,P0120,Able,Books,1,37572.81,37572.81
O00684,2025-01-24,C0735,Trisha Andra,918928039575,samarbarman@gmail.com,P0351,Play,Home,3,16869.29,50607.87
O00684,2025-01-24,C0735,Trisha Andra,918928039575,samarbarman@gmail.com,P0387,Take,Electronics,3,37111.49,111334.47
O00685,2024-11-06,C0096,Kartik Shanker,917662882577,samiha18@gmail.com,P0057,Carry,Grocery,3,32036.35,96109.05
O00685,2024-11-06,C0096,Kartik Shanker,917662882577,samiha18@gmail.com,P0035,Almost,Electronics,1,44323.81,44323.81
O00686,2024-12-24,C0465,Indrajit Bava,918668607006,shayak10@gmail.com,P0437,Card,Fashion,3,16672.54,50017.62
O00686,2024-12-24,C0465,Indrajit Bava,918668607006,shayak10@gmail.com,P0386,Thus,Toys,3,26873.03,80619.09
O00687,2025-07-20,C0843,Sahil Thakkar,918657585322,diyachaudhuri@gmail.com,P0302,Example,Grocery,3,17949.9,53849.7
O00688,2025-06-29,C0953,Yakshit Sodhi,916413128962,kkant@gmail.com,P0378,Share,Books,2,44960.42,89920.84
O00688,2025-06-29,C0953,Yakshit Sodhi,916413128962,kkant@gmail.com,P0471,Far,Toys,1,4287.8,4287.8
O00688,2025-06-29,C0953,Yakshit Sodhi,916413128962,kkant@gmail.com,P0392,Book,Home,3,11405.72,34217.16
O00688,2025-06-29,C0953,Yakshit Sodhi,916413128962,kkant@gmail.com,P0133,Course,Home,2,25607.5,51215.0
O00689,2025-06-05,C0181,Keya Sridhar,918761441908,singhalnishith@gmail.com,P0240,Garden,Grocery,3,12458.89,37376.67
O00689,2025-06-05,C0181,Keya Sridhar,918761441908,singhalnishith@gmail.com,P0457,Which,Books,2,25557.49,51114.98
O00689,2025-06-05,C0181,Keya Sridhar,918761441908,singhalnishith@gmail.com,P0307,Much,Fashion,1,27744.18,27744.18
O00689,2025-06-05,C0181,Keya Sridhar,918761441908,singhalnishith@gmail.com,P0319,Friend,Electronics,2,17520.15,35040.3
O00689,2025-06-05,C0181,Keya Sridhar,918761441908,singhalnishith@gmail.com,P0175,Require,Electronics,1,10713.49,10713.49
O00690,2025-08-28,C0416,Zeeshan Ratti,916884163070,dkashyap@gmail.com,P0305,Alone,Grocery,1,12384.66,12384.66
O00690,2025-08-28,C0416,Zeeshan Ratti,916884163070,dkashyap@gmail.com,P0087,Hotel,Fashion,3,2608.49,7825.47
O00690,2025-08-28,C0416,Zeeshan Ratti,916884163070,dkashyap@gmail.com,P0078,Return,Home,3,13869.21,41607.63
O00690,2025-08-28,C0416,Zeeshan Ratti,916884163070,dkashyap@gmail.com,P0178,Alone,Electronics,1,6742.5,6742.5
O00690,2025-08-28,C0416,Zeeshan Ratti,916884163070,dkashyap@gmail.com,P0388,Develop,Fashion,2,48051.78,96103.56
O00691,2025-07-04,C0597,Prisha Swaminathan,916381919825,farhanrajagopal@gmail.com,P0327,Mean,Electronics,2,45227.54,90455.08
O00691,2025-07-04,C0597,Prisha Swaminathan,916381919825,farhanrajagopal@gmail.com,P0286,Practice,Fashion,1,34386.6,34386.6
O00691,2025-07-04,C0597,Prisha Swaminathan,916381919825,farhanrajagopal@gmail.com,P0244,Friend,Grocery,2,44739.64,89479.28
O00691,2025-07-04,C0597,Prisha Swaminathan,916381919825,farhanrajagopal@gmail.com,P0207,Hope,Books,2,31811.6,63623.2
O00692,2024-12-27,C0485,Mahika Seshadri,919317516767,ramareyansh@gmail.com,P0433,Friend,Electronics,2,38386.31,76772.62
O00692,2024-12-27,C0485,Mahika Seshadri,919317516767,ramareyansh@gmail.com,P0032,Language,Fashion,3,22132.39,66397.17
O00692,2024-12-27,C0485,Mahika Seshadri,919317516767,ramareyansh@gmail.com,P0292,Participant,Fashion,3,6391.66,19174.98
O00692,2024-12-27,C0485,Mahika Seshadri,919317516767,ramareyansh@gmail.com,P0058,Data,Fashion,1,19851.06,19851.06
O00693,2024-11-09,C0920,Inaaya  Vaidya,918766148931,raydhanush@gmail.com,P0047,Become,Toys,3,18552.11,55656.33
O00693,2024-11-09,C0920,Inaaya  Vaidya,918766148931,raydhanush@gmail.com,P0075,Maybe,Grocery,3,6414.07,19242.21
O00693,2024-11-09,C0920,Inaaya  Vaidya,918766148931,raydhanush@gmail.com,P0342,Throughout,Fashion,2,11727.32,23454.64
O00693,2024-11-09,C0920,Inaaya  Vaidya,918766148931,raydhanush@gmail.com,P0314,Stuff,Electronics,3,23667.18,71001.54
O00694,2025-04-30,C0935,Neysa Bobal,916844858404,raumehul@gmail.com,P0132,Fear,Books,1,16953.1,16953.1
O00694,2025-04-30,C0935,Neysa Bobal,916844858404,raumehul@gmail.com,P0104,Choice,Home,1,25936.71,25936.71
O00694,2025-04-30,C0935,Neysa Bobal,916844858404,raumehul@gmail.com,P0397,Choice,Home,2,37386.66,74773.32
O00695,2024-10-28,C0737,Gatik Chaudry,916474146612,sana77@gmail.com,P0432,Employee,Electronics,2,21473.93,42947.86
O00695,2024-10-28,C0737,Gatik Chaudry,916474146612,sana77@gmail.com,P0397,Choice,Home,1,37386.66,37386.66
O00695,2024-10-28,C0737,Gatik Chaudry,916474146612,sana77@gmail.com,P0473,Feeling,Fashion,1,6741.82,6741.82
O00695,2024-10-28,C0737,Gatik Chaudry,916474146612,sana77@gmail.com,P0033,Smile,Electronics,2,7304.63,14609.26
O00695,2024-10-28,C0737,Gatik Chaudry,916474146612,sana77@gmail.com,P0401,Reveal,Fashion,1,4209.04,4209.04
O00696,2025-02-21,C0031,Biju Gade,916367223235,ranbir32@gmail.com,P0416,Hot,Fashion,3,2188.07,6564.21
O00696,2025-02-21,C0031,Biju Gade,916367223235,ranbir32@gmail.com,P0190,Decision,Electronics,1,31613.49,31613.49
O00696,2025-02-21,C0031,Biju Gade,916367223235,ranbir32@gmail.com,P0400,However,Toys,1,24051.41,24051.41
O00697,2025-03-21,C0637,Yuvraj  Goswami,918723459155,borrapriyansh@gmail.com,P0005,Third,Electronics,3,17555.54,52666.62
O00697,2025-03-21,C0637,Yuvraj  Goswami,918723459155,borrapriyansh@gmail.com,P0304,Give,Grocery,3,4472.77,13418.31
O00697,2025-03-21,C0637,Yuvraj  Goswami,918723459155,borrapriyansh@gmail.com,P0196,Someone,Fashion,1,31927.62,31927.62
O00697,2025-03-21,C0637,Yuvraj  Goswami,918723459155,borrapriyansh@gmail.com,P0365,See,Fashion,1,7195.14,7195.14
O00697,2025-03-21,C0637,Yuvraj  Goswami,918723459155,borrapriyansh@gmail.com,P0081,Concern,Books,1,17375.63,17375.63
O00698,2024-12-10,C0581,Nitya Sampath,919477809398,advikkrishnan@gmail.com,P0427,Glass,Grocery,2,32006.32,64012.64
O00698,2024-12-10,C0581,Nitya Sampath,919477809398,advikkrishnan@gmail.com,P0141,Arm,Toys,2,8803.86,17607.72
O00699,2024-12-08,C0195,Sahil Bhandari,919146442229,stuvanviswanathan@gmail.com,P0482,Prove,Fashion,1,36394.17,36394.17
O00699,2024-12-08,C0195,Sahil Bhandari,919146442229,stuvanviswanathan@gmail.com,P0329,Within,Grocery,1,36526.35,36526.35
O00700,2025-07-19,C0690,Romil Buch,918235648128,warriorjayesh@gmail.com,P0444,Bit,Grocery,3,6982.49,20947.47
O00700,2025-07-19,C0690,Romil Buch,918235648128,warriorjayesh@gmail.com,P0375,Much,Electronics,3,11084.88,33254.64
O00700,2025-07-19,C0690,Romil Buch,918235648128,warriorjayesh@gmail.com,P0245,Later,Fashion,3,34444.1,103332.3
O00701,2024-12-16,C0768,Kanav Desai,916464628154,chakrabortydarshit@gmail.com,P0188,Seat,Home,3,13140.53,39421.59
O00701,2024-12-16,C0768,Kanav Desai,916464628154,chakrabortydarshit@gmail.com,P0394,Strategy,Fashion,3,24240.67,72722.01
O00701,2024-12-16,C0768,Kanav Desai,916464628154,chakrabortydarshit@gmail.com,P0071,Next,Toys,1,31890.26,31890.26
O00701,2024-12-16,C0768,Kanav Desai,916464628154,chakrabortydarshit@gmail.com,P0255,Born,Books,1,22491.06,22491.06
O00702,2025-05-21,C0618,Badal Edwin,917196113703,rchaudhuri@gmail.com,P0200,But,Home,2,13941.44,27882.88
O00703,2024-10-02,C0173,Jiya Sama,918915603160,fkhalsa@gmail.com,P0271,What,Home,3,25241.9,75725.7
O00704,2025-01-19,C0975,Nishith Dhar,917083761145,vvarma@gmail.com,P0235,Ball,Electronics,3,36018.57,108055.71
O00704,2025-01-19,C0975,Nishith Dhar,917083761145,vvarma@gmail.com,P0278,Tonight,Electronics,2,20228.38,40456.76
O00704,2025-01-19,C0975,Nishith Dhar,917083761145,vvarma@gmail.com,P0024,Officer,Grocery,2,25649.5,51299.0
O00704,2025-01-19,C0975,Nishith Dhar,917083761145,vvarma@gmail.com,P0478,Pretty,Toys,1,45214.46,45214.46
O00705,2025-08-14,C0565,Arhaan Bera,916080748334,reneegoel@gmail.com,P0383,Writer,Books,3,39853.45,119560.35
O00705,2025-08-14,C0565,Arhaan Bera,916080748334,reneegoel@gmail.com,P0483,Work,Toys,3,8375.29,25125.87
O00706,2025-04-22,C0344,Hazel Lad,919249638024,nehmatbalasubramanian@gmail.com,P0438,Build,Fashion,1,25867.34,25867.34
O00707,2025-06-19,C0943,Kimaya Dugal,916416787622,esidhu@gmail.com,P0108,Onto,Toys,2,30794.61,61589.22
O00707,2025-06-19,C0943,Kimaya Dugal,916416787622,esidhu@gmail.com,P0252,Democrat,Home,1,27839.73,27839.73
O00707,2025-06-19,C0943,Kimaya Dugal,916416787622,esidhu@gmail.com,P0440,Alone,Grocery,2,27504.54,55009.08
O00707,2025-06-19,C0943,Kimaya Dugal,916416787622,esidhu@gmail.com,P0037,Hundred,Books,2,36049.73,72099.46
O00708,2024-12-06,C0033,Nakul Madan,919474132899,madhup05@gmail.com,P0159,Total,Toys,3,16887.31,50661.93
O00708,2024-12-06,C0033,Nakul Madan,919474132899,madhup05@gmail.com,P0023,At,Books,1,43375.51,43375.51
O00708,2024-12-06,C0033,Nakul Madan,919474132899,madhup05@gmail.com,P0160,Since,Toys,3,41383.45,124150.35
O00708,2024-12-06,C0033,Nakul Madan,919474132899,madhup05@gmail.com,P0403,Expert,Fashion,3,9574.21,28722.63
O00708,2024-12-06,C0033,Nakul Madan,919474132899,madhup05@gmail.com,P0356,Paper,Books,1,1746.39,1746.39
O00709,2025-08-24,C0036,Arnav Chauhan,917604389562,wsura@gmail.com,P0030,Opportunity,Toys,2,12911.03,25822.06
O00710,2024-11-21,C0590,Jayan Loke,919043273655,mbhalla@gmail.com,P0471,Far,Toys,3,4287.8,12863.4
O00711,2025-04-02,C0056,Vardaniya Halder,918215998940,grewalritvik@gmail.com,P0145,Once,Electronics,1,19289.24,19289.24
O00711,2025-04-02,C0056,Vardaniya Halder,918215998940,grewalritvik@gmail.com,P0433,Friend,Electronics,1,38386.31,38386.31
O00711,2025-04-02,C0056,Vardaniya Halder,918215998940,grewalritvik@gmail.com,P0151,Artist,Home,3,33499.86,100499.58
O00711,2025-04-02,C0056,Vardaniya Halder,918215998940,grewalritvik@gmail.com,P0259,Region,Books,3,31147.8,93443.4
O00711,2025-04-02,C0056,Vardaniya Halder,918215998940,grewalritvik@gmail.com,P0078,Return,Home,3,13869.21,41607.63
O00712,2024-10-09,C0071,Samiha Sankar,918586944539,keyachaudhry@gmail.com,P0094,Foot,Electronics,3,39141.36,117424.08
O00712,2024-10-09,C0071,Samiha Sankar,918586944539,keyachaudhry@gmail.com,P0484,Season,Toys,2,8571.02,17142.04
O00712,2024-10-09,C0071,Samiha Sankar,918586944539,keyachaudhry@gmail.com,P0006,Worker,Grocery,2,22450.55,44901.1
O00712,2024-10-09,C0071,Samiha Sankar,918586944539,keyachaudhry@gmail.com,P0287,Environment,Books,3,28596.46,85789.38
O00712,2024-10-09,C0071,Samiha Sankar,918586944539,keyachaudhry@gmail.com,P0146,Buy,Fashion,2,18119.49,36238.98
O00713,2025-06-18,C0892,Trisha Jain,917380791228,ivanswamy@gmail.com,P0106,Agreement,Grocery,1,33426.3,33426.3
O00713,2025-06-18,C0892,Trisha Jain,917380791228,ivanswamy@gmail.com,P0185,Soldier,Electronics,2,15224.0,30448.0
O00713,2025-06-18,C0892,Trisha Jain,917380791228,ivanswamy@gmail.com,P0070,Figure,Toys,2,15626.72,31253.44
O00713,2025-06-18,C0892,Trisha Jain,917380791228,ivanswamy@gmail.com,P0182,Director,Electronics,1,28330.65,28330.65
O00714,2025-03-16,C0232,Prisha Shroff,918761622638,qbajwa@gmail.com,P0041,Tend,Toys,3,6624.75,19874.25
O00715,2025-08-10,C0157,Abram Kaur,918030374602,raunak17@gmail.com,P0267,Activity,Books,2,37125.93,74251.86
O00715,2025-08-10,C0157,Abram Kaur,918030374602,raunak17@gmail.com,P0001,Evening,Toys,2,45810.78,91621.56
O00715,2025-08-10,C0157,Abram Kaur,918030374602,raunak17@gmail.com,P0408,Billion,Home,1,30060.41,30060.41
O00715,2025-08-10,C0157,Abram Kaur,918030374602,raunak17@gmail.com,P0414,Material,Home,2,29478.81,58957.62
O00715,2025-08-10,C0157,Abram Kaur,918030374602,raunak17@gmail.com,P0327,Mean,Electronics,2,45227.54,90455.08
O00716,2024-12-17,C0165,Krish Lal,918004041971,pariraju@gmail.com,P0262,The,Home,3,17889.61,53668.83
O00717,2025-03-02,C0718,Onkar Kumer,917415502686,pkota@gmail.com,P0419,Quickly,Books,1,31729.12,31729.12
O00717,2025-03-02,C0718,Onkar Kumer,917415502686,pkota@gmail.com,P0167,Growth,Fashion,2,9807.77,19615.54
O00717,2025-03-02,C0718,Onkar Kumer,917415502686,pkota@gmail.com,P0287,Environment,Books,2,28596.46,57192.92
O00717,2025-03-02,C0718,Onkar Kumer,917415502686,pkota@gmail.com,P0398,North,Home,2,42310.86,84621.72
O00717,2025-03-02,C0718,Onkar Kumer,917415502686,pkota@gmail.com,P0451,How,Electronics,1,32544.56,32544.56
O00718,2025-06-14,C0452,Navya Sidhu,918682103263,raghav31@gmail.com,P0136,Method,Grocery,1,2991.68,2991.68
O00718,2025-06-14,C0452,Navya Sidhu,918682103263,raghav31@gmail.com,P0351,Play,Home,3,16869.29,50607.87
O00718,2025-06-14,C0452,Navya Sidhu,918682103263,raghav31@gmail.com,P0494,Technology,Fashion,3,26389.15,79167.45
O00719,2025-03-25,C0257,Amira Shere,916402207445,bajajlavanya@gmail.com,P0167,Growth,Fashion,1,9807.77,9807.77
O00720,2025-06-19,C0200,Anahita Shah,918034834568,cdesai@gmail.com,P0059,American,Grocery,1,5222.22,5222.22
O00720,2025-06-19,C0200,Anahita Shah,918034834568,cdesai@gmail.com,P0260,Course,Electronics,1,4260.68,4260.68
O00720,2025-06-19,C0200,Anahita Shah,918034834568,cdesai@gmail.com,P0196,Someone,Fashion,1,31927.62,31927.62
O00721,2025-06-07,C0130,Bhavin Bhattacharyya,917364546430,rhea36@gmail.com,P0453,Official,Grocery,1,34440.96,34440.96
O00721,2025-06-07,C0130,Bhavin Bhattacharyya,917364546430,rhea36@gmail.com,P0375,Much,Electronics,1,11084.88,11084.88
O00721,2025-06-07,C0130,Bhavin Bhattacharyya,917364546430,rhea36@gmail.com,P0100,Dinner,Books,2,7336.08,14672.16
O00722,2024-10-22,C0416,Zeeshan Ratti,916884163070,dkashyap@gmail.com,P0470,Manage,Electronics,1,6525.32,6525.32
O00722,2024-10-22,C0416,Zeeshan Ratti,916884163070,dkashyap@gmail.com,P0077,Walk,Books,3,31770.26,95310.78
O00722,2024-10-22,C0416,Zeeshan Ratti,916884163070,dkashyap@gmail.com,P0070,Figure,Toys,3,15626.72,46880.16
O00722,2024-10-22,C0416,Zeeshan Ratti,916884163070,dkashyap@gmail.com,P0058,Data,Fashion,1,19851.06,19851.06
O00723,2025-06-09,C0440,Miraan Guha,917165079625,udewan@gmail.com,P0090,Create,Electronics,3,4541.22,13623.66
O00724,2024-12-19,C0945,Shalv Dewan,918636401746,bhattacharyyaela@gmail.com,P0164,Day,Electronics,2,9669.61,19339.22
O00724,2024-12-19,C0945,Shalv Dewan,918636401746,bhattacharyyaela@gmail.com,P0352,Decade,Grocery,1,22564.59,22564.59
O00724,2024-12-19,C0945,Shalv Dewan,918636401746,bhattacharyyaela@gmail.com,P0053,Time,Home,1,28738.91,28738.91
O00724,2024-12-19,C0945,Shalv Dewan,918636401746,bhattacharyyaela@gmail.com,P0004,Strong,Electronics,2,14763.61,29527.22
O00725,2025-02-25,C0962,Samar Gokhale,918828546024,dhruv03@gmail.com,P0085,Worker,Books,2,33183.28,66366.56
O00725,2025-02-25,C0962,Samar Gokhale,918828546024,dhruv03@gmail.com,P0128,West,Electronics,3,14179.39,42538.17
O00725,2025-02-25,C0962,Samar Gokhale,918828546024,dhruv03@gmail.com,P0006,Worker,Grocery,2,22450.55,44901.1
O00726,2025-06-08,C0901,Kartik Gulati,918155524769,mishtidugar@gmail.com,P0255,Born,Books,1,22491.06,22491.06
O00726,2025-06-08,C0901,Kartik Gulati,918155524769,mishtidugar@gmail.com,P0256,Choice,Fashion,1,38096.03,38096.03
O00727,2024-12-04,C0057,Oorja Buch,918297950875,manjarishanker@gmail.com,P0101,Decision,Books,2,11437.75,22875.5
O00728,2025-08-21,C0265,Nehmat Warrior,919047413279,misha16@gmail.com,P0468,Industry,Home,1,34232.29,34232.29
O00728,2025-08-21,C0265,Nehmat Warrior,919047413279,misha16@gmail.com,P0039,Home,Grocery,2,24312.94,48625.88
O00728,2025-08-21,C0265,Nehmat Warrior,919047413279,misha16@gmail.com,P0069,Film,Toys,2,43872.1,87744.2
O00728,2025-08-21,C0265,Nehmat Warrior,919047413279,misha16@gmail.com,P0328,Born,Home,1,7635.87,7635.87
O00729,2025-06-20,C0774,Trisha Taneja,917908872104,bhamini90@gmail.com,P0294,Enough,Toys,3,28895.66,86686.98
O00729,2025-06-20,C0774,Trisha Taneja,917908872104,bhamini90@gmail.com,P0273,Score,Grocery,1,36008.68,36008.68
O00729,2025-06-20,C0774,Trisha Taneja,917908872104,bhamini90@gmail.com,P0499,Make,Toys,2,22379.08,44758.16
O00729,2025-06-20,C0774,Trisha Taneja,917908872104,bhamini90@gmail.com,P0312,Hour,Home,3,26966.28,80898.84
O00729,2025-06-20,C0774,Trisha Taneja,917908872104,bhamini90@gmail.com,P0472,Certainly,Grocery,3,43777.9,131333.7
O00730,2025-08-26,C0456,Ojas Dar,919063445336,vohrapari@gmail.com,P0030,Opportunity,Toys,3,12911.03,38733.09
O00730,2025-08-26,C0456,Ojas Dar,919063445336,vohrapari@gmail.com,P0048,Probably,Toys,3,15969.26,47907.78
O00730,2025-08-26,C0456,Ojas Dar,919063445336,vohrapari@gmail.com,P0363,Inside,Books,3,26506.83,79520.49
O00731,2025-04-20,C0465,Indrajit Bava,918668607006,shayak10@gmail.com,P0122,Girl,Grocery,3,25630.56,76891.68
O00731,2025-04-20,C0465,Indrajit Bava,918668607006,shayak10@gmail.com,P0046,Around,Books,3,33731.27,101193.81
O00731,2025-04-20,C0465,Indrajit Bava,918668607006,shayak10@gmail.com,P0474,History,Toys,2,6036.27,12072.54
O00732,2024-09-09,C0641,Ayesha Chaudry,919994745824,rashaissac@gmail.com,P0370,Stand,Books,2,47131.46,94262.92
O00733,2024-09-12,C0018,Hazel Chokshi,919454816171,anyataneja@gmail.com,P0242,Guess,Grocery,1,29562.1,29562.1
O00733,2024-09-12,C0018,Hazel Chokshi,919454816171,anyataneja@gmail.com,P0493,Would,Toys,2,26066.08,52132.16
O00734,2025-01-03,C0147,Dishani Hari,919601840681,kavyabala@gmail.com,P0191,Again,Electronics,2,4114.1,8228.2
O00735,2025-09-04,C0732,Aaina Kar,916590403064,ccontractor@gmail.com,P0243,Although,Electronics,1,39529.4,39529.4
O00736,2024-10-08,C0521,Prerak Lanka,919748381833,hazel00@gmail.com,P0044,Age,Books,3,29870.75,89612.25
O00736,2024-10-08,C0521,Prerak Lanka,919748381833,hazel00@gmail.com,P0413,Describe,Electronics,1,11998.55,11998.55
O00736,2024-10-08,C0521,Prerak Lanka,919748381833,hazel00@gmail.com,P0172,Suggest,Toys,1,37358.39,37358.39
O00737,2024-11-19,C0127,Aaina Vig,918435399147,lavanyachaudhry@gmail.com,P0175,Require,Electronics,1,10713.49,10713.49
O00737,2024-11-19,C0127,Aaina Vig,918435399147,lavanyachaudhry@gmail.com,P0210,Serious,Grocery,1,35406.15,35406.15
O00737,2024-11-19,C0127,Aaina Vig,918435399147,lavanyachaudhry@gmail.com,P0247,Difficult,Books,2,41823.06,83646.12
O00738,2025-04-18,C0407,Armaan Batta,917494165617,mammensana@gmail.com,P0092,Tell,Home,1,40584.21,40584.21
O00738,2025-04-18,C0407,Armaan Batta,917494165617,mammensana@gmail.com,P0247,Difficult,Books,2,41823.06,83646.12
O00738,2025-04-18,C0407,Armaan Batta,917494165617,mammensana@gmail.com,P0227,Behavior,Electronics,1,36013.96,36013.96
O00738,2025-04-18,C0407,Armaan Batta,917494165617,mammensana@gmail.com,P0399,Edge,Grocery,2,8358.74,16717.48
O00739,2025-01-24,C0469,Pihu Dhaliwal,919905814750,gbhardwaj@gmail.com,P0322,Plant,Fashion,2,37337.54,74675.08
O00739,2025-01-24,C0469,Pihu Dhaliwal,919905814750,gbhardwaj@gmail.com,P0050,Relationship,Books,1,48838.18,48838.18
O00740,2025-01-30,C0507,Prisha Mane,918776621954,eshanisarna@gmail.com,P0343,Our,Electronics,3,36254.41,108763.23
O00740,2025-01-30,C0507,Prisha Mane,918776621954,eshanisarna@gmail.com,P0366,Whether,Grocery,3,7198.86,21596.58
O00740,2025-01-30,C0507,Prisha Mane,918776621954,eshanisarna@gmail.com,P0220,Car,Grocery,2,15563.77,31127.54
O00740,2025-01-30,C0507,Prisha Mane,918776621954,eshanisarna@gmail.com,P0294,Enough,Toys,2,28895.66,57791.32
O00741,2024-12-09,C0121,Pari Sood,919069736068,kimayagera@gmail.com,P0054,Knowledge,Grocery,1,49403.07,49403.07
O00741,2024-12-09,C0121,Pari Sood,919069736068,kimayagera@gmail.com,P0074,Read,Home,2,31600.59,63201.18
O00742,2025-01-18,C0599,Trisha Sanghvi,918701163297,groveroorja@gmail.com,P0448,My,Toys,1,7511.41,7511.41
O00742,2025-01-18,C0599,Trisha Sanghvi,918701163297,groveroorja@gmail.com,P0355,Put,Electronics,2,48668.56,97337.12
O00742,2025-01-18,C0599,Trisha Sanghvi,918701163297,groveroorja@gmail.com,P0497,Home,Grocery,1,14070.95,14070.95
O00742,2025-01-18,C0599,Trisha Sanghvi,918701163297,groveroorja@gmail.com,P0172,Suggest,Toys,3,37358.39,112075.17
O00742,2025-01-18,C0599,Trisha Sanghvi,918701163297,groveroorja@gmail.com,P0463,Enough,Books,2,8622.35,17244.7
O00743,2025-08-01,C0230,Tara Choudhry,916308096978,riaan74@gmail.com,P0076,Gas,Grocery,2,33745.05,67490.1
O00744,2024-11-27,C0561,Anay Kanda,919345448315,azadbhatti@gmail.com,P0492,Forward,Fashion,2,5178.13,10356.26
O00745,2025-09-05,C0347,Adah Chanda,918963102536,chaudrysana@gmail.com,P0077,Walk,Books,3,31770.26,95310.78
O00745,2025-09-05,C0347,Adah Chanda,918963102536,chaudrysana@gmail.com,P0226,Close,Fashion,2,22025.27,44050.54
O00745,2025-09-05,C0347,Adah Chanda,918963102536,chaudrysana@gmail.com,P0405,Number,Books,1,36701.41,36701.41
O00745,2025-09-05,C0347,Adah Chanda,918963102536,chaudrysana@gmail.com,P0429,Free,Books,2,25226.17,50452.34
O00745,2025-09-05,C0347,Adah Chanda,918963102536,chaudrysana@gmail.com,P0442,Line,Grocery,1,48049.73,48049.73
O00746,2025-08-30,C0385,Rasha Bhat,916163682168,cheemaanvi@gmail.com,P0309,Represent,Electronics,2,4996.03,9992.06
O00746,2025-08-30,C0385,Rasha Bhat,916163682168,cheemaanvi@gmail.com,P0268,Very,Electronics,2,49631.1,99262.2
O00747,2025-06-27,C0089,Zaina Walia,919307482873,eva91@gmail.com,P0012,Help,Toys,1,16101.89,16101.89
O00747,2025-06-27,C0089,Zaina Walia,919307482873,eva91@gmail.com,P0102,Forget,Books,2,41702.42,83404.84
O00747,2025-06-27,C0089,Zaina Walia,919307482873,eva91@gmail.com,P0097,Worker,Home,3,21400.55,64201.65
O00747,2025-06-27,C0089,Zaina Walia,919307482873,eva91@gmail.com,P0374,Defense,Toys,1,35723.66,35723.66
O00747,2025-06-27,C0089,Zaina Walia,919307482873,eva91@gmail.com,P0015,Create,Books,1,29120.31,29120.31
O00748,2025-05-03,C0431,Zara Chopra,917210537469,kapurpihu@gmail.com,P0339,Teach,Electronics,1,15732.96,15732.96
O00749,2024-11-03,C0142,Lagan Luthra,917532063835,ganesanmisha@gmail.com,P0048,Probably,Toys,1,15969.26,15969.26
O00749,2024-11-03,C0142,Lagan Luthra,917532063835,ganesanmisha@gmail.com,P0011,Task,Electronics,3,12639.93,37919.79
O00749,2024-11-03,C0142,Lagan Luthra,917532063835,ganesanmisha@gmail.com,P0079,Hand,Books,3,2100.87,6302.61
O00749,2024-11-03,C0142,Lagan Luthra,917532063835,ganesanmisha@gmail.com,P0185,Soldier,Electronics,3,15224.0,45672.0
O00749,2024-11-03,C0142,Lagan Luthra,917532063835,ganesanmisha@gmail.com,P0065,Gun,Fashion,1,46224.7,46224.7
O00750,2025-06-02,C0906,Jhanvi Dixit,916637398730,ukade@gmail.com,P0383,Writer,Books,3,39853.45,119560.35
O00750,2025-06-02,C0906,Jhanvi Dixit,916637398730,ukade@gmail.com,P0247,Difficult,Books,2,41823.06,83646.12
O00750,2025-06-02,C0906,Jhanvi Dixit,916637398730,ukade@gmail.com,P0453,Official,Grocery,2,34440.96,68881.92
O00750,2025-06-02,C0906,Jhanvi Dixit,916637398730,ukade@gmail.com,P0222,Wrong,Fashion,2,16593.23,33186.46
O00751,2024-11-10,C0068,Vedika Gokhale,917657793975,gulatisuhana@gmail.com,P0005,Third,Electronics,2,17555.54,35111.08
O00751,2024-11-10,C0068,Vedika Gokhale,917657793975,gulatisuhana@gmail.com,P0226,Close,Fashion,3,22025.27,66075.81
O00751,2024-11-10,C0068,Vedika Gokhale,917657793975,gulatisuhana@gmail.com,P0295,Goal,Electronics,3,197.81,593.43
O00752,2024-12-05,C0498,Samaira Sampath,917277305277,rameshadvika@gmail.com,P0313,Condition,Toys,2,36907.6,73815.2
O00752,2024-12-05,C0498,Samaira Sampath,917277305277,rameshadvika@gmail.com,P0182,Director,Electronics,2,28330.65,56661.3
O00753,2025-01-28,C0225,Heer Ramesh,919419857399,dishanichowdhury@gmail.com,P0205,Low,Books,3,3894.6,11683.8
O00753,2025-01-28,C0225,Heer Ramesh,919419857399,dishanichowdhury@gmail.com,P0314,Stuff,Electronics,1,23667.18,23667.18
O00753,2025-01-28,C0225,Heer Ramesh,919419857399,dishanichowdhury@gmail.com,P0426,Machine,Toys,2,33161.16,66322.32
O00753,2025-01-28,C0225,Heer Ramesh,919419857399,dishanichowdhury@gmail.com,P0380,Go,Electronics,1,8354.83,8354.83
O00754,2024-12-29,C0416,Zeeshan Ratti,916884163070,dkashyap@gmail.com,P0307,Much,Fashion,3,27744.18,83232.54
O00754,2024-12-29,C0416,Zeeshan Ratti,916884163070,dkashyap@gmail.com,P0199,Employee,Electronics,1,21332.0,21332.0
O00754,2024-12-29,C0416,Zeeshan Ratti,916884163070,dkashyap@gmail.com,P0288,Ten,Books,1,21119.51,21119.51
O00754,2024-12-29,C0416,Zeeshan Ratti,916884163070,dkashyap@gmail.com,P0198,Buy,Grocery,3,4664.49,13993.47
O00754,2024-12-29,C0416,Zeeshan Ratti,916884163070,dkashyap@gmail.com,P0017,Establish,Grocery,1,1885.0,1885.0
O00755,2025-07-11,C0522,Vidur Wagle,919519053208,wtella@gmail.com,P0360,Per,Fashion,1,44753.22,44753.22
O00755,2025-07-11,C0522,Vidur Wagle,919519053208,wtella@gmail.com,P0390,Hard,Books,3,47047.15,141141.45
O00755,2025-07-11,C0522,Vidur Wagle,919519053208,wtella@gmail.com,P0137,Artist,Toys,2,22076.28,44152.56
O00756,2024-12-18,C0537,Armaan Borah,917452578740,miraya06@gmail.com,P0026,Mouth,Toys,2,13404.03,26808.06
O00756,2024-12-18,C0537,Armaan Borah,917452578740,miraya06@gmail.com,P0335,Plan,Fashion,1,27474.41,27474.41
O00756,2024-12-18,C0537,Armaan Borah,917452578740,miraya06@gmail.com,P0194,Better,Books,1,49657.42,49657.42
O00757,2025-03-01,C0365,Piya Konda,918368674076,dhingraeshani@gmail.com,P0456,Social,Fashion,1,32028.66,32028.66
O00757,2025-03-01,C0365,Piya Konda,918368674076,dhingraeshani@gmail.com,P0231,Reality,Toys,1,36040.9,36040.9
O00757,2025-03-01,C0365,Piya Konda,918368674076,dhingraeshani@gmail.com,P0246,Audience,Home,2,13452.24,26904.48
O00757,2025-03-01,C0365,Piya Konda,918368674076,dhingraeshani@gmail.com,P0237,Increase,Grocery,2,12800.95,25601.9
O00757,2025-03-01,C0365,Piya Konda,918368674076,dhingraeshani@gmail.com,P0327,Mean,Electronics,1,45227.54,45227.54
O00758,2025-08-28,C0473,Charvi Sheth,916336469705,ayesharamesh@gmail.com,P0374,Defense,Toys,1,35723.66,35723.66
O00758,2025-08-28,C0473,Charvi Sheth,916336469705,ayesharamesh@gmail.com,P0004,Strong,Electronics,1,14763.61,14763.61
O00759,2024-11-07,C0956,Aradhya Lad,916274917063,lavanyamall@gmail.com,P0139,Poor,Toys,2,38016.17,76032.34
O00759,2024-11-07,C0956,Aradhya Lad,916274917063,lavanyamall@gmail.com,P0174,Career,Grocery,3,33061.41,99184.23
O00759,2024-11-07,C0956,Aradhya Lad,916274917063,lavanyamall@gmail.com,P0365,See,Fashion,1,7195.14,7195.14
O00760,2025-04-06,C0161,Kiaan Borde,918655096571,shalvghose@gmail.com,P0357,Recently,Home,2,8621.08,17242.16
O00760,2025-04-06,C0161,Kiaan Borde,918655096571,shalvghose@gmail.com,P0037,Hundred,Books,3,36049.73,108149.19
O00760,2025-04-06,C0161,Kiaan Borde,918655096571,shalvghose@gmail.com,P0108,Onto,Toys,2,30794.61,61589.22
O00760,2025-04-06,C0161,Kiaan Borde,918655096571,shalvghose@gmail.com,P0321,Right,Fashion,2,41419.14,82838.28
O00761,2025-02-21,C0957,Fateh Lad,919079577720,varmamahika@gmail.com,P0425,Born,Home,1,23771.25,23771.25
O00761,2025-02-21,C0957,Fateh Lad,919079577720,varmamahika@gmail.com,P0367,Throw,Toys,3,45671.59,137014.77
O00762,2025-01-03,C0057,Oorja Buch,918297950875,manjarishanker@gmail.com,P0251,Check,Books,1,13197.73,13197.73
O00762,2025-01-03,C0057,Oorja Buch,918297950875,manjarishanker@gmail.com,P0308,Somebody,Grocery,1,7191.81,7191.81
O00762,2025-01-03,C0057,Oorja Buch,918297950875,manjarishanker@gmail.com,P0077,Walk,Books,3,31770.26,95310.78
O00762,2025-01-03,C0057,Oorja Buch,918297950875,manjarishanker@gmail.com,P0136,Method,Grocery,3,2991.68,8975.04
O00763,2025-04-23,C0753,Taran Kade,919869505752,parinaazbedi@gmail.com,P0285,Play,Fashion,2,49168.83,98337.66
O00763,2025-04-23,C0753,Taran Kade,919869505752,parinaazbedi@gmail.com,P0418,Health,Toys,2,11635.18,23270.36
O00763,2025-04-23,C0753,Taran Kade,919869505752,parinaazbedi@gmail.com,P0243,Although,Electronics,2,39529.4,79058.8
O00764,2025-03-01,C0526,Nitara Warrior,916363115712,doctorraghav@gmail.com,P0170,She,Books,1,26961.11,26961.11
O00764,2025-03-01,C0526,Nitara Warrior,916363115712,doctorraghav@gmail.com,P0183,Shake,Electronics,2,13105.89,26211.78
O00764,2025-03-01,C0526,Nitara Warrior,916363115712,doctorraghav@gmail.com,P0220,Car,Grocery,3,15563.77,46691.31
O00765,2024-12-10,C0381,Tejas Choudhury,919908122130,amirabarad@gmail.com,P0339,Teach,Electronics,1,15732.96,15732.96
O00765,2024-12-10,C0381,Tejas Choudhury,919908122130,amirabarad@gmail.com,P0153,Dark,Electronics,3,47262.3,141786.9
O00766,2025-05-29,C0272,Tara Bhakta,916573578818,waliazoya@gmail.com,P0383,Writer,Books,2,39853.45,79706.9
O00766,2025-05-29,C0272,Tara Bhakta,916573578818,waliazoya@gmail.com,P0163,Same,Books,3,41732.14,125196.42
O00767,2024-11-08,C0034,Jivin Apte,916362728596,ishaanwagle@gmail.com,P0155,Live,Electronics,3,7171.57,21514.71
O00767,2024-11-08,C0034,Jivin Apte,916362728596,ishaanwagle@gmail.com,P0464,National,Toys,1,39575.17,39575.17
O00767,2024-11-08,C0034,Jivin Apte,916362728596,ishaanwagle@gmail.com,P0387,Take,Electronics,1,37111.49,37111.49
O00768,2025-03-25,C0858,Arhaan Sarna,916433200697,tmahajan@gmail.com,P0324,Culture,Books,2,19384.0,38768.0
O00768,2025-03-25,C0858,Arhaan Sarna,916433200697,tmahajan@gmail.com,P0492,Forward,Fashion,2,5178.13,10356.26
O00768,2025-03-25,C0858,Arhaan Sarna,916433200697,tmahajan@gmail.com,P0135,Plan,Fashion,3,27769.28,83307.84
O00768,2025-03-25,C0858,Arhaan Sarna,916433200697,tmahajan@gmail.com,P0405,Number,Books,3,36701.41,110104.23
O00768,2025-03-25,C0858,Arhaan Sarna,916433200697,tmahajan@gmail.com,P0289,Well,Grocery,2,4903.97,9807.94
O00769,2025-04-15,C0822,Vardaniya Singh,919910655944,bathjivika@gmail.com,P0236,Situation,Books,1,7364.61,7364.61
O00769,2025-04-15,C0822,Vardaniya Singh,919910655944,bathjivika@gmail.com,P0060,Some,Books,3,25955.43,77866.29
O00770,2024-12-08,C0222,Madhav Bora,917978601720,sarawagle@gmail.com,P0341,Actually,Books,2,31938.49,63876.98
O00770,2024-12-08,C0222,Madhav Bora,917978601720,sarawagle@gmail.com,P0417,Here,Electronics,3,48161.82,144485.46
O00770,2024-12-08,C0222,Madhav Bora,917978601720,sarawagle@gmail.com,P0306,Wall,Home,2,44948.53,89897.06
O00770,2024-12-08,C0222,Madhav Bora,917978601720,sarawagle@gmail.com,P0146,Buy,Fashion,1,18119.49,18119.49
O00771,2024-12-19,C0978,Keya Sachdeva,919539394547,dyaltaimur@gmail.com,P0328,Born,Home,1,7635.87,7635.87
O00771,2024-12-19,C0978,Keya Sachdeva,919539394547,dyaltaimur@gmail.com,P0124,The,Electronics,3,38646.03,115938.09
O00771,2024-12-19,C0978,Keya Sachdeva,919539394547,dyaltaimur@gmail.com,P0244,Friend,Grocery,2,44739.64,89479.28
O00772,2025-01-31,C0195,Sahil Bhandari,919146442229,stuvanviswanathan@gmail.com,P0042,Director,Fashion,2,41973.05,83946.1
O00772,2025-01-31,C0195,Sahil Bhandari,919146442229,stuvanviswanathan@gmail.com,P0267,Activity,Books,2,37125.93,74251.86
O00773,2025-08-17,C0600,Lagan Sarna,917736173448,arnav61@gmail.com,P0395,Most,Home,3,12181.55,36544.65
O00774,2025-08-10,C0748,Indrans Kumer,916877139402,kantabram@gmail.com,P0407,Town,Grocery,1,15477.24,15477.24
O00774,2025-08-10,C0748,Indrans Kumer,916877139402,kantabram@gmail.com,P0104,Choice,Home,1,25936.71,25936.71
O00774,2025-08-10,C0748,Indrans Kumer,916877139402,kantabram@gmail.com,P0245,Later,Fashion,2,34444.1,68888.2
O00774,2025-08-10,C0748,Indrans Kumer,916877139402,kantabram@gmail.com,P0475,At,Toys,1,35943.68,35943.68
O00774,2025-08-10,C0748,Indrans Kumer,916877139402,kantabram@gmail.com,P0047,Become,Toys,1,18552.11,18552.11
O00775,2025-05-19,C0643,Sara Rau,916217013555,boasesamiha@gmail.com,P0064,White,Electronics,2,29997.92,59995.84
O00776,2025-07-30,C0466,Ritvik Shroff,917071119474,aaryahi84@gmail.com,P0349,Score,Electronics,3,13424.17,40272.51
O00776,2025-07-30,C0466,Ritvik Shroff,917071119474,aaryahi84@gmail.com,P0072,Half,Home,1,30586.09,30586.09
O00777,2025-09-04,C0668,Gatik Ray,917649327740,inaaya-04@gmail.com,P0205,Low,Books,2,3894.6,7789.2
O00777,2025-09-04,C0668,Gatik Ray,917649327740,inaaya-04@gmail.com,P0194,Better,Books,2,49657.42,99314.84
O00777,2025-09-04,C0668,Gatik Ray,917649327740,inaaya-04@gmail.com,P0096,Need,Home,3,5167.74,15503.22
O00777,2025-09-04,C0668,Gatik Ray,917649327740,inaaya-04@gmail.com,P0315,Pm,Home,1,6451.23,6451.23
O00778,2025-06-30,C0290,Sahil Ganguly,918082755691,mahalakarsh@gmail.com,P0395,Most,Home,3,12181.55,36544.65
O00778,2025-06-30,C0290,Sahil Ganguly,918082755691,mahalakarsh@gmail.com,P0044,Age,Books,2,29870.75,59741.5
O00778,2025-06-30,C0290,Sahil Ganguly,918082755691,mahalakarsh@gmail.com,P0451,How,Electronics,1,32544.56,32544.56
O00778,2025-06-30,C0290,Sahil Ganguly,918082755691,mahalakarsh@gmail.com,P0404,Imagine,Toys,1,46983.13,46983.13
O00778,2025-06-30,C0290,Sahil Ganguly,918082755691,mahalakarsh@gmail.com,P0303,Doctor,Books,1,45811.55,45811.55
O00779,2025-06-21,C0390,Eva Mander,919886882972,taran33@gmail.com,P0072,Half,Home,3,30586.09,91758.27
O00779,2025-06-21,C0390,Eva Mander,919886882972,taran33@gmail.com,P0310,Data,Toys,1,32555.16,32555.16
O00779,2025-06-21,C0390,Eva Mander,919886882972,taran33@gmail.com,P0044,Age,Books,3,29870.75,89612.25
O00779,2025-06-21,C0390,Eva Mander,919886882972,taran33@gmail.com,P0360,Per,Fashion,2,44753.22,89506.44
O00779,2025-06-21,C0390,Eva Mander,919886882972,taran33@gmail.com,P0088,Interesting,Books,3,23862.35,71587.05
O00780,2024-09-10,C0983,Vaibhav Mani,918500645514,manjari19@gmail.com,P0376,Political,Books,3,42513.81,127541.43
O00780,2024-09-10,C0983,Vaibhav Mani,918500645514,manjari19@gmail.com,P0216,Smile,Books,2,5257.39,10514.78
O00781,2025-09-03,C0650,Kiara Doshi,916452243856,badalchaudry@gmail.com,P0310,Data,Toys,1,32555.16,32555.16
O00781,2025-09-03,C0650,Kiara Doshi,916452243856,badalchaudry@gmail.com,P0007,Whose,Grocery,3,3639.73,10919.19
O00782,2025-06-18,C0418,Ahana  Bhattacharyya,919187685513,jhanvitella@gmail.com,P0368,Theory,Books,3,28749.17,86247.51
O00782,2025-06-18,C0418,Ahana  Bhattacharyya,919187685513,jhanvitella@gmail.com,P0391,Reason,Toys,1,43651.0,43651.0
O00783,2025-04-27,C0521,Prerak Lanka,919748381833,hazel00@gmail.com,P0080,Accept,Books,2,22114.75,44229.5
O00784,2024-11-18,C0861,Zaina Kaul,916669007781,adah69@gmail.com,P0388,Develop,Fashion,2,48051.78,96103.56
O00784,2024-11-18,C0861,Zaina Kaul,916669007781,adah69@gmail.com,P0093,Improve,Books,3,43974.96,131924.88
O00785,2025-07-03,C0370,Dharmajan Kara,919393183132,waliaanya@gmail.com,P0413,Describe,Electronics,3,11998.55,35995.65
O00785,2025-07-03,C0370,Dharmajan Kara,919393183132,waliaanya@gmail.com,P0135,Plan,Fashion,3,27769.28,83307.84
O00785,2025-07-03,C0370,Dharmajan Kara,919393183132,waliaanya@gmail.com,P0109,Sister,Home,1,29170.71,29170.71
O00785,2025-07-03,C0370,Dharmajan Kara,919393183132,waliaanya@gmail.com,P0115,Run,Fashion,3,44401.73,133205.19
O00785,2025-07-03,C0370,Dharmajan Kara,919393183132,waliaanya@gmail.com,P0316,Forget,Books,3,10470.32,31410.96
O00786,2025-06-01,C0080,Nayantara Ahluwalia,917353551245,yuvraj-20@gmail.com,P0146,Buy,Fashion,2,18119.49,36238.98
O00786,2025-06-01,C0080,Nayantara Ahluwalia,917353551245,yuvraj-20@gmail.com,P0235,Ball,Electronics,2,36018.57,72037.14
O00787,2024-09-18,C0475,Rasha Tripathi,917236970182,vanya22@gmail.com,P0082,Nothing,Home,1,26893.32,26893.32
O00787,2024-09-18,C0475,Rasha Tripathi,917236970182,vanya22@gmail.com,P0318,Partner,Home,1,15284.42,15284.42
O00787,2024-09-18,C0475,Rasha Tripathi,917236970182,vanya22@gmail.com,P0015,Create,Books,1,29120.31,29120.31
O00787,2024-09-18,C0475,Rasha Tripathi,917236970182,vanya22@gmail.com,P0149,Media,Electronics,2,33043.26,66086.52
O00787,2024-09-18,C0475,Rasha Tripathi,917236970182,vanya22@gmail.com,P0242,Guess,Grocery,1,29562.1,29562.1
O00788,2025-05-31,C0061,Adah Bains,917345584923,divyanshhans@gmail.com,P0426,Machine,Toys,2,33161.16,66322.32
O00789,2024-09-24,C0249,Riya Mannan,916209025350,viswanathanivana@gmail.com,P0351,Play,Home,3,16869.29,50607.87
O00789,2024-09-24,C0249,Riya Mannan,916209025350,viswanathanivana@gmail.com,P0085,Worker,Books,1,33183.28,33183.28
O00789,2024-09-24,C0249,Riya Mannan,916209025350,viswanathanivana@gmail.com,P0160,Since,Toys,2,41383.45,82766.9
O00789,2024-09-24,C0249,Riya Mannan,916209025350,viswanathanivana@gmail.com,P0024,Officer,Grocery,2,25649.5,51299.0
O00790,2024-09-14,C0052,Misha Deshpande,919910917007,isachar@gmail.com,P0241,Nation,Electronics,1,42008.14,42008.14
O00790,2024-09-14,C0052,Misha Deshpande,919910917007,isachar@gmail.com,P0272,Maybe,Toys,2,47951.54,95903.08
O00791,2025-06-03,C0157,Abram Kaur,918030374602,raunak17@gmail.com,P0159,Total,Toys,1,16887.31,16887.31
O00791,2025-06-03,C0157,Abram Kaur,918030374602,raunak17@gmail.com,P0352,Decade,Grocery,2,22564.59,45129.18
O00792,2024-10-03,C0896,Akarsh Soni,918213061248,balriya@gmail.com,P0490,They,Home,1,2217.14,2217.14
O00792,2024-10-03,C0896,Akarsh Soni,918213061248,balriya@gmail.com,P0449,Start,Books,1,31877.19,31877.19
O00792,2024-10-03,C0896,Akarsh Soni,918213061248,balriya@gmail.com,P0009,They,Home,1,32134.95,32134.95
O00793,2025-05-27,C0041,Aaryahi Raval,919352681701,kashvidugar@gmail.com,P0434,Foot,Home,3,5572.57,16717.71
O00793,2025-05-27,C0041,Aaryahi Raval,919352681701,kashvidugar@gmail.com,P0333,Type,Grocery,1,5203.19,5203.19
O00794,2025-01-30,C0191,Khushi Dhillon,916187088697,prisha13@gmail.com,P0370,Stand,Books,1,47131.46,47131.46
O00794,2025-01-30,C0191,Khushi Dhillon,916187088697,prisha13@gmail.com,P0036,Consumer,Books,1,24513.98,24513.98
O00794,2025-01-30,C0191,Khushi Dhillon,916187088697,prisha13@gmail.com,P0005,Third,Electronics,1,17555.54,17555.54
O00794,2025-01-30,C0191,Khushi Dhillon,916187088697,prisha13@gmail.com,P0128,West,Electronics,1,14179.39,14179.39
O00794,2025-01-30,C0191,Khushi Dhillon,916187088697,prisha13@gmail.com,P0148,Will,Books,3,29281.73,87845.19
O00795,2025-03-25,C0930,Mishti Datta,916422168080,vritika12@gmail.com,P0016,Weight,Grocery,3,45838.51,137515.53
O00795,2025-03-25,C0930,Mishti Datta,916422168080,vritika12@gmail.com,P0490,They,Home,3,2217.14,6651.42
O00795,2025-03-25,C0930,Mishti Datta,916422168080,vritika12@gmail.com,P0202,Least,Grocery,3,30815.56,92446.68
O00795,2025-03-25,C0930,Mishti Datta,916422168080,vritika12@gmail.com,P0088,Interesting,Books,2,23862.35,47724.7
O00796,2025-08-11,C0026,Shanaya Sunder,916108835563,yakshitbalasubramanian@gmail.com,P0112,So,Fashion,1,7126.45,7126.45
O00796,2025-08-11,C0026,Shanaya Sunder,916108835563,yakshitbalasubramanian@gmail.com,P0056,Home,Toys,1,710.67,710.67
O00796,2025-08-11,C0026,Shanaya Sunder,916108835563,yakshitbalasubramanian@gmail.com,P0467,Music,Home,1,6015.2,6015.2
O00796,2025-08-11,C0026,Shanaya Sunder,916108835563,yakshitbalasubramanian@gmail.com,P0106,Agreement,Grocery,1,33426.3,33426.3
O00797,2025-06-10,C0004,Hazel Ram,918204352520,yuvraj-ganguly@gmail.com,P0445,Debate,Electronics,2,39696.35,79392.7
O00797,2025-06-10,C0004,Hazel Ram,918204352520,yuvraj-ganguly@gmail.com,P0108,Onto,Toys,2,30794.61,61589.22
O00797,2025-06-10,C0004,Hazel Ram,918204352520,yuvraj-ganguly@gmail.com,P0409,Ever,Fashion,2,48069.69,96139.38
O00797,2025-06-10,C0004,Hazel Ram,918204352520,yuvraj-ganguly@gmail.com,P0450,Make,Home,1,13343.15,13343.15
O00798,2024-11-01,C0510,Tara Ramanathan,919939834670,baiju81@gmail.com,P0420,Detail,Fashion,2,1072.49,2144.98
O00798,2024-11-01,C0510,Tara Ramanathan,919939834670,baiju81@gmail.com,P0064,White,Electronics,2,29997.92,59995.84
O00799,2025-08-06,C0600,Lagan Sarna,917736173448,arnav61@gmail.com,P0041,Tend,Toys,1,6624.75,6624.75
O00799,2025-08-06,C0600,Lagan Sarna,917736173448,arnav61@gmail.com,P0076,Gas,Grocery,2,33745.05,67490.1
O00800,2025-03-27,C0435,Aaryahi Krishna,917536437907,arnav83@gmail.com,P0143,Protect,Toys,3,38572.8,115718.4
O00800,2025-03-27,C0435,Aaryahi Krishna,917536437907,arnav83@gmail.com,P0231,Reality,Toys,1,36040.9,36040.9
O00800,2025-03-27,C0435,Aaryahi Krishna,917536437907,arnav83@gmail.com,P0426,Machine,Toys,3,33161.16,99483.48
O00800,2025-03-27,C0435,Aaryahi Krishna,917536437907,arnav83@gmail.com,P0135,Plan,Fashion,2,27769.28,55538.56
O00801,2025-01-29,C0640,Gokul Ratta,916918104039,riaandin@gmail.com,P0367,Throw,Toys,2,45671.59,91343.18
O00801,2025-01-29,C0640,Gokul Ratta,916918104039,riaandin@gmail.com,P0183,Shake,Electronics,2,13105.89,26211.78
O00802,2025-01-31,C0550,Nayantara Ranganathan,918776253775,hrishitasoman@gmail.com,P0327,Mean,Electronics,2,45227.54,90455.08
O00802,2025-01-31,C0550,Nayantara Ranganathan,918776253775,hrishitasoman@gmail.com,P0119,Capital,Toys,2,23790.55,47581.1
O00802,2025-01-31,C0550,Nayantara Ranganathan,918776253775,hrishitasoman@gmail.com,P0454,Later,Fashion,3,39383.95,118151.85
O00803,2024-12-07,C0176,Ehsaan Golla,917214513167,jbhatti@gmail.com,P0181,Store,Electronics,2,7171.29,14342.58
O00803,2024-12-07,C0176,Ehsaan Golla,917214513167,jbhatti@gmail.com,P0175,Require,Electronics,1,10713.49,10713.49
O00804,2025-07-27,C0659,Seher Madan,917579447831,neysa70@gmail.com,P0039,Home,Grocery,3,24312.94,72938.82
O00804,2025-07-27,C0659,Seher Madan,917579447831,neysa70@gmail.com,P0082,Nothing,Home,2,26893.32,53786.64
O00804,2025-07-27,C0659,Seher Madan,917579447831,neysa70@gmail.com,P0048,Probably,Toys,2,15969.26,31938.52
O00805,2025-08-13,C0911,Vihaan Kadakia,917116799759,fiyer@gmail.com,P0494,Technology,Fashion,2,26389.15,52778.3
O00805,2025-08-13,C0911,Vihaan Kadakia,917116799759,fiyer@gmail.com,P0112,So,Fashion,1,7126.45,7126.45
O00806,2024-10-07,C0468,Mishti Srinivasan,919318592099,xbose@gmail.com,P0189,Take,Books,1,21117.14,21117.14
O00806,2024-10-07,C0468,Mishti Srinivasan,919318592099,xbose@gmail.com,P0090,Create,Electronics,2,4541.22,9082.44
O00806,2024-10-07,C0468,Mishti Srinivasan,919318592099,xbose@gmail.com,P0181,Store,Electronics,1,7171.29,7171.29
O00806,2024-10-07,C0468,Mishti Srinivasan,919318592099,xbose@gmail.com,P0084,Entire,Fashion,1,24969.67,24969.67
O00807,2025-08-07,C0820,Madhav Ramanathan,917601620947,fvarma@gmail.com,P0058,Data,Fashion,3,19851.06,59553.18
O00807,2025-08-07,C0820,Madhav Ramanathan,917601620947,fvarma@gmail.com,P0376,Political,Books,1,42513.81,42513.81
O00807,2025-08-07,C0820,Madhav Ramanathan,917601620947,fvarma@gmail.com,P0368,Theory,Books,2,28749.17,57498.34
O00807,2025-08-07,C0820,Madhav Ramanathan,917601620947,fvarma@gmail.com,P0130,Line,Home,2,27478.97,54957.94
O00808,2025-03-03,C0467,Aarav Soman,916310180352,ggoel@gmail.com,P0280,Stay,Grocery,1,33100.84,33100.84
O00808,2025-03-03,C0467,Aarav Soman,916310180352,ggoel@gmail.com,P0173,Fine,Fashion,3,36346.52,109039.56
O00808,2025-03-03,C0467,Aarav Soman,916310180352,ggoel@gmail.com,P0095,Four,Grocery,2,43421.39,86842.78
O00809,2025-08-21,C0598,Nishith Sidhu,917055539531,manikanav@gmail.com,P0055,Off,Home,1,9847.69,9847.69
O00810,2025-04-14,C0633,Tanya Zacharia,917859328769,navyaandra@gmail.com,P0406,Until,Fashion,1,35664.69,35664.69
O00811,2025-01-17,C0545,Shray Mahal,918783755027,psinha@gmail.com,P0331,Line,Fashion,3,39780.07,119340.21
O00812,2024-12-15,C0862,Veer Hans,916474350146,baralela@gmail.com,P0293,Money,Grocery,3,486.78,1460.34
O00813,2024-12-28,C0791,Alia Lad,919479026561,chirag61@gmail.com,P0106,Agreement,Grocery,3,33426.3,100278.9
O00813,2024-12-28,C0791,Alia Lad,919479026561,chirag61@gmail.com,P0224,Each,Fashion,3,595.03,1785.09
O00813,2024-12-28,C0791,Alia Lad,919479026561,chirag61@gmail.com,P0143,Protect,Toys,3,38572.8,115718.4
O00813,2024-12-28,C0791,Alia Lad,919479026561,chirag61@gmail.com,P0405,Number,Books,2,36701.41,73402.82
O00814,2025-01-16,C0070,Sana Kapadia,917611698265,vlad@gmail.com,P0144,Career,Toys,2,19915.53,39831.06
O00814,2025-01-16,C0070,Sana Kapadia,917611698265,vlad@gmail.com,P0293,Money,Grocery,3,486.78,1460.34
O00815,2025-08-08,C0743,Diya Seshadri,919006717508,rasha96@gmail.com,P0249,Threat,Toys,3,16905.35,50716.05
O00816,2024-12-21,C0794,Yuvaan Barman,919680277321,butalajiya@gmail.com,P0439,Share,Toys,3,18005.17,54015.51
O00816,2024-12-21,C0794,Yuvaan Barman,919680277321,butalajiya@gmail.com,P0125,Who,Fashion,3,44975.66,134926.98
O00816,2024-12-21,C0794,Yuvaan Barman,919680277321,butalajiya@gmail.com,P0411,At,Electronics,1,19105.0,19105.0
O00816,2024-12-21,C0794,Yuvaan Barman,919680277321,butalajiya@gmail.com,P0317,Less,Fashion,1,48728.05,48728.05
O00817,2024-12-15,C0044,Divit Sant,917805701481,mehulkarnik@gmail.com,P0007,Whose,Grocery,1,3639.73,3639.73
O00817,2024-12-15,C0044,Divit Sant,917805701481,mehulkarnik@gmail.com,P0157,Establish,Home,2,159.01,318.02
O00817,2024-12-15,C0044,Divit Sant,917805701481,mehulkarnik@gmail.com,P0037,Hundred,Books,2,36049.73,72099.46
O00817,2024-12-15,C0044,Divit Sant,917805701481,mehulkarnik@gmail.com,P0360,Per,Fashion,2,44753.22,89506.44
O00817,2024-12-15,C0044,Divit Sant,917805701481,mehulkarnik@gmail.com,P0434,Foot,Home,1,5572.57,5572.57
O00818,2025-04-14,C0855,Zain Gade,919994905538,ytak@gmail.com,P0437,Card,Fashion,1,16672.54,16672.54
O00819,2025-06-26,C0099,Anika Dutt,918138272157,chopranavya@gmail.com,P0283,Hear,Grocery,3,18807.75,56423.25
O00820,2025-01-02,C0606,Darshit Vig,919924491308,akamdar@gmail.com,P0405,Number,Books,1,36701.41,36701.41
O00820,2025-01-02,C0606,Darshit Vig,919924491308,akamdar@gmail.com,P0113,Near,Toys,1,7688.42,7688.42
O00820,2025-01-02,C0606,Darshit Vig,919924491308,akamdar@gmail.com,P0326,Live,Grocery,1,18953.49,18953.49
O00820,2025-01-02,C0606,Darshit Vig,919924491308,akamdar@gmail.com,P0432,Employee,Electronics,1,21473.93,21473.93
O00820,2025-01-02,C0606,Darshit Vig,919924491308,akamdar@gmail.com,P0282,Long,Toys,2,38700.74,77401.48
O00821,2025-04-26,C0332,Taran Sunder,919258482355,birdivit@gmail.com,P0435,Leader,Home,1,47966.92,47966.92
O00821,2025-04-26,C0332,Taran Sunder,919258482355,birdivit@gmail.com,P0226,Close,Fashion,2,22025.27,44050.54
O00821,2025-04-26,C0332,Taran Sunder,919258482355,birdivit@gmail.com,P0158,They,Grocery,1,747.56,747.56
O00821,2025-04-26,C0332,Taran Sunder,919258482355,birdivit@gmail.com,P0306,Wall,Home,3,44948.53,134845.59
O00821,2025-04-26,C0332,Taran Sunder,919258482355,birdivit@gmail.com,P0115,Run,Fashion,2,44401.73,88803.46
O00822,2025-04-30,C0959,Riya Mann,916951291017,venkateshneelofar@gmail.com,P0221,The,Home,1,25026.69,25026.69
O00822,2025-04-30,C0959,Riya Mann,916951291017,venkateshneelofar@gmail.com,P0081,Concern,Books,3,17375.63,52126.89
O00822,2025-04-30,C0959,Riya Mann,916951291017,venkateshneelofar@gmail.com,P0413,Describe,Electronics,2,11998.55,23997.1
O00823,2025-02-06,C0171,Jayesh Chad,917560384174,kimayasagar@gmail.com,P0329,Within,Grocery,3,36526.35,109579.05
O00823,2025-02-06,C0171,Jayesh Chad,917560384174,kimayasagar@gmail.com,P0427,Glass,Grocery,1,32006.32,32006.32
O00823,2025-02-06,C0171,Jayesh Chad,917560384174,kimayasagar@gmail.com,P0196,Someone,Fashion,1,31927.62,31927.62
O00823,2025-02-06,C0171,Jayesh Chad,917560384174,kimayasagar@gmail.com,P0024,Officer,Grocery,2,25649.5,51299.0
O00824,2025-03-15,C0570,Anaya Kumer,918879052335,duttafaiyaz@gmail.com,P0458,South,Grocery,2,30814.65,61629.3
O00824,2025-03-15,C0570,Anaya Kumer,918879052335,duttafaiyaz@gmail.com,P0461,Five,Grocery,3,16984.87,50954.61
O00824,2025-03-15,C0570,Anaya Kumer,918879052335,duttafaiyaz@gmail.com,P0082,Nothing,Home,3,26893.32,80679.96
O00824,2025-03-15,C0570,Anaya Kumer,918879052335,duttafaiyaz@gmail.com,P0335,Plan,Fashion,2,27474.41,54948.82
O00825,2024-10-05,C0230,Tara Choudhry,916308096978,riaan74@gmail.com,P0245,Later,Fashion,2,34444.1,68888.2
O00825,2024-10-05,C0230,Tara Choudhry,916308096978,riaan74@gmail.com,P0256,Choice,Fashion,3,38096.03,114288.09
O00825,2024-10-05,C0230,Tara Choudhry,916308096978,riaan74@gmail.com,P0332,Defense,Electronics,1,47413.18,47413.18
O00825,2024-10-05,C0230,Tara Choudhry,916308096978,riaan74@gmail.com,P0058,Data,Fashion,1,19851.06,19851.06
O00825,2024-10-05,C0230,Tara Choudhry,916308096978,riaan74@gmail.com,P0075,Maybe,Grocery,3,6414.07,19242.21
O00826,2025-03-20,C0280,Gokul Tiwari,917122663436,tejasben@gmail.com,P0180,Section,Electronics,1,15179.3,15179.3
O00826,2025-03-20,C0280,Gokul Tiwari,917122663436,tejasben@gmail.com,P0346,Manage,Electronics,1,13256.96,13256.96
O00826,2025-03-20,C0280,Gokul Tiwari,917122663436,tejasben@gmail.com,P0388,Develop,Fashion,1,48051.78,48051.78
O00826,2025-03-20,C0280,Gokul Tiwari,917122663436,tejasben@gmail.com,P0194,Better,Books,3,49657.42,148972.26
O00826,2025-03-20,C0280,Gokul Tiwari,917122663436,tejasben@gmail.com,P0213,Perhaps,Books,1,17118.78,17118.78
O00827,2024-11-17,C0836,Heer Bala,919952331020,agarwalhunar@gmail.com,P0006,Worker,Grocery,1,22450.55,22450.55
O00827,2024-11-17,C0836,Heer Bala,919952331020,agarwalhunar@gmail.com,P0424,Suffer,Home,3,13776.75,41330.25
O00827,2024-11-17,C0836,Heer Bala,919952331020,agarwalhunar@gmail.com,P0095,Four,Grocery,2,43421.39,86842.78
O00827,2024-11-17,C0836,Heer Bala,919952331020,agarwalhunar@gmail.com,P0228,World,Home,3,42687.6,128062.8
O00828,2024-12-13,C0466,Ritvik Shroff,917071119474,aaryahi84@gmail.com,P0119,Capital,Toys,2,23790.55,47581.1
O00828,2024-12-13,C0466,Ritvik Shroff,917071119474,aaryahi84@gmail.com,P0481,Test,Fashion,2,19065.63,38131.26
O00828,2024-12-13,C0466,Ritvik Shroff,917071119474,aaryahi84@gmail.com,P0086,Summer,Grocery,3,45414.18,136242.54
O00828,2024-12-13,C0466,Ritvik Shroff,917071119474,aaryahi84@gmail.com,P0024,Officer,Grocery,1,25649.5,25649.5
O00829,2024-11-21,C0691,Renee Datta,919835351473,khushi53@gmail.com,P0195,Difficult,Toys,1,38374.95,38374.95
O00830,2025-07-13,C0119,Tara Bava,919675887009,parinaaz84@gmail.com,P0367,Throw,Toys,2,45671.59,91343.18
O00830,2025-07-13,C0119,Tara Bava,919675887009,parinaaz84@gmail.com,P0133,Course,Home,1,25607.5,25607.5
O00831,2024-11-16,C0996,Jayant Bhavsar,916561231679,myramajumdar@gmail.com,P0237,Increase,Grocery,2,12800.95,25601.9
O00831,2024-11-16,C0996,Jayant Bhavsar,916561231679,myramajumdar@gmail.com,P0178,Alone,Electronics,1,6742.5,6742.5
O00831,2024-11-16,C0996,Jayant Bhavsar,916561231679,myramajumdar@gmail.com,P0289,Well,Grocery,2,4903.97,9807.94
O00831,2024-11-16,C0996,Jayant Bhavsar,916561231679,myramajumdar@gmail.com,P0212,Expect,Grocery,3,24638.09,73914.27
O00831,2024-11-16,C0996,Jayant Bhavsar,916561231679,myramajumdar@gmail.com,P0025,Ground,Electronics,2,32682.8,65365.6
O00832,2025-06-22,C0801,Madhav Bir,919484756393,jhanvi62@gmail.com,P0235,Ball,Electronics,3,36018.57,108055.71
O00832,2025-06-22,C0801,Madhav Bir,919484756393,jhanvi62@gmail.com,P0470,Manage,Electronics,1,6525.32,6525.32
O00832,2025-06-22,C0801,Madhav Bir,919484756393,jhanvi62@gmail.com,P0187,Many,Electronics,3,46075.75,138227.25
O00832,2025-06-22,C0801,Madhav Bir,919484756393,jhanvi62@gmail.com,P0293,Money,Grocery,3,486.78,1460.34
O00832,2025-06-22,C0801,Madhav Bir,919484756393,jhanvi62@gmail.com,P0167,Growth,Fashion,2,9807.77,19615.54
O00833,2025-02-12,C0222,Madhav Bora,917978601720,sarawagle@gmail.com,P0107,According,Fashion,2,35187.46,70374.92
O00833,2025-02-12,C0222,Madhav Bora,917978601720,sarawagle@gmail.com,P0337,Voice,Electronics,3,4887.85,14663.55
O00834,2025-04-01,C0033,Nakul Madan,919474132899,madhup05@gmail.com,P0428,Land,Grocery,3,36183.78,108551.34
O00834,2025-04-01,C0033,Nakul Madan,919474132899,madhup05@gmail.com,P0351,Play,Home,2,16869.29,33738.58
O00834,2025-04-01,C0033,Nakul Madan,919474132899,madhup05@gmail.com,P0281,National,Electronics,1,43942.41,43942.41
O00834,2025-04-01,C0033,Nakul Madan,919474132899,madhup05@gmail.com,P0476,Matter,Books,1,635.14,635.14
O00834,2025-04-01,C0033,Nakul Madan,919474132899,madhup05@gmail.com,P0320,Sort,Fashion,2,1924.24,3848.48
O00835,2025-07-21,C0146,Alisha Bath,919106363657,shalvaurora@gmail.com,P0288,Ten,Books,1,21119.51,21119.51
O00835,2025-07-21,C0146,Alisha Bath,919106363657,shalvaurora@gmail.com,P0416,Hot,Fashion,1,2188.07,2188.07
O00835,2025-07-21,C0146,Alisha Bath,919106363657,shalvaurora@gmail.com,P0399,Edge,Grocery,1,8358.74,8358.74
O00836,2025-07-14,C0710,Ojas Varghese,917412107677,boramisha@gmail.com,P0103,Green,Fashion,1,43879.19,43879.19
O00836,2025-07-14,C0710,Ojas Varghese,917412107677,boramisha@gmail.com,P0489,Treat,Home,3,30157.74,90473.22
O00836,2025-07-14,C0710,Ojas Varghese,917412107677,boramisha@gmail.com,P0092,Tell,Home,3,40584.21,121752.63
O00837,2025-03-08,C0770,Manikya Chada,917580460209,jbasak@gmail.com,P0487,Wind,Grocery,3,26054.97,78164.91
O00838,2025-03-06,C0480,Ishita Bir,919185718073,mangatsiya@gmail.com,P0086,Summer,Grocery,1,45414.18,45414.18
O00838,2025-03-06,C0480,Ishita Bir,919185718073,mangatsiya@gmail.com,P0384,Market,Grocery,3,30276.68,90830.04
O00838,2025-03-06,C0480,Ishita Bir,919185718073,mangatsiya@gmail.com,P0246,Audience,Home,1,13452.24,13452.24
O00838,2025-03-06,C0480,Ishita Bir,919185718073,mangatsiya@gmail.com,P0055,Off,Home,3,9847.69,29543.07
O00839,2025-06-02,C0868,Tiya Ray,919222267284,devansh97@gmail.com,P0097,Worker,Home,3,21400.55,64201.65
O00839,2025-06-02,C0868,Tiya Ray,919222267284,devansh97@gmail.com,P0037,Hundred,Books,3,36049.73,108149.19
O00839,2025-06-02,C0868,Tiya Ray,919222267284,devansh97@gmail.com,P0026,Mouth,Toys,2,13404.03,26808.06
O00840,2025-07-20,C0101,Purab Bansal,916244339591,manifaiyaz@gmail.com,P0443,Woman,Electronics,3,3027.49,9082.47
O00840,2025-07-20,C0101,Purab Bansal,916244339591,manifaiyaz@gmail.com,P0402,Difference,Fashion,2,5152.16,10304.32
O00840,2025-07-20,C0101,Purab Bansal,916244339591,manifaiyaz@gmail.com,P0311,Yard,Toys,1,26120.96,26120.96
O00841,2024-10-18,C0310,Tiya Dewan,916581993665,kallakabir@gmail.com,P0279,Kid,Fashion,1,22978.31,22978.31
O00841,2024-10-18,C0310,Tiya Dewan,916581993665,kallakabir@gmail.com,P0060,Some,Books,3,25955.43,77866.29
O00841,2024-10-18,C0310,Tiya Dewan,916581993665,kallakabir@gmail.com,P0053,Time,Home,2,28738.91,57477.82
O00841,2024-10-18,C0310,Tiya Dewan,916581993665,kallakabir@gmail.com,P0017,Establish,Grocery,2,1885.0,3770.0
O00841,2024-10-18,C0310,Tiya Dewan,916581993665,kallakabir@gmail.com,P0443,Woman,Electronics,1,3027.49,3027.49
O00842,2024-09-17,C0365,Piya Konda,918368674076,dhingraeshani@gmail.com,P0119,Capital,Toys,1,23790.55,23790.55
O00843,2025-01-22,C0632,Zeeshan Sharma,916291061348,mkeer@gmail.com,P0310,Data,Toys,1,32555.16,32555.16
O00843,2025-01-22,C0632,Zeeshan Sharma,916291061348,mkeer@gmail.com,P0020,Part,Home,3,28373.35,85120.05
O00843,2025-01-22,C0632,Zeeshan Sharma,916291061348,mkeer@gmail.com,P0284,Draw,Books,3,9525.56,28576.68
O00843,2025-01-22,C0632,Zeeshan Sharma,916291061348,mkeer@gmail.com,P0402,Difference,Fashion,2,5152.16,10304.32
O00844,2025-05-01,C0623,Tara Rao,917008318296,trajagopal@gmail.com,P0368,Theory,Books,2,28749.17,57498.34
O00844,2025-05-01,C0623,Tara Rao,917008318296,trajagopal@gmail.com,P0386,Thus,Toys,2,26873.03,53746.06
O00844,2025-05-01,C0623,Tara Rao,917008318296,trajagopal@gmail.com,P0208,Wide,Books,3,45993.95,137981.85
O00844,2025-05-01,C0623,Tara Rao,917008318296,trajagopal@gmail.com,P0499,Make,Toys,3,22379.08,67137.24
O00844,2025-05-01,C0623,Tara Rao,917008318296,trajagopal@gmail.com,P0327,Mean,Electronics,3,45227.54,135682.62
O00845,2025-04-08,C0562,Shlok Chada,918943471120,godaanvi@gmail.com,P0052,Black,Electronics,2,8130.37,16260.74
O00845,2025-04-08,C0562,Shlok Chada,918943471120,godaanvi@gmail.com,P0274,Goal,Books,2,36502.79,73005.58
O00845,2025-04-08,C0562,Shlok Chada,918943471120,godaanvi@gmail.com,P0220,Car,Grocery,2,15563.77,31127.54
O00845,2025-04-08,C0562,Shlok Chada,918943471120,godaanvi@gmail.com,P0013,Give,Electronics,1,2877.19,2877.19
O00845,2025-04-08,C0562,Shlok Chada,918943471120,godaanvi@gmail.com,P0487,Wind,Grocery,3,26054.97,78164.91
O00846,2024-10-10,C0792,Shalv Khatri,916965958275,mohanlaldugar@gmail.com,P0029,Technology,Grocery,3,1746.82,5240.46
O00846,2024-10-10,C0792,Shalv Khatri,916965958275,mohanlaldugar@gmail.com,P0493,Would,Toys,2,26066.08,52132.16
O00847,2024-11-06,C0047,Ishita Choudhry,919790009200,vaidyavanya@gmail.com,P0383,Writer,Books,1,39853.45,39853.45
O00847,2024-11-06,C0047,Ishita Choudhry,919790009200,vaidyavanya@gmail.com,P0413,Describe,Electronics,3,11998.55,35995.65
O00847,2024-11-06,C0047,Ishita Choudhry,919790009200,vaidyavanya@gmail.com,P0264,Conference,Home,3,40033.67,120101.01
O00847,2024-11-06,C0047,Ishita Choudhry,919790009200,vaidyavanya@gmail.com,P0123,Real,Electronics,1,3842.47,3842.47
O00848,2025-01-27,C0792,Shalv Khatri,916965958275,mohanlaldugar@gmail.com,P0039,Home,Grocery,2,24312.94,48625.88
O00848,2025-01-27,C0792,Shalv Khatri,916965958275,mohanlaldugar@gmail.com,P0479,Popular,Electronics,2,20646.55,41293.1
O00848,2025-01-27,C0792,Shalv Khatri,916965958275,mohanlaldugar@gmail.com,P0371,Writer,Grocery,2,15840.23,31680.46
O00848,2025-01-27,C0792,Shalv Khatri,916965958275,mohanlaldugar@gmail.com,P0388,Develop,Fashion,1,48051.78,48051.78
O00849,2025-05-18,C0070,Sana Kapadia,917611698265,vlad@gmail.com,P0477,Executive,Home,3,40796.04,122388.12
O00849,2025-05-18,C0070,Sana Kapadia,917611698265,vlad@gmail.com,P0001,Evening,Toys,2,45810.78,91621.56
O00849,2025-05-18,C0070,Sana Kapadia,917611698265,vlad@gmail.com,P0045,Term,Electronics,2,27614.52,55229.04
O00850,2025-09-03,C0300,Hrishita Sant,919391347913,bhavin40@gmail.com,P0206,Other,Home,2,16417.86,32835.72
O00850,2025-09-03,C0300,Hrishita Sant,919391347913,bhavin40@gmail.com,P0373,Especially,Electronics,2,6461.93,12923.86
O00850,2025-09-03,C0300,Hrishita Sant,919391347913,bhavin40@gmail.com,P0121,Listen,Toys,2,22992.5,45985.0
O00850,2025-09-03,C0300,Hrishita Sant,919391347913,bhavin40@gmail.com,P0265,Write,Grocery,2,30863.16,61726.32
O00851,2024-12-21,C0910,Faiyaz Sant,919616706692,surabiju@gmail.com,P0021,Yourself,Fashion,2,8698.02,17396.04
O00851,2024-12-21,C0910,Faiyaz Sant,919616706692,surabiju@gmail.com,P0321,Right,Fashion,2,41419.14,82838.28
O00851,2024-12-21,C0910,Faiyaz Sant,919616706692,surabiju@gmail.com,P0267,Activity,Books,3,37125.93,111377.79
O00851,2024-12-21,C0910,Faiyaz Sant,919616706692,surabiju@gmail.com,P0447,Customer,Books,1,9508.52,9508.52
O00851,2024-12-21,C0910,Faiyaz Sant,919616706692,surabiju@gmail.com,P0023,At,Books,2,43375.51,86751.02
O00852,2024-09-14,C0485,Mahika Seshadri,919317516767,ramareyansh@gmail.com,P0424,Suffer,Home,3,13776.75,41330.25
O00852,2024-09-14,C0485,Mahika Seshadri,919317516767,ramareyansh@gmail.com,P0025,Ground,Electronics,1,32682.8,32682.8
O00853,2024-11-14,C0226,Mahika Barad,918322933505,csom@gmail.com,P0071,Next,Toys,2,31890.26,63780.52
O00853,2024-11-14,C0226,Mahika Barad,918322933505,csom@gmail.com,P0376,Political,Books,1,42513.81,42513.81
O00853,2024-11-14,C0226,Mahika Barad,918322933505,csom@gmail.com,P0311,Yard,Toys,1,26120.96,26120.96
O00853,2024-11-14,C0226,Mahika Barad,918322933505,csom@gmail.com,P0261,Movie,Toys,2,34647.61,69295.22
O00853,2024-11-14,C0226,Mahika Barad,918322933505,csom@gmail.com,P0200,But,Home,3,13941.44,41824.32
O00854,2025-01-07,C0147,Dishani Hari,919601840681,kavyabala@gmail.com,P0094,Foot,Electronics,2,39141.36,78282.72
O00854,2025-01-07,C0147,Dishani Hari,919601840681,kavyabala@gmail.com,P0446,Personal,Home,2,42866.03,85732.06
O00855,2025-01-11,C0763,Yasmin Koshy,917314648554,zain40@gmail.com,P0431,Huge,Grocery,1,3972.53,3972.53
O00855,2025-01-11,C0763,Yasmin Koshy,917314648554,zain40@gmail.com,P0279,Kid,Fashion,2,22978.31,45956.62
O00855,2025-01-11,C0763,Yasmin Koshy,917314648554,zain40@gmail.com,P0184,Service,Grocery,3,40592.32,121776.96
O00856,2025-04-09,C0389,Hazel Swamy,919158146551,myradin@gmail.com,P0084,Entire,Fashion,1,24969.67,24969.67
O00856,2025-04-09,C0389,Hazel Swamy,919158146551,myradin@gmail.com,P0334,Let,Fashion,1,11112.43,11112.43
O00856,2025-04-09,C0389,Hazel Swamy,919158146551,myradin@gmail.com,P0044,Age,Books,2,29870.75,59741.5
O00856,2025-04-09,C0389,Hazel Swamy,919158146551,myradin@gmail.com,P0219,Degree,Books,3,4353.93,13061.79
O00856,2025-04-09,C0389,Hazel Swamy,919158146551,myradin@gmail.com,P0031,Strategy,Toys,2,3707.32,7414.64
O00857,2024-09-13,C0098,Priyansh Dutt,919462330079,bdass@gmail.com,P0179,Change,Fashion,1,15898.63,15898.63
O00857,2024-09-13,C0098,Priyansh Dutt,919462330079,bdass@gmail.com,P0451,How,Electronics,2,32544.56,65089.12
O00857,2024-09-13,C0098,Priyansh Dutt,919462330079,bdass@gmail.com,P0143,Protect,Toys,2,38572.8,77145.6
O00858,2025-08-25,C0967,Vidur Seth,918147995647,tailorkiaan@gmail.com,P0162,Population,Home,3,48541.96,145625.88
O00858,2025-08-25,C0967,Vidur Seth,918147995647,tailorkiaan@gmail.com,P0418,Health,Toys,2,11635.18,23270.36
O00858,2025-08-25,C0967,Vidur Seth,918147995647,tailorkiaan@gmail.com,P0078,Return,Home,3,13869.21,41607.63
O00858,2025-08-25,C0967,Vidur Seth,918147995647,tailorkiaan@gmail.com,P0204,Grow,Home,1,36853.4,36853.4
O00859,2024-12-18,C0278,Ritvik Wali,917700829490,nayantara72@gmail.com,P0092,Tell,Home,1,40584.21,40584.21
O00324,2025-07-21,C0396,Samiha Magar,916967364919,farhan72@gmail.com,P0213,Perhaps,Books,3,17118.78,51356.34
O00324,2025-07-21,C0396,Samiha Magar,916967364919,farhan72@gmail.com,P0447,Customer,Books,1,9508.52,9508.52
O00325,2025-02-11,C0917,Zoya Basu,919913385431,wgupta@gmail.com,P0382,Member,Books,1,10297.15,10297.15
O00326,2025-03-15,C0779,Riya Mallick,916811754050,maharajanaya@gmail.com,P0337,Voice,Electronics,1,4887.85,4887.85
O00326,2025-03-15,C0779,Riya Mallick,916811754050,maharajanaya@gmail.com,P0305,Alone,Grocery,2,12384.66,24769.32
O00326,2025-03-15,C0779,Riya Mallick,916811754050,maharajanaya@gmail.com,P0062,Night,Toys,2,719.92,1439.84
O00326,2025-03-15,C0779,Riya Mallick,916811754050,maharajanaya@gmail.com,P0268,Very,Electronics,1,49631.1,49631.1
O00326,2025-03-15,C0779,Riya Mallick,916811754050,maharajanaya@gmail.com,P0386,Thus,Toys,3,26873.03,80619.09
O00327,2025-07-22,C0670,Urvi Warrior,917865944094,kanav32@gmail.com,P0235,Ball,Electronics,1,36018.57,36018.57
O00327,2025-07-22,C0670,Urvi Warrior,917865944094,kanav32@gmail.com,P0149,Media,Electronics,3,33043.26,99129.78
O00327,2025-07-22,C0670,Urvi Warrior,917865944094,kanav32@gmail.com,P0077,Walk,Books,3,31770.26,95310.78
O00327,2025-07-22,C0670,Urvi Warrior,917865944094,kanav32@gmail.com,P0333,Type,Grocery,3,5203.19,15609.57
O00328,2025-06-12,C0483,Shalv Kara,919079322770,ryandhaliwal@gmail.com,P0401,Reveal,Fashion,2,4209.04,8418.08
O00328,2025-06-12,C0483,Shalv Kara,919079322770,ryandhaliwal@gmail.com,P0258,Member,Grocery,1,48965.17,48965.17
O00329,2024-11-01,C0886,Ishaan Wali,919382347200,johalsuhana@gmail.com,P0178,Alone,Electronics,2,6742.5,13485.0
O00329,2024-11-01,C0886,Ishaan Wali,919382347200,johalsuhana@gmail.com,P0247,Difficult,Books,2,41823.06,83646.12
O00329,2024-11-01,C0886,Ishaan Wali,919382347200,johalsuhana@gmail.com,P0190,Decision,Electronics,3,31613.49,94840.47
O00329,2024-11-01,C0886,Ishaan Wali,919382347200,johalsuhana@gmail.com,P0327,Mean,Electronics,3,45227.54,135682.62
O00330,2025-08-26,C0901,Kartik Gulati,918155524769,mishtidugar@gmail.com,P0460,Place,Electronics,2,42204.95,84409.9
O00330,2025-08-26,C0901,Kartik Gulati,918155524769,mishtidugar@gmail.com,P0311,Yard,Toys,1,26120.96,26120.96
O00330,2025-08-26,C0901,Kartik Gulati,918155524769,mishtidugar@gmail.com,P0386,Thus,Toys,2,26873.03,53746.06
O00331,2024-09-30,C0300,Hrishita Sant,919391347913,bhavin40@gmail.com,P0466,Know,Home,1,32070.74,32070.74
O00331,2024-09-30,C0300,Hrishita Sant,919391347913,bhavin40@gmail.com,P0072,Half,Home,1,30586.09,30586.09
O00331,2024-09-30,C0300,Hrishita Sant,919391347913,bhavin40@gmail.com,P0197,Wear,Electronics,2,11828.38,23656.76
O00331,2024-09-30,C0300,Hrishita Sant,919391347913,bhavin40@gmail.com,P0483,Work,Toys,1,8375.29,8375.29
O00331,2024-09-30,C0300,Hrishita Sant,919391347913,bhavin40@gmail.com,P0448,My,Toys,1,7511.41,7511.41
O00332,2024-12-15,C0511,Tanya Goda,918392987589,lakshitlata@gmail.com,P0181,Store,Electronics,2,7171.29,14342.58
O00332,2024-12-15,C0511,Tanya Goda,918392987589,lakshitlata@gmail.com,P0236,Situation,Books,2,7364.61,14729.22
O00332,2024-12-15,C0511,Tanya Goda,918392987589,lakshitlata@gmail.com,P0026,Mouth,Toys,2,13404.03,26808.06
O00332,2024-12-15,C0511,Tanya Goda,918392987589,lakshitlata@gmail.com,P0249,Threat,Toys,2,16905.35,33810.7
O00333,2025-03-08,C0062,Saanvi Vasa,918517343536,wmalhotra@gmail.com,P0111,Forward,Fashion,2,13770.51,27541.02
O00333,2025-03-08,C0062,Saanvi Vasa,918517343536,wmalhotra@gmail.com,P0231,Reality,Toys,1,36040.9,36040.9
O00333,2025-03-08,C0062,Saanvi Vasa,918517343536,wmalhotra@gmail.com,P0421,Human,Home,2,37593.63,75187.26
O00334,2025-01-23,C0375,Navya Borah,919670094158,blata@gmail.com,P0402,Difference,Fashion,3,5152.16,15456.48
O00334,2025-01-23,C0375,Navya Borah,919670094158,blata@gmail.com,P0255,Born,Books,3,22491.06,67473.18
O00335,2024-12-23,C0695,Dharmajan Dey,919636441037,vedika92@gmail.com,P0294,Enough,Toys,1,28895.66,28895.66
O00336,2025-02-22,C0741,Mannat Kant,916366535947,neysa05@gmail.com,P0025,Ground,Electronics,1,32682.8,32682.8
O00336,2025-02-22,C0741,Mannat Kant,916366535947,neysa05@gmail.com,P0017,Establish,Grocery,3,1885.0,5655.0
O00336,2025-02-22,C0741,Mannat Kant,916366535947,neysa05@gmail.com,P0435,Leader,Home,1,47966.92,47966.92
O00337,2025-07-24,C0808,Anahi Divan,918383141837,majumdarmiraan@gmail.com,P0122,Girl,Grocery,3,25630.56,76891.68
O00338,2025-06-08,C0653,Bhamini Kohli,916872292966,sekhonnitara@gmail.com,P0072,Half,Home,1,30586.09,30586.09
O00338,2025-06-08,C0653,Bhamini Kohli,916872292966,sekhonnitara@gmail.com,P0236,Situation,Books,1,7364.61,7364.61
O00339,2025-02-13,C0788,Ehsaan Chowdhury,919661788084,jhans@gmail.com,P0273,Score,Grocery,2,36008.68,72017.36
O00340,2024-09-08,C0352,Vedika Dave,916811219612,maharajkaira@gmail.com,P0286,Practice,Fashion,2,34386.6,68773.2
O00341,2025-05-06,C0907,Rati Bala,917434436009,jayangill@gmail.com,P0421,Human,Home,2,37593.63,75187.26
O00342,2024-12-10,C0611,Zain Ganesan,917553393571,sahaanahi@gmail.com,P0033,Smile,Electronics,3,7304.63,21913.89
O00342,2024-12-10,C0611,Zain Ganesan,917553393571,sahaanahi@gmail.com,P0259,Region,Books,1,31147.8,31147.8
O00342,2024-12-10,C0611,Zain Ganesan,917553393571,sahaanahi@gmail.com,P0082,Nothing,Home,1,26893.32,26893.32
O00342,2024-12-10,C0611,Zain Ganesan,917553393571,sahaanahi@gmail.com,P0398,North,Home,2,42310.86,84621.72
O00343,2025-07-07,C0935,Neysa Bobal,916844858404,raumehul@gmail.com,P0204,Grow,Home,1,36853.4,36853.4
O00343,2025-07-07,C0935,Neysa Bobal,916844858404,raumehul@gmail.com,P0172,Suggest,Toys,1,37358.39,37358.39
O00343,2025-07-07,C0935,Neysa Bobal,916844858404,raumehul@gmail.com,P0221,The,Home,3,25026.69,75080.07
O00343,2025-07-07,C0935,Neysa Bobal,916844858404,raumehul@gmail.com,P0379,Without,Electronics,3,13525.07,40575.21
O00344,2025-04-02,C0478,Hrishita Som,917281407151,mahajanjiya@gmail.com,P0418,Health,Toys,1,11635.18,11635.18
O00345,2024-12-13,C0184,Priyansh Chakrabarti,919586488505,irabhagat@gmail.com,P0267,Activity,Books,2,37125.93,74251.86
O00345,2024-12-13,C0184,Priyansh Chakrabarti,919586488505,irabhagat@gmail.com,P0306,Wall,Home,1,44948.53,44948.53
O00345,2024-12-13,C0184,Priyansh Chakrabarti,919586488505,irabhagat@gmail.com,P0090,Create,Electronics,1,4541.22,4541.22
O00345,2024-12-13,C0184,Priyansh Chakrabarti,919586488505,irabhagat@gmail.com,P0233,Resource,Home,2,5535.26,11070.52
O00345,2024-12-13,C0184,Priyansh Chakrabarti,919586488505,irabhagat@gmail.com,P0100,Dinner,Books,2,7336.08,14672.16
O00346,2025-06-14,C0617,Sara Shroff,916977033864,anaya05@gmail.com,P0058,Data,Fashion,1,19851.06,19851.06
O00347,2025-04-09,C0550,Nayantara Ranganathan,918776253775,hrishitasoman@gmail.com,P0025,Ground,Electronics,3,32682.8,98048.4
O00347,2025-04-09,C0550,Nayantara Ranganathan,918776253775,hrishitasoman@gmail.com,P0031,Strategy,Toys,1,3707.32,3707.32
O00347,2025-04-09,C0550,Nayantara Ranganathan,918776253775,hrishitasoman@gmail.com,P0148,Will,Books,3,29281.73,87845.19
O00348,2024-10-23,C0085,Hazel Sood,916126436243,manikyalala@gmail.com,P0105,Provide,Electronics,2,1634.46,3268.92
O00348,2024-10-23,C0085,Hazel Sood,916126436243,manikyalala@gmail.com,P0323,By,Books,3,47004.89,141014.67
O00349,2025-04-04,C0766,Drishya Mandal,916411788176,vidur26@gmail.com,P0186,Environment,Fashion,1,39743.81,39743.81
O00349,2025-04-04,C0766,Drishya Mandal,916411788176,vidur26@gmail.com,P0196,Someone,Fashion,3,31927.62,95782.86
O00349,2025-04-04,C0766,Drishya Mandal,916411788176,vidur26@gmail.com,P0359,Bill,Home,2,17296.21,34592.42
O00349,2025-04-04,C0766,Drishya Mandal,916411788176,vidur26@gmail.com,P0410,Result,Fashion,2,39761.33,79522.66
O00349,2025-04-04,C0766,Drishya Mandal,916411788176,vidur26@gmail.com,P0320,Sort,Fashion,1,1924.24,1924.24
O00350,2025-06-29,C0411,Anika Kamdar,918035946340,elakshi59@gmail.com,P0031,Strategy,Toys,2,3707.32,7414.64
O00350,2025-06-29,C0411,Anika Kamdar,918035946340,elakshi59@gmail.com,P0479,Popular,Electronics,1,20646.55,20646.55
O00350,2025-06-29,C0411,Anika Kamdar,918035946340,elakshi59@gmail.com,P0187,Many,Electronics,1,46075.75,46075.75
O00350,2025-06-29,C0411,Anika Kamdar,918035946340,elakshi59@gmail.com,P0404,Imagine,Toys,3,46983.13,140949.39
O00350,2025-06-29,C0411,Anika Kamdar,918035946340,elakshi59@gmail.com,P0471,Far,Toys,3,4287.8,12863.4
O00351,2024-10-11,C0521,Prerak Lanka,919748381833,hazel00@gmail.com,P0023,At,Books,2,43375.51,86751.02
O00351,2024-10-11,C0521,Prerak Lanka,919748381833,hazel00@gmail.com,P0227,Behavior,Electronics,1,36013.96,36013.96
O00351,2024-10-11,C0521,Prerak Lanka,919748381833,hazel00@gmail.com,P0352,Decade,Grocery,2,22564.59,45129.18
O00352,2024-12-11,C0039,Raghav Kapur,917221905285,akarsh40@gmail.com,P0420,Detail,Fashion,1,1072.49,1072.49
O00352,2024-12-11,C0039,Raghav Kapur,917221905285,akarsh40@gmail.com,P0469,Do,Toys,1,8436.34,8436.34
O00353,2025-06-02,C0397,Zeeshan Baria,916995336199,upadhyaymanjari@gmail.com,P0080,Accept,Books,1,22114.75,22114.75
O00353,2025-06-02,C0397,Zeeshan Baria,916995336199,upadhyaymanjari@gmail.com,P0118,Support,Home,2,35996.16,71992.32
O00354,2025-06-23,C0097,Manjari Bala,917833561452,dasmiraan@gmail.com,P0443,Woman,Electronics,1,3027.49,3027.49
O00354,2025-06-23,C0097,Manjari Bala,917833561452,dasmiraan@gmail.com,P0306,Wall,Home,2,44948.53,89897.06
O00354,2025-06-23,C0097,Manjari Bala,917833561452,dasmiraan@gmail.com,P0386,Thus,Toys,2,26873.03,53746.06
O00355,2025-07-04,C0970,Raunak Amble,919882497282,tripathiriya@gmail.com,P0152,Marriage,Electronics,3,24420.94,73262.82
O00355,2025-07-04,C0970,Raunak Amble,919882497282,tripathiriya@gmail.com,P0335,Plan,Fashion,1,27474.41,27474.41
O00355,2025-07-04,C0970,Raunak Amble,919882497282,tripathiriya@gmail.com,P0334,Let,Fashion,3,11112.43,33337.29
O00356,2025-08-06,C0365,Piya Konda,918368674076,dhingraeshani@gmail.com,P0112,So,Fashion,3,7126.45,21379.35
O00356,2025-08-06,C0365,Piya Konda,918368674076,dhingraeshani@gmail.com,P0005,Third,Electronics,1,17555.54,17555.54
O00357,2025-04-03,C0412,Vivaan Mander,918630514974,mahalanahita@gmail.com,P0396,Someone,Books,2,8750.11,17500.22
O00357,2025-04-03,C0412,Vivaan Mander,918630514974,mahalanahita@gmail.com,P0236,Situation,Books,1,7364.61,7364.61
O00357,2025-04-03,C0412,Vivaan Mander,918630514974,mahalanahita@gmail.com,P0493,Would,Toys,1,26066.08,26066.08
O00357,2025-04-03,C0412,Vivaan Mander,918630514974,mahalanahita@gmail.com,P0487,Wind,Grocery,3,26054.97,78164.91
O00358,2025-01-21,C0700,Nirvi Borde,916227209373,kbath@gmail.com,P0107,According,Fashion,2,35187.46,70374.92
O00358,2025-01-21,C0700,Nirvi Borde,916227209373,kbath@gmail.com,P0199,Employee,Electronics,1,21332.0,21332.0
O00358,2025-01-21,C0700,Nirvi Borde,916227209373,kbath@gmail.com,P0475,At,Toys,2,35943.68,71887.36
O00358,2025-01-21,C0700,Nirvi Borde,916227209373,kbath@gmail.com,P0352,Decade,Grocery,1,22564.59,22564.59
O00358,2025-01-21,C0700,Nirvi Borde,916227209373,kbath@gmail.com,P0354,Among,Electronics,3,42154.64,126463.92
O00359,2025-06-23,C0226,Mahika Barad,918322933505,csom@gmail.com,P0427,Glass,Grocery,2,32006.32,64012.64
O00359,2025-06-23,C0226,Mahika Barad,918322933505,csom@gmail.com,P0221,The,Home,1,25026.69,25026.69
O00360,2025-06-03,C0317,Neelofar Khatri,916415237237,senguptasaira@gmail.com,P0407,Town,Grocery,1,15477.24,15477.24
O00360,2025-06-03,C0317,Neelofar Khatri,916415237237,senguptasaira@gmail.com,P0346,Manage,Electronics,1,13256.96,13256.96
O00361,2025-08-04,C0435,Aaryahi Krishna,917536437907,arnav83@gmail.com,P0404,Imagine,Toys,3,46983.13,140949.39
O00361,2025-08-04,C0435,Aaryahi Krishna,917536437907,arnav83@gmail.com,P0476,Matter,Books,2,635.14,1270.28
O00362,2025-04-12,C0979,Jivin Kadakia,919326099940,bajajindrans@gmail.com,P0300,Return,Electronics,3,10069.79,30209.37
O00362,2025-04-12,C0979,Jivin Kadakia,919326099940,bajajindrans@gmail.com,P0057,Carry,Grocery,2,32036.35,64072.7
O00362,2025-04-12,C0979,Jivin Kadakia,919326099940,bajajindrans@gmail.com,P0149,Media,Electronics,3,33043.26,99129.78
O00362,2025-04-12,C0979,Jivin Kadakia,919326099940,bajajindrans@gmail.com,P0471,Far,Toys,3,4287.8,12863.4
O00363,2025-08-25,C0199,Taran Kala,918431127152,mamootydash@gmail.com,P0352,Decade,Grocery,2,22564.59,45129.18
O00364,2024-11-20,C0085,Hazel Sood,916126436243,manikyalala@gmail.com,P0223,Free,Electronics,3,8128.12,24384.36
O00364,2024-11-20,C0085,Hazel Sood,916126436243,manikyalala@gmail.com,P0175,Require,Electronics,3,10713.49,32140.47
O00364,2024-11-20,C0085,Hazel Sood,916126436243,manikyalala@gmail.com,P0176,Young,Grocery,3,30664.46,91993.38
O00365,2025-02-02,C0244,Shaan Soman,917953129485,uchad@gmail.com,P0442,Line,Grocery,2,48049.73,96099.46
O00365,2025-02-02,C0244,Shaan Soman,917953129485,uchad@gmail.com,P0201,Month,Toys,1,38270.76,38270.76
O00366,2025-06-29,C0311,Anahita Sankaran,917186291172,vritika56@gmail.com,P0324,Culture,Books,3,19384.0,58152.0
O00366,2025-06-29,C0311,Anahita Sankaran,917186291172,vritika56@gmail.com,P0457,Which,Books,2,25557.49,51114.98
O00366,2025-06-29,C0311,Anahita Sankaran,917186291172,vritika56@gmail.com,P0050,Relationship,Books,1,48838.18,48838.18
O00366,2025-06-29,C0311,Anahita Sankaran,917186291172,vritika56@gmail.com,P0279,Kid,Fashion,1,22978.31,22978.31
O00367,2024-11-29,C0997,Seher Vala,917365638297,kabirdoctor@gmail.com,P0083,Tell,Toys,2,34146.63,68293.26
O00367,2024-11-29,C0997,Seher Vala,917365638297,kabirdoctor@gmail.com,P0476,Matter,Books,3,635.14,1905.42
O00367,2024-11-29,C0997,Seher Vala,917365638297,kabirdoctor@gmail.com,P0016,Weight,Grocery,1,45838.51,45838.51
O00367,2024-11-29,C0997,Seher Vala,917365638297,kabirdoctor@gmail.com,P0285,Play,Fashion,3,49168.83,147506.49
O00368,2025-02-26,C0658,Arhaan Chatterjee,919530436527,shuklaamira@gmail.com,P0376,Political,Books,3,42513.81,127541.43
O00368,2025-02-26,C0658,Arhaan Chatterjee,919530436527,shuklaamira@gmail.com,P0093,Improve,Books,2,43974.96,87949.92
O00368,2025-02-26,C0658,Arhaan Chatterjee,919530436527,shuklaamira@gmail.com,P0208,Wide,Books,2,45993.95,91987.9
O00369,2024-09-18,C0873,Seher Chaudhary,918032793585,rasha99@gmail.com,P0071,Next,Toys,3,31890.26,95670.78
O00369,2024-09-18,C0873,Seher Chaudhary,918032793585,rasha99@gmail.com,P0363,Inside,Books,3,26506.83,79520.49
O00369,2024-09-18,C0873,Seher Chaudhary,918032793585,rasha99@gmail.com,P0419,Quickly,Books,1,31729.12,31729.12
O00369,2024-09-18,C0873,Seher Chaudhary,918032793585,rasha99@gmail.com,P0072,Half,Home,3,30586.09,91758.27
O00369,2024-09-18,C0873,Seher Chaudhary,918032793585,rasha99@gmail.com,P0500,Sort,Books,2,30616.24,61232.48
O00370,2025-08-25,C0415,Alisha Dubey,919742042472,qsodhi@gmail.com,P0196,Someone,Fashion,2,31927.62,63855.24
O00370,2025-08-25,C0415,Alisha Dubey,919742042472,qsodhi@gmail.com,P0239,Girl,Fashion,2,1403.24,2806.48
O00370,2025-08-25,C0415,Alisha Dubey,919742042472,qsodhi@gmail.com,P0418,Health,Toys,3,11635.18,34905.54
O00370,2025-08-25,C0415,Alisha Dubey,919742042472,qsodhi@gmail.com,P0443,Woman,Electronics,1,3027.49,3027.49
O00370,2025-08-25,C0415,Alisha Dubey,919742042472,qsodhi@gmail.com,P0467,Music,Home,1,6015.2,6015.2
O00371,2025-05-20,C0876,Jivin Loke,916613316202,chahaljayesh@gmail.com,P0476,Matter,Books,1,635.14,635.14
O00371,2025-05-20,C0876,Jivin Loke,916613316202,chahaljayesh@gmail.com,P0450,Make,Home,2,13343.15,26686.3
O00371,2025-05-20,C0876,Jivin Loke,916613316202,chahaljayesh@gmail.com,P0236,Situation,Books,1,7364.61,7364.61
O00371,2025-05-20,C0876,Jivin Loke,916613316202,chahaljayesh@gmail.com,P0423,New,Books,3,36902.07,110706.21
O00371,2025-05-20,C0876,Jivin Loke,916613316202,chahaljayesh@gmail.com,P0432,Employee,Electronics,3,21473.93,64421.79
O00372,2025-04-08,C0973,Ivan Gokhale,916479989842,shaangola@gmail.com,P0118,Support,Home,3,35996.16,107988.48
O00372,2025-04-08,C0973,Ivan Gokhale,916479989842,shaangola@gmail.com,P0132,Fear,Books,3,16953.1,50859.3
O00372,2025-04-08,C0973,Ivan Gokhale,916479989842,shaangola@gmail.com,P0412,High,Home,1,28978.96,28978.96
O00372,2025-04-08,C0973,Ivan Gokhale,916479989842,shaangola@gmail.com,P0180,Section,Electronics,2,15179.3,30358.6
O00373,2024-11-04,C0713,Zeeshan Kannan,918894776686,dugarkhushi@gmail.com,P0102,Forget,Books,2,41702.42,83404.84
O00373,2024-11-04,C0713,Zeeshan Kannan,918894776686,dugarkhushi@gmail.com,P0335,Plan,Fashion,3,27474.41,82423.23
O00373,2024-11-04,C0713,Zeeshan Kannan,918894776686,dugarkhushi@gmail.com,P0267,Activity,Books,1,37125.93,37125.93
O00373,2024-11-04,C0713,Zeeshan Kannan,918894776686,dugarkhushi@gmail.com,P0134,Against,Home,1,34667.28,34667.28
O00373,2024-11-04,C0713,Zeeshan Kannan,918894776686,dugarkhushi@gmail.com,P0487,Wind,Grocery,2,26054.97,52109.94
O00374,2024-10-05,C0510,Tara Ramanathan,919939834670,baiju81@gmail.com,P0293,Money,Grocery,1,486.78,486.78
O00375,2025-07-24,C0379,Aradhya Dara,916637310306,emir65@gmail.com,P0394,Strategy,Fashion,1,24240.67,24240.67
O00375,2025-07-24,C0379,Aradhya Dara,916637310306,emir65@gmail.com,P0160,Since,Toys,3,41383.45,124150.35
O00375,2025-07-24,C0379,Aradhya Dara,916637310306,emir65@gmail.com,P0359,Bill,Home,1,17296.21,17296.21
O00376,2025-02-08,C0556,Hridaan Ben,916205631323,eshani74@gmail.com,P0072,Half,Home,3,30586.09,91758.27
O00377,2024-11-13,C0791,Alia Lad,919479026561,chirag61@gmail.com,P0187,Many,Electronics,3,46075.75,138227.25
O00377,2024-11-13,C0791,Alia Lad,919479026561,chirag61@gmail.com,P0034,Begin,Home,3,23453.17,70359.51
O00377,2024-11-13,C0791,Alia Lad,919479026561,chirag61@gmail.com,P0366,Whether,Grocery,1,7198.86,7198.86
O00377,2024-11-13,C0791,Alia Lad,919479026561,chirag61@gmail.com,P0302,Example,Grocery,1,17949.9,17949.9
O00377,2024-11-13,C0791,Alia Lad,919479026561,chirag61@gmail.com,P0132,Fear,Books,3,16953.1,50859.3
O00378,2025-04-19,C0456,Ojas Dar,919063445336,vohrapari@gmail.com,P0164,Day,Electronics,1,9669.61,9669.61
O00379,2025-03-20,C0255,Yuvaan Kant,917194963712,raghavbarad@gmail.com,P0162,Population,Home,3,48541.96,145625.88
O00380,2025-04-19,C0350,Kabir Vohra,917516634548,kadegokul@gmail.com,P0494,Technology,Fashion,3,26389.15,79167.45
O00380,2025-04-19,C0350,Kabir Vohra,917516634548,kadegokul@gmail.com,P0209,Analysis,Books,1,25876.61,25876.61
O00380,2025-04-19,C0350,Kabir Vohra,917516634548,kadegokul@gmail.com,P0144,Career,Toys,3,19915.53,59746.59
O00381,2024-10-27,C0940,Alisha Tank,916323457818,nshere@gmail.com,P0040,Practice,Home,3,27945.65,83836.95
O00381,2024-10-27,C0940,Alisha Tank,916323457818,nshere@gmail.com,P0385,Southern,Fashion,1,5603.28,5603.28
O00382,2024-11-18,C0674,Sahil Ahluwalia,916383749653,anahi75@gmail.com,P0327,Mean,Electronics,2,45227.54,90455.08
O00383,2025-05-27,C0705,Anaya Gera,918210345113,bhayer@gmail.com,P0225,About,Toys,2,34961.77,69923.54
O00383,2025-05-27,C0705,Anaya Gera,918210345113,bhayer@gmail.com,P0441,Color,Toys,1,31441.06,31441.06
O00383,2025-05-27,C0705,Anaya Gera,918210345113,bhayer@gmail.com,P0299,Also,Grocery,2,41601.06,83202.12
O00384,2024-10-06,C0385,Rasha Bhat,916163682168,cheemaanvi@gmail.com,P0426,Machine,Toys,1,33161.16,33161.16
O00384,2024-10-06,C0385,Rasha Bhat,916163682168,cheemaanvi@gmail.com,P0274,Goal,Books,1,36502.79,36502.79
O00384,2024-10-06,C0385,Rasha Bhat,916163682168,cheemaanvi@gmail.com,P0127,Single,Books,3,43219.93,129659.79
O00385,2025-01-08,C0806,Neelofar Krishnan,919628292045,tushar26@gmail.com,P0051,Child,Home,1,907.17,907.17
O00386,2024-10-16,C0928,Ira Grover,917513852155,majumdarjiya@gmail.com,P0370,Stand,Books,2,47131.46,94262.92
O00386,2024-10-16,C0928,Ira Grover,917513852155,majumdarjiya@gmail.com,P0046,Around,Books,1,33731.27,33731.27
O00386,2024-10-16,C0928,Ira Grover,917513852155,majumdarjiya@gmail.com,P0241,Nation,Electronics,1,42008.14,42008.14
O00387,2025-05-13,C0575,Kimaya Yohannan,917363982681,raunakbobal@gmail.com,P0116,Mr,Fashion,3,7183.89,21551.67
O00387,2025-05-13,C0575,Kimaya Yohannan,917363982681,raunakbobal@gmail.com,P0120,Able,Books,1,37572.81,37572.81
O00388,2025-02-03,C0817,Nayantara Mand,917296041180,galariya@gmail.com,P0218,Key,Toys,3,25984.1,77952.3
O00389,2024-10-10,C0403,Diya Ratti,918120442383,krishnamurthyarmaan@gmail.com,P0110,May,Toys,1,41735.28,41735.28
O00389,2024-10-10,C0403,Diya Ratti,918120442383,krishnamurthyarmaan@gmail.com,P0356,Paper,Books,1,1746.39,1746.39
O00389,2024-10-10,C0403,Diya Ratti,918120442383,krishnamurthyarmaan@gmail.com,P0278,Tonight,Electronics,1,20228.38,20228.38
O00389,2024-10-10,C0403,Diya Ratti,918120442383,krishnamurthyarmaan@gmail.com,P0145,Once,Electronics,2,19289.24,38578.48
O00390,2025-05-26,C0390,Eva Mander,919886882972,taran33@gmail.com,P0310,Data,Toys,2,32555.16,65110.32
O00391,2025-06-24,C0689,Shlok Mall,918236730913,armaan76@gmail.com,P0328,Born,Home,2,7635.87,15271.74
O00391,2025-06-24,C0689,Shlok Mall,918236730913,armaan76@gmail.com,P0155,Live,Electronics,2,7171.57,14343.14
O00391,2025-06-24,C0689,Shlok Mall,918236730913,armaan76@gmail.com,P0400,However,Toys,2,24051.41,48102.82
O00391,2025-06-24,C0689,Shlok Mall,918236730913,armaan76@gmail.com,P0082,Nothing,Home,3,26893.32,80679.96
O00392,2024-09-23,C0382,Vritika Sachdev,919414100828,chandnakul@gmail.com,P0006,Worker,Grocery,3,22450.55,67351.65
O00392,2024-09-23,C0382,Vritika Sachdev,919414100828,chandnakul@gmail.com,P0424,Suffer,Home,2,13776.75,27553.5
O00392,2024-09-23,C0382,Vritika Sachdev,919414100828,chandnakul@gmail.com,P0203,Fund,Fashion,3,11474.77,34424.31
O00392,2024-09-23,C0382,Vritika Sachdev,919414100828,chandnakul@gmail.com,P0141,Arm,Toys,2,8803.86,17607.72
O00392,2024-09-23,C0382,Vritika Sachdev,919414100828,chandnakul@gmail.com,P0282,Long,Toys,1,38700.74,38700.74
O00393,2025-05-14,C0709,Vivaan Vasa,919307626047,sankarkaira@gmail.com,P0212,Expect,Grocery,2,24638.09,49276.18
O00393,2025-05-14,C0709,Vivaan Vasa,919307626047,sankarkaira@gmail.com,P0134,Against,Home,1,34667.28,34667.28
O00394,2025-01-26,C0504,Misha Contractor,916795774046,zeeshanvaidya@gmail.com,P0354,Among,Electronics,1,42154.64,42154.64
O00394,2025-01-26,C0504,Misha Contractor,916795774046,zeeshanvaidya@gmail.com,P0411,At,Electronics,3,19105.0,57315.0
O00395,2025-06-29,C0769,Damini Bail,918030028366,gvarty@gmail.com,P0093,Improve,Books,1,43974.96,43974.96
O00395,2025-06-29,C0769,Damini Bail,918030028366,gvarty@gmail.com,P0034,Begin,Home,2,23453.17,46906.34
O00395,2025-06-29,C0769,Damini Bail,918030028366,gvarty@gmail.com,P0244,Friend,Grocery,3,44739.64,134218.92
O00395,2025-06-29,C0769,Damini Bail,918030028366,gvarty@gmail.com,P0348,Expert,Home,2,19437.03,38874.06
O00396,2025-02-23,C0463,Yuvraj  Vaidya,918878197152,shamikchhabra@gmail.com,P0056,Home,Toys,3,710.67,2132.01
O00396,2025-02-23,C0463,Yuvraj  Vaidya,918878197152,shamikchhabra@gmail.com,P0067,Ten,Books,1,22515.47,22515.47
O00397,2024-11-25,C0493,Trisha Bhat,919213551161,inaaya-ben@gmail.com,P0348,Expert,Home,2,19437.03,38874.06
O00398,2025-02-25,C0884,Divyansh Ganguly,919884378277,kadetrisha@gmail.com,P0229,Goal,Electronics,1,18497.07,18497.07
O00398,2025-02-25,C0884,Divyansh Ganguly,919884378277,kadetrisha@gmail.com,P0140,State,Grocery,1,28789.71,28789.71
O00399,2025-07-22,C0295,Aaina Bhatia,919652315274,zoyahegde@gmail.com,P0033,Smile,Electronics,1,7304.63,7304.63
O00399,2025-07-22,C0295,Aaina Bhatia,919652315274,zoyahegde@gmail.com,P0067,Ten,Books,2,22515.47,45030.94
O00400,2025-09-01,C0811,Advik Cherian,916970552224,koshydivij@gmail.com,P0237,Increase,Grocery,3,12800.95,38402.85
O00400,2025-09-01,C0811,Advik Cherian,916970552224,koshydivij@gmail.com,P0273,Score,Grocery,3,36008.68,108026.04
O00400,2025-09-01,C0811,Advik Cherian,916970552224,koshydivij@gmail.com,P0129,Trip,Grocery,1,26497.65,26497.65
O00400,2025-09-01,C0811,Advik Cherian,916970552224,koshydivij@gmail.com,P0364,Owner,Home,2,28432.83,56865.66
O00401,2025-09-04,C0413,Zoya Kara,916177926628,salvifateh@gmail.com,P0143,Protect,Toys,1,38572.8,38572.8
O00401,2025-09-04,C0413,Zoya Kara,916177926628,salvifateh@gmail.com,P0373,Especially,Electronics,1,6461.93,6461.93
O00401,2025-09-04,C0413,Zoya Kara,916177926628,salvifateh@gmail.com,P0279,Kid,Fashion,3,22978.31,68934.93
O00401,2025-09-04,C0413,Zoya Kara,916177926628,salvifateh@gmail.com,P0228,World,Home,2,42687.6,85375.2
O00401,2025-09-04,C0413,Zoya Kara,916177926628,salvifateh@gmail.com,P0456,Social,Fashion,2,32028.66,64057.32
O00402,2025-03-10,C0906,Jhanvi Dixit,916637398730,ukade@gmail.com,P0324,Culture,Books,2,19384.0,38768.0
O00402,2025-03-10,C0906,Jhanvi Dixit,916637398730,ukade@gmail.com,P0010,Accept,Grocery,3,31464.13,94392.39
O00402,2025-03-10,C0906,Jhanvi Dixit,916637398730,ukade@gmail.com,P0239,Girl,Fashion,3,1403.24,4209.72
O00402,2025-03-10,C0906,Jhanvi Dixit,916637398730,ukade@gmail.com,P0088,Interesting,Books,2,23862.35,47724.7
O00402,2025-03-10,C0906,Jhanvi Dixit,916637398730,ukade@gmail.com,P0026,Mouth,Toys,3,13404.03,40212.09
O00403,2025-08-20,C0986,Raunak Borah,919493622587,grewalurvi@gmail.com,P0280,Stay,Grocery,3,33100.84,99302.52
O00403,2025-08-20,C0986,Raunak Borah,919493622587,grewalurvi@gmail.com,P0044,Age,Books,2,29870.75,59741.5
O00403,2025-08-20,C0986,Raunak Borah,919493622587,grewalurvi@gmail.com,P0385,Southern,Fashion,2,5603.28,11206.56
O00403,2025-08-20,C0986,Raunak Borah,919493622587,grewalurvi@gmail.com,P0285,Play,Fashion,1,49168.83,49168.83
O00403,2025-08-20,C0986,Raunak Borah,919493622587,grewalurvi@gmail.com,P0011,Task,Electronics,1,12639.93,12639.93
O00404,2025-05-15,C0094,Tushar Kata,918636049905,darshit93@gmail.com,P0441,Color,Toys,2,31441.06,62882.12
O00405,2025-04-01,C0490,Uthkarsh Kakar,916843325149,bathsana@gmail.com,P0431,Huge,Grocery,2,3972.53,7945.06
O00405,2025-04-01,C0490,Uthkarsh Kakar,916843325149,bathsana@gmail.com,P0160,Since,Toys,2,41383.45,82766.9
O00406,2024-09-11,C0989,Jivika Ramaswamy,916377336265,etrivedi@gmail.com,P0500,Sort,Books,3,30616.24,91848.72
O00407,2025-08-06,C0312,Shray Kota,918170501922,aainabansal@gmail.com,P0268,Very,Electronics,3,49631.1,148893.3
O00407,2025-08-06,C0312,Shray Kota,918170501922,aainabansal@gmail.com,P0230,Voice,Books,1,12941.39,12941.39
O00408,2025-07-05,C0502,Samiha Keer,917767857833,xjayaraman@gmail.com,P0115,Run,Fashion,2,44401.73,88803.46
O00408,2025-07-05,C0502,Samiha Keer,917767857833,xjayaraman@gmail.com,P0498,Alone,Grocery,3,23027.23,69081.69
O00408,2025-07-05,C0502,Samiha Keer,917767857833,xjayaraman@gmail.com,P0015,Create,Books,1,29120.31,29120.31
O00408,2025-07-05,C0502,Samiha Keer,917767857833,xjayaraman@gmail.com,P0062,Night,Toys,2,719.92,1439.84
O00408,2025-07-05,C0502,Samiha Keer,917767857833,xjayaraman@gmail.com,P0358,Method,Toys,1,20030.96,20030.96
O00409,2025-08-06,C0092,Divyansh Cherian,918255550051,mgoda@gmail.com,P0274,Goal,Books,1,36502.79,36502.79
O00409,2025-08-06,C0092,Divyansh Cherian,918255550051,mgoda@gmail.com,P0409,Ever,Fashion,3,48069.69,144209.07
O00409,2025-08-06,C0092,Divyansh Cherian,918255550051,mgoda@gmail.com,P0479,Popular,Electronics,1,20646.55,20646.55
O00410,2025-02-21,C0248,Aaryahi Bandi,917281348383,kumarneysa@gmail.com,P0205,Low,Books,2,3894.6,7789.2
O00410,2025-02-21,C0248,Aaryahi Bandi,917281348383,kumarneysa@gmail.com,P0126,Wonder,Toys,2,28749.51,57499.02
O00411,2025-06-23,C0210,Suhana Kurian,919824292982,behldishani@gmail.com,P0348,Expert,Home,2,19437.03,38874.06
O00411,2025-06-23,C0210,Suhana Kurian,919824292982,behldishani@gmail.com,P0089,Mission,Home,2,47776.2,95552.4
O00411,2025-06-23,C0210,Suhana Kurian,919824292982,behldishani@gmail.com,P0419,Quickly,Books,1,31729.12,31729.12
O00412,2025-02-01,C0177,Tarini Subramanian,917423037546,avarughese@gmail.com,P0019,Such,Fashion,1,14547.49,14547.49
O00412,2025-02-01,C0177,Tarini Subramanian,917423037546,avarughese@gmail.com,P0482,Prove,Fashion,3,36394.17,109182.51
O00413,2025-05-16,C0853,Vivaan Sanghvi,918544457042,lagan04@gmail.com,P0438,Build,Fashion,1,25867.34,25867.34
O00414,2024-09-30,C0080,Nayantara Ahluwalia,917353551245,yuvraj-20@gmail.com,P0187,Many,Electronics,2,46075.75,92151.5
O00414,2024-09-30,C0080,Nayantara Ahluwalia,917353551245,yuvraj-20@gmail.com,P0432,Employee,Electronics,1,21473.93,21473.93
O00414,2024-09-30,C0080,Nayantara Ahluwalia,917353551245,yuvraj-20@gmail.com,P0462,May,Electronics,1,34764.62,34764.62
O00415,2025-08-13,C0209,Hazel Sharaf,917806440070,aroratara@gmail.com,P0398,North,Home,3,42310.86,126932.58
O00416,2025-07-24,C0664,Navya Saraf,916419174593,purab02@gmail.com,P0057,Carry,Grocery,3,32036.35,96109.05
O00416,2025-07-24,C0664,Navya Saraf,916419174593,purab02@gmail.com,P0444,Bit,Grocery,1,6982.49,6982.49
O00416,2025-07-24,C0664,Navya Saraf,916419174593,purab02@gmail.com,P0155,Live,Electronics,3,7171.57,21514.71
O00416,2025-07-24,C0664,Navya Saraf,916419174593,purab02@gmail.com,P0129,Trip,Grocery,3,26497.65,79492.95
O00416,2025-07-24,C0664,Navya Saraf,916419174593,purab02@gmail.com,P0077,Walk,Books,3,31770.26,95310.78
O00417,2024-12-16,C0048,Ojas Krishnan,919455897444,ckulkarni@gmail.com,P0031,Strategy,Toys,1,3707.32,3707.32
O00417,2024-12-16,C0048,Ojas Krishnan,919455897444,ckulkarni@gmail.com,P0255,Born,Books,3,22491.06,67473.18
O00417,2024-12-16,C0048,Ojas Krishnan,919455897444,ckulkarni@gmail.com,P0108,Onto,Toys,1,30794.61,30794.61
O00417,2024-12-16,C0048,Ojas Krishnan,919455897444,ckulkarni@gmail.com,P0094,Foot,Electronics,2,39141.36,78282.72
O00418,2024-09-19,C0013,Aaryahi Luthra,918399396603,othakur@gmail.com,P0020,Part,Home,1,28373.35,28373.35
O00419,2024-09-09,C0246,Miraya Sengupta,917333307560,sanabanerjee@gmail.com,P0285,Play,Fashion,3,49168.83,147506.49
O00419,2024-09-09,C0246,Miraya Sengupta,917333307560,sanabanerjee@gmail.com,P0299,Also,Grocery,2,41601.06,83202.12
O00419,2024-09-09,C0246,Miraya Sengupta,917333307560,sanabanerjee@gmail.com,P0220,Car,Grocery,3,15563.77,46691.31
O00419,2024-09-09,C0246,Miraya Sengupta,917333307560,sanabanerjee@gmail.com,P0022,Husband,Electronics,2,33123.51,66247.02
O00420,2025-07-31,C0876,Jivin Loke,916613316202,chahaljayesh@gmail.com,P0166,Interesting,Grocery,3,4704.45,14113.35
O00420,2025-07-31,C0876,Jivin Loke,916613316202,chahaljayesh@gmail.com,P0345,Fund,Fashion,2,28257.12,56514.24
O00420,2025-07-31,C0876,Jivin Loke,916613316202,chahaljayesh@gmail.com,P0172,Suggest,Toys,3,37358.39,112075.17
O00420,2025-07-31,C0876,Jivin Loke,916613316202,chahaljayesh@gmail.com,P0409,Ever,Fashion,2,48069.69,96139.38
O00420,2025-07-31,C0876,Jivin Loke,916613316202,chahaljayesh@gmail.com,P0028,Doctor,Home,2,169.02,338.04
O00421,2025-01-02,C0731,Indrajit Krish,916560174198,nmangal@gmail.com,P0453,Official,Grocery,2,34440.96,68881.92
O00422,2024-11-27,C0645,Ira Rajagopal,916775948767,smahal@gmail.com,P0234,Pay,Fashion,2,31655.12,63310.24
O00422,2024-11-27,C0645,Ira Rajagopal,916775948767,smahal@gmail.com,P0130,Line,Home,3,27478.97,82436.91
O00422,2024-11-27,C0645,Ira Rajagopal,916775948767,smahal@gmail.com,P0359,Bill,Home,2,17296.21,34592.42
O00422,2024-11-27,C0645,Ira Rajagopal,916775948767,smahal@gmail.com,P0416,Hot,Fashion,3,2188.07,6564.21
O00423,2025-02-22,C0207,Diya Gaba,917630388905,tejasbumb@gmail.com,P0381,Avoid,Toys,1,20362.89,20362.89
O00423,2025-02-22,C0207,Diya Gaba,917630388905,tejasbumb@gmail.com,P0082,Nothing,Home,1,26893.32,26893.32
O00423,2025-02-22,C0207,Diya Gaba,917630388905,tejasbumb@gmail.com,P0304,Give,Grocery,2,4472.77,8945.54
O00423,2025-02-22,C0207,Diya Gaba,917630388905,tejasbumb@gmail.com,P0279,Kid,Fashion,2,22978.31,45956.62
O00423,2025-02-22,C0207,Diya Gaba,917630388905,tejasbumb@gmail.com,P0399,Edge,Grocery,2,8358.74,16717.48
O00424,2025-04-20,C0743,Diya Seshadri,919006717508,rasha96@gmail.com,P0104,Choice,Home,1,25936.71,25936.71
O00424,2025-04-20,C0743,Diya Seshadri,919006717508,rasha96@gmail.com,P0095,Four,Grocery,2,43421.39,86842.78
O00424,2025-04-20,C0743,Diya Seshadri,919006717508,rasha96@gmail.com,P0453,Official,Grocery,1,34440.96,34440.96
O00424,2025-04-20,C0743,Diya Seshadri,919006717508,rasha96@gmail.com,P0049,Education,Fashion,3,33685.14,101055.42
O00425,2025-05-17,C0990,Aniruddh Dave,918652344780,farhan76@gmail.com,P0490,They,Home,2,2217.14,4434.28
O00425,2025-05-17,C0990,Aniruddh Dave,918652344780,farhan76@gmail.com,P0323,By,Books,1,47004.89,47004.89
O00425,2025-05-17,C0990,Aniruddh Dave,918652344780,farhan76@gmail.com,P0065,Gun,Fashion,2,46224.7,92449.4
O00425,2025-05-17,C0990,Aniruddh Dave,918652344780,farhan76@gmail.com,P0061,Much,Books,1,42843.58,42843.58
O00426,2024-10-06,C0146,Alisha Bath,919106363657,shalvaurora@gmail.com,P0367,Throw,Toys,2,45671.59,91343.18
O00426,2024-10-06,C0146,Alisha Bath,919106363657,shalvaurora@gmail.com,P0426,Machine,Toys,1,33161.16,33161.16
O00426,2024-10-06,C0146,Alisha Bath,919106363657,shalvaurora@gmail.com,P0079,Hand,Books,2,2100.87,4201.74
O00426,2024-10-06,C0146,Alisha Bath,919106363657,shalvaurora@gmail.com,P0361,Upon,Electronics,2,22373.88,44747.76
O00426,2024-10-06,C0146,Alisha Bath,919106363657,shalvaurora@gmail.com,P0261,Movie,Toys,3,34647.61,103942.83
O00427,2025-01-10,C0921,Khushi Gill,918769712795,sumermagar@gmail.com,P0055,Off,Home,1,9847.69,9847.69
O00427,2025-01-10,C0921,Khushi Gill,918769712795,sumermagar@gmail.com,P0481,Test,Fashion,1,19065.63,19065.63
O00427,2025-01-10,C0921,Khushi Gill,918769712795,sumermagar@gmail.com,P0423,New,Books,2,36902.07,73804.14
O00428,2025-05-25,C0108,Vihaan Trivedi,917940507714,iseth@gmail.com,P0099,Machine,Grocery,1,5087.08,5087.08
O00428,2025-05-25,C0108,Vihaan Trivedi,917940507714,iseth@gmail.com,P0216,Smile,Books,3,5257.39,15772.17
O00428,2025-05-25,C0108,Vihaan Trivedi,917940507714,iseth@gmail.com,P0135,Plan,Fashion,3,27769.28,83307.84
O00429,2024-11-18,C0519,Mohanlal Datta,917451880433,sahil00@gmail.com,P0248,My,Grocery,2,37715.55,75431.1
O00429,2024-11-18,C0519,Mohanlal Datta,917451880433,sahil00@gmail.com,P0123,Real,Electronics,1,3842.47,3842.47
O00430,2025-04-12,C0411,Anika Kamdar,918035946340,elakshi59@gmail.com,P0255,Born,Books,1,22491.06,22491.06
O00430,2025-04-12,C0411,Anika Kamdar,918035946340,elakshi59@gmail.com,P0267,Activity,Books,3,37125.93,111377.79
O00430,2025-04-12,C0411,Anika Kamdar,918035946340,elakshi59@gmail.com,P0360,Per,Fashion,3,44753.22,134259.66
O00431,2025-03-08,C0237,Uthkarsh Chaudhari,918835857328,pbhalla@gmail.com,P0409,Ever,Fashion,3,48069.69,144209.07
O00431,2025-03-08,C0237,Uthkarsh Chaudhari,918835857328,pbhalla@gmail.com,P0186,Environment,Fashion,3,39743.81,119231.43
O00431,2025-03-08,C0237,Uthkarsh Chaudhari,918835857328,pbhalla@gmail.com,P0306,Wall,Home,2,44948.53,89897.06
O00431,2025-03-08,C0237,Uthkarsh Chaudhari,918835857328,pbhalla@gmail.com,P0430,Hot,Grocery,3,43351.68,130055.04
O00431,2025-03-08,C0237,Uthkarsh Chaudhari,918835857328,pbhalla@gmail.com,P0328,Born,Home,1,7635.87,7635.87
O00432,2025-06-13,C0461,Inaaya  Raj,916926195563,cchatterjee@gmail.com,P0067,Ten,Books,3,22515.47,67546.41
O00432,2025-06-13,C0461,Inaaya  Raj,916926195563,cchatterjee@gmail.com,P0472,Certainly,Grocery,1,43777.9,43777.9
O00432,2025-06-13,C0461,Inaaya  Raj,916926195563,cchatterjee@gmail.com,P0198,Buy,Grocery,2,4664.49,9328.98
O00433,2025-03-18,C0642,Ayesha Dora,917396778402,ksingh@gmail.com,P0033,Smile,Electronics,2,7304.63,14609.26
O00433,2025-03-18,C0642,Ayesha Dora,917396778402,ksingh@gmail.com,P0117,Radio,Toys,3,1792.39,5377.17
O00433,2025-03-18,C0642,Ayesha Dora,917396778402,ksingh@gmail.com,P0091,Land,Toys,1,19236.54,19236.54
O00433,2025-03-18,C0642,Ayesha Dora,917396778402,ksingh@gmail.com,P0473,Feeling,Fashion,3,6741.82,20225.46
O00433,2025-03-18,C0642,Ayesha Dora,917396778402,ksingh@gmail.com,P0338,Such,Books,1,38071.08,38071.08
O00434,2025-06-15,C0958,Tarini Ravi,918247771255,adira42@gmail.com,P0446,Personal,Home,1,42866.03,42866.03
O00434,2025-06-15,C0958,Tarini Ravi,918247771255,adira42@gmail.com,P0045,Term,Electronics,2,27614.52,55229.04
O00434,2025-06-15,C0958,Tarini Ravi,918247771255,adira42@gmail.com,P0472,Certainly,Grocery,2,43777.9,87555.8
O00435,2025-01-02,C0789,Keya Wable,916667768255,wbal@gmail.com,P0229,Goal,Electronics,2,18497.07,36994.14
O00436,2025-07-05,C0761,Jayesh Sarkar,919043287491,ganeshbhamini@gmail.com,P0028,Doctor,Home,3,169.02,507.06
O00436,2025-07-05,C0761,Jayesh Sarkar,919043287491,ganeshbhamini@gmail.com,P0001,Evening,Toys,3,45810.78,137432.34
O00437,2025-07-30,C0098,Priyansh Dutt,919462330079,bdass@gmail.com,P0214,Measure,Grocery,3,30393.59,91180.77
O00437,2025-07-30,C0098,Priyansh Dutt,919462330079,bdass@gmail.com,P0207,Hope,Books,3,31811.6,95434.8
O00438,2025-05-04,C0181,Keya Sridhar,918761441908,singhalnishith@gmail.com,P0048,Probably,Toys,3,15969.26,47907.78
O00438,2025-05-04,C0181,Keya Sridhar,918761441908,singhalnishith@gmail.com,P0419,Quickly,Books,1,31729.12,31729.12
O00439,2025-03-11,C0391,Ivan Chacko,916865387296,buchnishith@gmail.com,P0210,Serious,Grocery,2,35406.15,70812.3
O00439,2025-03-11,C0391,Ivan Chacko,916865387296,buchnishith@gmail.com,P0451,How,Electronics,1,32544.56,32544.56
O00439,2025-03-11,C0391,Ivan Chacko,916865387296,buchnishith@gmail.com,P0269,Speech,Books,3,34902.62,104707.86
O00439,2025-03-11,C0391,Ivan Chacko,916865387296,buchnishith@gmail.com,P0189,Take,Books,3,21117.14,63351.42
O00440,2024-12-12,C0496,Alia Bora,918250887874,sinhasuhana@gmail.com,P0372,Prevent,Books,1,13248.28,13248.28
O00440,2024-12-12,C0496,Alia Bora,918250887874,sinhasuhana@gmail.com,P0461,Five,Grocery,2,16984.87,33969.74
O00440,2024-12-12,C0496,Alia Bora,918250887874,sinhasuhana@gmail.com,P0018,Watch,Fashion,3,38945.67,116837.01
O00440,2024-12-12,C0496,Alia Bora,918250887874,sinhasuhana@gmail.com,P0070,Figure,Toys,2,15626.72,31253.44
O00441,2025-07-21,C0430,Miraya Bahl,917063753229,kanavsharaf@gmail.com,P0099,Machine,Grocery,2,5087.08,10174.16
O00442,2025-07-26,C0134,Dhanush Bhalla,919123990623,adahsekhon@gmail.com,P0048,Probably,Toys,3,15969.26,47907.78
O00442,2025-07-26,C0134,Dhanush Bhalla,919123990623,adahsekhon@gmail.com,P0028,Doctor,Home,1,169.02,169.02
O00443,2025-03-05,C0820,Madhav Ramanathan,917601620947,fvarma@gmail.com,P0466,Know,Home,2,32070.74,64141.48
O00443,2025-03-05,C0820,Madhav Ramanathan,917601620947,fvarma@gmail.com,P0383,Writer,Books,2,39853.45,79706.9
O00443,2025-03-05,C0820,Madhav Ramanathan,917601620947,fvarma@gmail.com,P0153,Dark,Electronics,2,47262.3,94524.6
O00443,2025-03-05,C0820,Madhav Ramanathan,917601620947,fvarma@gmail.com,P0494,Technology,Fashion,1,26389.15,26389.15
O00444,2024-11-14,C0293,Onkar Sha,916507982670,csane@gmail.com,P0368,Theory,Books,2,28749.17,57498.34
O00444,2024-11-14,C0293,Onkar Sha,916507982670,csane@gmail.com,P0080,Accept,Books,2,22114.75,44229.5
O00444,2024-11-14,C0293,Onkar Sha,916507982670,csane@gmail.com,P0123,Real,Electronics,3,3842.47,11527.41
O00444,2024-11-14,C0293,Onkar Sha,916507982670,csane@gmail.com,P0496,Although,Grocery,1,6446.33,6446.33
O00445,2025-05-17,C0118,Elakshi Aggarwal,916647572711,tara27@gmail.com,P0151,Artist,Home,3,33499.86,100499.58
O00445,2025-05-17,C0118,Elakshi Aggarwal,916647572711,tara27@gmail.com,P0438,Build,Fashion,2,25867.34,51734.68
O00445,2025-05-17,C0118,Elakshi Aggarwal,916647572711,tara27@gmail.com,P0258,Member,Grocery,1,48965.17,48965.17
O00446,2025-05-28,C0269,Eshani Ratti,918857474206,ykant@gmail.com,P0486,Garden,Fashion,1,3392.63,3392.63
O00446,2025-05-28,C0269,Eshani Ratti,918857474206,ykant@gmail.com,P0431,Huge,Grocery,3,3972.53,11917.59
O00447,2024-12-02,C0763,Yasmin Koshy,917314648554,zain40@gmail.com,P0261,Movie,Toys,3,34647.61,103942.83
O00447,2024-12-02,C0763,Yasmin Koshy,917314648554,zain40@gmail.com,P0253,Himself,Toys,3,28859.07,86577.21
O00447,2024-12-02,C0763,Yasmin Koshy,917314648554,zain40@gmail.com,P0293,Money,Grocery,2,486.78,973.56
O00448,2024-10-01,C0396,Samiha Magar,916967364919,farhan72@gmail.com,P0037,Hundred,Books,3,36049.73,108149.19
O00448,2024-10-01,C0396,Samiha Magar,916967364919,farhan72@gmail.com,P0360,Per,Fashion,2,44753.22,89506.44
O00449,2025-04-14,C0567,Jhanvi Bhandari,919207794703,syogi@gmail.com,P0377,Old,Grocery,3,15509.49,46528.47
O00449,2025-04-14,C0567,Jhanvi Bhandari,919207794703,syogi@gmail.com,P0087,Hotel,Fashion,1,2608.49,2608.49
O00449,2025-04-14,C0567,Jhanvi Bhandari,919207794703,syogi@gmail.com,P0228,World,Home,3,42687.6,128062.8
O00450,2024-11-08,C0138,Lakshay Batra,919110496988,rajagopalanadvik@gmail.com,P0425,Born,Home,1,23771.25,23771.25
O00450,2024-11-08,C0138,Lakshay Batra,919110496988,rajagopalanadvik@gmail.com,P0431,Huge,Grocery,3,3972.53,11917.59
O00450,2024-11-08,C0138,Lakshay Batra,919110496988,rajagopalanadvik@gmail.com,P0358,Method,Toys,2,20030.96,40061.92
O00450,2024-11-08,C0138,Lakshay Batra,919110496988,rajagopalanadvik@gmail.com,P0333,Type,Grocery,2,5203.19,10406.38
O00450,2024-11-08,C0138,Lakshay Batra,919110496988,rajagopalanadvik@gmail.com,P0462,May,Electronics,3,34764.62,104293.86
O00451,2025-08-03,C0137,Pari Bassi,919060784678,azad17@gmail.com,P0170,She,Books,1,26961.11,26961.11
O00451,2025-08-03,C0137,Pari Bassi,919060784678,azad17@gmail.com,P0230,Voice,Books,1,12941.39,12941.39
O00451,2025-08-03,C0137,Pari Bassi,919060784678,azad17@gmail.com,P0354,Among,Electronics,3,42154.64,126463.92
O00452,2025-07-22,C0411,Anika Kamdar,918035946340,elakshi59@gmail.com,P0071,Next,Toys,2,31890.26,63780.52
O00452,2025-07-22,C0411,Anika Kamdar,918035946340,elakshi59@gmail.com,P0417,Here,Electronics,3,48161.82,144485.46
O00452,2025-07-22,C0411,Anika Kamdar,918035946340,elakshi59@gmail.com,P0343,Our,Electronics,1,36254.41,36254.41
O00453,2024-10-13,C0458,Anya Bala,919350960323,duttdamini@gmail.com,P0280,Stay,Grocery,3,33100.84,99302.52
O00453,2024-10-13,C0458,Anya Bala,919350960323,duttdamini@gmail.com,P0338,Such,Books,2,38071.08,76142.16
O00453,2024-10-13,C0458,Anya Bala,919350960323,duttdamini@gmail.com,P0234,Pay,Fashion,1,31655.12,31655.12
O00453,2024-10-13,C0458,Anya Bala,919350960323,duttdamini@gmail.com,P0070,Figure,Toys,3,15626.72,46880.16
O00454,2025-09-01,C0155,Fateh Sur,917259071640,veer01@gmail.com,P0476,Matter,Books,1,635.14,635.14
O00454,2025-09-01,C0155,Fateh Sur,917259071640,veer01@gmail.com,P0174,Career,Grocery,2,33061.41,66122.82
O00454,2025-09-01,C0155,Fateh Sur,917259071640,veer01@gmail.com,P0247,Difficult,Books,1,41823.06,41823.06
O00455,2024-11-15,C0059,Jivin Madan,919478153778,ubuch@gmail.com,P0254,Main,Books,3,31781.67,95345.01
O00456,2025-05-07,C0725,Nitara Raj,917085891988,gulatinehmat@gmail.com,P0318,Partner,Home,2,15284.42,30568.84
O00456,2025-05-07,C0725,Nitara Raj,917085891988,gulatinehmat@gmail.com,P0355,Put,Electronics,2,48668.56,97337.12
O00456,2025-05-07,C0725,Nitara Raj,917085891988,gulatinehmat@gmail.com,P0183,Shake,Electronics,3,13105.89,39317.67
O00456,2025-05-07,C0725,Nitara Raj,917085891988,gulatinehmat@gmail.com,P0049,Education,Fashion,2,33685.14,67370.28
O00456,2025-05-07,C0725,Nitara Raj,917085891988,gulatinehmat@gmail.com,P0102,Forget,Books,1,41702.42,41702.42
O00457,2025-08-20,C0225,Heer Ramesh,919419857399,dishanichowdhury@gmail.com,P0258,Member,Grocery,2,48965.17,97930.34
O00457,2025-08-20,C0225,Heer Ramesh,919419857399,dishanichowdhury@gmail.com,P0264,Conference,Home,2,40033.67,80067.34
O00457,2025-08-20,C0225,Heer Ramesh,919419857399,dishanichowdhury@gmail.com,P0384,Market,Grocery,2,30276.68,60553.36
O00457,2025-08-20,C0225,Heer Ramesh,919419857399,dishanichowdhury@gmail.com,P0265,Write,Grocery,3,30863.16,92589.48
O00457,2025-08-20,C0225,Heer Ramesh,919419857399,dishanichowdhury@gmail.com,P0204,Grow,Home,1,36853.4,36853.4
O00458,2025-03-19,C0697,Anahi Chowdhury,918161306759,tdani@gmail.com,P0287,Environment,Books,1,28596.46,28596.46
O00459,2024-10-14,C0871,Navya Ganguly,919624238524,daminiarya@gmail.com,P0170,She,Books,1,26961.11,26961.11
O00459,2024-10-14,C0871,Navya Ganguly,919624238524,daminiarya@gmail.com,P0156,Stage,Books,2,37082.36,74164.72
O00459,2024-10-14,C0871,Navya Ganguly,919624238524,daminiarya@gmail.com,P0295,Goal,Electronics,2,197.81,395.62
O00459,2024-10-14,C0871,Navya Ganguly,919624238524,daminiarya@gmail.com,P0227,Behavior,Electronics,2,36013.96,72027.92
O00459,2024-10-14,C0871,Navya Ganguly,919624238524,daminiarya@gmail.com,P0313,Condition,Toys,3,36907.6,110722.8
O00460,2024-11-10,C0150,Shanaya Solanki,918940512352,mannat35@gmail.com,P0276,All,Books,1,17066.13,17066.13
O00461,2025-01-14,C0014,Arhaan Bora,919389198464,indrajitchandran@gmail.com,P0420,Detail,Fashion,2,1072.49,2144.98
O00461,2025-01-14,C0014,Arhaan Bora,919389198464,indrajitchandran@gmail.com,P0446,Personal,Home,1,42866.03,42866.03
O00461,2025-01-14,C0014,Arhaan Bora,919389198464,indrajitchandran@gmail.com,P0479,Popular,Electronics,3,20646.55,61939.65
O00461,2025-01-14,C0014,Arhaan Bora,919389198464,indrajitchandran@gmail.com,P0212,Expect,Grocery,1,24638.09,24638.09
O00461,2025-01-14,C0014,Arhaan Bora,919389198464,indrajitchandran@gmail.com,P0208,Wide,Books,3,45993.95,137981.85
O00462,2025-07-18,C0350,Kabir Vohra,917516634548,kadegokul@gmail.com,P0179,Change,Fashion,1,15898.63,15898.63
O00463,2024-12-29,C0400,Tara Balan,918183147346,ehsaan92@gmail.com,P0114,Office,Toys,3,11898.15,35694.45
O00463,2024-12-29,C0400,Tara Balan,918183147346,ehsaan92@gmail.com,P0430,Hot,Grocery,3,43351.68,130055.04
O00463,2024-12-29,C0400,Tara Balan,918183147346,ehsaan92@gmail.com,P0239,Girl,Fashion,2,1403.24,2806.48
O00463,2024-12-29,C0400,Tara Balan,918183147346,ehsaan92@gmail.com,P0181,Store,Electronics,2,7171.29,14342.58
O00464,2025-04-23,C0821,Vanya Chauhan,916601319078,shaan84@gmail.com,P0071,Next,Toys,2,31890.26,63780.52
O00465,2024-11-01,C0212,Gokul Madan,918209607064,biju19@gmail.com,P0119,Capital,Toys,1,23790.55,23790.55
O00465,2024-11-01,C0212,Gokul Madan,918209607064,biju19@gmail.com,P0308,Somebody,Grocery,3,7191.81,21575.43
O00466,2025-01-05,C0745,Vivaan Majumdar,918180795324,romilzachariah@gmail.com,P0375,Much,Electronics,2,11084.88,22169.76
O00466,2025-01-05,C0745,Vivaan Majumdar,918180795324,romilzachariah@gmail.com,P0050,Relationship,Books,2,48838.18,97676.36
O00466,2025-01-05,C0745,Vivaan Majumdar,918180795324,romilzachariah@gmail.com,P0184,Service,Grocery,1,40592.32,40592.32
O00466,2025-01-05,C0745,Vivaan Majumdar,918180795324,romilzachariah@gmail.com,P0110,May,Toys,3,41735.28,125205.84
O00466,2025-01-05,C0745,Vivaan Majumdar,918180795324,romilzachariah@gmail.com,P0314,Stuff,Electronics,1,23667.18,23667.18
O00467,2025-04-07,C0376,Ira Shukla,917471114095,cwable@gmail.com,P0114,Office,Toys,1,11898.15,11898.15
O00467,2025-04-07,C0376,Ira Shukla,917471114095,cwable@gmail.com,P0290,Test,Fashion,1,26416.08,26416.08
O00467,2025-04-07,C0376,Ira Shukla,917471114095,cwable@gmail.com,P0401,Reveal,Fashion,2,4209.04,8418.08
O00467,2025-04-07,C0376,Ira Shukla,917471114095,cwable@gmail.com,P0322,Plant,Fashion,2,37337.54,74675.08
O00467,2025-04-07,C0376,Ira Shukla,917471114095,cwable@gmail.com,P0005,Third,Electronics,3,17555.54,52666.62
O00468,2025-08-08,C0534,Gokul Ben,916054973375,jayeshwable@gmail.com,P0314,Stuff,Electronics,2,23667.18,47334.36
O00469,2024-12-18,C0640,Gokul Ratta,916918104039,riaandin@gmail.com,P0155,Live,Electronics,3,7171.57,21514.71
O00469,2024-12-18,C0640,Gokul Ratta,916918104039,riaandin@gmail.com,P0272,Maybe,Toys,3,47951.54,143854.62
O00469,2024-12-18,C0640,Gokul Ratta,916918104039,riaandin@gmail.com,P0129,Trip,Grocery,1,26497.65,26497.65
O00469,2024-12-18,C0640,Gokul Ratta,916918104039,riaandin@gmail.com,P0399,Edge,Grocery,1,8358.74,8358.74
O00469,2024-12-18,C0640,Gokul Ratta,916918104039,riaandin@gmail.com,P0306,Wall,Home,1,44948.53,44948.53
O00470,2025-01-26,C0978,Keya Sachdeva,919539394547,dyaltaimur@gmail.com,P0278,Tonight,Electronics,2,20228.38,40456.76
O00471,2025-07-04,C0696,Nayantara Sheth,919367087848,zgrewal@gmail.com,P0043,Case,Fashion,3,31823.55,95470.65
O00471,2025-07-04,C0696,Nayantara Sheth,919367087848,zgrewal@gmail.com,P0065,Gun,Fashion,1,46224.7,46224.7
O00471,2025-07-04,C0696,Nayantara Sheth,919367087848,zgrewal@gmail.com,P0273,Score,Grocery,3,36008.68,108026.04
O00472,2024-10-25,C0425,Tanya Rajagopal,919833496956,kuruvillaayesha@gmail.com,P0019,Such,Fashion,1,14547.49,14547.49
O00473,2024-10-11,C0748,Indrans Kumer,916877139402,kantabram@gmail.com,P0483,Work,Toys,2,8375.29,16750.58
O00473,2024-10-11,C0748,Indrans Kumer,916877139402,kantabram@gmail.com,P0353,Evidence,Books,2,12904.16,25808.32
O00473,2024-10-11,C0748,Indrans Kumer,916877139402,kantabram@gmail.com,P0173,Fine,Fashion,1,36346.52,36346.52
O00473,2024-10-11,C0748,Indrans Kumer,916877139402,kantabram@gmail.com,P0291,Church,Home,2,38797.98,77595.96
O00473,2024-10-11,C0748,Indrans Kumer,916877139402,kantabram@gmail.com,P0486,Garden,Fashion,3,3392.63,10177.89
O00474,2025-04-21,C0238,Indrans Chad,916116433632,kulkarnifarhan@gmail.com,P0435,Leader,Home,3,47966.92,143900.76
O00474,2025-04-21,C0238,Indrans Chad,916116433632,kulkarnifarhan@gmail.com,P0132,Fear,Books,1,16953.1,16953.1
O00474,2025-04-21,C0238,Indrans Chad,916116433632,kulkarnifarhan@gmail.com,P0219,Degree,Books,2,4353.93,8707.86
O00474,2025-04-21,C0238,Indrans Chad,916116433632,kulkarnifarhan@gmail.com,P0112,So,Fashion,3,7126.45,21379.35
O00474,2025-04-21,C0238,Indrans Chad,916116433632,kulkarnifarhan@gmail.com,P0202,Least,Grocery,1,30815.56,30815.56
O00475,2024-12-26,C0156,Kimaya Varkey,916937650503,jayan78@gmail.com,P0186,Environment,Fashion,1,39743.81,39743.81
O00476,2024-11-30,C0994,Anika Rama,918143853587,hrishita51@gmail.com,P0147,Finish,Grocery,2,3515.25,7030.5
O00476,2024-11-30,C0994,Anika Rama,918143853587,hrishita51@gmail.com,P0291,Church,Home,1,38797.98,38797.98
O00477,2025-03-25,C0005,Uthkarsh Toor,919604056464,rasha82@gmail.com,P0131,Quite,Fashion,2,25134.94,50269.88
O00477,2025-03-25,C0005,Uthkarsh Toor,919604056464,rasha82@gmail.com,P0238,Fear,Home,3,6342.47,19027.41
O00477,2025-03-25,C0005,Uthkarsh Toor,919604056464,rasha82@gmail.com,P0489,Treat,Home,3,30157.74,90473.22
O00477,2025-03-25,C0005,Uthkarsh Toor,919604056464,rasha82@gmail.com,P0219,Degree,Books,3,4353.93,13061.79
O00477,2025-03-25,C0005,Uthkarsh Toor,919604056464,rasha82@gmail.com,P0366,Whether,Grocery,1,7198.86,7198.86
O00478,2024-09-17,C0587,Yashvi Kala,917776059526,anay73@gmail.com,P0104,Choice,Home,1,25936.71,25936.71
O00479,2025-01-18,C0119,Tara Bava,919675887009,parinaaz84@gmail.com,P0471,Far,Toys,1,4287.8,4287.8
O00479,2025-01-18,C0119,Tara Bava,919675887009,parinaaz84@gmail.com,P0446,Personal,Home,3,42866.03,128598.09
O00480,2025-07-03,C0189,Aniruddh Lad,917888338028,baradriya@gmail.com,P0382,Member,Books,1,10297.15,10297.15
O00480,2025-07-03,C0189,Aniruddh Lad,917888338028,baradriya@gmail.com,P0284,Draw,Books,3,9525.56,28576.68
O00481,2024-10-17,C0268,Prerak Hari,916377706330,hiranacharya@gmail.com,P0464,National,Toys,2,39575.17,79150.34
O00481,2024-10-17,C0268,Prerak Hari,916377706330,hiranacharya@gmail.com,P0440,Alone,Grocery,1,27504.54,27504.54
O00481,2024-10-17,C0268,Prerak Hari,916377706330,hiranacharya@gmail.com,P0317,Less,Fashion,3,48728.05,146184.15
O00482,2024-09-09,C0375,Navya Borah,919670094158,blata@gmail.com,P0402,Difference,Fashion,2,5152.16,10304.32
O00482,2024-09-09,C0375,Navya Borah,919670094158,blata@gmail.com,P0040,Practice,Home,2,27945.65,55891.3
O00483,2025-07-21,C0494,Reyansh Bhakta,916087986654,tarini62@gmail.com,P0488,Staff,Electronics,3,19763.51,59290.53
O00484,2025-05-14,C0820,Madhav Ramanathan,917601620947,fvarma@gmail.com,P0113,Near,Toys,2,7688.42,15376.84
O00484,2025-05-14,C0820,Madhav Ramanathan,917601620947,fvarma@gmail.com,P0164,Day,Electronics,1,9669.61,9669.61
O00484,2025-05-14,C0820,Madhav Ramanathan,917601620947,fvarma@gmail.com,P0449,Start,Books,1,31877.19,31877.19
O00484,2025-05-14,C0820,Madhav Ramanathan,917601620947,fvarma@gmail.com,P0366,Whether,Grocery,1,7198.86,7198.86
O00485,2025-01-13,C0563,Khushi Lall,918312846764,johalraunak@gmail.com,P0423,New,Books,3,36902.07,110706.21
O00485,2025-01-13,C0563,Khushi Lall,918312846764,johalraunak@gmail.com,P0127,Single,Books,2,43219.93,86439.86
O00486,2025-06-30,C0424,Prerak Toor,918611083537,indrans50@gmail.com,P0180,Section,Electronics,3,15179.3,45537.9
O00486,2025-06-30,C0424,Prerak Toor,918611083537,indrans50@gmail.com,P0036,Consumer,Books,1,24513.98,24513.98
O00486,2025-06-30,C0424,Prerak Toor,918611083537,indrans50@gmail.com,P0090,Create,Electronics,2,4541.22,9082.44
O00486,2025-06-30,C0424,Prerak Toor,918611083537,indrans50@gmail.com,P0382,Member,Books,1,10297.15,10297.15
O00486,2025-06-30,C0424,Prerak Toor,918611083537,indrans50@gmail.com,P0034,Begin,Home,3,23453.17,70359.51
O00487,2025-06-03,C0452,Navya Sidhu,918682103263,raghav31@gmail.com,P0275,Growth,Fashion,3,40260.94,120782.82
O00487,2025-06-03,C0452,Navya Sidhu,918682103263,raghav31@gmail.com,P0074,Read,Home,3,31600.59,94801.77
O00488,2025-08-16,C0530,Ranbir Varma,916187157518,lakshit08@gmail.com,P0372,Prevent,Books,3,13248.28,39744.84
O00488,2025-08-16,C0530,Ranbir Varma,916187157518,lakshit08@gmail.com,P0420,Detail,Fashion,1,1072.49,1072.49
O00489,2025-08-14,C0495,Yasmin Khosla,919424493717,irade@gmail.com,P0387,Take,Electronics,3,37111.49,111334.47
O00489,2025-08-14,C0495,Yasmin Khosla,919424493717,irade@gmail.com,P0200,But,Home,1,13941.44,13941.44
O00489,2025-08-14,C0495,Yasmin Khosla,919424493717,irade@gmail.com,P0164,Day,Electronics,3,9669.61,29008.83
O00489,2025-08-14,C0495,Yasmin Khosla,919424493717,irade@gmail.com,P0211,Run,Home,3,42595.97,127787.91
O00490,2025-06-12,C0379,Aradhya Dara,916637310306,emir65@gmail.com,P0254,Main,Books,2,31781.67,63563.34
O00490,2025-06-12,C0379,Aradhya Dara,916637310306,emir65@gmail.com,P0244,Friend,Grocery,1,44739.64,44739.64
O00490,2025-06-12,C0379,Aradhya Dara,916637310306,emir65@gmail.com,P0437,Card,Fashion,3,16672.54,50017.62
O00490,2025-06-12,C0379,Aradhya Dara,916637310306,emir65@gmail.com,P0367,Throw,Toys,3,45671.59,137014.77
O00490,2025-06-12,C0379,Aradhya Dara,916637310306,emir65@gmail.com,P0225,About,Toys,1,34961.77,34961.77
O00491,2025-04-08,C0971,Mamooty Gade,917637545829,skata@gmail.com,P0478,Pretty,Toys,2,45214.46,90428.92
O00491,2025-04-08,C0971,Mamooty Gade,917637545829,skata@gmail.com,P0315,Pm,Home,2,6451.23,12902.46
O00491,2025-04-08,C0971,Mamooty Gade,917637545829,skata@gmail.com,P0026,Mouth,Toys,3,13404.03,40212.09
O00491,2025-04-08,C0971,Mamooty Gade,917637545829,skata@gmail.com,P0221,The,Home,1,25026.69,25026.69
O00491,2025-04-08,C0971,Mamooty Gade,917637545829,skata@gmail.com,P0416,Hot,Fashion,3,2188.07,6564.21
O00492,2025-06-03,C0578,Hrishita Kakar,919856220294,kaulinaaya@gmail.com,P0028,Doctor,Home,2,169.02,338.04
O00492,2025-06-03,C0578,Hrishita Kakar,919856220294,kaulinaaya@gmail.com,P0319,Friend,Electronics,3,17520.15,52560.45
O00492,2025-06-03,C0578,Hrishita Kakar,919856220294,kaulinaaya@gmail.com,P0183,Shake,Electronics,3,13105.89,39317.67
O00492,2025-06-03,C0578,Hrishita Kakar,919856220294,kaulinaaya@gmail.com,P0203,Fund,Fashion,3,11474.77,34424.31
O00493,2025-04-25,C0700,Nirvi Borde,916227209373,kbath@gmail.com,P0054,Knowledge,Grocery,3,49403.07,148209.21
O00493,2025-04-25,C0700,Nirvi Borde,916227209373,kbath@gmail.com,P0386,Thus,Toys,1,26873.03,26873.03
O00494,2025-08-29,C0227,Yuvaan Chanda,918684674685,pranaykari@gmail.com,P0001,Evening,Toys,3,45810.78,137432.34
O00494,2025-08-29,C0227,Yuvaan Chanda,918684674685,pranaykari@gmail.com,P0495,Half,Grocery,3,17681.55,53044.65
O00494,2025-08-29,C0227,Yuvaan Chanda,918684674685,pranaykari@gmail.com,P0332,Defense,Electronics,1,47413.18,47413.18
O00494,2025-08-29,C0227,Yuvaan Chanda,918684674685,pranaykari@gmail.com,P0123,Real,Electronics,2,3842.47,7684.94
O00494,2025-08-29,C0227,Yuvaan Chanda,918684674685,pranaykari@gmail.com,P0265,Write,Grocery,1,30863.16,30863.16
O00495,2024-11-13,C0443,Shray Halder,919904385071,himmathora@gmail.com,P0420,Detail,Fashion,1,1072.49,1072.49
O00495,2024-11-13,C0443,Shray Halder,919904385071,himmathora@gmail.com,P0098,Single,Fashion,1,30136.38,30136.38
O00495,2024-11-13,C0443,Shray Halder,919904385071,himmathora@gmail.com,P0314,Stuff,Electronics,1,23667.18,23667.18
O00495,2024-11-13,C0443,Shray Halder,919904385071,himmathora@gmail.com,P0029,Technology,Grocery,2,1746.82,3493.64
O00496,2024-12-26,C0303,Pari Grewal,917083524554,dkanda@gmail.com,P0167,Growth,Fashion,2,9807.77,19615.54
O00497,2025-07-13,C0121,Pari Sood,919069736068,kimayagera@gmail.com,P0034,Begin,Home,2,23453.17,46906.34
O00498,2025-04-13,C0057,Oorja Buch,918297950875,manjarishanker@gmail.com,P0268,Very,Electronics,2,49631.1,99262.2
O00498,2025-04-13,C0057,Oorja Buch,918297950875,manjarishanker@gmail.com,P0084,Entire,Fashion,2,24969.67,49939.34
O00498,2025-04-13,C0057,Oorja Buch,918297950875,manjarishanker@gmail.com,P0461,Five,Grocery,2,16984.87,33969.74
O00498,2025-04-13,C0057,Oorja Buch,918297950875,manjarishanker@gmail.com,P0378,Share,Books,1,44960.42,44960.42
O00498,2025-04-13,C0057,Oorja Buch,918297950875,manjarishanker@gmail.com,P0049,Education,Fashion,2,33685.14,67370.28
O00499,2025-08-30,C0699,Badal Desai,919819566010,hunar62@gmail.com,P0325,Sell,Home,2,8305.03,16610.06
O00499,2025-08-30,C0699,Badal Desai,919819566010,hunar62@gmail.com,P0268,Very,Electronics,3,49631.1,148893.3
O00499,2025-08-30,C0699,Badal Desai,919819566010,hunar62@gmail.com,P0200,But,Home,3,13941.44,41824.32
O00499,2025-08-30,C0699,Badal Desai,919819566010,hunar62@gmail.com,P0085,Worker,Books,3,33183.28,99549.84
O00499,2025-08-30,C0699,Badal Desai,919819566010,hunar62@gmail.com,P0426,Machine,Toys,3,33161.16,99483.48
O00500,2025-03-25,C0589,Ivana Tripathi,917033943177,jayanbahri@gmail.com,P0003,Cell,Electronics,1,48147.23,48147.23
O00500,2025-03-25,C0589,Ivana Tripathi,917033943177,jayanbahri@gmail.com,P0025,Ground,Electronics,2,32682.8,65365.6
O00500,2025-03-25,C0589,Ivana Tripathi,917033943177,jayanbahri@gmail.com,P0334,Let,Fashion,3,11112.43,33337.29
O00500,2025-03-25,C0589,Ivana Tripathi,917033943177,jayanbahri@gmail.com,P0318,Partner,Home,3,15284.42,45853.26
O00500,2025-03-25,C0589,Ivana Tripathi,917033943177,jayanbahri@gmail.com,P0426,Machine,Toys,3,33161.16,99483.48
O00501,2025-07-28,C0868,Tiya Ray,919222267284,devansh97@gmail.com,P0181,Store,Electronics,3,7171.29,21513.87
O00502,2025-01-11,C0506,Anahita Lata,916859190773,azadde@gmail.com,P0013,Give,Electronics,1,2877.19,2877.19
O00503,2025-05-05,C0434,Lakshit Chopra,916051681454,kumardiya@gmail.com,P0339,Teach,Electronics,1,15732.96,15732.96
O00503,2025-05-05,C0434,Lakshit Chopra,916051681454,kumardiya@gmail.com,P0445,Debate,Electronics,1,39696.35,39696.35
O00503,2025-05-05,C0434,Lakshit Chopra,916051681454,kumardiya@gmail.com,P0113,Near,Toys,3,7688.42,23065.26
O00503,2025-05-05,C0434,Lakshit Chopra,916051681454,kumardiya@gmail.com,P0032,Language,Fashion,3,22132.39,66397.17
O00504,2024-09-10,C0323,Tarini Konda,917232573237,cdevi@gmail.com,P0001,Evening,Toys,3,45810.78,137432.34
O00504,2024-09-10,C0323,Tarini Konda,917232573237,cdevi@gmail.com,P0100,Dinner,Books,3,7336.08,22008.24
O00504,2024-09-10,C0323,Tarini Konda,917232573237,cdevi@gmail.com,P0079,Hand,Books,2,2100.87,4201.74
O00504,2024-09-10,C0323,Tarini Konda,917232573237,cdevi@gmail.com,P0256,Choice,Fashion,1,38096.03,38096.03
O00504,2024-09-10,C0323,Tarini Konda,917232573237,cdevi@gmail.com,P0207,Hope,Books,1,31811.6,31811.6
O00505,2024-12-31,C0776,Hazel Madan,917674728232,uvala@gmail.com,P0386,Thus,Toys,3,26873.03,80619.09
O00505,2024-12-31,C0776,Hazel Madan,917674728232,uvala@gmail.com,P0471,Far,Toys,2,4287.8,8575.6
O00505,2024-12-31,C0776,Hazel Madan,917674728232,uvala@gmail.com,P0049,Education,Fashion,3,33685.14,101055.42
O00505,2024-12-31,C0776,Hazel Madan,917674728232,uvala@gmail.com,P0253,Himself,Toys,3,28859.07,86577.21
O00505,2024-12-31,C0776,Hazel Madan,917674728232,uvala@gmail.com,P0206,Other,Home,2,16417.86,32835.72
O00506,2025-04-28,C0836,Heer Bala,919952331020,agarwalhunar@gmail.com,P0476,Matter,Books,1,635.14,635.14
O00507,2025-05-02,C0511,Tanya Goda,918392987589,lakshitlata@gmail.com,P0433,Friend,Electronics,1,38386.31,38386.31
O00507,2025-05-02,C0511,Tanya Goda,918392987589,lakshitlata@gmail.com,P0447,Customer,Books,3,9508.52,28525.56
O00507,2025-05-02,C0511,Tanya Goda,918392987589,lakshitlata@gmail.com,P0352,Decade,Grocery,2,22564.59,45129.18
O00507,2025-05-02,C0511,Tanya Goda,918392987589,lakshitlata@gmail.com,P0332,Defense,Electronics,3,47413.18,142239.54
O00507,2025-05-02,C0511,Tanya Goda,918392987589,lakshitlata@gmail.com,P0246,Audience,Home,1,13452.24,13452.24
O00508,2025-07-07,C0207,Diya Gaba,917630388905,tejasbumb@gmail.com,P0318,Partner,Home,2,15284.42,30568.84
O00508,2025-07-07,C0207,Diya Gaba,917630388905,tejasbumb@gmail.com,P0212,Expect,Grocery,1,24638.09,24638.09
O00509,2024-11-19,C0628,Nakul D’Alia,916458207177,ebir@gmail.com,P0346,Manage,Electronics,1,13256.96,13256.96
O00509,2024-11-19,C0628,Nakul D’Alia,916458207177,ebir@gmail.com,P0498,Alone,Grocery,3,23027.23,69081.69
O00509,2024-11-19,C0628,Nakul D’Alia,916458207177,ebir@gmail.com,P0261,Movie,Toys,3,34647.61,103942.83
O00509,2024-11-19,C0628,Nakul D’Alia,916458207177,ebir@gmail.com,P0065,Gun,Fashion,1,46224.7,46224.7
O00510,2024-12-30,C0155,Fateh Sur,917259071640,veer01@gmail.com,P0190,Decision,Electronics,3,31613.49,94840.47
O00511,2025-08-25,C0852,Zaina Varghese,919916636263,hayrejayan@gmail.com,P0235,Ball,Electronics,3,36018.57,108055.71
O00511,2025-08-25,C0852,Zaina Varghese,919916636263,hayrejayan@gmail.com,P0276,All,Books,1,17066.13,17066.13
O00511,2025-08-25,C0852,Zaina Varghese,919916636263,hayrejayan@gmail.com,P0085,Worker,Books,3,33183.28,99549.84
O00511,2025-08-25,C0852,Zaina Varghese,919916636263,hayrejayan@gmail.com,P0024,Officer,Grocery,1,25649.5,25649.5
O00511,2025-08-25,C0852,Zaina Varghese,919916636263,hayrejayan@gmail.com,P0341,Actually,Books,2,31938.49,63876.98
O00512,2025-06-08,C0552,Dhanush Sehgal,917984313455,reyanshganesan@gmail.com,P0093,Improve,Books,3,43974.96,131924.88
O00513,2025-03-18,C0613,Damini Yohannan,917249698888,gsankaran@gmail.com,P0146,Buy,Fashion,2,18119.49,36238.98
O00513,2025-03-18,C0613,Damini Yohannan,917249698888,gsankaran@gmail.com,P0024,Officer,Grocery,3,25649.5,76948.5
O00513,2025-03-18,C0613,Damini Yohannan,917249698888,gsankaran@gmail.com,P0272,Maybe,Toys,1,47951.54,47951.54
O00513,2025-03-18,C0613,Damini Yohannan,917249698888,gsankaran@gmail.com,P0106,Agreement,Grocery,1,33426.3,33426.3
O00514,2024-09-23,C0305,Madhup Sama,916994709748,kartik15@gmail.com,P0088,Interesting,Books,3,23862.35,71587.05
O00515,2025-07-20,C0822,Vardaniya Singh,919910655944,bathjivika@gmail.com,P0275,Growth,Fashion,2,40260.94,80521.88
O00516,2024-10-04,C0234,Ishaan Thaker,917849780322,odutta@gmail.com,P0227,Behavior,Electronics,2,36013.96,72027.92
O00517,2025-07-19,C0158,Zara Bala,916253132429,ela08@gmail.com,P0055,Off,Home,3,9847.69,29543.07
O00517,2025-07-19,C0158,Zara Bala,916253132429,ela08@gmail.com,P0328,Born,Home,1,7635.87,7635.87
O00517,2025-07-19,C0158,Zara Bala,916253132429,ela08@gmail.com,P0141,Arm,Toys,2,8803.86,17607.72
O00517,2025-07-19,C0158,Zara Bala,916253132429,ela08@gmail.com,P0316,Forget,Books,3,10470.32,31410.96
O00517,2025-07-19,C0158,Zara Bala,916253132429,ela08@gmail.com,P0254,Main,Books,3,31781.67,95345.01
O00518,2025-07-07,C0335,Aarna Mander,917353956204,obakshi@gmail.com,P0348,Expert,Home,3,19437.03,58311.09
O00518,2025-07-07,C0335,Aarna Mander,917353956204,obakshi@gmail.com,P0011,Task,Electronics,3,12639.93,37919.79
O00519,2025-07-05,C0559,Dhanuk D’Alia,917059006715,jhanvi48@gmail.com,P0053,Time,Home,3,28738.91,86216.73
O00520,2025-02-05,C0589,Ivana Tripathi,917033943177,jayanbahri@gmail.com,P0366,Whether,Grocery,1,7198.86,7198.86
O00520,2025-02-05,C0589,Ivana Tripathi,917033943177,jayanbahri@gmail.com,P0105,Provide,Electronics,2,1634.46,3268.92
O00521,2024-11-11,C0272,Tara Bhakta,916573578818,waliazoya@gmail.com,P0425,Born,Home,1,23771.25,23771.25
O00521,2024-11-11,C0272,Tara Bhakta,916573578818,waliazoya@gmail.com,P0442,Line,Grocery,3,48049.73,144149.19
O00522,2025-02-16,C0817,Nayantara Mand,917296041180,galariya@gmail.com,P0048,Probably,Toys,3,15969.26,47907.78
O00522,2025-02-16,C0817,Nayantara Mand,917296041180,galariya@gmail.com,P0077,Walk,Books,3,31770.26,95310.78
O00522,2025-02-16,C0817,Nayantara Mand,917296041180,galariya@gmail.com,P0148,Will,Books,3,29281.73,87845.19
O00523,2024-11-06,C0325,Reyansh Dubey,918318612259,vsidhu@gmail.com,P0340,Activity,Fashion,2,47305.7,94611.4
O00523,2024-11-06,C0325,Reyansh Dubey,918318612259,vsidhu@gmail.com,P0485,Economic,Fashion,2,47504.24,95008.48
O00523,2024-11-06,C0325,Reyansh Dubey,918318612259,vsidhu@gmail.com,P0046,Around,Books,3,33731.27,101193.81
O00524,2025-02-14,C0146,Alisha Bath,919106363657,shalvaurora@gmail.com,P0146,Buy,Fashion,3,18119.49,54358.47
O00524,2025-02-14,C0146,Alisha Bath,919106363657,shalvaurora@gmail.com,P0267,Activity,Books,3,37125.93,111377.79
O00525,2025-07-06,C0244,Shaan Soman,917953129485,uchad@gmail.com,P0072,Half,Home,1,30586.09,30586.09
O00525,2025-07-06,C0244,Shaan Soman,917953129485,uchad@gmail.com,P0451,How,Electronics,3,32544.56,97633.68
O00526,2024-12-27,C0134,Dhanush Bhalla,919123990623,adahsekhon@gmail.com,P0124,The,Electronics,2,38646.03,77292.06
O00526,2024-12-27,C0134,Dhanush Bhalla,919123990623,adahsekhon@gmail.com,P0418,Health,Toys,1,11635.18,11635.18
O00526,2024-12-27,C0134,Dhanush Bhalla,919123990623,adahsekhon@gmail.com,P0007,Whose,Grocery,2,3639.73,7279.46
O00526,2024-12-27,C0134,Dhanush Bhalla,919123990623,adahsekhon@gmail.com,P0139,Poor,Toys,1,38016.17,38016.17
O00527,2025-02-07,C0563,Khushi Lall,918312846764,johalraunak@gmail.com,P0156,Stage,Books,1,37082.36,37082.36
O00527,2025-02-07,C0563,Khushi Lall,918312846764,johalraunak@gmail.com,P0066,Quite,Fashion,2,40944.42,81888.84
O00527,2025-02-07,C0563,Khushi Lall,918312846764,johalraunak@gmail.com,P0428,Land,Grocery,1,36183.78,36183.78
O00527,2025-02-07,C0563,Khushi Lall,918312846764,johalraunak@gmail.com,P0109,Sister,Home,2,29170.71,58341.42
O00527,2025-02-07,C0563,Khushi Lall,918312846764,johalraunak@gmail.com,P0116,Mr,Fashion,3,7183.89,21551.67
O00528,2025-04-24,C0033,Nakul Madan,919474132899,madhup05@gmail.com,P0448,My,Toys,3,7511.41,22534.23
O00528,2025-04-24,C0033,Nakul Madan,919474132899,madhup05@gmail.com,P0274,Goal,Books,3,36502.79,109508.37
O00529,2025-01-10,C0325,Reyansh Dubey,918318612259,vsidhu@gmail.com,P0026,Mouth,Toys,2,13404.03,26808.06
O00529,2025-01-10,C0325,Reyansh Dubey,918318612259,vsidhu@gmail.com,P0097,Worker,Home,3,21400.55,64201.65
O00530,2024-10-11,C0168,Zoya Sarraf,916284693536,aaina28@gmail.com,P0235,Ball,Electronics,2,36018.57,72037.14
O00530,2024-10-11,C0168,Zoya Sarraf,916284693536,aaina28@gmail.com,P0139,Poor,Toys,3,38016.17,114048.51
O00531,2025-05-11,C0341,Yuvaan Krishnan,919861045993,vkota@gmail.com,P0022,Husband,Electronics,1,33123.51,33123.51
O00531,2025-05-11,C0341,Yuvaan Krishnan,919861045993,vkota@gmail.com,P0423,New,Books,2,36902.07,73804.14
O00531,2025-05-11,C0341,Yuvaan Krishnan,919861045993,vkota@gmail.com,P0209,Analysis,Books,3,25876.61,77629.83
O00531,2025-05-11,C0341,Yuvaan Krishnan,919861045993,vkota@gmail.com,P0293,Money,Grocery,3,486.78,1460.34
O00532,2025-03-26,C0060,Divyansh Dutta,919771572359,rhea37@gmail.com,P0438,Build,Fashion,2,25867.34,51734.68
O00532,2025-03-26,C0060,Divyansh Dutta,919771572359,rhea37@gmail.com,P0252,Democrat,Home,1,27839.73,27839.73
O00532,2025-03-26,C0060,Divyansh Dutta,919771572359,rhea37@gmail.com,P0161,Down,Fashion,3,28997.9,86993.7
O00532,2025-03-26,C0060,Divyansh Dutta,919771572359,rhea37@gmail.com,P0086,Summer,Grocery,1,45414.18,45414.18
O00532,2025-03-26,C0060,Divyansh Dutta,919771572359,rhea37@gmail.com,P0360,Per,Fashion,3,44753.22,134259.66
O00533,2025-01-07,C0819,Trisha Amble,919204236016,mirayagola@gmail.com,P0160,Since,Toys,2,41383.45,82766.9
O00533,2025-01-07,C0819,Trisha Amble,919204236016,mirayagola@gmail.com,P0427,Glass,Grocery,1,32006.32,32006.32
O00533,2025-01-07,C0819,Trisha Amble,919204236016,mirayagola@gmail.com,P0244,Friend,Grocery,3,44739.64,134218.92
O00533,2025-01-07,C0819,Trisha Amble,919204236016,mirayagola@gmail.com,P0205,Low,Books,2,3894.6,7789.2
O00533,2025-01-07,C0819,Trisha Amble,919204236016,mirayagola@gmail.com,P0175,Require,Electronics,2,10713.49,21426.98
O00534,2024-09-23,C0259,Priyansh Kumar,917238445709,aayushluthra@gmail.com,P0340,Activity,Fashion,1,47305.7,47305.7
O00534,2024-09-23,C0259,Priyansh Kumar,917238445709,aayushluthra@gmail.com,P0168,Soon,Fashion,1,16016.13,16016.13
O00534,2024-09-23,C0259,Priyansh Kumar,917238445709,aayushluthra@gmail.com,P0132,Fear,Books,2,16953.1,33906.2
O00535,2025-01-19,C0849,Anvi Badal,919609700817,vkhalsa@gmail.com,P0293,Money,Grocery,2,486.78,973.56
O00535,2025-01-19,C0849,Anvi Badal,919609700817,vkhalsa@gmail.com,P0053,Time,Home,3,28738.91,86216.73
O00535,2025-01-19,C0849,Anvi Badal,919609700817,vkhalsa@gmail.com,P0299,Also,Grocery,3,41601.06,124803.18
O00535,2025-01-19,C0849,Anvi Badal,919609700817,vkhalsa@gmail.com,P0058,Data,Fashion,1,19851.06,19851.06
O00536,2024-12-26,C0596,Mahika Shah,917457869300,inaaya-issac@gmail.com,P0012,Help,Toys,1,16101.89,16101.89
O00537,2025-02-24,C0433,Anahita Rattan,919508127040,settymishti@gmail.com,P0276,All,Books,3,17066.13,51198.39
O00537,2025-02-24,C0433,Anahita Rattan,919508127040,settymishti@gmail.com,P0296,Safe,Grocery,3,6885.75,20657.25
O00537,2025-02-24,C0433,Anahita Rattan,919508127040,settymishti@gmail.com,P0159,Total,Toys,3,16887.31,50661.93
O00537,2025-02-24,C0433,Anahita Rattan,919508127040,settymishti@gmail.com,P0422,Long,Toys,2,23695.22,47390.44
O00537,2025-02-24,C0433,Anahita Rattan,919508127040,settymishti@gmail.com,P0372,Prevent,Books,3,13248.28,39744.84
O00538,2025-03-17,C0932,Dhruv Dara,918135921662,shlok93@gmail.com,P0440,Alone,Grocery,2,27504.54,55009.08
O00538,2025-03-17,C0932,Dhruv Dara,918135921662,shlok93@gmail.com,P0013,Give,Electronics,2,2877.19,5754.38
O00539,2024-10-25,C0217,Tara Jani,917426147499,yakshit24@gmail.com,P0110,May,Toys,3,41735.28,125205.84
O00539,2024-10-25,C0217,Tara Jani,917426147499,yakshit24@gmail.com,P0225,About,Toys,2,34961.77,69923.54
O00539,2024-10-25,C0217,Tara Jani,917426147499,yakshit24@gmail.com,P0267,Activity,Books,3,37125.93,111377.79
O00540,2025-05-25,C0312,Shray Kota,918170501922,aainabansal@gmail.com,P0265,Write,Grocery,1,30863.16,30863.16
O00540,2025-05-25,C0312,Shray Kota,918170501922,aainabansal@gmail.com,P0409,Ever,Fashion,3,48069.69,144209.07
O00540,2025-05-25,C0312,Shray Kota,918170501922,aainabansal@gmail.com,P0066,Quite,Fashion,1,40944.42,40944.42
O00540,2025-05-25,C0312,Shray Kota,918170501922,aainabansal@gmail.com,P0102,Forget,Books,1,41702.42,41702.42
O00540,2025-05-25,C0312,Shray Kota,918170501922,aainabansal@gmail.com,P0016,Weight,Grocery,2,45838.51,91677.02
O00541,2025-08-07,C0768,Kanav Desai,916464628154,chakrabortydarshit@gmail.com,P0003,Cell,Electronics,1,48147.23,48147.23
O00541,2025-08-07,C0768,Kanav Desai,916464628154,chakrabortydarshit@gmail.com,P0351,Play,Home,2,16869.29,33738.58
O00542,2024-12-10,C0518,Miraya Agate,916856413877,zeeshansetty@gmail.com,P0389,Can,Grocery,1,2990.09,2990.09
O00542,2024-12-10,C0518,Miraya Agate,916856413877,zeeshansetty@gmail.com,P0102,Forget,Books,1,41702.42,41702.42
O00542,2024-12-10,C0518,Miraya Agate,916856413877,zeeshansetty@gmail.com,P0219,Degree,Books,3,4353.93,13061.79
O00543,2024-12-04,C0833,Hridaan Badal,917190117647,pvala@gmail.com,P0022,Husband,Electronics,3,33123.51,99370.53
O00543,2024-12-04,C0833,Hridaan Badal,917190117647,pvala@gmail.com,P0445,Debate,Electronics,2,39696.35,79392.7
O00543,2024-12-04,C0833,Hridaan Badal,917190117647,pvala@gmail.com,P0051,Child,Home,3,907.17,2721.51
O00543,2024-12-04,C0833,Hridaan Badal,917190117647,pvala@gmail.com,P0109,Sister,Home,3,29170.71,87512.13
O00543,2024-12-04,C0833,Hridaan Badal,917190117647,pvala@gmail.com,P0476,Matter,Books,2,635.14,1270.28
O00544,2025-02-03,C0268,Prerak Hari,916377706330,hiranacharya@gmail.com,P0426,Machine,Toys,3,33161.16,99483.48
O00544,2025-02-03,C0268,Prerak Hari,916377706330,hiranacharya@gmail.com,P0083,Tell,Toys,3,34146.63,102439.89
O00545,2025-03-22,C0526,Nitara Warrior,916363115712,doctorraghav@gmail.com,P0273,Score,Grocery,2,36008.68,72017.36
O00545,2025-03-22,C0526,Nitara Warrior,916363115712,doctorraghav@gmail.com,P0244,Friend,Grocery,3,44739.64,134218.92
O00545,2025-03-22,C0526,Nitara Warrior,916363115712,doctorraghav@gmail.com,P0012,Help,Toys,3,16101.89,48305.67
O00545,2025-03-22,C0526,Nitara Warrior,916363115712,doctorraghav@gmail.com,P0048,Probably,Toys,1,15969.26,15969.26
O00546,2025-04-18,C0848,Damini Chawla,917774212080,jayanbrar@gmail.com,P0309,Represent,Electronics,3,4996.03,14988.09
O00546,2025-04-18,C0848,Damini Chawla,917774212080,jayanbrar@gmail.com,P0258,Member,Grocery,1,48965.17,48965.17
O00546,2025-04-18,C0848,Damini Chawla,917774212080,jayanbrar@gmail.com,P0025,Ground,Electronics,1,32682.8,32682.8
O00547,2025-04-19,C0352,Vedika Dave,916811219612,maharajkaira@gmail.com,P0461,Five,Grocery,1,16984.87,16984.87
O00548,2024-10-23,C0650,Kiara Doshi,916452243856,badalchaudry@gmail.com,P0096,Need,Home,2,5167.74,10335.48
O00548,2024-10-23,C0650,Kiara Doshi,916452243856,badalchaudry@gmail.com,P0410,Result,Fashion,3,39761.33,119283.99
O00549,2025-03-24,C0656,Saksham Venkatesh,919160581307,tejasmangal@gmail.com,P0286,Practice,Fashion,1,34386.6,34386.6
O00549,2025-03-24,C0656,Saksham Venkatesh,919160581307,tejasmangal@gmail.com,P0219,Degree,Books,3,4353.93,13061.79
O00549,2025-03-24,C0656,Saksham Venkatesh,919160581307,tejasmangal@gmail.com,P0215,Stock,Home,2,12235.32,24470.64
O00549,2025-03-24,C0656,Saksham Venkatesh,919160581307,tejasmangal@gmail.com,P0039,Home,Grocery,1,24312.94,24312.94
O00549,2025-03-24,C0656,Saksham Venkatesh,919160581307,tejasmangal@gmail.com,P0480,Each,Fashion,1,34183.23,34183.23
O00550,2024-12-15,C0531,Kabir Balakrishnan,918185434973,bbansal@gmail.com,P0139,Poor,Toys,1,38016.17,38016.17
O00550,2024-12-15,C0531,Kabir Balakrishnan,918185434973,bbansal@gmail.com,P0163,Same,Books,3,41732.14,125196.42
O00550,2024-12-15,C0531,Kabir Balakrishnan,918185434973,bbansal@gmail.com,P0063,Bad,Home,1,1796.02,1796.02
O00550,2024-12-15,C0531,Kabir Balakrishnan,918185434973,bbansal@gmail.com,P0131,Quite,Fashion,3,25134.94,75404.82
O00551,2025-05-30,C0437,Samarth Soman,916505668320,suranitya@gmail.com,P0276,All,Books,2,17066.13,34132.26
O00551,2025-05-30,C0437,Samarth Soman,916505668320,suranitya@gmail.com,P0053,Time,Home,2,28738.91,57477.82
O00551,2025-05-30,C0437,Samarth Soman,916505668320,suranitya@gmail.com,P0459,Still,Toys,2,5875.98,11751.96
O00552,2025-04-13,C0534,Gokul Ben,916054973375,jayeshwable@gmail.com,P0293,Money,Grocery,2,486.78,973.56
O00552,2025-04-13,C0534,Gokul Ben,916054973375,jayeshwable@gmail.com,P0260,Course,Electronics,2,4260.68,8521.36
O00553,2025-08-01,C0990,Aniruddh Dave,918652344780,farhan76@gmail.com,P0151,Artist,Home,1,33499.86,33499.86
O00553,2025-08-01,C0990,Aniruddh Dave,918652344780,farhan76@gmail.com,P0050,Relationship,Books,2,48838.18,97676.36
O00554,2025-09-01,C0242,Indrans Chandran,916450361959,yuvraj-majumdar@gmail.com,P0279,Kid,Fashion,3,22978.31,68934.93
O00555,2025-06-21,C0014,Arhaan Bora,919389198464,indrajitchandran@gmail.com,P0247,Difficult,Books,2,41823.06,83646.12
O00555,2025-06-21,C0014,Arhaan Bora,919389198464,indrajitchandran@gmail.com,P0477,Executive,Home,1,40796.04,40796.04
O00555,2025-06-21,C0014,Arhaan Bora,919389198464,indrajitchandran@gmail.com,P0338,Such,Books,2,38071.08,76142.16
O00555,2025-06-21,C0014,Arhaan Bora,919389198464,indrajitchandran@gmail.com,P0149,Media,Electronics,1,33043.26,33043.26
O00555,2025-06-21,C0014,Arhaan Bora,919389198464,indrajitchandran@gmail.com,P0318,Partner,Home,1,15284.42,15284.42
O00556,2024-12-19,C0191,Khushi Dhillon,916187088697,prisha13@gmail.com,P0255,Born,Books,3,22491.06,67473.18
O00556,2024-12-19,C0191,Khushi Dhillon,916187088697,prisha13@gmail.com,P0439,Share,Toys,2,18005.17,36010.34
O00557,2025-05-26,C0754,Samiha Kohli,919883092064,sjha@gmail.com,P0401,Reveal,Fashion,2,4209.04,8418.08
O00557,2025-05-26,C0754,Samiha Kohli,919883092064,sjha@gmail.com,P0263,Because,Fashion,1,6202.41,6202.41
O00558,2024-10-26,C0836,Heer Bala,919952331020,agarwalhunar@gmail.com,P0057,Carry,Grocery,3,32036.35,96109.05
O00558,2024-10-26,C0836,Heer Bala,919952331020,agarwalhunar@gmail.com,P0322,Plant,Fashion,1,37337.54,37337.54
O00559,2025-08-06,C0490,Uthkarsh Kakar,916843325149,bathsana@gmail.com,P0006,Worker,Grocery,3,22450.55,67351.65
O00559,2025-08-06,C0490,Uthkarsh Kakar,916843325149,bathsana@gmail.com,P0195,Difficult,Toys,1,38374.95,38374.95
O00559,2025-08-06,C0490,Uthkarsh Kakar,916843325149,bathsana@gmail.com,P0069,Film,Toys,2,43872.1,87744.2
O00560,2025-05-16,C0838,Zain Bala,917980692398,amanisuri@gmail.com,P0474,History,Toys,2,6036.27,12072.54
O00560,2025-05-16,C0838,Zain Bala,917980692398,amanisuri@gmail.com,P0101,Decision,Books,1,11437.75,11437.75
O00561,2025-08-15,C0031,Biju Gade,916367223235,ranbir32@gmail.com,P0132,Fear,Books,3,16953.1,50859.3
O00561,2025-08-15,C0031,Biju Gade,916367223235,ranbir32@gmail.com,P0009,They,Home,3,32134.95,96404.85
O00561,2025-08-15,C0031,Biju Gade,916367223235,ranbir32@gmail.com,P0479,Popular,Electronics,2,20646.55,41293.1
O00561,2025-08-15,C0031,Biju Gade,916367223235,ranbir32@gmail.com,P0260,Course,Electronics,2,4260.68,8521.36
O00562,2024-10-22,C0260,Riaan Vyas,919890547003,varmarenee@gmail.com,P0376,Political,Books,3,42513.81,127541.43
O00562,2024-10-22,C0260,Riaan Vyas,919890547003,varmarenee@gmail.com,P0112,So,Fashion,3,7126.45,21379.35
O00563,2024-12-08,C0456,Ojas Dar,919063445336,vohrapari@gmail.com,P0362,Thank,Fashion,3,18203.86,54611.58
O00563,2024-12-08,C0456,Ojas Dar,919063445336,vohrapari@gmail.com,P0251,Check,Books,3,13197.73,39593.19
O00563,2024-12-08,C0456,Ojas Dar,919063445336,vohrapari@gmail.com,P0076,Gas,Grocery,2,33745.05,67490.1
O00563,2024-12-08,C0456,Ojas Dar,919063445336,vohrapari@gmail.com,P0154,Effort,Grocery,3,26859.2,80577.6
O00564,2024-11-19,C0250,Abram Borde,919858162399,pihudevi@gmail.com,P0104,Choice,Home,1,25936.71,25936.71
O00564,2024-11-19,C0250,Abram Borde,919858162399,pihudevi@gmail.com,P0375,Much,Electronics,2,11084.88,22169.76
O00564,2024-11-19,C0250,Abram Borde,919858162399,pihudevi@gmail.com,P0438,Build,Fashion,1,25867.34,25867.34
O00564,2024-11-19,C0250,Abram Borde,919858162399,pihudevi@gmail.com,P0471,Far,Toys,2,4287.8,8575.6
O00564,2024-11-19,C0250,Abram Borde,919858162399,pihudevi@gmail.com,P0443,Woman,Electronics,1,3027.49,3027.49
O00565,2025-03-07,C0516,Mehul Goswami,918912318827,chadshamik@gmail.com,P0080,Accept,Books,2,22114.75,44229.5
O00565,2025-03-07,C0516,Mehul Goswami,918912318827,chadshamik@gmail.com,P0101,Decision,Books,2,11437.75,22875.5
O00565,2025-03-07,C0516,Mehul Goswami,918912318827,chadshamik@gmail.com,P0313,Condition,Toys,3,36907.6,110722.8
O00566,2024-09-23,C0873,Seher Chaudhary,918032793585,rasha99@gmail.com,P0479,Popular,Electronics,3,20646.55,61939.65
O00566,2024-09-23,C0873,Seher Chaudhary,918032793585,rasha99@gmail.com,P0257,Hot,Grocery,2,17886.49,35772.98
O00566,2024-09-23,C0873,Seher Chaudhary,918032793585,rasha99@gmail.com,P0402,Difference,Fashion,1,5152.16,5152.16
O00566,2024-09-23,C0873,Seher Chaudhary,918032793585,rasha99@gmail.com,P0290,Test,Fashion,1,26416.08,26416.08
O00567,2025-08-28,C0276,Dharmajan Mangal,919043484388,wwadhwa@gmail.com,P0124,The,Electronics,2,38646.03,77292.06
O00567,2025-08-28,C0276,Dharmajan Mangal,919043484388,wwadhwa@gmail.com,P0448,My,Toys,2,7511.41,15022.82
O00567,2025-08-28,C0276,Dharmajan Mangal,919043484388,wwadhwa@gmail.com,P0434,Foot,Home,1,5572.57,5572.57
O00567,2025-08-28,C0276,Dharmajan Mangal,919043484388,wwadhwa@gmail.com,P0154,Effort,Grocery,3,26859.2,80577.6
O00567,2025-08-28,C0276,Dharmajan Mangal,919043484388,wwadhwa@gmail.com,P0282,Long,Toys,2,38700.74,77401.48
O00568,2025-01-18,C0909,Anay Barad,919866760167,azadvenkataraman@gmail.com,P0062,Night,Toys,3,719.92,2159.76
O00568,2025-01-18,C0909,Anay Barad,919866760167,azadvenkataraman@gmail.com,P0324,Culture,Books,2,19384.0,38768.0
O00569,2025-04-15,C0521,Prerak Lanka,919748381833,hazel00@gmail.com,P0352,Decade,Grocery,2,22564.59,45129.18
O00569,2025-04-15,C0521,Prerak Lanka,919748381833,hazel00@gmail.com,P0247,Difficult,Books,3,41823.06,125469.18
O00569,2025-04-15,C0521,Prerak Lanka,919748381833,hazel00@gmail.com,P0217,Building,Fashion,3,43359.09,130077.27
O00569,2025-04-15,C0521,Prerak Lanka,919748381833,hazel00@gmail.com,P0411,At,Electronics,2,19105.0,38210.0
O00569,2025-04-15,C0521,Prerak Lanka,919748381833,hazel00@gmail.com,P0103,Green,Fashion,2,43879.19,87758.38
O00570,2025-03-31,C0798,Anika Chaudhuri,917632099026,nakulshenoy@gmail.com,P0138,Purpose,Grocery,3,2234.54,6703.62
O00570,2025-03-31,C0798,Anika Chaudhuri,917632099026,nakulshenoy@gmail.com,P0175,Require,Electronics,2,10713.49,21426.98
O00570,2025-03-31,C0798,Anika Chaudhuri,917632099026,nakulshenoy@gmail.com,P0145,Once,Electronics,3,19289.24,57867.72
O00571,2024-10-12,C0387,Stuvan Dalal,917960779661,choprazeeshan@gmail.com,P0363,Inside,Books,1,26506.83,26506.83
O00571,2024-10-12,C0387,Stuvan Dalal,917960779661,choprazeeshan@gmail.com,P0097,Worker,Home,3,21400.55,64201.65
O00572,2025-04-08,C0151,Himmat Baral,918738774155,kavya06@gmail.com,P0103,Green,Fashion,1,43879.19,43879.19
O00573,2024-12-23,C0061,Adah Bains,917345584923,divyanshhans@gmail.com,P0059,American,Grocery,1,5222.22,5222.22
O00573,2024-12-23,C0061,Adah Bains,917345584923,divyanshhans@gmail.com,P0383,Writer,Books,2,39853.45,79706.9
O00573,2024-12-23,C0061,Adah Bains,917345584923,divyanshhans@gmail.com,P0198,Buy,Grocery,2,4664.49,9328.98
O00574,2024-12-28,C0655,Aradhya Chakrabarti,919287068301,osaran@gmail.com,P0295,Goal,Electronics,1,197.81,197.81
O00575,2025-05-14,C0503,Ayesha Dayal,916015078495,sanishayak@gmail.com,P0399,Edge,Grocery,2,8358.74,16717.48
O00575,2025-05-14,C0503,Ayesha Dayal,916015078495,sanishayak@gmail.com,P0153,Dark,Electronics,3,47262.3,141786.9
O00575,2025-05-14,C0503,Ayesha Dayal,916015078495,sanishayak@gmail.com,P0065,Gun,Fashion,1,46224.7,46224.7
O00575,2025-05-14,C0503,Ayesha Dayal,916015078495,sanishayak@gmail.com,P0476,Matter,Books,3,635.14,1905.42
O00576,2024-09-29,C0739,Nakul Sharma,919254102866,arnavsawhney@gmail.com,P0031,Strategy,Toys,2,3707.32,7414.64
O00576,2024-09-29,C0739,Nakul Sharma,919254102866,arnavsawhney@gmail.com,P0156,Stage,Books,2,37082.36,74164.72
O00576,2024-09-29,C0739,Nakul Sharma,919254102866,arnavsawhney@gmail.com,P0078,Return,Home,2,13869.21,27738.42
O00577,2024-11-10,C0675,Kaira Lad,916555079571,saira56@gmail.com,P0193,Whole,Home,1,2379.84,2379.84
O00578,2024-10-29,C0974,Darshit Chaudhry,918427305340,umangdeep@gmail.com,P0322,Plant,Fashion,1,37337.54,37337.54
O00578,2024-10-29,C0974,Darshit Chaudhry,918427305340,umangdeep@gmail.com,P0281,National,Electronics,1,43942.41,43942.41
O00578,2024-10-29,C0974,Darshit Chaudhry,918427305340,umangdeep@gmail.com,P0373,Especially,Electronics,2,6461.93,12923.86
O00578,2024-10-29,C0974,Darshit Chaudhry,918427305340,umangdeep@gmail.com,P0330,Do,Toys,1,27768.67,27768.67
O00578,2024-10-29,C0974,Darshit Chaudhry,918427305340,umangdeep@gmail.com,P0417,Here,Electronics,1,48161.82,48161.82
O00579,2024-12-16,C0752,Onkar Anand,916526914804,amira36@gmail.com,P0175,Require,Electronics,3,10713.49,32140.47
O00579,2024-12-16,C0752,Onkar Anand,916526914804,amira36@gmail.com,P0027,Like,Toys,3,26312.15,78936.45
O00579,2024-12-16,C0752,Onkar Anand,916526914804,amira36@gmail.com,P0145,Once,Electronics,2,19289.24,38578.48
O00579,2024-12-16,C0752,Onkar Anand,916526914804,amira36@gmail.com,P0211,Run,Home,1,42595.97,42595.97
O00580,2024-10-06,C0727,Uthkarsh Talwar,917256581028,ftrivedi@gmail.com,P0399,Edge,Grocery,3,8358.74,25076.22
O00581,2025-07-27,C0511,Tanya Goda,918392987589,lakshitlata@gmail.com,P0063,Bad,Home,1,1796.02,1796.02
O00582,2024-10-13,C0819,Trisha Amble,919204236016,mirayagola@gmail.com,P0195,Difficult,Toys,3,38374.95,115124.85
O00582,2024-10-13,C0819,Trisha Amble,919204236016,mirayagola@gmail.com,P0281,National,Electronics,2,43942.41,87884.82
O00582,2024-10-13,C0819,Trisha Amble,919204236016,mirayagola@gmail.com,P0469,Do,Toys,2,8436.34,16872.68
O00582,2024-10-13,C0819,Trisha Amble,919204236016,mirayagola@gmail.com,P0034,Begin,Home,3,23453.17,70359.51
O00582,2024-10-13,C0819,Trisha Amble,919204236016,mirayagola@gmail.com,P0245,Later,Fashion,3,34444.1,103332.3
O00583,2025-07-17,C0183,Mannat Mallick,919054914965,balamanikya@gmail.com,P0318,Partner,Home,2,15284.42,30568.84
O00583,2025-07-17,C0183,Mannat Mallick,919054914965,balamanikya@gmail.com,P0282,Long,Toys,3,38700.74,116102.22
O00584,2025-08-18,C0670,Urvi Warrior,917865944094,kanav32@gmail.com,P0115,Run,Fashion,1,44401.73,44401.73
O00584,2025-08-18,C0670,Urvi Warrior,917865944094,kanav32@gmail.com,P0151,Artist,Home,2,33499.86,66999.72
O00584,2025-08-18,C0670,Urvi Warrior,917865944094,kanav32@gmail.com,P0121,Listen,Toys,3,22992.5,68977.5
O00584,2025-08-18,C0670,Urvi Warrior,917865944094,kanav32@gmail.com,P0486,Garden,Fashion,2,3392.63,6785.26
O00584,2025-08-18,C0670,Urvi Warrior,917865944094,kanav32@gmail.com,P0329,Within,Grocery,2,36526.35,73052.7
O00585,2024-09-27,C0950,Eshani Khare,917561068701,taimur21@gmail.com,P0403,Expert,Fashion,3,9574.21,28722.63
O00585,2024-09-27,C0950,Eshani Khare,917561068701,taimur21@gmail.com,P0182,Director,Electronics,2,28330.65,56661.3
O00586,2024-09-12,C0164,Aaina Lata,918733403743,divyansh94@gmail.com,P0429,Free,Books,2,25226.17,50452.34
O00586,2024-09-12,C0164,Aaina Lata,918733403743,divyansh94@gmail.com,P0266,Relate,Fashion,1,24933.26,24933.26
O00587,2025-05-29,C0746,Nehmat Sheth,916052927263,whayre@gmail.com,P0107,According,Fashion,2,35187.46,70374.92
O00587,2025-05-29,C0746,Nehmat Sheth,916052927263,whayre@gmail.com,P0396,Someone,Books,2,8750.11,17500.22
O00587,2025-05-29,C0746,Nehmat Sheth,916052927263,whayre@gmail.com,P0457,Which,Books,3,25557.49,76672.47
O00587,2025-05-29,C0746,Nehmat Sheth,916052927263,whayre@gmail.com,P0178,Alone,Electronics,2,6742.5,13485.0
O00587,2025-05-29,C0746,Nehmat Sheth,916052927263,whayre@gmail.com,P0023,At,Books,3,43375.51,130126.53
O00588,2024-09-24,C0149,Seher Bora,919527476525,ckar@gmail.com,P0323,By,Books,3,47004.89,141014.67
O00588,2024-09-24,C0149,Seher Bora,919527476525,ckar@gmail.com,P0096,Need,Home,2,5167.74,10335.48
O00588,2024-09-24,C0149,Seher Bora,919527476525,ckar@gmail.com,P0210,Serious,Grocery,3,35406.15,106218.45
O00589,2025-01-06,C0831,Eva Sangha,916276976513,vorasamar@gmail.com,P0054,Knowledge,Grocery,1,49403.07,49403.07
O00590,2025-05-16,C0416,Zeeshan Ratti,916884163070,dkashyap@gmail.com,P0299,Also,Grocery,3,41601.06,124803.18
O00590,2025-05-16,C0416,Zeeshan Ratti,916884163070,dkashyap@gmail.com,P0349,Score,Electronics,2,13424.17,26848.34
O00590,2025-05-16,C0416,Zeeshan Ratti,916884163070,dkashyap@gmail.com,P0236,Situation,Books,1,7364.61,7364.61
O00590,2025-05-16,C0416,Zeeshan Ratti,916884163070,dkashyap@gmail.com,P0345,Fund,Fashion,2,28257.12,56514.24
O00590,2025-05-16,C0416,Zeeshan Ratti,916884163070,dkashyap@gmail.com,P0275,Growth,Fashion,2,40260.94,80521.88
O00591,2025-08-20,C0690,Romil Buch,918235648128,warriorjayesh@gmail.com,P0192,Even,Books,2,32881.09,65762.18
O00592,2025-05-08,C0707,Taimur Dada,916645761457,shaan53@gmail.com,P0044,Age,Books,1,29870.75,29870.75
O00592,2025-05-08,C0707,Taimur Dada,916645761457,shaan53@gmail.com,P0150,Carry,Electronics,2,48970.24,97940.48
O00592,2025-05-08,C0707,Taimur Dada,916645761457,shaan53@gmail.com,P0039,Home,Grocery,3,24312.94,72938.82
O00592,2025-05-08,C0707,Taimur Dada,916645761457,shaan53@gmail.com,P0433,Friend,Electronics,2,38386.31,76772.62
O00593,2025-02-28,C0222,Madhav Bora,917978601720,sarawagle@gmail.com,P0265,Write,Grocery,1,30863.16,30863.16
O00593,2025-02-28,C0222,Madhav Bora,917978601720,sarawagle@gmail.com,P0221,The,Home,1,25026.69,25026.69
O00593,2025-02-28,C0222,Madhav Bora,917978601720,sarawagle@gmail.com,P0140,State,Grocery,1,28789.71,28789.71
O00593,2025-02-28,C0222,Madhav Bora,917978601720,sarawagle@gmail.com,P0152,Marriage,Electronics,3,24420.94,73262.82
O00594,2025-05-31,C0649,Anahi Randhawa,916681116601,fateh81@gmail.com,P0412,High,Home,2,28978.96,57957.92
O00594,2025-05-31,C0649,Anahi Randhawa,916681116601,fateh81@gmail.com,P0010,Accept,Grocery,1,31464.13,31464.13
O00594,2025-05-31,C0649,Anahi Randhawa,916681116601,fateh81@gmail.com,P0450,Make,Home,3,13343.15,40029.45
O00595,2025-06-05,C0590,Jayan Loke,919043273655,mbhalla@gmail.com,P0046,Around,Books,2,33731.27,67462.54
O00595,2025-06-05,C0590,Jayan Loke,919043273655,mbhalla@gmail.com,P0106,Agreement,Grocery,3,33426.3,100278.9
O00596,2025-09-02,C0717,Stuvan Barman,919485261341,birvardaniya@gmail.com,P0337,Voice,Electronics,1,4887.85,4887.85
O00596,2025-09-02,C0717,Stuvan Barman,919485261341,birvardaniya@gmail.com,P0381,Avoid,Toys,3,20362.89,61088.67
O00596,2025-09-02,C0717,Stuvan Barman,919485261341,birvardaniya@gmail.com,P0131,Quite,Fashion,3,25134.94,75404.82
O00596,2025-09-02,C0717,Stuvan Barman,919485261341,birvardaniya@gmail.com,P0342,Throughout,Fashion,1,11727.32,11727.32
O00596,2025-09-02,C0717,Stuvan Barman,919485261341,birvardaniya@gmail.com,P0143,Protect,Toys,1,38572.8,38572.8
O00597,2024-09-26,C0727,Uthkarsh Talwar,917256581028,ftrivedi@gmail.com,P0196,Someone,Fashion,1,31927.62,31927.62
O00597,2024-09-26,C0727,Uthkarsh Talwar,917256581028,ftrivedi@gmail.com,P0267,Activity,Books,1,37125.93,37125.93
O00597,2024-09-26,C0727,Uthkarsh Talwar,917256581028,ftrivedi@gmail.com,P0052,Black,Electronics,3,8130.37,24391.11
O00597,2024-09-26,C0727,Uthkarsh Talwar,917256581028,ftrivedi@gmail.com,P0268,Very,Electronics,1,49631.1,49631.1
O00598,2025-04-26,C0013,Aaryahi Luthra,918399396603,othakur@gmail.com,P0344,State,Grocery,2,6188.97,12377.94
O00598,2025-04-26,C0013,Aaryahi Luthra,918399396603,othakur@gmail.com,P0123,Real,Electronics,1,3842.47,3842.47
O00598,2025-04-26,C0013,Aaryahi Luthra,918399396603,othakur@gmail.com,P0094,Foot,Electronics,1,39141.36,39141.36
O00599,2025-01-02,C0441,Lakshay Sankar,917081040997,jramesh@gmail.com,P0440,Alone,Grocery,3,27504.54,82513.62
O00599,2025-01-02,C0441,Lakshay Sankar,917081040997,jramesh@gmail.com,P0283,Hear,Grocery,3,18807.75,56423.25
O00599,2025-01-02,C0441,Lakshay Sankar,917081040997,jramesh@gmail.com,P0344,State,Grocery,1,6188.97,6188.97
O00599,2025-01-02,C0441,Lakshay Sankar,917081040997,jramesh@gmail.com,P0238,Fear,Home,2,6342.47,12684.94
O00600,2025-02-26,C0331,Kashvi Chauhan,916345584366,ranbirbiswas@gmail.com,P0197,Wear,Electronics,1,11828.38,11828.38
O00600,2025-02-26,C0331,Kashvi Chauhan,916345584366,ranbirbiswas@gmail.com,P0122,Girl,Grocery,2,25630.56,51261.12
O00600,2025-02-26,C0331,Kashvi Chauhan,916345584366,ranbirbiswas@gmail.com,P0137,Artist,Toys,3,22076.28,66228.84
O00600,2025-02-26,C0331,Kashvi Chauhan,916345584366,ranbirbiswas@gmail.com,P0415,Sign,Electronics,1,37467.77,37467.77
O00601,2024-09-19,C0047,Ishita Choudhry,919790009200,vaidyavanya@gmail.com,P0076,Gas,Grocery,1,33745.05,33745.05
O00601,2024-09-19,C0047,Ishita Choudhry,919790009200,vaidyavanya@gmail.com,P0179,Change,Fashion,3,15898.63,47695.89
O00601,2024-09-19,C0047,Ishita Choudhry,919790009200,vaidyavanya@gmail.com,P0133,Course,Home,3,25607.5,76822.5
O00602,2025-04-13,C0095,Ranbir Sahota,919491482841,sachdevsaksham@gmail.com,P0173,Fine,Fashion,1,36346.52,36346.52
O00602,2025-04-13,C0095,Ranbir Sahota,919491482841,sachdevsaksham@gmail.com,P0154,Effort,Grocery,1,26859.2,26859.2
O00602,2025-04-13,C0095,Ranbir Sahota,919491482841,sachdevsaksham@gmail.com,P0205,Low,Books,2,3894.6,7789.2
O00603,2025-08-08,C0461,Inaaya  Raj,916926195563,cchatterjee@gmail.com,P0334,Let,Fashion,2,11112.43,22224.86
O00603,2025-08-08,C0461,Inaaya  Raj,916926195563,cchatterjee@gmail.com,P0486,Garden,Fashion,2,3392.63,6785.26
O00604,2025-01-24,C0711,Hunar Kashyap,918700429646,kartikchakraborty@gmail.com,P0247,Difficult,Books,1,41823.06,41823.06
O00604,2025-01-24,C0711,Hunar Kashyap,918700429646,kartikchakraborty@gmail.com,P0109,Sister,Home,3,29170.71,87512.13
O00605,2025-05-08,C0247,Nirvaan Baria,916842799060,sahaanaya@gmail.com,P0246,Audience,Home,3,13452.24,40356.72
O00605,2025-05-08,C0247,Nirvaan Baria,916842799060,sahaanaya@gmail.com,P0214,Measure,Grocery,1,30393.59,30393.59
O00605,2025-05-08,C0247,Nirvaan Baria,916842799060,sahaanaya@gmail.com,P0395,Most,Home,2,12181.55,24363.1
O00605,2025-05-08,C0247,Nirvaan Baria,916842799060,sahaanaya@gmail.com,P0014,Top,Toys,1,46778.4,46778.4
O00606,2025-03-06,C0630,Jayant Sandal,919507935457,htella@gmail.com,P0304,Give,Grocery,2,4472.77,8945.54
O00606,2025-03-06,C0630,Jayant Sandal,919507935457,htella@gmail.com,P0161,Down,Fashion,2,28997.9,57995.8
O00606,2025-03-06,C0630,Jayant Sandal,919507935457,htella@gmail.com,P0046,Around,Books,3,33731.27,101193.81
O00607,2025-07-18,C0943,Kimaya Dugal,916416787622,esidhu@gmail.com,P0255,Born,Books,2,22491.06,44982.12
O00608,2025-02-12,C0712,Amira Arya,918531395617,trishasuresh@gmail.com,P0221,The,Home,1,25026.69,25026.69
O00608,2025-02-12,C0712,Amira Arya,918531395617,trishasuresh@gmail.com,P0500,Sort,Books,3,30616.24,91848.72
O00608,2025-02-12,C0712,Amira Arya,918531395617,trishasuresh@gmail.com,P0429,Free,Books,3,25226.17,75678.51
O00608,2025-02-12,C0712,Amira Arya,918531395617,trishasuresh@gmail.com,P0007,Whose,Grocery,1,3639.73,3639.73
O00609,2025-05-07,C0545,Shray Mahal,918783755027,psinha@gmail.com,P0463,Enough,Books,1,8622.35,8622.35
O00610,2024-12-03,C0330,Navya Boase,918298381158,reyanshgrewal@gmail.com,P0390,Hard,Books,2,47047.15,94094.3
O00610,2024-12-03,C0330,Navya Boase,918298381158,reyanshgrewal@gmail.com,P0216,Smile,Books,3,5257.39,15772.17
O00611,2024-12-31,C0187,Vaibhav Barman,919062405908,dhans@gmail.com,P0487,Wind,Grocery,1,26054.97,26054.97
O00611,2024-12-31,C0187,Vaibhav Barman,919062405908,dhans@gmail.com,P0198,Buy,Grocery,3,4664.49,13993.47
O00611,2024-12-31,C0187,Vaibhav Barman,919062405908,dhans@gmail.com,P0111,Forward,Fashion,3,13770.51,41311.53
O00612,2025-08-17,C0440,Miraan Guha,917165079625,udewan@gmail.com,P0316,Forget,Books,2,10470.32,20940.64
O00612,2025-08-17,C0440,Miraan Guha,917165079625,udewan@gmail.com,P0458,South,Grocery,1,30814.65,30814.65
O00612,2025-08-17,C0440,Miraan Guha,917165079625,udewan@gmail.com,P0482,Prove,Fashion,1,36394.17,36394.17
O00612,2025-08-17,C0440,Miraan Guha,917165079625,udewan@gmail.com,P0076,Gas,Grocery,1,33745.05,33745.05
O00612,2025-08-17,C0440,Miraan Guha,917165079625,udewan@gmail.com,P0165,Still,Grocery,2,37256.63,74513.26
O00613,2025-01-22,C0714,Ivana Basak,919407545082,singhalvedika@gmail.com,P0455,Court,Electronics,3,24246.4,72739.2
O00613,2025-01-22,C0714,Ivana Basak,919407545082,singhalvedika@gmail.com,P0248,My,Grocery,1,37715.55,37715.55
O00613,2025-01-22,C0714,Ivana Basak,919407545082,singhalvedika@gmail.com,P0033,Smile,Electronics,1,7304.63,7304.63
O00613,2025-01-22,C0714,Ivana Basak,919407545082,singhalvedika@gmail.com,P0197,Wear,Electronics,1,11828.38,11828.38
O00613,2025-01-22,C0714,Ivana Basak,919407545082,singhalvedika@gmail.com,P0061,Much,Books,1,42843.58,42843.58
O00614,2025-07-22,C0350,Kabir Vohra,917516634548,kadegokul@gmail.com,P0402,Difference,Fashion,3,5152.16,15456.48
O00614,2025-07-22,C0350,Kabir Vohra,917516634548,kadegokul@gmail.com,P0289,Well,Grocery,1,4903.97,4903.97
O00614,2025-07-22,C0350,Kabir Vohra,917516634548,kadegokul@gmail.com,P0290,Test,Fashion,1,26416.08,26416.08
O00614,2025-07-22,C0350,Kabir Vohra,917516634548,kadegokul@gmail.com,P0012,Help,Toys,3,16101.89,48305.67
O00615,2024-12-23,C0637,Yuvraj  Goswami,918723459155,borrapriyansh@gmail.com,P0344,State,Grocery,2,6188.97,12377.94
O00615,2024-12-23,C0637,Yuvraj  Goswami,918723459155,borrapriyansh@gmail.com,P0433,Friend,Electronics,2,38386.31,76772.62
O00615,2024-12-23,C0637,Yuvraj  Goswami,918723459155,borrapriyansh@gmail.com,P0127,Single,Books,3,43219.93,129659.79
O00615,2024-12-23,C0637,Yuvraj  Goswami,918723459155,borrapriyansh@gmail.com,P0253,Himself,Toys,3,28859.07,86577.21
O00616,2025-04-16,C0788,Ehsaan Chowdhury,919661788084,jhans@gmail.com,P0175,Require,Electronics,1,10713.49,10713.49
O00616,2025-04-16,C0788,Ehsaan Chowdhury,919661788084,jhans@gmail.com,P0354,Among,Electronics,3,42154.64,126463.92
O00616,2025-04-16,C0788,Ehsaan Chowdhury,919661788084,jhans@gmail.com,P0053,Time,Home,3,28738.91,86216.73
O00616,2025-04-16,C0788,Ehsaan Chowdhury,919661788084,jhans@gmail.com,P0026,Mouth,Toys,1,13404.03,13404.03
O00616,2025-04-16,C0788,Ehsaan Chowdhury,919661788084,jhans@gmail.com,P0247,Difficult,Books,1,41823.06,41823.06
O00617,2025-08-23,C0178,Kashvi Bail,918234798903,yuvaan91@gmail.com,P0226,Close,Fashion,3,22025.27,66075.81
O00617,2025-08-23,C0178,Kashvi Bail,918234798903,yuvaan91@gmail.com,P0464,National,Toys,3,39575.17,118725.51
O00618,2025-08-07,C0452,Navya Sidhu,918682103263,raghav31@gmail.com,P0495,Half,Grocery,1,17681.55,17681.55
O00618,2025-08-07,C0452,Navya Sidhu,918682103263,raghav31@gmail.com,P0244,Friend,Grocery,2,44739.64,89479.28
O00618,2025-08-07,C0452,Navya Sidhu,918682103263,raghav31@gmail.com,P0405,Number,Books,3,36701.41,110104.23
O00618,2025-08-07,C0452,Navya Sidhu,918682103263,raghav31@gmail.com,P0237,Increase,Grocery,1,12800.95,12800.95
O00619,2025-05-06,C0330,Navya Boase,918298381158,reyanshgrewal@gmail.com,P0159,Total,Toys,3,16887.31,50661.93
O00619,2025-05-06,C0330,Navya Boase,918298381158,reyanshgrewal@gmail.com,P0426,Machine,Toys,3,33161.16,99483.48
O00619,2025-05-06,C0330,Navya Boase,918298381158,reyanshgrewal@gmail.com,P0326,Live,Grocery,1,18953.49,18953.49
O00619,2025-05-06,C0330,Navya Boase,918298381158,reyanshgrewal@gmail.com,P0409,Ever,Fashion,3,48069.69,144209.07
O00619,2025-05-06,C0330,Navya Boase,918298381158,reyanshgrewal@gmail.com,P0170,She,Books,1,26961.11,26961.11
O00620,2024-09-05,C0645,Ira Rajagopal,916775948767,smahal@gmail.com,P0371,Writer,Grocery,1,15840.23,15840.23
O00620,2024-09-05,C0645,Ira Rajagopal,916775948767,smahal@gmail.com,P0381,Avoid,Toys,1,20362.89,20362.89
O00620,2024-09-05,C0645,Ira Rajagopal,916775948767,smahal@gmail.com,P0235,Ball,Electronics,3,36018.57,108055.71
O00621,2025-08-08,C0513,Samar Swaminathan,919974109511,myravenkatesh@gmail.com,P0055,Off,Home,2,9847.69,19695.38
O00621,2025-08-08,C0513,Samar Swaminathan,919974109511,myravenkatesh@gmail.com,P0317,Less,Fashion,1,48728.05,48728.05
O00622,2025-06-20,C0383,Taran Anne,919539842487,bhavin49@gmail.com,P0298,Bring,Grocery,2,10120.73,20241.46
O00622,2025-06-20,C0383,Taran Anne,919539842487,bhavin49@gmail.com,P0168,Soon,Fashion,2,16016.13,32032.26
O00622,2025-06-20,C0383,Taran Anne,919539842487,bhavin49@gmail.com,P0005,Third,Electronics,3,17555.54,52666.62
O00623,2024-09-15,C0194,Hazel Gopal,918974250454,aarnachaudhari@gmail.com,P0481,Test,Fashion,1,19065.63,19065.63
O00623,2024-09-15,C0194,Hazel Gopal,918974250454,aarnachaudhari@gmail.com,P0300,Return,Electronics,1,10069.79,10069.79
O00624,2025-08-26,C0739,Nakul Sharma,919254102866,arnavsawhney@gmail.com,P0218,Key,Toys,3,25984.1,77952.3
O00624,2025-08-26,C0739,Nakul Sharma,919254102866,arnavsawhney@gmail.com,P0163,Same,Books,3,41732.14,125196.42
O00624,2025-08-26,C0739,Nakul Sharma,919254102866,arnavsawhney@gmail.com,P0353,Evidence,Books,1,12904.16,12904.16
O00625,2025-01-29,C0689,Shlok Mall,918236730913,armaan76@gmail.com,P0285,Play,Fashion,2,49168.83,98337.66
O00625,2025-01-29,C0689,Shlok Mall,918236730913,armaan76@gmail.com,P0384,Market,Grocery,3,30276.68,90830.04
O00625,2025-01-29,C0689,Shlok Mall,918236730913,armaan76@gmail.com,P0186,Environment,Fashion,2,39743.81,79487.62
O00625,2025-01-29,C0689,Shlok Mall,918236730913,armaan76@gmail.com,P0230,Voice,Books,3,12941.39,38824.17
O00626,2024-11-17,C0916,Prisha Srivastava,918048043007,divyansh88@gmail.com,P0392,Book,Home,3,11405.72,34217.16
O00626,2024-11-17,C0916,Prisha Srivastava,918048043007,divyansh88@gmail.com,P0499,Make,Toys,3,22379.08,67137.24
O00626,2024-11-17,C0916,Prisha Srivastava,918048043007,divyansh88@gmail.com,P0197,Wear,Electronics,1,11828.38,11828.38
O00626,2024-11-17,C0916,Prisha Srivastava,918048043007,divyansh88@gmail.com,P0136,Method,Grocery,2,2991.68,5983.36
O00626,2024-11-17,C0916,Prisha Srivastava,918048043007,divyansh88@gmail.com,P0436,I,Fashion,3,17907.21,53721.63
O00627,2024-09-11,C0254,Nayantara Bawa,918879188382,kapadiadishani@gmail.com,P0430,Hot,Grocery,3,43351.68,130055.04
O00628,2024-09-18,C0744,Ishaan Bhardwaj,918906648624,duttasamar@gmail.com,P0065,Gun,Fashion,1,46224.7,46224.7
O00629,2025-04-17,C0082,Aayush Soni,918183836783,badal17@gmail.com,P0085,Worker,Books,3,33183.28,99549.84
O00629,2025-04-17,C0082,Aayush Soni,918183836783,badal17@gmail.com,P0004,Strong,Electronics,2,14763.61,29527.22
O00630,2025-04-25,C0329,Divit Khanna,919534887185,hchand@gmail.com,P0229,Goal,Electronics,2,18497.07,36994.14
O00631,2025-01-12,C0489,Samar Tak,916080913562,armaan22@gmail.com,P0463,Enough,Books,3,8622.35,25867.05
O00631,2025-01-12,C0489,Samar Tak,916080913562,armaan22@gmail.com,P0343,Our,Electronics,3,36254.41,108763.23
O00632,2024-12-14,C0749,Zain Roy,917222813123,riaandin@gmail.com,P0189,Take,Books,2,21117.14,42234.28
O00633,2024-11-04,C0654,Aaina Raj,917667724084,battaromil@gmail.com,P0480,Each,Fashion,3,34183.23,102549.69
O00634,2025-02-10,C0657,Rohan Mallick,917630865037,hborra@gmail.com,P0107,According,Fashion,3,35187.46,105562.38
O00634,2025-02-10,C0657,Rohan Mallick,917630865037,hborra@gmail.com,P0407,Town,Grocery,1,15477.24,15477.24
O00634,2025-02-10,C0657,Rohan Mallick,917630865037,hborra@gmail.com,P0487,Wind,Grocery,2,26054.97,52109.94
O00635,2025-09-03,C0398,Madhup Dutt,917752166449,boramannat@gmail.com,P0036,Consumer,Books,2,24513.98,49027.96
O00635,2025-09-03,C0398,Madhup Dutt,917752166449,boramannat@gmail.com,P0459,Still,Toys,3,5875.98,17627.94
O00636,2025-03-04,C0835,Suhana Sahni,919254460469,nayantarajoshi@gmail.com,P0214,Measure,Grocery,3,30393.59,91180.77
O00636,2025-03-04,C0835,Suhana Sahni,919254460469,nayantarajoshi@gmail.com,P0377,Old,Grocery,2,15509.49,31018.98
O00636,2025-03-04,C0835,Suhana Sahni,919254460469,nayantarajoshi@gmail.com,P0081,Concern,Books,2,17375.63,34751.26
O00636,2025-03-04,C0835,Suhana Sahni,919254460469,nayantarajoshi@gmail.com,P0373,Especially,Electronics,3,6461.93,19385.79
O00636,2025-03-04,C0835,Suhana Sahni,919254460469,nayantarajoshi@gmail.com,P0114,Office,Toys,3,11898.15,35694.45
O00637,2025-08-07,C0388,Anay Ganguly,917703997672,bsandal@gmail.com,P0002,Big,Books,3,29810.32,89430.96
O00638,2025-08-10,C0764,Hridaan Bajaj,918852413739,kartikbadal@gmail.com,P0357,Recently,Home,3,8621.08,25863.24
O00638,2025-08-10,C0764,Hridaan Bajaj,918852413739,kartikbadal@gmail.com,P0296,Safe,Grocery,3,6885.75,20657.25
O00638,2025-08-10,C0764,Hridaan Bajaj,918852413739,kartikbadal@gmail.com,P0303,Doctor,Books,2,45811.55,91623.1
O00639,2025-03-05,C0101,Purab Bansal,916244339591,manifaiyaz@gmail.com,P0014,Top,Toys,2,46778.4,93556.8
O00639,2025-03-05,C0101,Purab Bansal,916244339591,manifaiyaz@gmail.com,P0158,They,Grocery,1,747.56,747.56
O00639,2025-03-05,C0101,Purab Bansal,916244339591,manifaiyaz@gmail.com,P0163,Same,Books,3,41732.14,125196.42
O00639,2025-03-05,C0101,Purab Bansal,916244339591,manifaiyaz@gmail.com,P0412,High,Home,3,28978.96,86936.88
O00640,2025-06-25,C0121,Pari Sood,919069736068,kimayagera@gmail.com,P0424,Suffer,Home,1,13776.75,13776.75
O00640,2025-06-25,C0121,Pari Sood,919069736068,kimayagera@gmail.com,P0197,Wear,Electronics,3,11828.38,35485.14
O00640,2025-06-25,C0121,Pari Sood,919069736068,kimayagera@gmail.com,P0330,Do,Toys,3,27768.67,83306.01
O00640,2025-06-25,C0121,Pari Sood,919069736068,kimayagera@gmail.com,P0007,Whose,Grocery,1,3639.73,3639.73
O00640,2025-06-25,C0121,Pari Sood,919069736068,kimayagera@gmail.com,P0294,Enough,Toys,2,28895.66,57791.32
O00641,2025-06-20,C0617,Sara Shroff,916977033864,anaya05@gmail.com,P0374,Defense,Toys,1,35723.66,35723.66
O00641,2025-06-20,C0617,Sara Shroff,916977033864,anaya05@gmail.com,P0294,Enough,Toys,3,28895.66,86686.98
O00641,2025-06-20,C0617,Sara Shroff,916977033864,anaya05@gmail.com,P0007,Whose,Grocery,3,3639.73,10919.19
O00641,2025-06-20,C0617,Sara Shroff,916977033864,anaya05@gmail.com,P0118,Support,Home,1,35996.16,35996.16
O00641,2025-06-20,C0617,Sara Shroff,916977033864,anaya05@gmail.com,P0291,Church,Home,1,38797.98,38797.98
O00642,2025-05-10,C0527,Adira Kadakia,917235300947,ranbirboase@gmail.com,P0004,Strong,Electronics,3,14763.61,44290.83
O00642,2025-05-10,C0527,Adira Kadakia,917235300947,ranbirboase@gmail.com,P0139,Poor,Toys,2,38016.17,76032.34
O00642,2025-05-10,C0527,Adira Kadakia,917235300947,ranbirboase@gmail.com,P0332,Defense,Electronics,3,47413.18,142239.54
O00642,2025-05-10,C0527,Adira Kadakia,917235300947,ranbirboase@gmail.com,P0297,Interview,Home,2,39804.91,79609.82
O00643,2025-07-28,C0605,Riya Jha,918654617337,mahikaravel@gmail.com,P0365,See,Fashion,1,7195.14,7195.14
O00643,2025-07-28,C0605,Riya Jha,918654617337,mahikaravel@gmail.com,P0353,Evidence,Books,1,12904.16,12904.16
O00643,2025-07-28,C0605,Riya Jha,918654617337,mahikaravel@gmail.com,P0493,Would,Toys,2,26066.08,52132.16
O00644,2024-09-07,C0746,Nehmat Sheth,916052927263,whayre@gmail.com,P0424,Suffer,Home,1,13776.75,13776.75
O00644,2024-09-07,C0746,Nehmat Sheth,916052927263,whayre@gmail.com,P0306,Wall,Home,1,44948.53,44948.53
O00644,2024-09-07,C0746,Nehmat Sheth,916052927263,whayre@gmail.com,P0386,Thus,Toys,3,26873.03,80619.09
O00644,2024-09-07,C0746,Nehmat Sheth,916052927263,whayre@gmail.com,P0324,Culture,Books,3,19384.0,58152.0
O00644,2024-09-07,C0746,Nehmat Sheth,916052927263,whayre@gmail.com,P0421,Human,Home,1,37593.63,37593.63
O00645,2025-07-02,C0633,Tanya Zacharia,917859328769,navyaandra@gmail.com,P0375,Much,Electronics,1,11084.88,11084.88
O00646,2025-07-13,C0157,Abram Kaur,918030374602,raunak17@gmail.com,P0005,Third,Electronics,2,17555.54,35111.08
O00646,2025-07-13,C0157,Abram Kaur,918030374602,raunak17@gmail.com,P0281,National,Electronics,2,43942.41,87884.82
O00646,2025-07-13,C0157,Abram Kaur,918030374602,raunak17@gmail.com,P0361,Upon,Electronics,1,22373.88,22373.88
O00647,2025-06-08,C0117,Damini Mallick,916370263566,jsoni@gmail.com,P0376,Political,Books,2,42513.81,85027.62
O00648,2025-02-25,C0311,Anahita Sankaran,917186291172,vritika56@gmail.com,P0389,Can,Grocery,2,2990.09,5980.18
O00648,2025-02-25,C0311,Anahita Sankaran,917186291172,vritika56@gmail.com,P0076,Gas,Grocery,2,33745.05,67490.1
O00648,2025-02-25,C0311,Anahita Sankaran,917186291172,vritika56@gmail.com,P0344,State,Grocery,2,6188.97,12377.94
O00648,2025-02-25,C0311,Anahita Sankaran,917186291172,vritika56@gmail.com,P0495,Half,Grocery,2,17681.55,35363.1
O00649,2025-04-16,C0396,Samiha Magar,916967364919,farhan72@gmail.com,P0357,Recently,Home,2,8621.08,17242.16
O00649,2025-04-16,C0396,Samiha Magar,916967364919,farhan72@gmail.com,P0074,Read,Home,3,31600.59,94801.77
O00650,2025-06-27,C0172,Indrans Dass,918075269722,ivan39@gmail.com,P0335,Plan,Fashion,1,27474.41,27474.41
O00650,2025-06-27,C0172,Indrans Dass,918075269722,ivan39@gmail.com,P0328,Born,Home,2,7635.87,15271.74
O00650,2025-06-27,C0172,Indrans Dass,918075269722,ivan39@gmail.com,P0299,Also,Grocery,3,41601.06,124803.18
O00650,2025-06-27,C0172,Indrans Dass,918075269722,ivan39@gmail.com,P0048,Probably,Toys,2,15969.26,31938.52
O00650,2025-06-27,C0172,Indrans Dass,918075269722,ivan39@gmail.com,P0130,Line,Home,2,27478.97,54957.94
O00651,2024-12-28,C0369,Ivan Saini,916427718293,yasmindar@gmail.com,P0429,Free,Books,3,25226.17,75678.51
O00651,2024-12-28,C0369,Ivan Saini,916427718293,yasmindar@gmail.com,P0356,Paper,Books,1,1746.39,1746.39
O00651,2024-12-28,C0369,Ivan Saini,916427718293,yasmindar@gmail.com,P0234,Pay,Fashion,1,31655.12,31655.12
O00651,2024-12-28,C0369,Ivan Saini,916427718293,yasmindar@gmail.com,P0343,Our,Electronics,2,36254.41,72508.82
O00652,2024-12-08,C0643,Sara Rau,916217013555,boasesamiha@gmail.com,P0469,Do,Toys,3,8436.34,25309.02
O00652,2024-12-08,C0643,Sara Rau,916217013555,boasesamiha@gmail.com,P0472,Certainly,Grocery,3,43777.9,131333.7
O00652,2024-12-08,C0643,Sara Rau,916217013555,boasesamiha@gmail.com,P0258,Member,Grocery,3,48965.17,146895.51
O00653,2024-11-06,C0995,Shayak Agrawal,919952215618,vkuruvilla@gmail.com,P0194,Better,Books,1,49657.42,49657.42
O00653,2024-11-06,C0995,Shayak Agrawal,919952215618,vkuruvilla@gmail.com,P0033,Smile,Electronics,1,7304.63,7304.63
O00653,2024-11-06,C0995,Shayak Agrawal,919952215618,vkuruvilla@gmail.com,P0216,Smile,Books,3,5257.39,15772.17
O00653,2024-11-06,C0995,Shayak Agrawal,919952215618,vkuruvilla@gmail.com,P0380,Go,Electronics,3,8354.83,25064.49
O00654,2025-01-21,C0113,Saanvi Khatri,917208226442,chopranakul@gmail.com,P0260,Course,Electronics,1,4260.68,4260.68
O00654,2025-01-21,C0113,Saanvi Khatri,917208226442,chopranakul@gmail.com,P0107,According,Fashion,2,35187.46,70374.92
O00655,2025-04-23,C0344,Hazel Lad,919249638024,nehmatbalasubramanian@gmail.com,P0143,Protect,Toys,2,38572.8,77145.6
O00655,2025-04-23,C0344,Hazel Lad,919249638024,nehmatbalasubramanian@gmail.com,P0325,Sell,Home,1,8305.03,8305.03
O00656,2024-09-20,C0932,Dhruv Dara,918135921662,shlok93@gmail.com,P0427,Glass,Grocery,1,32006.32,32006.32
O00656,2024-09-20,C0932,Dhruv Dara,918135921662,shlok93@gmail.com,P0443,Woman,Electronics,3,3027.49,9082.47
O00656,2024-09-20,C0932,Dhruv Dara,918135921662,shlok93@gmail.com,P0204,Grow,Home,1,36853.4,36853.4
O00656,2024-09-20,C0932,Dhruv Dara,918135921662,shlok93@gmail.com,P0455,Court,Electronics,3,24246.4,72739.2
O00657,2025-08-08,C0351,Yuvaan Dube,918258261985,sekhonzara@gmail.com,P0195,Difficult,Toys,2,38374.95,76749.9
O00657,2025-08-08,C0351,Yuvaan Dube,918258261985,sekhonzara@gmail.com,P0410,Result,Fashion,2,39761.33,79522.66
O00657,2025-08-08,C0351,Yuvaan Dube,918258261985,sekhonzara@gmail.com,P0125,Who,Fashion,2,44975.66,89951.32
O00657,2025-08-08,C0351,Yuvaan Dube,918258261985,sekhonzara@gmail.com,P0147,Finish,Grocery,1,3515.25,3515.25
O00658,2025-07-29,C0815,Nirvi Dixit,919619507216,dmaster@gmail.com,P0453,Official,Grocery,2,34440.96,68881.92
O00658,2025-07-29,C0815,Nirvi Dixit,919619507216,dmaster@gmail.com,P0232,Simply,Fashion,3,47673.19,143019.57
O00658,2025-07-29,C0815,Nirvi Dixit,919619507216,dmaster@gmail.com,P0290,Test,Fashion,2,26416.08,52832.16
O00658,2025-07-29,C0815,Nirvi Dixit,919619507216,dmaster@gmail.com,P0263,Because,Fashion,3,6202.41,18607.23
O00659,2025-05-01,C0949,Yuvaan Lala,917858308368,saravohra@gmail.com,P0434,Foot,Home,1,5572.57,5572.57
O00659,2025-05-01,C0949,Yuvaan Lala,917858308368,saravohra@gmail.com,P0368,Theory,Books,1,28749.17,28749.17
O00659,2025-05-01,C0949,Yuvaan Lala,917858308368,saravohra@gmail.com,P0087,Hotel,Fashion,1,2608.49,2608.49
O00659,2025-05-01,C0949,Yuvaan Lala,917858308368,saravohra@gmail.com,P0363,Inside,Books,3,26506.83,79520.49
O00660,2025-03-27,C0861,Zaina Kaul,916669007781,adah69@gmail.com,P0001,Evening,Toys,3,45810.78,137432.34
O00660,2025-03-27,C0861,Zaina Kaul,916669007781,adah69@gmail.com,P0384,Market,Grocery,3,30276.68,90830.04
O00661,2025-06-04,C0686,Rasha Bhargava,917289684829,farhan60@gmail.com,P0301,Everything,Toys,1,17437.95,17437.95
O00661,2025-06-04,C0686,Rasha Bhargava,917289684829,farhan60@gmail.com,P0032,Language,Fashion,2,22132.39,44264.78
O00661,2025-06-04,C0686,Rasha Bhargava,917289684829,farhan60@gmail.com,P0001,Evening,Toys,3,45810.78,137432.34
O00662,2025-05-11,C0180,Sara Som,917828894434,vivaankulkarni@gmail.com,P0476,Matter,Books,3,635.14,1905.42
O00662,2025-05-11,C0180,Sara Som,917828894434,vivaankulkarni@gmail.com,P0395,Most,Home,1,12181.55,12181.55
O00663,2025-08-14,C0525,Azad Wali,918127745497,stuvanben@gmail.com,P0200,But,Home,2,13941.44,27882.88
O00663,2025-08-14,C0525,Azad Wali,918127745497,stuvanben@gmail.com,P0247,Difficult,Books,3,41823.06,125469.18
O00932,2025-04-12,C0736,Aayush Basak,918518944783,evajani@gmail.com,P0225,About,Toys,1,34961.77,34961.77
O00932,2025-04-12,C0736,Aayush Basak,918518944783,evajani@gmail.com,P0228,World,Home,2,42687.6,85375.2
O00933,2025-08-21,C0481,Advik Jani,919250925404,umangkurian@gmail.com,P0075,Maybe,Grocery,2,6414.07,12828.14
O00934,2024-10-19,C0306,Heer Kata,918749134788,ebahri@gmail.com,P0083,Tell,Toys,2,34146.63,68293.26
O00934,2024-10-19,C0306,Heer Kata,918749134788,ebahri@gmail.com,P0237,Increase,Grocery,2,12800.95,25601.9
O00934,2024-10-19,C0306,Heer Kata,918749134788,ebahri@gmail.com,P0227,Behavior,Electronics,2,36013.96,72027.92
O00935,2025-05-26,C0720,Riya Batra,918692546474,gganguly@gmail.com,P0480,Each,Fashion,1,34183.23,34183.23
O00935,2025-05-26,C0720,Riya Batra,918692546474,gganguly@gmail.com,P0258,Member,Grocery,3,48965.17,146895.51
O00936,2025-01-22,C0936,Ahana  Dave,918511383930,voradivij@gmail.com,P0109,Sister,Home,3,29170.71,87512.13
O00937,2024-12-28,C0397,Zeeshan Baria,916995336199,upadhyaymanjari@gmail.com,P0254,Main,Books,1,31781.67,31781.67
O00937,2024-12-28,C0397,Zeeshan Baria,916995336199,upadhyaymanjari@gmail.com,P0226,Close,Fashion,2,22025.27,44050.54
O00937,2024-12-28,C0397,Zeeshan Baria,916995336199,upadhyaymanjari@gmail.com,P0176,Young,Grocery,1,30664.46,30664.46
O00937,2024-12-28,C0397,Zeeshan Baria,916995336199,upadhyaymanjari@gmail.com,P0452,Gun,Books,2,28509.16,57018.32
O00937,2024-12-28,C0397,Zeeshan Baria,916995336199,upadhyaymanjari@gmail.com,P0162,Population,Home,1,48541.96,48541.96
O00938,2024-10-30,C0236,Anahita Chaudhary,918521516063,saraarya@gmail.com,P0173,Fine,Fashion,2,36346.52,72693.04
O00938,2024-10-30,C0236,Anahita Chaudhary,918521516063,saraarya@gmail.com,P0297,Interview,Home,3,39804.91,119414.73
O00938,2024-10-30,C0236,Anahita Chaudhary,918521516063,saraarya@gmail.com,P0319,Friend,Electronics,3,17520.15,52560.45
O00939,2025-05-06,C0096,Kartik Shanker,917662882577,samiha18@gmail.com,P0487,Wind,Grocery,1,26054.97,26054.97
O00939,2025-05-06,C0096,Kartik Shanker,917662882577,samiha18@gmail.com,P0213,Perhaps,Books,3,17118.78,51356.34
O00939,2025-05-06,C0096,Kartik Shanker,917662882577,samiha18@gmail.com,P0231,Reality,Toys,3,36040.9,108122.7
O00939,2025-05-06,C0096,Kartik Shanker,917662882577,samiha18@gmail.com,P0114,Office,Toys,1,11898.15,11898.15
O00939,2025-05-06,C0096,Kartik Shanker,917662882577,samiha18@gmail.com,P0050,Relationship,Books,1,48838.18,48838.18
O00940,2025-04-12,C0199,Taran Kala,918431127152,mamootydash@gmail.com,P0208,Wide,Books,3,45993.95,137981.85
O00940,2025-04-12,C0199,Taran Kala,918431127152,mamootydash@gmail.com,P0410,Result,Fashion,2,39761.33,79522.66
O00940,2025-04-12,C0199,Taran Kala,918431127152,mamootydash@gmail.com,P0261,Movie,Toys,1,34647.61,34647.61
O00941,2025-03-28,C0354,Urvi Sangha,917778713187,hbhatti@gmail.com,P0065,Gun,Fashion,2,46224.7,92449.4
O00941,2025-03-28,C0354,Urvi Sangha,917778713187,hbhatti@gmail.com,P0190,Decision,Electronics,2,31613.49,63226.98
O00941,2025-03-28,C0354,Urvi Sangha,917778713187,hbhatti@gmail.com,P0497,Home,Grocery,2,14070.95,28141.9
O00941,2025-03-28,C0354,Urvi Sangha,917778713187,hbhatti@gmail.com,P0118,Support,Home,2,35996.16,71992.32
O00941,2025-03-28,C0354,Urvi Sangha,917778713187,hbhatti@gmail.com,P0073,Pull,Grocery,1,29600.94,29600.94
O00942,2025-04-11,C0786,Shray Saini,919919511261,irayadav@gmail.com,P0315,Pm,Home,2,6451.23,12902.46
O00942,2025-04-11,C0786,Shray Saini,919919511261,irayadav@gmail.com,P0376,Political,Books,2,42513.81,85027.62
O00942,2025-04-11,C0786,Shray Saini,919919511261,irayadav@gmail.com,P0426,Machine,Toys,1,33161.16,33161.16
O00943,2024-12-12,C0203,Shaan Bedi,916147962946,ahana-85@gmail.com,P0019,Such,Fashion,2,14547.49,29094.98
O00944,2024-09-27,C0062,Saanvi Vasa,918517343536,wmalhotra@gmail.com,P0037,Hundred,Books,2,36049.73,72099.46
O00944,2024-09-27,C0062,Saanvi Vasa,918517343536,wmalhotra@gmail.com,P0272,Maybe,Toys,2,47951.54,95903.08
O00944,2024-09-27,C0062,Saanvi Vasa,918517343536,wmalhotra@gmail.com,P0305,Alone,Grocery,3,12384.66,37153.98
O00944,2024-09-27,C0062,Saanvi Vasa,918517343536,wmalhotra@gmail.com,P0146,Buy,Fashion,1,18119.49,18119.49
O00945,2025-07-02,C0672,Abram Kala,918284854898,sanebaiju@gmail.com,P0316,Forget,Books,2,10470.32,20940.64
O00945,2025-07-02,C0672,Abram Kala,918284854898,sanebaiju@gmail.com,P0266,Relate,Fashion,3,24933.26,74799.78
O00945,2025-07-02,C0672,Abram Kala,918284854898,sanebaiju@gmail.com,P0265,Write,Grocery,3,30863.16,92589.48
O00946,2025-05-05,C0663,Bhavin Sankaran,917087274975,taimurkaran@gmail.com,P0267,Activity,Books,1,37125.93,37125.93
O00946,2025-05-05,C0663,Bhavin Sankaran,917087274975,taimurkaran@gmail.com,P0112,So,Fashion,1,7126.45,7126.45
O00946,2025-05-05,C0663,Bhavin Sankaran,917087274975,taimurkaran@gmail.com,P0184,Service,Grocery,3,40592.32,121776.96
O00946,2025-05-05,C0663,Bhavin Sankaran,917087274975,taimurkaran@gmail.com,P0308,Somebody,Grocery,2,7191.81,14383.62
O00947,2024-11-29,C0144,Aarush Sarraf,919467621276,saksham58@gmail.com,P0330,Do,Toys,3,27768.67,83306.01
O00947,2024-11-29,C0144,Aarush Sarraf,919467621276,saksham58@gmail.com,P0184,Service,Grocery,2,40592.32,81184.64
O00947,2024-11-29,C0144,Aarush Sarraf,919467621276,saksham58@gmail.com,P0271,What,Home,3,25241.9,75725.7
O00948,2025-08-10,C0676,Bhamini Balasubramanian,919892403029,shray68@gmail.com,P0361,Upon,Electronics,1,22373.88,22373.88
O00949,2025-06-18,C0023,Rohan Kalla,918380065541,preraksaraf@gmail.com,P0204,Grow,Home,2,36853.4,73706.8
O00949,2025-06-18,C0023,Rohan Kalla,918380065541,preraksaraf@gmail.com,P0410,Result,Fashion,2,39761.33,79522.66
O00949,2025-06-18,C0023,Rohan Kalla,918380065541,preraksaraf@gmail.com,P0027,Like,Toys,3,26312.15,78936.45
O00949,2025-06-18,C0023,Rohan Kalla,918380065541,preraksaraf@gmail.com,P0355,Put,Electronics,2,48668.56,97337.12
O00949,2025-06-18,C0023,Rohan Kalla,918380065541,preraksaraf@gmail.com,P0118,Support,Home,2,35996.16,71992.32
O00950,2024-10-28,C0730,Shalv Bansal,917034201676,hunar31@gmail.com,P0300,Return,Electronics,1,10069.79,10069.79
O00950,2024-10-28,C0730,Shalv Bansal,917034201676,hunar31@gmail.com,P0167,Growth,Fashion,3,9807.77,29423.31
O00950,2024-10-28,C0730,Shalv Bansal,917034201676,hunar31@gmail.com,P0396,Someone,Books,3,8750.11,26250.33
O00951,2024-10-13,C0929,Vedika Sama,919311518331,pihulala@gmail.com,P0145,Once,Electronics,3,19289.24,57867.72
O00951,2024-10-13,C0929,Vedika Sama,919311518331,pihulala@gmail.com,P0150,Carry,Electronics,1,48970.24,48970.24
O00951,2024-10-13,C0929,Vedika Sama,919311518331,pihulala@gmail.com,P0399,Edge,Grocery,3,8358.74,25076.22
O00952,2024-09-28,C0483,Shalv Kara,919079322770,ryandhaliwal@gmail.com,P0093,Improve,Books,1,43974.96,43974.96
O00952,2024-09-28,C0483,Shalv Kara,919079322770,ryandhaliwal@gmail.com,P0468,Industry,Home,3,34232.29,102696.87
O00952,2024-09-28,C0483,Shalv Kara,919079322770,ryandhaliwal@gmail.com,P0473,Feeling,Fashion,3,6741.82,20225.46
O00952,2024-09-28,C0483,Shalv Kara,919079322770,ryandhaliwal@gmail.com,P0182,Director,Electronics,3,28330.65,84991.95
O00953,2024-09-07,C0315,Chirag Trivedi,919904612413,tushar95@gmail.com,P0422,Long,Toys,2,23695.22,47390.44
O00953,2024-09-07,C0315,Chirag Trivedi,919904612413,tushar95@gmail.com,P0292,Participant,Fashion,1,6391.66,6391.66
O00954,2024-09-08,C0943,Kimaya Dugal,916416787622,esidhu@gmail.com,P0011,Task,Electronics,3,12639.93,37919.79
O00955,2025-02-02,C0032,Shayak Dewan,916884208208,armaansandhu@gmail.com,P0224,Each,Fashion,2,595.03,1190.06
O00955,2025-02-02,C0032,Shayak Dewan,916884208208,armaansandhu@gmail.com,P0019,Such,Fashion,3,14547.49,43642.47
O00955,2025-02-02,C0032,Shayak Dewan,916884208208,armaansandhu@gmail.com,P0439,Share,Toys,2,18005.17,36010.34
O00955,2025-02-02,C0032,Shayak Dewan,916884208208,armaansandhu@gmail.com,P0271,What,Home,3,25241.9,75725.7
O00955,2025-02-02,C0032,Shayak Dewan,916884208208,armaansandhu@gmail.com,P0171,Approach,Books,3,7881.56,23644.68
O00956,2024-12-22,C0353,Trisha Mannan,918220355563,saanvi23@gmail.com,P0124,The,Electronics,3,38646.03,115938.09
O00956,2024-12-22,C0353,Trisha Mannan,918220355563,saanvi23@gmail.com,P0156,Stage,Books,2,37082.36,74164.72
O00957,2024-12-02,C0640,Gokul Ratta,916918104039,riaandin@gmail.com,P0207,Hope,Books,2,31811.6,63623.2
O00957,2024-12-02,C0640,Gokul Ratta,916918104039,riaandin@gmail.com,P0195,Difficult,Toys,3,38374.95,115124.85
O00957,2024-12-02,C0640,Gokul Ratta,916918104039,riaandin@gmail.com,P0468,Industry,Home,2,34232.29,68464.58
O00958,2025-04-14,C0937,Ranbir Dewan,917825744640,prerakkulkarni@gmail.com,P0444,Bit,Grocery,3,6982.49,20947.47
O00958,2025-04-14,C0937,Ranbir Dewan,917825744640,prerakkulkarni@gmail.com,P0373,Especially,Electronics,3,6461.93,19385.79
O00958,2025-04-14,C0937,Ranbir Dewan,917825744640,prerakkulkarni@gmail.com,P0283,Hear,Grocery,3,18807.75,56423.25
O00959,2024-12-12,C0826,Rohan Varkey,916298866454,trisha77@gmail.com,P0140,State,Grocery,3,28789.71,86369.13
O00959,2024-12-12,C0826,Rohan Varkey,916298866454,trisha77@gmail.com,P0225,About,Toys,1,34961.77,34961.77
O00960,2025-03-12,C0176,Ehsaan Golla,917214513167,jbhatti@gmail.com,P0211,Run,Home,2,42595.97,85191.94
O00960,2025-03-12,C0176,Ehsaan Golla,917214513167,jbhatti@gmail.com,P0305,Alone,Grocery,3,12384.66,37153.98
O00960,2025-03-12,C0176,Ehsaan Golla,917214513167,jbhatti@gmail.com,P0463,Enough,Books,3,8622.35,25867.05
O00960,2025-03-12,C0176,Ehsaan Golla,917214513167,jbhatti@gmail.com,P0207,Hope,Books,1,31811.6,31811.6
O00961,2025-07-09,C0746,Nehmat Sheth,916052927263,whayre@gmail.com,P0351,Play,Home,3,16869.29,50607.87
O00961,2025-07-09,C0746,Nehmat Sheth,916052927263,whayre@gmail.com,P0483,Work,Toys,2,8375.29,16750.58
O00962,2025-05-23,C0453,Ela Taneja,916830525427,aaryahibrahmbhatt@gmail.com,P0028,Doctor,Home,2,169.02,338.04
O00962,2025-05-23,C0453,Ela Taneja,916830525427,aaryahibrahmbhatt@gmail.com,P0484,Season,Toys,1,8571.02,8571.02
O00962,2025-05-23,C0453,Ela Taneja,916830525427,aaryahibrahmbhatt@gmail.com,P0274,Goal,Books,3,36502.79,109508.37
O00963,2025-01-23,C0173,Jiya Sama,918915603160,fkhalsa@gmail.com,P0486,Garden,Fashion,1,3392.63,3392.63
O00964,2025-05-30,C0917,Zoya Basu,919913385431,wgupta@gmail.com,P0239,Girl,Fashion,1,1403.24,1403.24
O00964,2025-05-30,C0917,Zoya Basu,919913385431,wgupta@gmail.com,P0210,Serious,Grocery,3,35406.15,106218.45
O00965,2024-10-14,C0983,Vaibhav Mani,918500645514,manjari19@gmail.com,P0471,Far,Toys,2,4287.8,8575.6
O00965,2024-10-14,C0983,Vaibhav Mani,918500645514,manjari19@gmail.com,P0437,Card,Fashion,3,16672.54,50017.62
O00965,2024-10-14,C0983,Vaibhav Mani,918500645514,manjari19@gmail.com,P0484,Season,Toys,1,8571.02,8571.02
O00966,2025-07-30,C0103,Jayant Baral,919795766020,valakabir@gmail.com,P0289,Well,Grocery,1,4903.97,4903.97
O00966,2025-07-30,C0103,Jayant Baral,919795766020,valakabir@gmail.com,P0145,Once,Electronics,1,19289.24,19289.24
O00966,2025-07-30,C0103,Jayant Baral,919795766020,valakabir@gmail.com,P0274,Goal,Books,3,36502.79,109508.37
O00966,2025-07-30,C0103,Jayant Baral,919795766020,valakabir@gmail.com,P0397,Choice,Home,2,37386.66,74773.32
O00966,2025-07-30,C0103,Jayant Baral,919795766020,valakabir@gmail.com,P0415,Sign,Electronics,2,37467.77,74935.54
O00967,2024-10-29,C0485,Mahika Seshadri,919317516767,ramareyansh@gmail.com,P0260,Course,Electronics,2,4260.68,8521.36
O00967,2024-10-29,C0485,Mahika Seshadri,919317516767,ramareyansh@gmail.com,P0292,Participant,Fashion,3,6391.66,19174.98
O00968,2024-09-21,C0718,Onkar Kumer,917415502686,pkota@gmail.com,P0376,Political,Books,2,42513.81,85027.62
O00968,2024-09-21,C0718,Onkar Kumer,917415502686,pkota@gmail.com,P0181,Store,Electronics,3,7171.29,21513.87
O00968,2024-09-21,C0718,Onkar Kumer,917415502686,pkota@gmail.com,P0259,Region,Books,3,31147.8,93443.4
O00968,2024-09-21,C0718,Onkar Kumer,917415502686,pkota@gmail.com,P0220,Car,Grocery,3,15563.77,46691.31
O00968,2024-09-21,C0718,Onkar Kumer,917415502686,pkota@gmail.com,P0367,Throw,Toys,2,45671.59,91343.18
O00969,2025-06-03,C0359,Riaan Bala,917793939222,sarrafpranay@gmail.com,P0473,Feeling,Fashion,2,6741.82,13483.64
O00969,2025-06-03,C0359,Riaan Bala,917793939222,sarrafpranay@gmail.com,P0488,Staff,Electronics,2,19763.51,39527.02
O00970,2025-05-10,C0087,Yakshit Bhargava,916626739908,sumergopal@gmail.com,P0321,Right,Fashion,2,41419.14,82838.28
O00970,2025-05-10,C0087,Yakshit Bhargava,916626739908,sumergopal@gmail.com,P0164,Day,Electronics,1,9669.61,9669.61
O00971,2025-05-11,C0317,Neelofar Khatri,916415237237,senguptasaira@gmail.com,P0309,Represent,Electronics,2,4996.03,9992.06
O00971,2025-05-11,C0317,Neelofar Khatri,916415237237,senguptasaira@gmail.com,P0196,Someone,Fashion,2,31927.62,63855.24
O00971,2025-05-11,C0317,Neelofar Khatri,916415237237,senguptasaira@gmail.com,P0301,Everything,Toys,2,17437.95,34875.9
O00971,2025-05-11,C0317,Neelofar Khatri,916415237237,senguptasaira@gmail.com,P0338,Such,Books,3,38071.08,114213.24
O00971,2025-05-11,C0317,Neelofar Khatri,916415237237,senguptasaira@gmail.com,P0045,Term,Electronics,2,27614.52,55229.04
O00972,2024-09-19,C0738,Jivika Suresh,919545898836,baradkavya@gmail.com,P0317,Less,Fashion,2,48728.05,97456.1
O00972,2024-09-19,C0738,Jivika Suresh,919545898836,baradkavya@gmail.com,P0482,Prove,Fashion,3,36394.17,109182.51
O00972,2024-09-19,C0738,Jivika Suresh,919545898836,baradkavya@gmail.com,P0087,Hotel,Fashion,1,2608.49,2608.49
O00973,2025-01-13,C0178,Kashvi Bail,918234798903,yuvaan91@gmail.com,P0065,Gun,Fashion,2,46224.7,92449.4
O00974,2025-02-11,C0481,Advik Jani,919250925404,umangkurian@gmail.com,P0364,Owner,Home,2,28432.83,56865.66
O00974,2025-02-11,C0481,Advik Jani,919250925404,umangkurian@gmail.com,P0482,Prove,Fashion,1,36394.17,36394.17
O00975,2024-10-24,C0411,Anika Kamdar,918035946340,elakshi59@gmail.com,P0064,White,Electronics,3,29997.92,89993.76
O00975,2024-10-24,C0411,Anika Kamdar,918035946340,elakshi59@gmail.com,P0498,Alone,Grocery,2,23027.23,46054.46
O00975,2024-10-24,C0411,Anika Kamdar,918035946340,elakshi59@gmail.com,P0300,Return,Electronics,3,10069.79,30209.37
O00976,2025-02-06,C0770,Manikya Chada,917580460209,jbasak@gmail.com,P0010,Accept,Grocery,3,31464.13,94392.39
O00976,2025-02-06,C0770,Manikya Chada,917580460209,jbasak@gmail.com,P0163,Same,Books,3,41732.14,125196.42
O00976,2025-02-06,C0770,Manikya Chada,917580460209,jbasak@gmail.com,P0476,Matter,Books,3,635.14,1905.42
O00976,2025-02-06,C0770,Manikya Chada,917580460209,jbasak@gmail.com,P0028,Doctor,Home,1,169.02,169.02
O00977,2024-11-24,C0223,Aniruddh Rajagopalan,917661211692,uthkarsh37@gmail.com,P0465,Tough,Toys,3,38414.53,115243.59
O00977,2024-11-24,C0223,Aniruddh Rajagopalan,917661211692,uthkarsh37@gmail.com,P0052,Black,Electronics,1,8130.37,8130.37
O00977,2024-11-24,C0223,Aniruddh Rajagopalan,917661211692,uthkarsh37@gmail.com,P0338,Such,Books,3,38071.08,114213.24
O00977,2024-11-24,C0223,Aniruddh Rajagopalan,917661211692,uthkarsh37@gmail.com,P0305,Alone,Grocery,1,12384.66,12384.66
O00978,2025-06-04,C0790,Aaryahi Raman,918406222477,neysabala@gmail.com,P0100,Dinner,Books,3,7336.08,22008.24
O00978,2025-06-04,C0790,Aaryahi Raman,918406222477,neysabala@gmail.com,P0126,Wonder,Toys,3,28749.51,86248.53
O00979,2025-05-27,C0943,Kimaya Dugal,916416787622,esidhu@gmail.com,P0181,Store,Electronics,2,7171.29,14342.58
O00979,2025-05-27,C0943,Kimaya Dugal,916416787622,esidhu@gmail.com,P0193,Whole,Home,3,2379.84,7139.52
O00979,2025-05-27,C0943,Kimaya Dugal,916416787622,esidhu@gmail.com,P0412,High,Home,3,28978.96,86936.88
O00979,2025-05-27,C0943,Kimaya Dugal,916416787622,esidhu@gmail.com,P0217,Building,Fashion,3,43359.09,130077.27
O00980,2025-08-18,C0541,Gokul Master,918189037944,amira68@gmail.com,P0111,Forward,Fashion,2,13770.51,27541.02
O00980,2025-08-18,C0541,Gokul Master,918189037944,amira68@gmail.com,P0205,Low,Books,2,3894.6,7789.2
O00981,2024-10-06,C0852,Zaina Varghese,919916636263,hayrejayan@gmail.com,P0296,Safe,Grocery,3,6885.75,20657.25
O00982,2025-01-29,C0016,Nirvi Sarma,918637183289,baliindranil@gmail.com,P0352,Decade,Grocery,1,22564.59,22564.59
O00982,2025-01-29,C0016,Nirvi Sarma,918637183289,baliindranil@gmail.com,P0269,Speech,Books,1,34902.62,34902.62
O00982,2025-01-29,C0016,Nirvi Sarma,918637183289,baliindranil@gmail.com,P0003,Cell,Electronics,3,48147.23,144441.69
O00982,2025-01-29,C0016,Nirvi Sarma,918637183289,baliindranil@gmail.com,P0152,Marriage,Electronics,2,24420.94,48841.88
O00983,2025-01-22,C0067,Faiyaz Dave,917078723728,okaran@gmail.com,P0203,Fund,Fashion,1,11474.77,11474.77
O00983,2025-01-22,C0067,Faiyaz Dave,917078723728,okaran@gmail.com,P0282,Long,Toys,3,38700.74,116102.22
O00983,2025-01-22,C0067,Faiyaz Dave,917078723728,okaran@gmail.com,P0474,History,Toys,3,6036.27,18108.81
O00984,2025-06-10,C0070,Sana Kapadia,917611698265,vlad@gmail.com,P0227,Behavior,Electronics,1,36013.96,36013.96
O00984,2025-06-10,C0070,Sana Kapadia,917611698265,vlad@gmail.com,P0236,Situation,Books,2,7364.61,14729.22
O00984,2025-06-10,C0070,Sana Kapadia,917611698265,vlad@gmail.com,P0291,Church,Home,1,38797.98,38797.98
O00984,2025-06-10,C0070,Sana Kapadia,917611698265,vlad@gmail.com,P0273,Score,Grocery,1,36008.68,36008.68
O00985,2025-01-24,C0226,Mahika Barad,918322933505,csom@gmail.com,P0010,Accept,Grocery,2,31464.13,62928.26
O00985,2025-01-24,C0226,Mahika Barad,918322933505,csom@gmail.com,P0380,Go,Electronics,3,8354.83,25064.49
O00985,2025-01-24,C0226,Mahika Barad,918322933505,csom@gmail.com,P0331,Line,Fashion,1,39780.07,39780.07
O00985,2025-01-24,C0226,Mahika Barad,918322933505,csom@gmail.com,P0383,Writer,Books,1,39853.45,39853.45
O00985,2025-01-24,C0226,Mahika Barad,918322933505,csom@gmail.com,P0405,Number,Books,1,36701.41,36701.41
O00986,2025-03-30,C0980,Eva Chatterjee,918762206775,rravel@gmail.com,P0157,Establish,Home,1,159.01,159.01
O00986,2025-03-30,C0980,Eva Chatterjee,918762206775,rravel@gmail.com,P0405,Number,Books,3,36701.41,110104.23
O00986,2025-03-30,C0980,Eva Chatterjee,918762206775,rravel@gmail.com,P0253,Himself,Toys,3,28859.07,86577.21
O00986,2025-03-30,C0980,Eva Chatterjee,918762206775,rravel@gmail.com,P0154,Effort,Grocery,3,26859.2,80577.6
O00986,2025-03-30,C0980,Eva Chatterjee,918762206775,rravel@gmail.com,P0394,Strategy,Fashion,3,24240.67,72722.01
O00987,2025-06-09,C0620,Khushi Apte,918549691325,divit63@gmail.com,P0227,Behavior,Electronics,2,36013.96,72027.92
O00987,2025-06-09,C0620,Khushi Apte,918549691325,divit63@gmail.com,P0032,Language,Fashion,2,22132.39,44264.78
O00987,2025-06-09,C0620,Khushi Apte,918549691325,divit63@gmail.com,P0420,Detail,Fashion,3,1072.49,3217.47
O00987,2025-06-09,C0620,Khushi Apte,918549691325,divit63@gmail.com,P0030,Opportunity,Toys,3,12911.03,38733.09
O00988,2025-02-24,C0837,Advik Andra,917858773975,jhanvichauhan@gmail.com,P0085,Worker,Books,1,33183.28,33183.28
O00988,2025-02-24,C0837,Advik Andra,917858773975,jhanvichauhan@gmail.com,P0187,Many,Electronics,1,46075.75,46075.75
O00988,2025-02-24,C0837,Advik Andra,917858773975,jhanvichauhan@gmail.com,P0160,Since,Toys,2,41383.45,82766.9
O00988,2025-02-24,C0837,Advik Andra,917858773975,jhanvichauhan@gmail.com,P0008,Step,Grocery,2,21635.32,43270.64
O00989,2024-11-02,C0262,Lavanya Lal,917988992612,ybhatia@gmail.com,P0007,Whose,Grocery,3,3639.73,10919.19
O00990,2024-12-08,C0181,Keya Sridhar,918761441908,singhalnishith@gmail.com,P0005,Third,Electronics,3,17555.54,52666.62
O00990,2024-12-08,C0181,Keya Sridhar,918761441908,singhalnishith@gmail.com,P0421,Human,Home,3,37593.63,112780.89
O00990,2024-12-08,C0181,Keya Sridhar,918761441908,singhalnishith@gmail.com,P0409,Ever,Fashion,2,48069.69,96139.38
O00991,2025-05-04,C0379,Aradhya Dara,916637310306,emir65@gmail.com,P0025,Ground,Electronics,1,32682.8,32682.8
O00991,2025-05-04,C0379,Aradhya Dara,916637310306,emir65@gmail.com,P0064,White,Electronics,2,29997.92,59995.84
O00992,2024-12-18,C0604,Rati Gara,917679803121,yadavfateh@gmail.com,P0170,She,Books,3,26961.11,80883.33
O00993,2024-11-09,C0148,Kanav Dani,919201030424,ira20@gmail.com,P0048,Probably,Toys,3,15969.26,47907.78
O00993,2024-11-09,C0148,Kanav Dani,919201030424,ira20@gmail.com,P0035,Almost,Electronics,3,44323.81,132971.43
O00993,2024-11-09,C0148,Kanav Dani,919201030424,ira20@gmail.com,P0148,Will,Books,3,29281.73,87845.19
O00993,2024-11-09,C0148,Kanav Dani,919201030424,ira20@gmail.com,P0034,Begin,Home,1,23453.17,23453.17
O00994,2025-08-27,C0139,Ayesha Sane,918019536103,gatik91@gmail.com,P0035,Almost,Electronics,3,44323.81,132971.43
O00994,2025-08-27,C0139,Ayesha Sane,918019536103,gatik91@gmail.com,P0159,Total,Toys,1,16887.31,16887.31
O00994,2025-08-27,C0139,Ayesha Sane,918019536103,gatik91@gmail.com,P0181,Store,Electronics,1,7171.29,7171.29
O00994,2025-08-27,C0139,Ayesha Sane,918019536103,gatik91@gmail.com,P0047,Become,Toys,1,18552.11,18552.11
O00994,2025-08-27,C0139,Ayesha Sane,918019536103,gatik91@gmail.com,P0384,Market,Grocery,2,30276.68,60553.36
O00995,2024-11-28,C0780,Saanvi Dey,916529368989,aaina97@gmail.com,P0357,Recently,Home,1,8621.08,8621.08
O00995,2024-11-28,C0780,Saanvi Dey,916529368989,aaina97@gmail.com,P0413,Describe,Electronics,1,11998.55,11998.55
O00995,2024-11-28,C0780,Saanvi Dey,916529368989,aaina97@gmail.com,P0036,Consumer,Books,1,24513.98,24513.98
O00996,2024-09-07,C0294,Badal Dara,918580894161,gokul70@gmail.com,P0125,Who,Fashion,3,44975.66,134926.98
O00996,2024-09-07,C0294,Badal Dara,918580894161,gokul70@gmail.com,P0272,Maybe,Toys,3,47951.54,143854.62
O00996,2024-09-07,C0294,Badal Dara,918580894161,gokul70@gmail.com,P0330,Do,Toys,3,27768.67,83306.01
O00997,2025-06-08,C0745,Vivaan Majumdar,918180795324,romilzachariah@gmail.com,P0472,Certainly,Grocery,3,43777.9,131333.7
O00997,2025-06-08,C0745,Vivaan Majumdar,918180795324,romilzachariah@gmail.com,P0162,Population,Home,3,48541.96,145625.88
O00997,2025-06-08,C0745,Vivaan Majumdar,918180795324,romilzachariah@gmail.com,P0342,Throughout,Fashion,2,11727.32,23454.64
O00997,2025-06-08,C0745,Vivaan Majumdar,918180795324,romilzachariah@gmail.com,P0380,Go,Electronics,2,8354.83,16709.66
O00997,2025-06-08,C0745,Vivaan Majumdar,918180795324,romilzachariah@gmail.com,P0349,Score,Electronics,1,13424.17,13424.17
O00998,2025-04-21,C0421,Seher Wali,918097643395,ojasratti@gmail.com,P0364,Owner,Home,3,28432.83,85298.49
O00998,2025-04-21,C0421,Seher Wali,918097643395,ojasratti@gmail.com,P0231,Reality,Toys,2,36040.9,72081.8
O00998,2025-04-21,C0421,Seher Wali,918097643395,ojasratti@gmail.com,P0036,Consumer,Books,2,24513.98,49027.96
O00998,2025-04-21,C0421,Seher Wali,918097643395,ojasratti@gmail.com,P0150,Carry,Electronics,1,48970.24,48970.24
O00999,2024-12-01,C0895,Samarth Sathe,917412407699,kiarabatra@gmail.com,P0310,Data,Toys,1,32555.16,32555.16
O00999,2024-12-01,C0895,Samarth Sathe,917412407699,kiarabatra@gmail.com,P0155,Live,Electronics,1,7171.57,7171.57
O01000,2024-12-27,C0851,Urvi Sane,919000062060,aayushbajaj@gmail.com,P0145,Once,Electronics,1,19289.24,19289.24
O01000,2024-12-27,C0851,Urvi Sane,919000062060,aayushbajaj@gmail.com,P0012,Help,Toys,2,16101.89,32203.78
O01000,2024-12-27,C0851,Urvi Sane,919000062060,aayushbajaj@gmail.com,P0437,Card,Fashion,3,16672.54,50017.62
O01000,2024-12-27,C0851,Urvi Sane,919000062060,aayushbajaj@gmail.com,P0338,Such,Books,3,38071.08,114213.24
O01001,2025-06-20,C0622,Gatik Karpe,917474077043,qdar@gmail.com,P0392,Book,Home,3,11405.72,34217.16
O01001,2025-06-20,C0622,Gatik Karpe,917474077043,qdar@gmail.com,P0153,Dark,Electronics,2,47262.3,94524.6
O01001,2025-06-20,C0622,Gatik Karpe,917474077043,qdar@gmail.com,P0334,Let,Fashion,1,11112.43,11112.43
O01001,2025-06-20,C0622,Gatik Karpe,917474077043,qdar@gmail.com,P0350,Maintain,Grocery,3,34831.08,104493.24
O01002,2025-05-26,C0219,Prisha Bahl,916387269804,kotharianika@gmail.com,P0006,Worker,Grocery,2,22450.55,44901.1
O01002,2025-05-26,C0219,Prisha Bahl,916387269804,kotharianika@gmail.com,P0056,Home,Toys,3,710.67,2132.01
O01002,2025-05-26,C0219,Prisha Bahl,916387269804,kotharianika@gmail.com,P0459,Still,Toys,1,5875.98,5875.98
O01002,2025-05-26,C0219,Prisha Bahl,916387269804,kotharianika@gmail.com,P0263,Because,Fashion,1,6202.41,6202.41
O01002,2025-05-26,C0219,Prisha Bahl,916387269804,kotharianika@gmail.com,P0169,Truth,Home,2,9805.16,19610.32
O01003,2025-03-24,C0304,Nishith Talwar,919973185051,mbava@gmail.com,P0275,Growth,Fashion,2,40260.94,80521.88
O01003,2025-03-24,C0304,Nishith Talwar,919973185051,mbava@gmail.com,P0032,Language,Fashion,1,22132.39,22132.39
O01003,2025-03-24,C0304,Nishith Talwar,919973185051,mbava@gmail.com,P0008,Step,Grocery,3,21635.32,64905.96
O01004,2024-10-01,C0824,Priyansh Kaul,916599700423,rheaborde@gmail.com,P0235,Ball,Electronics,1,36018.57,36018.57
O01004,2024-10-01,C0824,Priyansh Kaul,916599700423,rheaborde@gmail.com,P0438,Build,Fashion,3,25867.34,77602.02
O01004,2024-10-01,C0824,Priyansh Kaul,916599700423,rheaborde@gmail.com,P0474,History,Toys,3,6036.27,18108.81
O01005,2024-12-06,C0583,Zeeshan Choudhary,919912476306,imalhotra@gmail.com,P0462,May,Electronics,3,34764.62,104293.86
O01006,2025-05-05,C0765,Elakshi Chada,916711281674,hansh17@gmail.com,P0297,Interview,Home,3,39804.91,119414.73
O01006,2025-05-05,C0765,Elakshi Chada,916711281674,hansh17@gmail.com,P0139,Poor,Toys,3,38016.17,114048.51
O01007,2024-09-27,C0626,Mohanlal Iyer,918117862871,sidhukiaan@gmail.com,P0232,Simply,Fashion,3,47673.19,143019.57
O01007,2024-09-27,C0626,Mohanlal Iyer,918117862871,sidhukiaan@gmail.com,P0211,Run,Home,3,42595.97,127787.91
O01007,2024-09-27,C0626,Mohanlal Iyer,918117862871,sidhukiaan@gmail.com,P0121,Listen,Toys,1,22992.5,22992.5
O01007,2024-09-27,C0626,Mohanlal Iyer,918117862871,sidhukiaan@gmail.com,P0301,Everything,Toys,1,17437.95,17437.95
O01007,2024-09-27,C0626,Mohanlal Iyer,918117862871,sidhukiaan@gmail.com,P0276,All,Books,1,17066.13,17066.13
O01008,2024-09-14,C0082,Aayush Soni,918183836783,badal17@gmail.com,P0296,Safe,Grocery,2,6885.75,13771.5
O01008,2024-09-14,C0082,Aayush Soni,918183836783,badal17@gmail.com,P0029,Technology,Grocery,1,1746.82,1746.82
O01008,2024-09-14,C0082,Aayush Soni,918183836783,badal17@gmail.com,P0106,Agreement,Grocery,1,33426.3,33426.3
O01008,2024-09-14,C0082,Aayush Soni,918183836783,badal17@gmail.com,P0076,Gas,Grocery,3,33745.05,101235.15
O01009,2024-09-13,C0432,Kashvi Bahl,917480950290,eshani83@gmail.com,P0380,Go,Electronics,1,8354.83,8354.83
O01009,2024-09-13,C0432,Kashvi Bahl,917480950290,eshani83@gmail.com,P0461,Five,Grocery,1,16984.87,16984.87
O01009,2024-09-13,C0432,Kashvi Bahl,917480950290,eshani83@gmail.com,P0082,Nothing,Home,1,26893.32,26893.32
O01009,2024-09-13,C0432,Kashvi Bahl,917480950290,eshani83@gmail.com,P0174,Career,Grocery,2,33061.41,66122.82
O01009,2024-09-13,C0432,Kashvi Bahl,917480950290,eshani83@gmail.com,P0273,Score,Grocery,1,36008.68,36008.68
O01010,2025-04-27,C0430,Miraya Bahl,917063753229,kanavsharaf@gmail.com,P0050,Relationship,Books,1,48838.18,48838.18
O01010,2025-04-27,C0430,Miraya Bahl,917063753229,kanavsharaf@gmail.com,P0190,Decision,Electronics,3,31613.49,94840.47
O01011,2025-06-13,C0287,Indranil Chakrabarti,916301982540,kimaya80@gmail.com,P0099,Machine,Grocery,2,5087.08,10174.16
O01011,2025-06-13,C0287,Indranil Chakrabarti,916301982540,kimaya80@gmail.com,P0288,Ten,Books,1,21119.51,21119.51
O01011,2025-06-13,C0287,Indranil Chakrabarti,916301982540,kimaya80@gmail.com,P0043,Case,Fashion,2,31823.55,63647.1
O01011,2025-06-13,C0287,Indranil Chakrabarti,916301982540,kimaya80@gmail.com,P0248,My,Grocery,1,37715.55,37715.55
O01012,2025-01-06,C0218,Armaan Apte,919667895007,chokshisahil@gmail.com,P0415,Sign,Electronics,2,37467.77,74935.54
O01012,2025-01-06,C0218,Armaan Apte,919667895007,chokshisahil@gmail.com,P0294,Enough,Toys,1,28895.66,28895.66
O01012,2025-01-06,C0218,Armaan Apte,919667895007,chokshisahil@gmail.com,P0418,Health,Toys,3,11635.18,34905.54
O01013,2025-01-30,C0601,Misha Karnik,918234772816,mehul28@gmail.com,P0395,Most,Home,3,12181.55,36544.65
O01014,2025-03-13,C0382,Vritika Sachdev,919414100828,chandnakul@gmail.com,P0371,Writer,Grocery,1,15840.23,15840.23
O01014,2025-03-13,C0382,Vritika Sachdev,919414100828,chandnakul@gmail.com,P0448,My,Toys,1,7511.41,7511.41
O01014,2025-03-13,C0382,Vritika Sachdev,919414100828,chandnakul@gmail.com,P0120,Able,Books,3,37572.81,112718.43
O01014,2025-03-13,C0382,Vritika Sachdev,919414100828,chandnakul@gmail.com,P0319,Friend,Electronics,1,17520.15,17520.15
O01014,2025-03-13,C0382,Vritika Sachdev,919414100828,chandnakul@gmail.com,P0138,Purpose,Grocery,2,2234.54,4469.08
O01015,2025-01-06,C0289,Dhanuk Mangat,916373098623,divansaanvi@gmail.com,P0449,Start,Books,3,31877.19,95631.57
O01016,2025-08-01,C0714,Ivana Basak,919407545082,singhalvedika@gmail.com,P0194,Better,Books,3,49657.42,148972.26
O01016,2025-08-01,C0714,Ivana Basak,919407545082,singhalvedika@gmail.com,P0049,Education,Fashion,3,33685.14,101055.42
O01016,2025-08-01,C0714,Ivana Basak,919407545082,singhalvedika@gmail.com,P0039,Home,Grocery,3,24312.94,72938.82
O01017,2024-11-11,C0353,Trisha Mannan,918220355563,saanvi23@gmail.com,P0482,Prove,Fashion,2,36394.17,72788.34
O01017,2024-11-11,C0353,Trisha Mannan,918220355563,saanvi23@gmail.com,P0468,Industry,Home,3,34232.29,102696.87
O01017,2024-11-11,C0353,Trisha Mannan,918220355563,saanvi23@gmail.com,P0186,Environment,Fashion,2,39743.81,79487.62
O01017,2024-11-11,C0353,Trisha Mannan,918220355563,saanvi23@gmail.com,P0181,Store,Electronics,3,7171.29,21513.87
O01017,2024-11-11,C0353,Trisha Mannan,918220355563,saanvi23@gmail.com,P0326,Live,Grocery,1,18953.49,18953.49
O01018,2025-05-17,C0495,Yasmin Khosla,919424493717,irade@gmail.com,P0280,Stay,Grocery,2,33100.84,66201.68
O01018,2025-05-17,C0495,Yasmin Khosla,919424493717,irade@gmail.com,P0049,Education,Fashion,2,33685.14,67370.28
O01018,2025-05-17,C0495,Yasmin Khosla,919424493717,irade@gmail.com,P0098,Single,Fashion,2,30136.38,60272.76
O01019,2025-03-15,C0282,Mannat Hayre,917354200948,onkarvala@gmail.com,P0018,Watch,Fashion,1,38945.67,38945.67
O01019,2025-03-15,C0282,Mannat Hayre,917354200948,onkarvala@gmail.com,P0179,Change,Fashion,2,15898.63,31797.26
O01019,2025-03-15,C0282,Mannat Hayre,917354200948,onkarvala@gmail.com,P0383,Writer,Books,3,39853.45,119560.35
O01019,2025-03-15,C0282,Mannat Hayre,917354200948,onkarvala@gmail.com,P0001,Evening,Toys,3,45810.78,137432.34
O01019,2025-03-15,C0282,Mannat Hayre,917354200948,onkarvala@gmail.com,P0114,Office,Toys,1,11898.15,11898.15
O01020,2024-10-28,C0753,Taran Kade,919869505752,parinaazbedi@gmail.com,P0121,Listen,Toys,1,22992.5,22992.5
O01020,2024-10-28,C0753,Taran Kade,919869505752,parinaazbedi@gmail.com,P0399,Edge,Grocery,2,8358.74,16717.48
O01020,2024-10-28,C0753,Taran Kade,919869505752,parinaazbedi@gmail.com,P0286,Practice,Fashion,2,34386.6,68773.2
O01020,2024-10-28,C0753,Taran Kade,919869505752,parinaazbedi@gmail.com,P0002,Big,Books,1,29810.32,29810.32
O01020,2024-10-28,C0753,Taran Kade,919869505752,parinaazbedi@gmail.com,P0363,Inside,Books,3,26506.83,79520.49
O01021,2024-09-14,C0307,Jayesh Chand,916943694608,sagaranvi@gmail.com,P0169,Truth,Home,3,9805.16,29415.48
O01021,2024-09-14,C0307,Jayesh Chand,916943694608,sagaranvi@gmail.com,P0374,Defense,Toys,3,35723.66,107170.98
O01021,2024-09-14,C0307,Jayesh Chand,916943694608,sagaranvi@gmail.com,P0103,Green,Fashion,3,43879.19,131637.57
O01021,2024-09-14,C0307,Jayesh Chand,916943694608,sagaranvi@gmail.com,P0440,Alone,Grocery,2,27504.54,55009.08
O01021,2024-09-14,C0307,Jayesh Chand,916943694608,sagaranvi@gmail.com,P0288,Ten,Books,3,21119.51,63358.53
O01022,2025-07-30,C0970,Raunak Amble,919882497282,tripathiriya@gmail.com,P0193,Whole,Home,2,2379.84,4759.68
O01022,2025-07-30,C0970,Raunak Amble,919882497282,tripathiriya@gmail.com,P0457,Which,Books,2,25557.49,51114.98
O01022,2025-07-30,C0970,Raunak Amble,919882497282,tripathiriya@gmail.com,P0169,Truth,Home,2,9805.16,19610.32
O01022,2025-07-30,C0970,Raunak Amble,919882497282,tripathiriya@gmail.com,P0038,School,Grocery,1,13156.01,13156.01
O01022,2025-07-30,C0970,Raunak Amble,919882497282,tripathiriya@gmail.com,P0207,Hope,Books,3,31811.6,95434.8
O01023,2025-06-12,C0074,Mohanlal Ben,918273893828,nayantaradubey@gmail.com,P0283,Hear,Grocery,2,18807.75,37615.5
O01023,2025-06-12,C0074,Mohanlal Ben,918273893828,nayantaradubey@gmail.com,P0337,Voice,Electronics,3,4887.85,14663.55
O01023,2025-06-12,C0074,Mohanlal Ben,918273893828,nayantaradubey@gmail.com,P0371,Writer,Grocery,2,15840.23,31680.46
O01024,2025-05-28,C0975,Nishith Dhar,917083761145,vvarma@gmail.com,P0273,Score,Grocery,3,36008.68,108026.04
O01024,2025-05-28,C0975,Nishith Dhar,917083761145,vvarma@gmail.com,P0176,Young,Grocery,2,30664.46,61328.92
O01024,2025-05-28,C0975,Nishith Dhar,917083761145,vvarma@gmail.com,P0266,Relate,Fashion,2,24933.26,49866.52
O01025,2025-05-04,C0137,Pari Bassi,919060784678,azad17@gmail.com,P0117,Radio,Toys,2,1792.39,3584.78
O01026,2024-11-19,C0444,Eva Thakkar,917659295119,fdhingra@gmail.com,P0220,Car,Grocery,3,15563.77,46691.31
O01026,2024-11-19,C0444,Eva Thakkar,917659295119,fdhingra@gmail.com,P0496,Although,Grocery,3,6446.33,19338.99
O01026,2024-11-19,C0444,Eva Thakkar,917659295119,fdhingra@gmail.com,P0218,Key,Toys,2,25984.1,51968.2
O01026,2024-11-19,C0444,Eva Thakkar,917659295119,fdhingra@gmail.com,P0464,National,Toys,1,39575.17,39575.17
O01027,2024-12-02,C0914,Ela Kurian,918099394790,aarav14@gmail.com,P0280,Stay,Grocery,2,33100.84,66201.68
O01027,2024-12-02,C0914,Ela Kurian,918099394790,aarav14@gmail.com,P0334,Let,Fashion,1,11112.43,11112.43
O01028,2025-02-19,C0767,Mahika Jain,916201753643,heermagar@gmail.com,P0378,Share,Books,1,44960.42,44960.42
O01028,2025-02-19,C0767,Mahika Jain,916201753643,heermagar@gmail.com,P0204,Grow,Home,2,36853.4,73706.8
O01028,2025-02-19,C0767,Mahika Jain,916201753643,heermagar@gmail.com,P0467,Music,Home,2,6015.2,12030.4
O01029,2025-02-21,C0103,Jayant Baral,919795766020,valakabir@gmail.com,P0463,Enough,Books,1,8622.35,8622.35
O01029,2025-02-21,C0103,Jayant Baral,919795766020,valakabir@gmail.com,P0449,Start,Books,2,31877.19,63754.38
O01029,2025-02-21,C0103,Jayant Baral,919795766020,valakabir@gmail.com,P0412,High,Home,2,28978.96,57957.92
O01029,2025-02-21,C0103,Jayant Baral,919795766020,valakabir@gmail.com,P0193,Whole,Home,3,2379.84,7139.52
O01030,2025-02-25,C0507,Prisha Mane,918776621954,eshanisarna@gmail.com,P0476,Matter,Books,1,635.14,635.14
O01030,2025-02-25,C0507,Prisha Mane,918776621954,eshanisarna@gmail.com,P0409,Ever,Fashion,1,48069.69,48069.69
O01030,2025-02-25,C0507,Prisha Mane,918776621954,eshanisarna@gmail.com,P0027,Like,Toys,2,26312.15,52624.3
O01030,2025-02-25,C0507,Prisha Mane,918776621954,eshanisarna@gmail.com,P0044,Age,Books,2,29870.75,59741.5
O01030,2025-02-25,C0507,Prisha Mane,918776621954,eshanisarna@gmail.com,P0230,Voice,Books,3,12941.39,38824.17
O01031,2025-03-11,C0118,Elakshi Aggarwal,916647572711,tara27@gmail.com,P0326,Live,Grocery,2,18953.49,37906.98
O01032,2025-04-02,C0707,Taimur Dada,916645761457,shaan53@gmail.com,P0477,Executive,Home,2,40796.04,81592.08
O01032,2025-04-02,C0707,Taimur Dada,916645761457,shaan53@gmail.com,P0478,Pretty,Toys,1,45214.46,45214.46
O01032,2025-04-02,C0707,Taimur Dada,916645761457,shaan53@gmail.com,P0222,Wrong,Fashion,1,16593.23,16593.23
O01032,2025-04-02,C0707,Taimur Dada,916645761457,shaan53@gmail.com,P0267,Activity,Books,1,37125.93,37125.93
O01032,2025-04-02,C0707,Taimur Dada,916645761457,shaan53@gmail.com,P0327,Mean,Electronics,2,45227.54,90455.08
O01033,2025-03-10,C0434,Lakshit Chopra,916051681454,kumardiya@gmail.com,P0007,Whose,Grocery,3,3639.73,10919.19
O01033,2025-03-10,C0434,Lakshit Chopra,916051681454,kumardiya@gmail.com,P0415,Sign,Electronics,3,37467.77,112403.31
O01033,2025-03-10,C0434,Lakshit Chopra,916051681454,kumardiya@gmail.com,P0077,Walk,Books,1,31770.26,31770.26
O01033,2025-03-10,C0434,Lakshit Chopra,916051681454,kumardiya@gmail.com,P0198,Buy,Grocery,2,4664.49,9328.98
O01034,2024-10-23,C0201,Hansh Comar,918066278058,jayantrout@gmail.com,P0392,Book,Home,2,11405.72,22811.44
O01034,2024-10-23,C0201,Hansh Comar,918066278058,jayantrout@gmail.com,P0464,National,Toys,1,39575.17,39575.17
O01034,2024-10-23,C0201,Hansh Comar,918066278058,jayantrout@gmail.com,P0115,Run,Fashion,1,44401.73,44401.73
O01035,2025-02-19,C0750,Amani Kaul,918633840705,eva91@gmail.com,P0324,Culture,Books,2,19384.0,38768.0
O01035,2025-02-19,C0750,Amani Kaul,918633840705,eva91@gmail.com,P0441,Color,Toys,2,31441.06,62882.12
O01035,2025-02-19,C0750,Amani Kaul,918633840705,eva91@gmail.com,P0351,Play,Home,2,16869.29,33738.58
O01036,2024-12-02,C0605,Riya Jha,918654617337,mahikaravel@gmail.com,P0396,Someone,Books,1,8750.11,8750.11
O01036,2024-12-02,C0605,Riya Jha,918654617337,mahikaravel@gmail.com,P0381,Avoid,Toys,2,20362.89,40725.78
O01037,2025-01-23,C0277,Romil Ramesh,916122333505,abramsom@gmail.com,P0494,Technology,Fashion,3,26389.15,79167.45
O01037,2025-01-23,C0277,Romil Ramesh,916122333505,abramsom@gmail.com,P0463,Enough,Books,1,8622.35,8622.35
O01037,2025-01-23,C0277,Romil Ramesh,916122333505,abramsom@gmail.com,P0211,Run,Home,3,42595.97,127787.91
O01038,2025-08-02,C0560,Tarini Kadakia,918144507873,anikasant@gmail.com,P0108,Onto,Toys,1,30794.61,30794.61
O01038,2025-08-02,C0560,Tarini Kadakia,918144507873,anikasant@gmail.com,P0431,Huge,Grocery,1,3972.53,3972.53
O01038,2025-08-02,C0560,Tarini Kadakia,918144507873,anikasant@gmail.com,P0092,Tell,Home,1,40584.21,40584.21
O01038,2025-08-02,C0560,Tarini Kadakia,918144507873,anikasant@gmail.com,P0365,See,Fashion,3,7195.14,21585.42
O01038,2025-08-02,C0560,Tarini Kadakia,918144507873,anikasant@gmail.com,P0490,They,Home,2,2217.14,4434.28
O01039,2025-07-05,C0367,Jivika Mani,917262929348,deyyasmin@gmail.com,P0055,Off,Home,2,9847.69,19695.38
O01040,2025-03-24,C0998,Diya Shroff,916161942174,gborra@gmail.com,P0313,Condition,Toys,2,36907.6,73815.2
O01040,2025-03-24,C0998,Diya Shroff,916161942174,gborra@gmail.com,P0135,Plan,Fashion,1,27769.28,27769.28
O01040,2025-03-24,C0998,Diya Shroff,916161942174,gborra@gmail.com,P0299,Also,Grocery,3,41601.06,124803.18
O01040,2025-03-24,C0998,Diya Shroff,916161942174,gborra@gmail.com,P0125,Who,Fashion,3,44975.66,134926.98
O01041,2025-06-04,C0656,Saksham Venkatesh,919160581307,tejasmangal@gmail.com,P0011,Task,Electronics,3,12639.93,37919.79
O01042,2024-10-26,C0722,Rhea Kibe,917980928488,divannishith@gmail.com,P0207,Hope,Books,2,31811.6,63623.2
O01042,2024-10-26,C0722,Rhea Kibe,917980928488,divannishith@gmail.com,P0303,Doctor,Books,1,45811.55,45811.55
O01042,2024-10-26,C0722,Rhea Kibe,917980928488,divannishith@gmail.com,P0020,Part,Home,2,28373.35,56746.7
O01042,2024-10-26,C0722,Rhea Kibe,917980928488,divannishith@gmail.com,P0036,Consumer,Books,2,24513.98,49027.96
O01042,2024-10-26,C0722,Rhea Kibe,917980928488,divannishith@gmail.com,P0497,Home,Grocery,1,14070.95,14070.95
O01043,2025-08-06,C0299,Kaira Chahal,916432609777,hunar45@gmail.com,P0440,Alone,Grocery,3,27504.54,82513.62
O01043,2025-08-06,C0299,Kaira Chahal,916432609777,hunar45@gmail.com,P0283,Hear,Grocery,2,18807.75,37615.5
O01043,2025-08-06,C0299,Kaira Chahal,916432609777,hunar45@gmail.com,P0274,Goal,Books,3,36502.79,109508.37
O01043,2025-08-06,C0299,Kaira Chahal,916432609777,hunar45@gmail.com,P0311,Yard,Toys,2,26120.96,52241.92
O01044,2025-04-30,C0522,Vidur Wagle,919519053208,wtella@gmail.com,P0139,Poor,Toys,3,38016.17,114048.51
O01044,2025-04-30,C0522,Vidur Wagle,919519053208,wtella@gmail.com,P0436,I,Fashion,1,17907.21,17907.21
O01044,2025-04-30,C0522,Vidur Wagle,919519053208,wtella@gmail.com,P0022,Husband,Electronics,3,33123.51,99370.53
O01045,2025-04-06,C0802,Samaira Shroff,917443956579,vidur85@gmail.com,P0333,Type,Grocery,2,5203.19,10406.38
O01045,2025-04-06,C0802,Samaira Shroff,917443956579,vidur85@gmail.com,P0203,Fund,Fashion,3,11474.77,34424.31
O01045,2025-04-06,C0802,Samaira Shroff,917443956579,vidur85@gmail.com,P0357,Recently,Home,2,8621.08,17242.16
O01045,2025-04-06,C0802,Samaira Shroff,917443956579,vidur85@gmail.com,P0098,Single,Fashion,3,30136.38,90409.14
O01045,2025-04-06,C0802,Samaira Shroff,917443956579,vidur85@gmail.com,P0219,Degree,Books,3,4353.93,13061.79
O01046,2025-02-24,C0943,Kimaya Dugal,916416787622,esidhu@gmail.com,P0435,Leader,Home,3,47966.92,143900.76
O01046,2025-02-24,C0943,Kimaya Dugal,916416787622,esidhu@gmail.com,P0233,Resource,Home,1,5535.26,5535.26
O01046,2025-02-24,C0943,Kimaya Dugal,916416787622,esidhu@gmail.com,P0157,Establish,Home,2,159.01,318.02
O01047,2025-06-14,C0387,Stuvan Dalal,917960779661,choprazeeshan@gmail.com,P0168,Soon,Fashion,1,16016.13,16016.13
O01048,2025-08-10,C0056,Vardaniya Halder,918215998940,grewalritvik@gmail.com,P0364,Owner,Home,2,28432.83,56865.66
O01048,2025-08-10,C0056,Vardaniya Halder,918215998940,grewalritvik@gmail.com,P0155,Live,Electronics,1,7171.57,7171.57
O01048,2025-08-10,C0056,Vardaniya Halder,918215998940,grewalritvik@gmail.com,P0148,Will,Books,2,29281.73,58563.46
O01048,2025-08-10,C0056,Vardaniya Halder,918215998940,grewalritvik@gmail.com,P0110,May,Toys,3,41735.28,125205.84
O01049,2025-03-27,C0940,Alisha Tank,916323457818,nshere@gmail.com,P0092,Tell,Home,1,40584.21,40584.21
O01049,2025-03-27,C0940,Alisha Tank,916323457818,nshere@gmail.com,P0177,Add,Grocery,3,31507.75,94523.25
O01049,2025-03-27,C0940,Alisha Tank,916323457818,nshere@gmail.com,P0372,Prevent,Books,1,13248.28,13248.28
O01050,2025-01-02,C0498,Samaira Sampath,917277305277,rameshadvika@gmail.com,P0049,Education,Fashion,3,33685.14,101055.42
O01050,2025-01-02,C0498,Samaira Sampath,917277305277,rameshadvika@gmail.com,P0285,Play,Fashion,1,49168.83,49168.83
O01050,2025-01-02,C0498,Samaira Sampath,917277305277,rameshadvika@gmail.com,P0021,Yourself,Fashion,3,8698.02,26094.06
O01050,2025-01-02,C0498,Samaira Sampath,917277305277,rameshadvika@gmail.com,P0361,Upon,Electronics,2,22373.88,44747.76
O01051,2024-11-06,C0690,Romil Buch,918235648128,warriorjayesh@gmail.com,P0166,Interesting,Grocery,3,4704.45,14113.35
O01051,2024-11-06,C0690,Romil Buch,918235648128,warriorjayesh@gmail.com,P0483,Work,Toys,1,8375.29,8375.29
O01052,2024-09-30,C0190,Aarav Krishna,918323897538,sanekismat@gmail.com,P0009,They,Home,1,32134.95,32134.95
O01053,2025-04-21,C0058,Himmat Chaudhary,917270988616,rsubramaniam@gmail.com,P0010,Accept,Grocery,2,31464.13,62928.26
O01053,2025-04-21,C0058,Himmat Chaudhary,917270988616,rsubramaniam@gmail.com,P0089,Mission,Home,2,47776.2,95552.4
O01053,2025-04-21,C0058,Himmat Chaudhary,917270988616,rsubramaniam@gmail.com,P0038,School,Grocery,1,13156.01,13156.01
O01054,2024-10-22,C0040,Sahil Babu,917512860750,ckhanna@gmail.com,P0156,Stage,Books,1,37082.36,37082.36
O01054,2024-10-22,C0040,Sahil Babu,917512860750,ckhanna@gmail.com,P0465,Tough,Toys,1,38414.53,38414.53
O01054,2024-10-22,C0040,Sahil Babu,917512860750,ckhanna@gmail.com,P0481,Test,Fashion,2,19065.63,38131.26
O01055,2025-06-04,C0556,Hridaan Ben,916205631323,eshani74@gmail.com,P0380,Go,Electronics,2,8354.83,16709.66
O01056,2024-10-31,C0772,Raghav Dani,917298388214,amiracherian@gmail.com,P0435,Leader,Home,3,47966.92,143900.76
O01056,2024-10-31,C0772,Raghav Dani,917298388214,amiracherian@gmail.com,P0073,Pull,Grocery,3,29600.94,88802.82
O01057,2025-04-15,C0152,Tanya Lall,916549741529,evaraj@gmail.com,P0180,Section,Electronics,2,15179.3,30358.6
O01057,2025-04-15,C0152,Tanya Lall,916549741529,evaraj@gmail.com,P0240,Garden,Grocery,1,12458.89,12458.89
O01057,2025-04-15,C0152,Tanya Lall,916549741529,evaraj@gmail.com,P0424,Suffer,Home,3,13776.75,41330.25
O01057,2025-04-15,C0152,Tanya Lall,916549741529,evaraj@gmail.com,P0476,Matter,Books,2,635.14,1270.28
O01058,2025-04-24,C0976,Shamik Sule,916050642288,lbora@gmail.com,P0431,Huge,Grocery,2,3972.53,7945.06
O01058,2025-04-24,C0976,Shamik Sule,916050642288,lbora@gmail.com,P0069,Film,Toys,3,43872.1,131616.3
O01058,2025-04-24,C0976,Shamik Sule,916050642288,lbora@gmail.com,P0049,Education,Fashion,2,33685.14,67370.28
O01058,2025-04-24,C0976,Shamik Sule,916050642288,lbora@gmail.com,P0472,Certainly,Grocery,2,43777.9,87555.8
O01058,2025-04-24,C0976,Shamik Sule,916050642288,lbora@gmail.com,P0477,Executive,Home,2,40796.04,81592.08
O01059,2025-04-28,C0646,Misha Wali,916080560639,divitjohal@gmail.com,P0235,Ball,Electronics,3,36018.57,108055.71
O01059,2025-04-28,C0646,Misha Wali,916080560639,divitjohal@gmail.com,P0195,Difficult,Toys,3,38374.95,115124.85
O01059,2025-04-28,C0646,Misha Wali,916080560639,divitjohal@gmail.com,P0331,Line,Fashion,2,39780.07,79560.14
O01060,2024-09-13,C0476,Umang Agate,919371351013,hbehl@gmail.com,P0296,Safe,Grocery,3,6885.75,20657.25
O01060,2024-09-13,C0476,Umang Agate,919371351013,hbehl@gmail.com,P0456,Social,Fashion,2,32028.66,64057.32
O01205,2024-09-23,C0873,Seher Chaudhary,918032793585,rasha99@gmail.com,P0405,Number,Books,1,36701.41,36701.41
O01205,2024-09-23,C0873,Seher Chaudhary,918032793585,rasha99@gmail.com,P0006,Worker,Grocery,2,22450.55,44901.1
O01205,2024-09-23,C0873,Seher Chaudhary,918032793585,rasha99@gmail.com,P0229,Goal,Electronics,2,18497.07,36994.14
O01205,2024-09-23,C0873,Seher Chaudhary,918032793585,rasha99@gmail.com,P0247,Difficult,Books,1,41823.06,41823.06
O01206,2025-07-05,C0531,Kabir Balakrishnan,918185434973,bbansal@gmail.com,P0444,Bit,Grocery,1,6982.49,6982.49
O01206,2025-07-05,C0531,Kabir Balakrishnan,918185434973,bbansal@gmail.com,P0349,Score,Electronics,1,13424.17,13424.17
O01206,2025-07-05,C0531,Kabir Balakrishnan,918185434973,bbansal@gmail.com,P0226,Close,Fashion,1,22025.27,22025.27
O01206,2025-07-05,C0531,Kabir Balakrishnan,918185434973,bbansal@gmail.com,P0076,Gas,Grocery,2,33745.05,67490.1
O01206,2025-07-05,C0531,Kabir Balakrishnan,918185434973,bbansal@gmail.com,P0164,Day,Electronics,1,9669.61,9669.61
O01207,2025-08-15,C0314,Saanvi Rau,916106122153,vasavritika@gmail.com,P0156,Stage,Books,2,37082.36,74164.72
O01207,2025-08-15,C0314,Saanvi Rau,916106122153,vasavritika@gmail.com,P0110,May,Toys,3,41735.28,125205.84
O01207,2025-08-15,C0314,Saanvi Rau,916106122153,vasavritika@gmail.com,P0316,Forget,Books,2,10470.32,20940.64
O01207,2025-08-15,C0314,Saanvi Rau,916106122153,vasavritika@gmail.com,P0230,Voice,Books,1,12941.39,12941.39
O01208,2025-02-28,C0056,Vardaniya Halder,918215998940,grewalritvik@gmail.com,P0097,Worker,Home,2,21400.55,42801.1
O01209,2024-11-13,C0881,Heer Tella,916656004014,indrans50@gmail.com,P0328,Born,Home,2,7635.87,15271.74
O01209,2024-11-13,C0881,Heer Tella,916656004014,indrans50@gmail.com,P0184,Service,Grocery,1,40592.32,40592.32
O01209,2024-11-13,C0881,Heer Tella,916656004014,indrans50@gmail.com,P0302,Example,Grocery,1,17949.9,17949.9
O01209,2024-11-13,C0881,Heer Tella,916656004014,indrans50@gmail.com,P0341,Actually,Books,2,31938.49,63876.98
O01210,2024-10-01,C0759,Gokul Varty,918185980420,yashviverma@gmail.com,P0319,Friend,Electronics,2,17520.15,35040.3
O01210,2024-10-01,C0759,Gokul Varty,918185980420,yashviverma@gmail.com,P0115,Run,Fashion,1,44401.73,44401.73
O01210,2024-10-01,C0759,Gokul Varty,918185980420,yashviverma@gmail.com,P0202,Least,Grocery,2,30815.56,61631.12
O01211,2025-08-16,C0734,Misha Din,916122956623,qdugal@gmail.com,P0419,Quickly,Books,1,31729.12,31729.12
O01211,2025-08-16,C0734,Misha Din,916122956623,qdugal@gmail.com,P0142,Cause,Home,2,42626.52,85253.04
O01211,2025-08-16,C0734,Misha Din,916122956623,qdugal@gmail.com,P0477,Executive,Home,3,40796.04,122388.12
O01211,2025-08-16,C0734,Misha Din,916122956623,qdugal@gmail.com,P0028,Doctor,Home,3,169.02,507.06
O01211,2025-08-16,C0734,Misha Din,916122956623,qdugal@gmail.com,P0353,Evidence,Books,3,12904.16,38712.48
O01212,2025-04-23,C0780,Saanvi Dey,916529368989,aaina97@gmail.com,P0407,Town,Grocery,3,15477.24,46431.72
O01213,2024-12-25,C0332,Taran Sunder,919258482355,birdivit@gmail.com,P0097,Worker,Home,3,21400.55,64201.65
O01214,2024-09-13,C0244,Shaan Soman,917953129485,uchad@gmail.com,P0304,Give,Grocery,1,4472.77,4472.77
O01214,2024-09-13,C0244,Shaan Soman,917953129485,uchad@gmail.com,P0015,Create,Books,3,29120.31,87360.93
O01215,2024-12-24,C0488,Heer Date,916985720114,seher41@gmail.com,P0393,Bill,Home,1,20161.69,20161.69
O01215,2024-12-24,C0488,Heer Date,916985720114,seher41@gmail.com,P0307,Much,Fashion,2,27744.18,55488.36
O01216,2025-05-02,C0917,Zoya Basu,919913385431,wgupta@gmail.com,P0373,Especially,Electronics,3,6461.93,19385.79
O01216,2025-05-02,C0917,Zoya Basu,919913385431,wgupta@gmail.com,P0452,Gun,Books,1,28509.16,28509.16
O01216,2025-05-02,C0917,Zoya Basu,919913385431,wgupta@gmail.com,P0459,Still,Toys,2,5875.98,11751.96
O01216,2025-05-02,C0917,Zoya Basu,919913385431,wgupta@gmail.com,P0250,Sea,Electronics,2,16084.33,32168.66
O01217,2024-12-15,C0520,Misha Sahni,918698037447,takdhanush@gmail.com,P0280,Stay,Grocery,2,33100.84,66201.68
O01218,2025-04-04,C0971,Mamooty Gade,917637545829,skata@gmail.com,P0300,Return,Electronics,2,10069.79,20139.58
O01218,2025-04-04,C0971,Mamooty Gade,917637545829,skata@gmail.com,P0182,Director,Electronics,1,28330.65,28330.65
O01218,2025-04-04,C0971,Mamooty Gade,917637545829,skata@gmail.com,P0379,Without,Electronics,2,13525.07,27050.14
O01218,2025-04-04,C0971,Mamooty Gade,917637545829,skata@gmail.com,P0207,Hope,Books,2,31811.6,63623.2
O01219,2025-04-23,C0056,Vardaniya Halder,918215998940,grewalritvik@gmail.com,P0466,Know,Home,2,32070.74,64141.48
O01219,2025-04-23,C0056,Vardaniya Halder,918215998940,grewalritvik@gmail.com,P0445,Debate,Electronics,1,39696.35,39696.35
O01219,2025-04-23,C0056,Vardaniya Halder,918215998940,grewalritvik@gmail.com,P0049,Education,Fashion,3,33685.14,101055.42
O01219,2025-04-23,C0056,Vardaniya Halder,918215998940,grewalritvik@gmail.com,P0247,Difficult,Books,1,41823.06,41823.06
O01219,2025-04-23,C0056,Vardaniya Halder,918215998940,grewalritvik@gmail.com,P0467,Music,Home,1,6015.2,6015.2
O01220,2025-03-02,C0066,Amira Ravel,917776272851,aayushshan@gmail.com,P0075,Maybe,Grocery,1,6414.07,6414.07
O01220,2025-03-02,C0066,Amira Ravel,917776272851,aayushshan@gmail.com,P0073,Pull,Grocery,1,29600.94,29600.94
O01220,2025-03-02,C0066,Amira Ravel,917776272851,aayushshan@gmail.com,P0123,Real,Electronics,3,3842.47,11527.41
O01221,2024-09-15,C0314,Saanvi Rau,916106122153,vasavritika@gmail.com,P0144,Career,Toys,3,19915.53,59746.59
O01221,2024-09-15,C0314,Saanvi Rau,916106122153,vasavritika@gmail.com,P0387,Take,Electronics,3,37111.49,111334.47
O01221,2024-09-15,C0314,Saanvi Rau,916106122153,vasavritika@gmail.com,P0234,Pay,Fashion,2,31655.12,63310.24
O01221,2024-09-15,C0314,Saanvi Rau,916106122153,vasavritika@gmail.com,P0356,Paper,Books,2,1746.39,3492.78
O01222,2025-08-03,C0953,Yakshit Sodhi,916413128962,kkant@gmail.com,P0229,Goal,Electronics,1,18497.07,18497.07
O01222,2025-08-03,C0953,Yakshit Sodhi,916413128962,kkant@gmail.com,P0143,Protect,Toys,2,38572.8,77145.6
O01222,2025-08-03,C0953,Yakshit Sodhi,916413128962,kkant@gmail.com,P0281,National,Electronics,1,43942.41,43942.41
O01223,2024-11-23,C0212,Gokul Madan,918209607064,biju19@gmail.com,P0184,Service,Grocery,2,40592.32,81184.64
O01223,2024-11-23,C0212,Gokul Madan,918209607064,biju19@gmail.com,P0325,Sell,Home,1,8305.03,8305.03
O01223,2024-11-23,C0212,Gokul Madan,918209607064,biju19@gmail.com,P0135,Plan,Fashion,2,27769.28,55538.56
O01223,2024-11-23,C0212,Gokul Madan,918209607064,biju19@gmail.com,P0120,Able,Books,2,37572.81,75145.62
O01224,2024-11-26,C0533,Shanaya Krish,919544137107,saanvivyas@gmail.com,P0218,Key,Toys,2,25984.1,51968.2
O01224,2024-11-26,C0533,Shanaya Krish,919544137107,saanvivyas@gmail.com,P0442,Line,Grocery,1,48049.73,48049.73
O01224,2024-11-26,C0533,Shanaya Krish,919544137107,saanvivyas@gmail.com,P0136,Method,Grocery,2,2991.68,5983.36
O01224,2024-11-26,C0533,Shanaya Krish,919544137107,saanvivyas@gmail.com,P0056,Home,Toys,1,710.67,710.67
O01224,2024-11-26,C0533,Shanaya Krish,919544137107,saanvivyas@gmail.com,P0152,Marriage,Electronics,1,24420.94,24420.94
O01225,2024-10-14,C0250,Abram Borde,919858162399,pihudevi@gmail.com,P0462,May,Electronics,1,34764.62,34764.62
O01225,2024-10-14,C0250,Abram Borde,919858162399,pihudevi@gmail.com,P0260,Course,Electronics,3,4260.68,12782.04
O01225,2024-10-14,C0250,Abram Borde,919858162399,pihudevi@gmail.com,P0367,Throw,Toys,2,45671.59,91343.18
O01226,2025-04-30,C0562,Shlok Chada,918943471120,godaanvi@gmail.com,P0166,Interesting,Grocery,1,4704.45,4704.45
O01227,2025-05-31,C0800,Saanvi Bumb,916168255649,dhanuk23@gmail.com,P0484,Season,Toys,3,8571.02,25713.06
O01227,2025-05-31,C0800,Saanvi Bumb,916168255649,dhanuk23@gmail.com,P0467,Music,Home,1,6015.2,6015.2
O01227,2025-05-31,C0800,Saanvi Bumb,916168255649,dhanuk23@gmail.com,P0237,Increase,Grocery,3,12800.95,38402.85
O01227,2025-05-31,C0800,Saanvi Bumb,916168255649,dhanuk23@gmail.com,P0142,Cause,Home,3,42626.52,127879.56
O01228,2025-03-15,C0695,Dharmajan Dey,919636441037,vedika92@gmail.com,P0053,Time,Home,2,28738.91,57477.82
O01228,2025-03-15,C0695,Dharmajan Dey,919636441037,vedika92@gmail.com,P0217,Building,Fashion,2,43359.09,86718.18
O01229,2024-09-09,C0875,Neysa Das,918904442673,purab44@gmail.com,P0135,Plan,Fashion,3,27769.28,83307.84
O01229,2024-09-09,C0875,Neysa Das,918904442673,purab44@gmail.com,P0197,Wear,Electronics,2,11828.38,23656.76
O01229,2024-09-09,C0875,Neysa Das,918904442673,purab44@gmail.com,P0486,Garden,Fashion,1,3392.63,3392.63
O01229,2024-09-09,C0875,Neysa Das,918904442673,purab44@gmail.com,P0061,Much,Books,2,42843.58,85687.16
O01230,2024-09-18,C0791,Alia Lad,919479026561,chirag61@gmail.com,P0018,Watch,Fashion,2,38945.67,77891.34
O01230,2024-09-18,C0791,Alia Lad,919479026561,chirag61@gmail.com,P0111,Forward,Fashion,3,13770.51,41311.53
O01230,2024-09-18,C0791,Alia Lad,919479026561,chirag61@gmail.com,P0242,Guess,Grocery,2,29562.1,59124.2
O01230,2024-09-18,C0791,Alia Lad,919479026561,chirag61@gmail.com,P0304,Give,Grocery,3,4472.77,13418.31
O01231,2024-10-23,C0082,Aayush Soni,918183836783,badal17@gmail.com,P0393,Bill,Home,3,20161.69,60485.07
O01231,2024-10-23,C0082,Aayush Soni,918183836783,badal17@gmail.com,P0004,Strong,Electronics,1,14763.61,14763.61
O01231,2024-10-23,C0082,Aayush Soni,918183836783,badal17@gmail.com,P0256,Choice,Fashion,3,38096.03,114288.09
O01231,2024-10-23,C0082,Aayush Soni,918183836783,badal17@gmail.com,P0394,Strategy,Fashion,3,24240.67,72722.01
O01232,2024-12-24,C0218,Armaan Apte,919667895007,chokshisahil@gmail.com,P0381,Avoid,Toys,3,20362.89,61088.67
O01232,2024-12-24,C0218,Armaan Apte,919667895007,chokshisahil@gmail.com,P0279,Kid,Fashion,1,22978.31,22978.31
O01232,2024-12-24,C0218,Armaan Apte,919667895007,chokshisahil@gmail.com,P0377,Old,Grocery,1,15509.49,15509.49
O01232,2024-12-24,C0218,Armaan Apte,919667895007,chokshisahil@gmail.com,P0406,Until,Fashion,3,35664.69,106994.07
O01232,2024-12-24,C0218,Armaan Apte,919667895007,chokshisahil@gmail.com,P0066,Quite,Fashion,2,40944.42,81888.84
O01233,2025-06-25,C0453,Ela Taneja,916830525427,aaryahibrahmbhatt@gmail.com,P0301,Everything,Toys,1,17437.95,17437.95
O01233,2025-06-25,C0453,Ela Taneja,916830525427,aaryahibrahmbhatt@gmail.com,P0446,Personal,Home,2,42866.03,85732.06
O01234,2025-08-28,C0839,Lavanya Bera,917801038577,divij07@gmail.com,P0058,Data,Fashion,2,19851.06,39702.12
O01234,2025-08-28,C0839,Lavanya Bera,917801038577,divij07@gmail.com,P0169,Truth,Home,2,9805.16,19610.32
O01234,2025-08-28,C0839,Lavanya Bera,917801038577,divij07@gmail.com,P0245,Later,Fashion,2,34444.1,68888.2
O01234,2025-08-28,C0839,Lavanya Bera,917801038577,divij07@gmail.com,P0305,Alone,Grocery,2,12384.66,24769.32
O01234,2025-08-28,C0839,Lavanya Bera,917801038577,divij07@gmail.com,P0489,Treat,Home,3,30157.74,90473.22
O01235,2025-07-25,C0632,Zeeshan Sharma,916291061348,mkeer@gmail.com,P0179,Change,Fashion,1,15898.63,15898.63
O01235,2025-07-25,C0632,Zeeshan Sharma,916291061348,mkeer@gmail.com,P0391,Reason,Toys,1,43651.0,43651.0
O01236,2025-05-19,C0699,Badal Desai,919819566010,hunar62@gmail.com,P0244,Friend,Grocery,3,44739.64,134218.92
O01236,2025-05-19,C0699,Badal Desai,919819566010,hunar62@gmail.com,P0146,Buy,Fashion,1,18119.49,18119.49
O01236,2025-05-19,C0699,Badal Desai,919819566010,hunar62@gmail.com,P0138,Purpose,Grocery,3,2234.54,6703.62
O01236,2025-05-19,C0699,Badal Desai,919819566010,hunar62@gmail.com,P0320,Sort,Fashion,3,1924.24,5772.72
O01237,2025-05-15,C0663,Bhavin Sankaran,917087274975,taimurkaran@gmail.com,P0023,At,Books,3,43375.51,130126.53
O01237,2025-05-15,C0663,Bhavin Sankaran,917087274975,taimurkaran@gmail.com,P0284,Draw,Books,3,9525.56,28576.68
O01238,2024-12-20,C0255,Yuvaan Kant,917194963712,raghavbarad@gmail.com,P0334,Let,Fashion,1,11112.43,11112.43
O01239,2025-08-31,C0766,Drishya Mandal,916411788176,vidur26@gmail.com,P0256,Choice,Fashion,1,38096.03,38096.03
O01239,2025-08-31,C0766,Drishya Mandal,916411788176,vidur26@gmail.com,P0324,Culture,Books,1,19384.0,19384.0
O01239,2025-08-31,C0766,Drishya Mandal,916411788176,vidur26@gmail.com,P0065,Gun,Fashion,1,46224.7,46224.7
O01240,2025-03-10,C0866,Kismat Aurora,916938154508,lbasu@gmail.com,P0285,Play,Fashion,2,49168.83,98337.66
O01240,2025-03-10,C0866,Kismat Aurora,916938154508,lbasu@gmail.com,P0080,Accept,Books,3,22114.75,66344.25
O01240,2025-03-10,C0866,Kismat Aurora,916938154508,lbasu@gmail.com,P0056,Home,Toys,3,710.67,2132.01
O01240,2025-03-10,C0866,Kismat Aurora,916938154508,lbasu@gmail.com,P0364,Owner,Home,1,28432.83,28432.83
O01240,2025-03-10,C0866,Kismat Aurora,916938154508,lbasu@gmail.com,P0295,Goal,Electronics,2,197.81,395.62
O01241,2025-05-13,C0597,Prisha Swaminathan,916381919825,farhanrajagopal@gmail.com,P0053,Time,Home,3,28738.91,86216.73
O01242,2025-03-10,C0201,Hansh Comar,918066278058,jayantrout@gmail.com,P0386,Thus,Toys,2,26873.03,53746.06
O01242,2025-03-10,C0201,Hansh Comar,918066278058,jayantrout@gmail.com,P0256,Choice,Fashion,2,38096.03,76192.06
O01243,2024-10-04,C0628,Nakul D’Alia,916458207177,ebir@gmail.com,P0406,Until,Fashion,2,35664.69,71329.38
O01244,2025-04-24,C0769,Damini Bail,918030028366,gvarty@gmail.com,P0236,Situation,Books,3,7364.61,22093.83
O01244,2025-04-24,C0769,Damini Bail,918030028366,gvarty@gmail.com,P0378,Share,Books,3,44960.42,134881.26
O01244,2025-04-24,C0769,Damini Bail,918030028366,gvarty@gmail.com,P0317,Less,Fashion,1,48728.05,48728.05
O01244,2025-04-24,C0769,Damini Bail,918030028366,gvarty@gmail.com,P0001,Evening,Toys,2,45810.78,91621.56
O01245,2024-10-29,C0811,Advik Cherian,916970552224,koshydivij@gmail.com,P0036,Consumer,Books,2,24513.98,49027.96
O01245,2024-10-29,C0811,Advik Cherian,916970552224,koshydivij@gmail.com,P0472,Certainly,Grocery,2,43777.9,87555.8
O01245,2024-10-29,C0811,Advik Cherian,916970552224,koshydivij@gmail.com,P0137,Artist,Toys,2,22076.28,44152.56
O01245,2024-10-29,C0811,Advik Cherian,916970552224,koshydivij@gmail.com,P0277,Add,Electronics,2,47598.78,95197.56
O01246,2024-10-17,C0238,Indrans Chad,916116433632,kulkarnifarhan@gmail.com,P0126,Wonder,Toys,3,28749.51,86248.53
O01246,2024-10-17,C0238,Indrans Chad,916116433632,kulkarnifarhan@gmail.com,P0224,Each,Fashion,2,595.03,1190.06
O01247,2025-08-11,C0714,Ivana Basak,919407545082,singhalvedika@gmail.com,P0033,Smile,Electronics,3,7304.63,21913.89
O01247,2025-08-11,C0714,Ivana Basak,919407545082,singhalvedika@gmail.com,P0110,May,Toys,2,41735.28,83470.56
O01247,2025-08-11,C0714,Ivana Basak,919407545082,singhalvedika@gmail.com,P0379,Without,Electronics,3,13525.07,40575.21
O01247,2025-08-11,C0714,Ivana Basak,919407545082,singhalvedika@gmail.com,P0419,Quickly,Books,1,31729.12,31729.12
O01247,2025-08-11,C0714,Ivana Basak,919407545082,singhalvedika@gmail.com,P0167,Growth,Fashion,1,9807.77,9807.77
O01248,2025-03-31,C0973,Ivan Gokhale,916479989842,shaangola@gmail.com,P0248,My,Grocery,3,37715.55,113146.65
O01249,2025-01-17,C0185,Raghav Gole,917850827739,kashvilad@gmail.com,P0412,High,Home,2,28978.96,57957.92
O01249,2025-01-17,C0185,Raghav Gole,917850827739,kashvilad@gmail.com,P0283,Hear,Grocery,1,18807.75,18807.75
O01249,2025-01-17,C0185,Raghav Gole,917850827739,kashvilad@gmail.com,P0353,Evidence,Books,2,12904.16,25808.32
O01249,2025-01-17,C0185,Raghav Gole,917850827739,kashvilad@gmail.com,P0377,Old,Grocery,2,15509.49,31018.98
O01250,2025-02-15,C0416,Zeeshan Ratti,916884163070,dkashyap@gmail.com,P0059,American,Grocery,1,5222.22,5222.22
O01251,2024-12-22,C0252,Veer Barad,917410714368,indranssundaram@gmail.com,P0021,Yourself,Fashion,2,8698.02,17396.04
O01252,2025-05-10,C0238,Indrans Chad,916116433632,kulkarnifarhan@gmail.com,P0161,Down,Fashion,3,28997.9,86993.7
O01252,2025-05-10,C0238,Indrans Chad,916116433632,kulkarnifarhan@gmail.com,P0057,Carry,Grocery,2,32036.35,64072.7
O01252,2025-05-10,C0238,Indrans Chad,916116433632,kulkarnifarhan@gmail.com,P0414,Material,Home,1,29478.81,29478.81
O01252,2025-05-10,C0238,Indrans Chad,916116433632,kulkarnifarhan@gmail.com,P0167,Growth,Fashion,3,9807.77,29423.31
O01253,2024-12-20,C0526,Nitara Warrior,916363115712,doctorraghav@gmail.com,P0198,Buy,Grocery,1,4664.49,4664.49
O01253,2024-12-20,C0526,Nitara Warrior,916363115712,doctorraghav@gmail.com,P0443,Woman,Electronics,2,3027.49,6054.98
O01253,2024-12-20,C0526,Nitara Warrior,916363115712,doctorraghav@gmail.com,P0069,Film,Toys,3,43872.1,131616.3
O01253,2024-12-20,C0526,Nitara Warrior,916363115712,doctorraghav@gmail.com,P0380,Go,Electronics,3,8354.83,25064.49
O01254,2025-01-14,C0386,Aarav Vora,919507469792,ddin@gmail.com,P0418,Health,Toys,2,11635.18,23270.36
O01254,2025-01-14,C0386,Aarav Vora,919507469792,ddin@gmail.com,P0023,At,Books,2,43375.51,86751.02
O01254,2025-01-14,C0386,Aarav Vora,919507469792,ddin@gmail.com,P0232,Simply,Fashion,1,47673.19,47673.19
O01254,2025-01-14,C0386,Aarav Vora,919507469792,ddin@gmail.com,P0401,Reveal,Fashion,1,4209.04,4209.04
O01255,2025-03-20,C0355,Mahika Saxena,919620475705,sarnajivin@gmail.com,P0134,Against,Home,3,34667.28,104001.84
O01255,2025-03-20,C0355,Mahika Saxena,919620475705,sarnajivin@gmail.com,P0394,Strategy,Fashion,1,24240.67,24240.67
O01256,2024-09-07,C0704,Samaira Batra,919823544047,xkalita@gmail.com,P0037,Hundred,Books,3,36049.73,108149.19
O01256,2024-09-07,C0704,Samaira Batra,919823544047,xkalita@gmail.com,P0411,At,Electronics,3,19105.0,57315.0
O01256,2024-09-07,C0704,Samaira Batra,919823544047,xkalita@gmail.com,P0257,Hot,Grocery,1,17886.49,17886.49
O01256,2024-09-07,C0704,Samaira Batra,919823544047,xkalita@gmail.com,P0017,Establish,Grocery,3,1885.0,5655.0
O01257,2025-06-03,C0800,Saanvi Bumb,916168255649,dhanuk23@gmail.com,P0480,Each,Fashion,3,34183.23,102549.69
O01257,2025-06-03,C0800,Saanvi Bumb,916168255649,dhanuk23@gmail.com,P0365,See,Fashion,2,7195.14,14390.28
O01257,2025-06-03,C0800,Saanvi Bumb,916168255649,dhanuk23@gmail.com,P0012,Help,Toys,3,16101.89,48305.67
O01258,2024-10-21,C0508,Shalv Choudhry,917998888504,ybhasin@gmail.com,P0186,Environment,Fashion,2,39743.81,79487.62
O01259,2025-07-04,C0854,Mehul Sagar,918680355746,jivindevi@gmail.com,P0201,Month,Toys,2,38270.76,76541.52
O01259,2025-07-04,C0854,Mehul Sagar,918680355746,jivindevi@gmail.com,P0216,Smile,Books,2,5257.39,10514.78
O01259,2025-07-04,C0854,Mehul Sagar,918680355746,jivindevi@gmail.com,P0485,Economic,Fashion,2,47504.24,95008.48
O01260,2025-05-08,C0517,Ranbir Kaul,918533677938,okurian@gmail.com,P0110,May,Toys,1,41735.28,41735.28
O01260,2025-05-08,C0517,Ranbir Kaul,918533677938,okurian@gmail.com,P0326,Live,Grocery,1,18953.49,18953.49
O01260,2025-05-08,C0517,Ranbir Kaul,918533677938,okurian@gmail.com,P0085,Worker,Books,3,33183.28,99549.84
O01260,2025-05-08,C0517,Ranbir Kaul,918533677938,okurian@gmail.com,P0016,Weight,Grocery,1,45838.51,45838.51
O01261,2024-11-05,C0120,Sana Tripathi,917644737921,kavya19@gmail.com,P0230,Voice,Books,3,12941.39,38824.17
O01261,2024-11-05,C0120,Sana Tripathi,917644737921,kavya19@gmail.com,P0070,Figure,Toys,1,15626.72,15626.72
O01261,2024-11-05,C0120,Sana Tripathi,917644737921,kavya19@gmail.com,P0106,Agreement,Grocery,1,33426.3,33426.3
O01261,2024-11-05,C0120,Sana Tripathi,917644737921,kavya19@gmail.com,P0405,Number,Books,2,36701.41,73402.82
O01261,2024-11-05,C0120,Sana Tripathi,917644737921,kavya19@gmail.com,P0025,Ground,Electronics,3,32682.8,98048.4
O01262,2024-11-13,C0156,Kimaya Varkey,916937650503,jayan78@gmail.com,P0077,Walk,Books,1,31770.26,31770.26
O01262,2024-11-13,C0156,Kimaya Varkey,916937650503,jayan78@gmail.com,P0141,Arm,Toys,3,8803.86,26411.58
O01263,2025-02-07,C0339,Saira Borra,918421437504,rattaaradhya@gmail.com,P0348,Expert,Home,3,19437.03,58311.09
O01263,2025-02-07,C0339,Saira Borra,918421437504,rattaaradhya@gmail.com,P0217,Building,Fashion,2,43359.09,86718.18
O01263,2025-02-07,C0339,Saira Borra,918421437504,rattaaradhya@gmail.com,P0237,Increase,Grocery,2,12800.95,25601.9
O01264,2024-10-14,C0232,Prisha Shroff,918761622638,qbajwa@gmail.com,P0398,North,Home,3,42310.86,126932.58
O01264,2024-10-14,C0232,Prisha Shroff,918761622638,qbajwa@gmail.com,P0433,Friend,Electronics,1,38386.31,38386.31
O01265,2024-10-16,C0895,Samarth Sathe,917412407699,kiarabatra@gmail.com,P0276,All,Books,3,17066.13,51198.39
O01266,2025-05-07,C0974,Darshit Chaudhry,918427305340,umangdeep@gmail.com,P0159,Total,Toys,3,16887.31,50661.93
O01267,2024-12-03,C0344,Hazel Lad,919249638024,nehmatbalasubramanian@gmail.com,P0481,Test,Fashion,2,19065.63,38131.26
O01268,2025-06-08,C0036,Arnav Chauhan,917604389562,wsura@gmail.com,P0366,Whether,Grocery,2,7198.86,14397.72
O01268,2025-06-08,C0036,Arnav Chauhan,917604389562,wsura@gmail.com,P0050,Relationship,Books,2,48838.18,97676.36
O01268,2025-06-08,C0036,Arnav Chauhan,917604389562,wsura@gmail.com,P0493,Would,Toys,1,26066.08,26066.08
O01269,2024-11-19,C0048,Ojas Krishnan,919455897444,ckulkarni@gmail.com,P0147,Finish,Grocery,1,3515.25,3515.25
O01270,2024-10-29,C0330,Navya Boase,918298381158,reyanshgrewal@gmail.com,P0069,Film,Toys,1,43872.1,43872.1
O01270,2024-10-29,C0330,Navya Boase,918298381158,reyanshgrewal@gmail.com,P0116,Mr,Fashion,1,7183.89,7183.89
O01270,2024-10-29,C0330,Navya Boase,918298381158,reyanshgrewal@gmail.com,P0112,So,Fashion,1,7126.45,7126.45
O01270,2024-10-29,C0330,Navya Boase,918298381158,reyanshgrewal@gmail.com,P0323,By,Books,1,47004.89,47004.89
O01270,2024-10-29,C0330,Navya Boase,918298381158,reyanshgrewal@gmail.com,P0115,Run,Fashion,1,44401.73,44401.73
O01271,2025-03-29,C0075,Navya Doctor,917679606704,drishyachaudhuri@gmail.com,P0108,Onto,Toys,1,30794.61,30794.61
O01271,2025-03-29,C0075,Navya Doctor,917679606704,drishyachaudhuri@gmail.com,P0436,I,Fashion,3,17907.21,53721.63
O01272,2024-12-04,C0478,Hrishita Som,917281407151,mahajanjiya@gmail.com,P0036,Consumer,Books,1,24513.98,24513.98
O01273,2025-01-04,C0750,Amani Kaul,918633840705,eva91@gmail.com,P0009,They,Home,1,32134.95,32134.95
O01273,2025-01-04,C0750,Amani Kaul,918633840705,eva91@gmail.com,P0099,Machine,Grocery,1,5087.08,5087.08
O01273,2025-01-04,C0750,Amani Kaul,918633840705,eva91@gmail.com,P0316,Forget,Books,1,10470.32,10470.32
O01273,2025-01-04,C0750,Amani Kaul,918633840705,eva91@gmail.com,P0422,Long,Toys,1,23695.22,23695.22
O01273,2025-01-04,C0750,Amani Kaul,918633840705,eva91@gmail.com,P0282,Long,Toys,1,38700.74,38700.74
O01274,2025-07-27,C0254,Nayantara Bawa,918879188382,kapadiadishani@gmail.com,P0204,Grow,Home,3,36853.4,110560.2
O01274,2025-07-27,C0254,Nayantara Bawa,918879188382,kapadiadishani@gmail.com,P0432,Employee,Electronics,3,21473.93,64421.79
O01274,2025-07-27,C0254,Nayantara Bawa,918879188382,kapadiadishani@gmail.com,P0336,Need,Electronics,1,24340.15,24340.15
O01275,2025-02-06,C0587,Yashvi Kala,917776059526,anay73@gmail.com,P0067,Ten,Books,3,22515.47,67546.41
O01276,2024-10-24,C0922,Kiaan Ghosh,916636563131,ramaswamydhanuk@gmail.com,P0079,Hand,Books,1,2100.87,2100.87
O01276,2024-10-24,C0922,Kiaan Ghosh,916636563131,ramaswamydhanuk@gmail.com,P0127,Single,Books,1,43219.93,43219.93
O01276,2024-10-24,C0922,Kiaan Ghosh,916636563131,ramaswamydhanuk@gmail.com,P0019,Such,Fashion,2,14547.49,29094.98
O01276,2024-10-24,C0922,Kiaan Ghosh,916636563131,ramaswamydhanuk@gmail.com,P0426,Machine,Toys,2,33161.16,66322.32
O01276,2024-10-24,C0922,Kiaan Ghosh,916636563131,ramaswamydhanuk@gmail.com,P0446,Personal,Home,1,42866.03,42866.03
O01277,2025-03-03,C0773,Ranbir Hayre,919116630170,ritvikkumar@gmail.com,P0483,Work,Toys,1,8375.29,8375.29
O01277,2025-03-03,C0773,Ranbir Hayre,919116630170,ritvikkumar@gmail.com,P0124,The,Electronics,3,38646.03,115938.09
O01277,2025-03-03,C0773,Ranbir Hayre,919116630170,ritvikkumar@gmail.com,P0109,Sister,Home,1,29170.71,29170.71
O01278,2024-11-01,C0444,Eva Thakkar,917659295119,fdhingra@gmail.com,P0454,Later,Fashion,1,39383.95,39383.95
O01278,2024-11-01,C0444,Eva Thakkar,917659295119,fdhingra@gmail.com,P0250,Sea,Electronics,3,16084.33,48252.99
O01278,2024-11-01,C0444,Eva Thakkar,917659295119,fdhingra@gmail.com,P0088,Interesting,Books,3,23862.35,71587.05
O01278,2024-11-01,C0444,Eva Thakkar,917659295119,fdhingra@gmail.com,P0078,Return,Home,2,13869.21,27738.42
O01279,2025-01-04,C0049,Ivan Shanker,919281405803,pariborah@gmail.com,P0074,Read,Home,1,31600.59,31600.59
O01279,2025-01-04,C0049,Ivan Shanker,919281405803,pariborah@gmail.com,P0191,Again,Electronics,2,4114.1,8228.2
O01280,2025-03-27,C0257,Amira Shere,916402207445,bajajlavanya@gmail.com,P0164,Day,Electronics,3,9669.61,29008.83
O01281,2025-04-13,C0227,Yuvaan Chanda,918684674685,pranaykari@gmail.com,P0359,Bill,Home,2,17296.21,34592.42
O01281,2025-04-13,C0227,Yuvaan Chanda,918684674685,pranaykari@gmail.com,P0084,Entire,Fashion,2,24969.67,49939.34
O01281,2025-04-13,C0227,Yuvaan Chanda,918684674685,pranaykari@gmail.com,P0383,Writer,Books,2,39853.45,79706.9
O01281,2025-04-13,C0227,Yuvaan Chanda,918684674685,pranaykari@gmail.com,P0135,Plan,Fashion,2,27769.28,55538.56
O01281,2025-04-13,C0227,Yuvaan Chanda,918684674685,pranaykari@gmail.com,P0482,Prove,Fashion,3,36394.17,109182.51
O01282,2024-11-27,C0085,Hazel Sood,916126436243,manikyalala@gmail.com,P0277,Add,Electronics,2,47598.78,95197.56
O01282,2024-11-27,C0085,Hazel Sood,916126436243,manikyalala@gmail.com,P0104,Choice,Home,2,25936.71,51873.42
O01282,2024-11-27,C0085,Hazel Sood,916126436243,manikyalala@gmail.com,P0050,Relationship,Books,1,48838.18,48838.18
O01283,2025-04-11,C0418,Ahana  Bhattacharyya,919187685513,jhanvitella@gmail.com,P0404,Imagine,Toys,3,46983.13,140949.39
O01283,2025-04-11,C0418,Ahana  Bhattacharyya,919187685513,jhanvitella@gmail.com,P0133,Course,Home,1,25607.5,25607.5
O01283,2025-04-11,C0418,Ahana  Bhattacharyya,919187685513,jhanvitella@gmail.com,P0318,Partner,Home,1,15284.42,15284.42
O01284,2025-02-01,C0157,Abram Kaur,918030374602,raunak17@gmail.com,P0199,Employee,Electronics,1,21332.0,21332.0
O01284,2025-02-01,C0157,Abram Kaur,918030374602,raunak17@gmail.com,P0194,Better,Books,1,49657.42,49657.42
O01284,2025-02-01,C0157,Abram Kaur,918030374602,raunak17@gmail.com,P0250,Sea,Electronics,1,16084.33,16084.33
O01284,2025-02-01,C0157,Abram Kaur,918030374602,raunak17@gmail.com,P0059,American,Grocery,3,5222.22,15666.66
O01284,2025-02-01,C0157,Abram Kaur,918030374602,raunak17@gmail.com,P0071,Next,Toys,2,31890.26,63780.52
O01285,2025-06-15,C0340,Zara Zacharia,919186068480,gmallick@gmail.com,P0018,Watch,Fashion,2,38945.67,77891.34
O01285,2025-06-15,C0340,Zara Zacharia,919186068480,gmallick@gmail.com,P0054,Knowledge,Grocery,3,49403.07,148209.21
O01285,2025-06-15,C0340,Zara Zacharia,919186068480,gmallick@gmail.com,P0315,Pm,Home,3,6451.23,19353.69
O01285,2025-06-15,C0340,Zara Zacharia,919186068480,gmallick@gmail.com,P0116,Mr,Fashion,1,7183.89,7183.89
O01286,2025-04-30,C0531,Kabir Balakrishnan,918185434973,bbansal@gmail.com,P0488,Staff,Electronics,2,19763.51,39527.02
O01286,2025-04-30,C0531,Kabir Balakrishnan,918185434973,bbansal@gmail.com,P0196,Someone,Fashion,1,31927.62,31927.62
O01286,2025-04-30,C0531,Kabir Balakrishnan,918185434973,bbansal@gmail.com,P0193,Whole,Home,2,2379.84,4759.68
O01287,2025-02-09,C0636,Ranbir Batra,916085939280,nitara69@gmail.com,P0184,Service,Grocery,2,40592.32,81184.64
O01287,2025-02-09,C0636,Ranbir Batra,916085939280,nitara69@gmail.com,P0039,Home,Grocery,1,24312.94,24312.94
O01287,2025-02-09,C0636,Ranbir Batra,916085939280,nitara69@gmail.com,P0282,Long,Toys,3,38700.74,116102.22
O01287,2025-02-09,C0636,Ranbir Batra,916085939280,nitara69@gmail.com,P0273,Score,Grocery,1,36008.68,36008.68
O01288,2024-09-17,C0279,Amira Bhalla,919143913654,saranvritika@gmail.com,P0470,Manage,Electronics,3,6525.32,19575.96
O01288,2024-09-17,C0279,Amira Bhalla,919143913654,saranvritika@gmail.com,P0307,Much,Fashion,3,27744.18,83232.54
O01288,2024-09-17,C0279,Amira Bhalla,919143913654,saranvritika@gmail.com,P0019,Such,Fashion,1,14547.49,14547.49
O01289,2024-10-22,C0015,Himmat Rege,916802170601,srinivaskhushi@gmail.com,P0020,Part,Home,3,28373.35,85120.05
O01290,2024-09-22,C0015,Himmat Rege,916802170601,srinivaskhushi@gmail.com,P0110,May,Toys,1,41735.28,41735.28
O01291,2025-02-19,C0205,Neelofar Amble,919659084112,mehul37@gmail.com,P0361,Upon,Electronics,3,22373.88,67121.64
O01291,2025-02-19,C0205,Neelofar Amble,919659084112,mehul37@gmail.com,P0283,Hear,Grocery,2,18807.75,37615.5
O01292,2024-10-08,C0275,Akarsh Bajwa,918823216339,kadakiazara@gmail.com,P0219,Degree,Books,2,4353.93,8707.86
O01292,2024-10-08,C0275,Akarsh Bajwa,918823216339,kadakiazara@gmail.com,P0149,Media,Electronics,3,33043.26,99129.78
O01293,2025-07-24,C0227,Yuvaan Chanda,918684674685,pranaykari@gmail.com,P0211,Run,Home,1,42595.97,42595.97
O01293,2025-07-24,C0227,Yuvaan Chanda,918684674685,pranaykari@gmail.com,P0089,Mission,Home,3,47776.2,143328.6
O01293,2025-07-24,C0227,Yuvaan Chanda,918684674685,pranaykari@gmail.com,P0348,Expert,Home,2,19437.03,38874.06
O01293,2025-07-24,C0227,Yuvaan Chanda,918684674685,pranaykari@gmail.com,P0462,May,Electronics,2,34764.62,69529.24
O01294,2025-04-03,C0198,Miraya Ram,918888396948,tara35@gmail.com,P0321,Right,Fashion,1,41419.14,41419.14
O01294,2025-04-03,C0198,Miraya Ram,918888396948,tara35@gmail.com,P0299,Also,Grocery,1,41601.06,41601.06
O01294,2025-04-03,C0198,Miraya Ram,918888396948,tara35@gmail.com,P0141,Arm,Toys,1,8803.86,8803.86
O01294,2025-04-03,C0198,Miraya Ram,918888396948,tara35@gmail.com,P0056,Home,Toys,1,710.67,710.67
O01294,2025-04-03,C0198,Miraya Ram,918888396948,tara35@gmail.com,P0042,Director,Fashion,3,41973.05,125919.15
O01295,2025-08-12,C0936,Ahana  Dave,918511383930,voradivij@gmail.com,P0399,Edge,Grocery,3,8358.74,25076.22
O01295,2025-08-12,C0936,Ahana  Dave,918511383930,voradivij@gmail.com,P0232,Simply,Fashion,3,47673.19,143019.57
O01296,2025-05-19,C0225,Heer Ramesh,919419857399,dishanichowdhury@gmail.com,P0466,Know,Home,2,32070.74,64141.48
O01296,2025-05-19,C0225,Heer Ramesh,919419857399,dishanichowdhury@gmail.com,P0166,Interesting,Grocery,2,4704.45,9408.9
O01296,2025-05-19,C0225,Heer Ramesh,919419857399,dishanichowdhury@gmail.com,P0411,At,Electronics,3,19105.0,57315.0
O01297,2025-07-10,C0542,Mannat Desai,916927277143,rasha54@gmail.com,P0050,Relationship,Books,3,48838.18,146514.54
O01297,2025-07-10,C0542,Mannat Desai,916927277143,rasha54@gmail.com,P0482,Prove,Fashion,2,36394.17,72788.34
O01297,2025-07-10,C0542,Mannat Desai,916927277143,rasha54@gmail.com,P0431,Huge,Grocery,1,3972.53,3972.53
O01297,2025-07-10,C0542,Mannat Desai,916927277143,rasha54@gmail.com,P0149,Media,Electronics,2,33043.26,66086.52
O01298,2025-01-03,C0208,Kimaya Cherian,917222996653,madhuphegde@gmail.com,P0293,Money,Grocery,3,486.78,1460.34
O01298,2025-01-03,C0208,Kimaya Cherian,917222996653,madhuphegde@gmail.com,P0143,Protect,Toys,2,38572.8,77145.6
O01298,2025-01-03,C0208,Kimaya Cherian,917222996653,madhuphegde@gmail.com,P0131,Quite,Fashion,2,25134.94,50269.88
O01298,2025-01-03,C0208,Kimaya Cherian,917222996653,madhuphegde@gmail.com,P0188,Seat,Home,1,13140.53,13140.53
O01298,2025-01-03,C0208,Kimaya Cherian,917222996653,madhuphegde@gmail.com,P0064,White,Electronics,2,29997.92,59995.84
O01299,2024-09-29,C0166,Vaibhav Seshadri,918614031541,ssharma@gmail.com,P0484,Season,Toys,3,8571.02,25713.06
O01299,2024-09-29,C0166,Vaibhav Seshadri,918614031541,ssharma@gmail.com,P0191,Again,Electronics,1,4114.1,4114.1
O01299,2024-09-29,C0166,Vaibhav Seshadri,918614031541,ssharma@gmail.com,P0005,Third,Electronics,2,17555.54,35111.08
O01299,2024-09-29,C0166,Vaibhav Seshadri,918614031541,ssharma@gmail.com,P0356,Paper,Books,2,1746.39,3492.78
O01299,2024-09-29,C0166,Vaibhav Seshadri,918614031541,ssharma@gmail.com,P0295,Goal,Electronics,3,197.81,593.43
O01300,2025-09-05,C0702,Vihaan Khurana,916236728726,ehsaanraval@gmail.com,P0361,Upon,Electronics,3,22373.88,67121.64
O01300,2025-09-05,C0702,Vihaan Khurana,916236728726,ehsaanraval@gmail.com,P0174,Career,Grocery,3,33061.41,99184.23
O01300,2025-09-05,C0702,Vihaan Khurana,916236728726,ehsaanraval@gmail.com,P0068,Work,Electronics,3,14521.52,43564.56
O01300,2025-09-05,C0702,Vihaan Khurana,916236728726,ehsaanraval@gmail.com,P0378,Share,Books,2,44960.42,89920.84
O01300,2025-09-05,C0702,Vihaan Khurana,916236728726,ehsaanraval@gmail.com,P0166,Interesting,Grocery,1,4704.45,4704.45
O01301,2025-05-28,C0689,Shlok Mall,918236730913,armaan76@gmail.com,P0389,Can,Grocery,3,2990.09,8970.27
O01301,2025-05-28,C0689,Shlok Mall,918236730913,armaan76@gmail.com,P0192,Even,Books,2,32881.09,65762.18
O01301,2025-05-28,C0689,Shlok Mall,918236730913,armaan76@gmail.com,P0020,Part,Home,3,28373.35,85120.05
O01301,2025-05-28,C0689,Shlok Mall,918236730913,armaan76@gmail.com,P0388,Develop,Fashion,3,48051.78,144155.34
O01301,2025-05-28,C0689,Shlok Mall,918236730913,armaan76@gmail.com,P0460,Place,Electronics,3,42204.95,126614.85
O01302,2025-07-15,C0719,Shamik Warrior,917758247984,farhanchahal@gmail.com,P0039,Home,Grocery,2,24312.94,48625.88
O01302,2025-07-15,C0719,Shamik Warrior,917758247984,farhanchahal@gmail.com,P0066,Quite,Fashion,1,40944.42,40944.42
O01302,2025-07-15,C0719,Shamik Warrior,917758247984,farhanchahal@gmail.com,P0358,Method,Toys,2,20030.96,40061.92
O01302,2025-07-15,C0719,Shamik Warrior,917758247984,farhanchahal@gmail.com,P0108,Onto,Toys,1,30794.61,30794.61
O01302,2025-07-15,C0719,Shamik Warrior,917758247984,farhanchahal@gmail.com,P0498,Alone,Grocery,1,23027.23,23027.23
O01303,2025-01-12,C0543,Zaina Srinivas,918944219485,nrege@gmail.com,P0196,Someone,Fashion,3,31927.62,95782.86
O01303,2025-01-12,C0543,Zaina Srinivas,918944219485,nrege@gmail.com,P0133,Course,Home,3,25607.5,76822.5
O01303,2025-01-12,C0543,Zaina Srinivas,918944219485,nrege@gmail.com,P0132,Fear,Books,2,16953.1,33906.2
O01304,2024-11-06,C0853,Vivaan Sanghvi,918544457042,lagan04@gmail.com,P0272,Maybe,Toys,1,47951.54,47951.54
O01305,2025-05-08,C0824,Priyansh Kaul,916599700423,rheaborde@gmail.com,P0497,Home,Grocery,3,14070.95,42212.85
O01305,2025-05-08,C0824,Priyansh Kaul,916599700423,rheaborde@gmail.com,P0365,See,Fashion,1,7195.14,7195.14
O01305,2025-05-08,C0824,Priyansh Kaul,916599700423,rheaborde@gmail.com,P0113,Near,Toys,3,7688.42,23065.26
O01305,2025-05-08,C0824,Priyansh Kaul,916599700423,rheaborde@gmail.com,P0344,State,Grocery,3,6188.97,18566.91
O01306,2024-10-03,C0968,Renee D’Alia,916667107542,royaarav@gmail.com,P0392,Book,Home,1,11405.72,11405.72
O01306,2024-10-03,C0968,Renee D’Alia,916667107542,royaarav@gmail.com,P0264,Conference,Home,3,40033.67,120101.01
O01306,2024-10-03,C0968,Renee D’Alia,916667107542,royaarav@gmail.com,P0022,Husband,Electronics,3,33123.51,99370.53
O01307,2024-12-28,C0583,Zeeshan Choudhary,919912476306,imalhotra@gmail.com,P0109,Sister,Home,3,29170.71,87512.13
O01307,2024-12-28,C0583,Zeeshan Choudhary,919912476306,imalhotra@gmail.com,P0103,Green,Fashion,3,43879.19,131637.57
O01307,2024-12-28,C0583,Zeeshan Choudhary,919912476306,imalhotra@gmail.com,P0351,Play,Home,3,16869.29,50607.87
O01308,2024-11-28,C0013,Aaryahi Luthra,918399396603,othakur@gmail.com,P0353,Evidence,Books,2,12904.16,25808.32
O01308,2024-11-28,C0013,Aaryahi Luthra,918399396603,othakur@gmail.com,P0084,Entire,Fashion,1,24969.67,24969.67
O01308,2024-11-28,C0013,Aaryahi Luthra,918399396603,othakur@gmail.com,P0209,Analysis,Books,3,25876.61,77629.83
O01308,2024-11-28,C0013,Aaryahi Luthra,918399396603,othakur@gmail.com,P0218,Key,Toys,1,25984.1,25984.1
O01308,2024-11-28,C0013,Aaryahi Luthra,918399396603,othakur@gmail.com,P0064,White,Electronics,1,29997.92,29997.92
O01309,2025-04-22,C0004,Hazel Ram,918204352520,yuvraj-ganguly@gmail.com,P0328,Born,Home,2,7635.87,15271.74
O01309,2025-04-22,C0004,Hazel Ram,918204352520,yuvraj-ganguly@gmail.com,P0110,May,Toys,3,41735.28,125205.84
O01310,2025-08-18,C0892,Trisha Jain,917380791228,ivanswamy@gmail.com,P0048,Probably,Toys,2,15969.26,31938.52
O01310,2025-08-18,C0892,Trisha Jain,917380791228,ivanswamy@gmail.com,P0298,Bring,Grocery,1,10120.73,10120.73
O01310,2025-08-18,C0892,Trisha Jain,917380791228,ivanswamy@gmail.com,P0315,Pm,Home,1,6451.23,6451.23
O01310,2025-08-18,C0892,Trisha Jain,917380791228,ivanswamy@gmail.com,P0165,Still,Grocery,2,37256.63,74513.26
O01310,2025-08-18,C0892,Trisha Jain,917380791228,ivanswamy@gmail.com,P0070,Figure,Toys,2,15626.72,31253.44
O01311,2025-06-09,C0882,Rohan Luthra,917602837144,walihridaan@gmail.com,P0030,Opportunity,Toys,2,12911.03,25822.06
O01311,2025-06-09,C0882,Rohan Luthra,917602837144,walihridaan@gmail.com,P0263,Because,Fashion,1,6202.41,6202.41
O01311,2025-06-09,C0882,Rohan Luthra,917602837144,walihridaan@gmail.com,P0487,Wind,Grocery,2,26054.97,52109.94
O01312,2025-06-29,C0517,Ranbir Kaul,918533677938,okurian@gmail.com,P0227,Behavior,Electronics,2,36013.96,72027.92
O01312,2025-06-29,C0517,Ranbir Kaul,918533677938,okurian@gmail.com,P0071,Next,Toys,2,31890.26,63780.52
O01312,2025-06-29,C0517,Ranbir Kaul,918533677938,okurian@gmail.com,P0097,Worker,Home,3,21400.55,64201.65
O01312,2025-06-29,C0517,Ranbir Kaul,918533677938,okurian@gmail.com,P0287,Environment,Books,2,28596.46,57192.92
O01312,2025-06-29,C0517,Ranbir Kaul,918533677938,okurian@gmail.com,P0086,Summer,Grocery,2,45414.18,90828.36
O01313,2025-08-04,C0313,Chirag Sura,918009240917,yadavbhamini@gmail.com,P0034,Begin,Home,1,23453.17,23453.17
O01313,2025-08-04,C0313,Chirag Sura,918009240917,yadavbhamini@gmail.com,P0292,Participant,Fashion,1,6391.66,6391.66
O01313,2025-08-04,C0313,Chirag Sura,918009240917,yadavbhamini@gmail.com,P0442,Line,Grocery,3,48049.73,144149.19
O01313,2025-08-04,C0313,Chirag Sura,918009240917,yadavbhamini@gmail.com,P0374,Defense,Toys,3,35723.66,107170.98
O01313,2025-08-04,C0313,Chirag Sura,918009240917,yadavbhamini@gmail.com,P0369,Region,Books,2,29719.67,59439.34
O01314,2025-03-23,C0718,Onkar Kumer,917415502686,pkota@gmail.com,P0275,Growth,Fashion,3,40260.94,120782.82
O01314,2025-03-23,C0718,Onkar Kumer,917415502686,pkota@gmail.com,P0458,South,Grocery,1,30814.65,30814.65
O01314,2025-03-23,C0718,Onkar Kumer,917415502686,pkota@gmail.com,P0233,Resource,Home,3,5535.26,16605.78
O01314,2025-03-23,C0718,Onkar Kumer,917415502686,pkota@gmail.com,P0155,Live,Electronics,2,7171.57,14343.14
O01314,2025-03-23,C0718,Onkar Kumer,917415502686,pkota@gmail.com,P0009,They,Home,2,32134.95,64269.9
O01315,2025-08-07,C0176,Ehsaan Golla,917214513167,jbhatti@gmail.com,P0233,Resource,Home,1,5535.26,5535.26
O01315,2025-08-07,C0176,Ehsaan Golla,917214513167,jbhatti@gmail.com,P0360,Per,Fashion,2,44753.22,89506.44
O01316,2025-01-04,C0254,Nayantara Bawa,918879188382,kapadiadishani@gmail.com,P0116,Mr,Fashion,2,7183.89,14367.78
O01317,2024-12-29,C0999,Zara Chhabra,919646732136,faurora@gmail.com,P0131,Quite,Fashion,3,25134.94,75404.82
O01317,2024-12-29,C0999,Zara Chhabra,919646732136,faurora@gmail.com,P0208,Wide,Books,2,45993.95,91987.9
O01317,2024-12-29,C0999,Zara Chhabra,919646732136,faurora@gmail.com,P0297,Interview,Home,2,39804.91,79609.82
O01317,2024-12-29,C0999,Zara Chhabra,919646732136,faurora@gmail.com,P0060,Some,Books,3,25955.43,77866.29
O01317,2024-12-29,C0999,Zara Chhabra,919646732136,faurora@gmail.com,P0421,Human,Home,3,37593.63,112780.89
O01318,2024-11-24,C0208,Kimaya Cherian,917222996653,madhuphegde@gmail.com,P0225,About,Toys,1,34961.77,34961.77
O01318,2024-11-24,C0208,Kimaya Cherian,917222996653,madhuphegde@gmail.com,P0326,Live,Grocery,1,18953.49,18953.49
O01318,2024-11-24,C0208,Kimaya Cherian,917222996653,madhuphegde@gmail.com,P0278,Tonight,Electronics,2,20228.38,40456.76
O01318,2024-11-24,C0208,Kimaya Cherian,917222996653,madhuphegde@gmail.com,P0113,Near,Toys,2,7688.42,15376.84
O01318,2024-11-24,C0208,Kimaya Cherian,917222996653,madhuphegde@gmail.com,P0462,May,Electronics,2,34764.62,69529.24
O01319,2024-09-17,C0941,Anya Rao,916457562694,rsrivastava@gmail.com,P0256,Choice,Fashion,2,38096.03,76192.06
O01319,2024-09-17,C0941,Anya Rao,916457562694,rsrivastava@gmail.com,P0201,Month,Toys,1,38270.76,38270.76
O01319,2024-09-17,C0941,Anya Rao,916457562694,rsrivastava@gmail.com,P0116,Mr,Fashion,3,7183.89,21551.67
O01320,2025-05-26,C0019,Nitya Rajagopal,917090017055,suppal@gmail.com,P0161,Down,Fashion,1,28997.9,28997.9
O01320,2025-05-26,C0019,Nitya Rajagopal,917090017055,suppal@gmail.com,P0331,Line,Fashion,3,39780.07,119340.21
O01320,2025-05-26,C0019,Nitya Rajagopal,917090017055,suppal@gmail.com,P0158,They,Grocery,2,747.56,1495.12
O01320,2025-05-26,C0019,Nitya Rajagopal,917090017055,suppal@gmail.com,P0370,Stand,Books,1,47131.46,47131.46
O01320,2025-05-26,C0019,Nitya Rajagopal,917090017055,suppal@gmail.com,P0296,Safe,Grocery,2,6885.75,13771.5
O01321,2025-08-08,C0158,Zara Bala,916253132429,ela08@gmail.com,P0024,Officer,Grocery,2,25649.5,51299.0
O01322,2024-12-09,C0470,Shalv Brahmbhatt,919211474200,vchopra@gmail.com,P0285,Play,Fashion,3,49168.83,147506.49
O01323,2024-10-07,C0315,Chirag Trivedi,919904612413,tushar95@gmail.com,P0454,Later,Fashion,2,39383.95,78767.9
O01323,2024-10-07,C0315,Chirag Trivedi,919904612413,tushar95@gmail.com,P0201,Month,Toys,1,38270.76,38270.76
O01324,2025-03-31,C0921,Khushi Gill,918769712795,sumermagar@gmail.com,P0389,Can,Grocery,1,2990.09,2990.09
O01324,2025-03-31,C0921,Khushi Gill,918769712795,sumermagar@gmail.com,P0429,Free,Books,3,25226.17,75678.51
O01324,2025-03-31,C0921,Khushi Gill,918769712795,sumermagar@gmail.com,P0238,Fear,Home,1,6342.47,6342.47
O01325,2025-08-03,C0371,Dhruv Sama,916805689707,hthakur@gmail.com,P0266,Relate,Fashion,2,24933.26,49866.52
O01325,2025-08-03,C0371,Dhruv Sama,916805689707,hthakur@gmail.com,P0251,Check,Books,1,13197.73,13197.73
O01325,2025-08-03,C0371,Dhruv Sama,916805689707,hthakur@gmail.com,P0071,Next,Toys,2,31890.26,63780.52
O01326,2024-11-16,C0455,Shlok Zacharia,917312864140,fchoudhary@gmail.com,P0166,Interesting,Grocery,1,4704.45,4704.45
O01326,2024-11-16,C0455,Shlok Zacharia,917312864140,fchoudhary@gmail.com,P0228,World,Home,1,42687.6,42687.6
O01326,2024-11-16,C0455,Shlok Zacharia,917312864140,fchoudhary@gmail.com,P0312,Hour,Home,3,26966.28,80898.84
O01326,2024-11-16,C0455,Shlok Zacharia,917312864140,fchoudhary@gmail.com,P0286,Practice,Fashion,1,34386.6,34386.6
O01326,2024-11-16,C0455,Shlok Zacharia,917312864140,fchoudhary@gmail.com,P0044,Age,Books,1,29870.75,29870.75
O01327,2025-02-09,C0591,Vihaan Sengupta,919455381739,yuvaan41@gmail.com,P0342,Throughout,Fashion,1,11727.32,11727.32
O01327,2025-02-09,C0591,Vihaan Sengupta,919455381739,yuvaan41@gmail.com,P0112,So,Fashion,1,7126.45,7126.45
O01327,2025-02-09,C0591,Vihaan Sengupta,919455381739,yuvaan41@gmail.com,P0310,Data,Toys,2,32555.16,65110.32
O01327,2025-02-09,C0591,Vihaan Sengupta,919455381739,yuvaan41@gmail.com,P0314,Stuff,Electronics,1,23667.18,23667.18
O01327,2025-02-09,C0591,Vihaan Sengupta,919455381739,yuvaan41@gmail.com,P0189,Take,Books,3,21117.14,63351.42
O01328,2025-07-04,C0010,Ryan Dhawan,917595706147,shlokbatta@gmail.com,P0199,Employee,Electronics,3,21332.0,63996.0
O01329,2024-11-30,C0576,Gatik Mani,916951975831,elakshibhagat@gmail.com,P0039,Home,Grocery,1,24312.94,24312.94
O01329,2024-11-30,C0576,Gatik Mani,916951975831,elakshibhagat@gmail.com,P0127,Single,Books,3,43219.93,129659.79
O01329,2024-11-30,C0576,Gatik Mani,916951975831,elakshibhagat@gmail.com,P0143,Protect,Toys,1,38572.8,38572.8
O01330,2025-02-25,C0876,Jivin Loke,916613316202,chahaljayesh@gmail.com,P0070,Figure,Toys,3,15626.72,46880.16
O01331,2025-04-26,C0631,Drishya Master,917317898471,navyasrivastava@gmail.com,P0038,School,Grocery,2,13156.01,26312.02
O01331,2025-04-26,C0631,Drishya Master,917317898471,navyasrivastava@gmail.com,P0221,The,Home,1,25026.69,25026.69
O01331,2025-04-26,C0631,Drishya Master,917317898471,navyasrivastava@gmail.com,P0030,Opportunity,Toys,1,12911.03,12911.03
O01332,2024-09-11,C0623,Tara Rao,917008318296,trajagopal@gmail.com,P0194,Better,Books,2,49657.42,99314.84
O01332,2024-09-11,C0623,Tara Rao,917008318296,trajagopal@gmail.com,P0089,Mission,Home,3,47776.2,143328.6
O01332,2024-09-11,C0623,Tara Rao,917008318296,trajagopal@gmail.com,P0348,Expert,Home,1,19437.03,19437.03
O01332,2024-09-11,C0623,Tara Rao,917008318296,trajagopal@gmail.com,P0255,Born,Books,1,22491.06,22491.06
O01333,2025-05-04,C0198,Miraya Ram,918888396948,tara35@gmail.com,P0345,Fund,Fashion,2,28257.12,56514.24
O01333,2025-05-04,C0198,Miraya Ram,918888396948,tara35@gmail.com,P0293,Money,Grocery,1,486.78,486.78
O01333,2025-05-04,C0198,Miraya Ram,918888396948,tara35@gmail.com,P0344,State,Grocery,1,6188.97,6188.97
O01333,2025-05-04,C0198,Miraya Ram,918888396948,tara35@gmail.com,P0362,Thank,Fashion,1,18203.86,18203.86
O01333,2025-05-04,C0198,Miraya Ram,918888396948,tara35@gmail.com,P0274,Goal,Books,1,36502.79,36502.79
O01334,2025-06-21,C0542,Mannat Desai,916927277143,rasha54@gmail.com,P0211,Run,Home,2,42595.97,85191.94
O01060,2024-09-13,C0476,Umang Agate,919371351013,hbehl@gmail.com,P0275,Growth,Fashion,2,40260.94,80521.88
O01061,2025-04-02,C0662,Mannat Vora,919474829723,kalakismat@gmail.com,P0089,Mission,Home,1,47776.2,47776.2
O01061,2025-04-02,C0662,Mannat Vora,919474829723,kalakismat@gmail.com,P0086,Summer,Grocery,3,45414.18,136242.54
O01061,2025-04-02,C0662,Mannat Vora,919474829723,kalakismat@gmail.com,P0442,Line,Grocery,2,48049.73,96099.46
O01062,2025-06-20,C0520,Misha Sahni,918698037447,takdhanush@gmail.com,P0440,Alone,Grocery,1,27504.54,27504.54
O01063,2024-12-17,C0789,Keya Wable,916667768255,wbal@gmail.com,P0179,Change,Fashion,2,15898.63,31797.26
O01063,2024-12-17,C0789,Keya Wable,916667768255,wbal@gmail.com,P0227,Behavior,Electronics,2,36013.96,72027.92
O01064,2024-09-07,C0046,Tarini Iyengar,916926842565,kairakeer@gmail.com,P0217,Building,Fashion,2,43359.09,86718.18
O01064,2024-09-07,C0046,Tarini Iyengar,916926842565,kairakeer@gmail.com,P0326,Live,Grocery,2,18953.49,37906.98
O01064,2024-09-07,C0046,Tarini Iyengar,916926842565,kairakeer@gmail.com,P0040,Practice,Home,3,27945.65,83836.95
O01064,2024-09-07,C0046,Tarini Iyengar,916926842565,kairakeer@gmail.com,P0262,The,Home,3,17889.61,53668.83
O01065,2024-09-07,C0277,Romil Ramesh,916122333505,abramsom@gmail.com,P0476,Matter,Books,3,635.14,1905.42
O01065,2024-09-07,C0277,Romil Ramesh,916122333505,abramsom@gmail.com,P0245,Later,Fashion,1,34444.1,34444.1
O01065,2024-09-07,C0277,Romil Ramesh,916122333505,abramsom@gmail.com,P0427,Glass,Grocery,2,32006.32,64012.64
O01065,2024-09-07,C0277,Romil Ramesh,916122333505,abramsom@gmail.com,P0347,Newspaper,Fashion,1,48533.81,48533.81
O01066,2025-02-10,C0444,Eva Thakkar,917659295119,fdhingra@gmail.com,P0102,Forget,Books,3,41702.42,125107.26
O01067,2025-01-27,C0128,Darshit Keer,917946944287,shankartanya@gmail.com,P0265,Write,Grocery,2,30863.16,61726.32
O01068,2024-11-02,C0191,Khushi Dhillon,916187088697,prisha13@gmail.com,P0206,Other,Home,2,16417.86,32835.72
O01068,2024-11-02,C0191,Khushi Dhillon,916187088697,prisha13@gmail.com,P0362,Thank,Fashion,1,18203.86,18203.86
O01068,2024-11-02,C0191,Khushi Dhillon,916187088697,prisha13@gmail.com,P0200,But,Home,1,13941.44,13941.44
O01068,2024-11-02,C0191,Khushi Dhillon,916187088697,prisha13@gmail.com,P0445,Debate,Electronics,1,39696.35,39696.35
O01068,2024-11-02,C0191,Khushi Dhillon,916187088697,prisha13@gmail.com,P0451,How,Electronics,3,32544.56,97633.68
O01069,2024-09-15,C1000,Yashvi Baria,917230737109,etrivedi@gmail.com,P0122,Girl,Grocery,2,25630.56,51261.12
O01069,2024-09-15,C1000,Yashvi Baria,917230737109,etrivedi@gmail.com,P0005,Third,Electronics,1,17555.54,17555.54
O01069,2024-09-15,C1000,Yashvi Baria,917230737109,etrivedi@gmail.com,P0430,Hot,Grocery,1,43351.68,43351.68
O01070,2025-07-31,C0362,Indrans Srinivas,917352183555,anika14@gmail.com,P0496,Although,Grocery,1,6446.33,6446.33
O01070,2025-07-31,C0362,Indrans Srinivas,917352183555,anika14@gmail.com,P0216,Smile,Books,1,5257.39,5257.39
O01070,2025-07-31,C0362,Indrans Srinivas,917352183555,anika14@gmail.com,P0427,Glass,Grocery,3,32006.32,96018.96
O01070,2025-07-31,C0362,Indrans Srinivas,917352183555,anika14@gmail.com,P0095,Four,Grocery,1,43421.39,43421.39
O01071,2025-04-24,C0664,Navya Saraf,916419174593,purab02@gmail.com,P0033,Smile,Electronics,1,7304.63,7304.63
O01071,2025-04-24,C0664,Navya Saraf,916419174593,purab02@gmail.com,P0087,Hotel,Fashion,1,2608.49,2608.49
O01071,2025-04-24,C0664,Navya Saraf,916419174593,purab02@gmail.com,P0060,Some,Books,3,25955.43,77866.29
O01071,2025-04-24,C0664,Navya Saraf,916419174593,purab02@gmail.com,P0314,Stuff,Electronics,2,23667.18,47334.36
O01071,2025-04-24,C0664,Navya Saraf,916419174593,purab02@gmail.com,P0413,Describe,Electronics,2,11998.55,23997.1
O01072,2025-03-03,C0549,Suhana Kakar,917457685695,qlala@gmail.com,P0405,Number,Books,1,36701.41,36701.41
O01073,2025-06-23,C0025,Mamooty Singh,916745648411,daliavanya@gmail.com,P0092,Tell,Home,3,40584.21,121752.63
O01073,2025-06-23,C0025,Mamooty Singh,916745648411,daliavanya@gmail.com,P0227,Behavior,Electronics,1,36013.96,36013.96
O01074,2024-11-14,C0200,Anahita Shah,918034834568,cdesai@gmail.com,P0149,Media,Electronics,2,33043.26,66086.52
O01074,2024-11-14,C0200,Anahita Shah,918034834568,cdesai@gmail.com,P0132,Fear,Books,3,16953.1,50859.3
O01074,2024-11-14,C0200,Anahita Shah,918034834568,cdesai@gmail.com,P0446,Personal,Home,1,42866.03,42866.03
O01075,2024-10-04,C0810,Kabir Varghese,917988188618,gokulkaran@gmail.com,P0121,Listen,Toys,2,22992.5,45985.0
O01076,2024-12-02,C0798,Anika Chaudhuri,917632099026,nakulshenoy@gmail.com,P0131,Quite,Fashion,1,25134.94,25134.94
O01076,2024-12-02,C0798,Anika Chaudhuri,917632099026,nakulshenoy@gmail.com,P0220,Car,Grocery,1,15563.77,15563.77
O01077,2025-08-30,C0434,Lakshit Chopra,916051681454,kumardiya@gmail.com,P0404,Imagine,Toys,2,46983.13,93966.26
O01078,2024-10-21,C0523,Aarush Baria,918369390126,vedika33@gmail.com,P0246,Audience,Home,2,13452.24,26904.48
O01078,2024-10-21,C0523,Aarush Baria,918369390126,vedika33@gmail.com,P0494,Technology,Fashion,1,26389.15,26389.15
O01078,2024-10-21,C0523,Aarush Baria,918369390126,vedika33@gmail.com,P0275,Growth,Fashion,1,40260.94,40260.94
O01078,2024-10-21,C0523,Aarush Baria,918369390126,vedika33@gmail.com,P0324,Culture,Books,2,19384.0,38768.0
O01079,2025-05-10,C0553,Jayant Saraf,917681710348,onkar40@gmail.com,P0478,Pretty,Toys,1,45214.46,45214.46
O01079,2025-05-10,C0553,Jayant Saraf,917681710348,onkar40@gmail.com,P0365,See,Fashion,2,7195.14,14390.28
O01080,2025-01-25,C0884,Divyansh Ganguly,919884378277,kadetrisha@gmail.com,P0356,Paper,Books,2,1746.39,3492.78
O01080,2025-01-25,C0884,Divyansh Ganguly,919884378277,kadetrisha@gmail.com,P0180,Section,Electronics,2,15179.3,30358.6
O01080,2025-01-25,C0884,Divyansh Ganguly,919884378277,kadetrisha@gmail.com,P0462,May,Electronics,3,34764.62,104293.86
O01080,2025-01-25,C0884,Divyansh Ganguly,919884378277,kadetrisha@gmail.com,P0401,Reveal,Fashion,2,4209.04,8418.08
O01081,2025-07-12,C0995,Shayak Agrawal,919952215618,vkuruvilla@gmail.com,P0421,Human,Home,3,37593.63,112780.89
O01081,2025-07-12,C0995,Shayak Agrawal,919952215618,vkuruvilla@gmail.com,P0191,Again,Electronics,3,4114.1,12342.3
O01081,2025-07-12,C0995,Shayak Agrawal,919952215618,vkuruvilla@gmail.com,P0166,Interesting,Grocery,3,4704.45,14113.35
O01082,2025-08-29,C0078,Kimaya Tiwari,916980242548,nirvaanvarty@gmail.com,P0213,Perhaps,Books,1,17118.78,17118.78
O01083,2024-09-29,C0241,Samaira Soman,918498340735,kabirbuch@gmail.com,P0084,Entire,Fashion,3,24969.67,74909.01
O01083,2024-09-29,C0241,Samaira Soman,918498340735,kabirbuch@gmail.com,P0487,Wind,Grocery,2,26054.97,52109.94
O01083,2024-09-29,C0241,Samaira Soman,918498340735,kabirbuch@gmail.com,P0199,Employee,Electronics,2,21332.0,42664.0
O01084,2025-08-04,C0099,Anika Dutt,918138272157,chopranavya@gmail.com,P0205,Low,Books,3,3894.6,11683.8
O01084,2025-08-04,C0099,Anika Dutt,918138272157,chopranavya@gmail.com,P0464,National,Toys,1,39575.17,39575.17
O01084,2025-08-04,C0099,Anika Dutt,918138272157,chopranavya@gmail.com,P0076,Gas,Grocery,1,33745.05,33745.05
O01085,2024-11-22,C0443,Shray Halder,919904385071,himmathora@gmail.com,P0162,Population,Home,3,48541.96,145625.88
O01086,2025-05-27,C0250,Abram Borde,919858162399,pihudevi@gmail.com,P0346,Manage,Electronics,2,13256.96,26513.92
O01086,2025-05-27,C0250,Abram Borde,919858162399,pihudevi@gmail.com,P0186,Environment,Fashion,3,39743.81,119231.43
O01086,2025-05-27,C0250,Abram Borde,919858162399,pihudevi@gmail.com,P0171,Approach,Books,1,7881.56,7881.56
O01086,2025-05-27,C0250,Abram Borde,919858162399,pihudevi@gmail.com,P0034,Begin,Home,2,23453.17,46906.34
O01087,2025-07-06,C0133,Eva Chandra,916621789871,riyer@gmail.com,P0127,Single,Books,3,43219.93,129659.79
O01087,2025-07-06,C0133,Eva Chandra,916621789871,riyer@gmail.com,P0229,Goal,Electronics,1,18497.07,18497.07
O01087,2025-07-06,C0133,Eva Chandra,916621789871,riyer@gmail.com,P0048,Probably,Toys,1,15969.26,15969.26
O01088,2024-10-21,C0879,Saksham Mangal,917096100323,bchandra@gmail.com,P0099,Machine,Grocery,3,5087.08,15261.24
O01088,2024-10-21,C0879,Saksham Mangal,917096100323,bchandra@gmail.com,P0084,Entire,Fashion,1,24969.67,24969.67
O01088,2024-10-21,C0879,Saksham Mangal,917096100323,bchandra@gmail.com,P0228,World,Home,1,42687.6,42687.6
O01088,2024-10-21,C0879,Saksham Mangal,917096100323,bchandra@gmail.com,P0212,Expect,Grocery,1,24638.09,24638.09
O01089,2025-06-20,C0025,Mamooty Singh,916745648411,daliavanya@gmail.com,P0163,Same,Books,3,41732.14,125196.42
O01090,2025-02-07,C0649,Anahi Randhawa,916681116601,fateh81@gmail.com,P0029,Technology,Grocery,3,1746.82,5240.46
O01090,2025-02-07,C0649,Anahi Randhawa,916681116601,fateh81@gmail.com,P0071,Next,Toys,2,31890.26,63780.52
O01090,2025-02-07,C0649,Anahi Randhawa,916681116601,fateh81@gmail.com,P0022,Husband,Electronics,2,33123.51,66247.02
O01090,2025-02-07,C0649,Anahi Randhawa,916681116601,fateh81@gmail.com,P0049,Education,Fashion,2,33685.14,67370.28
O01091,2024-09-19,C0620,Khushi Apte,918549691325,divit63@gmail.com,P0449,Start,Books,2,31877.19,63754.38
O01091,2024-09-19,C0620,Khushi Apte,918549691325,divit63@gmail.com,P0261,Movie,Toys,1,34647.61,34647.61
O01091,2024-09-19,C0620,Khushi Apte,918549691325,divit63@gmail.com,P0137,Artist,Toys,3,22076.28,66228.84
O01091,2024-09-19,C0620,Khushi Apte,918549691325,divit63@gmail.com,P0293,Money,Grocery,2,486.78,973.56
O01091,2024-09-19,C0620,Khushi Apte,918549691325,divit63@gmail.com,P0023,At,Books,1,43375.51,43375.51
O01092,2024-12-14,C0757,Arhaan Dua,916406107346,vartypiya@gmail.com,P0287,Environment,Books,3,28596.46,85789.38
O01092,2024-12-14,C0757,Arhaan Dua,916406107346,vartypiya@gmail.com,P0281,National,Electronics,2,43942.41,87884.82
O01092,2024-12-14,C0757,Arhaan Dua,916406107346,vartypiya@gmail.com,P0023,At,Books,2,43375.51,86751.02
O01093,2025-09-04,C0467,Aarav Soman,916310180352,ggoel@gmail.com,P0444,Bit,Grocery,3,6982.49,20947.47
O01093,2025-09-04,C0467,Aarav Soman,916310180352,ggoel@gmail.com,P0204,Grow,Home,3,36853.4,110560.2
O01093,2025-09-04,C0467,Aarav Soman,916310180352,ggoel@gmail.com,P0356,Paper,Books,3,1746.39,5239.17
O01093,2025-09-04,C0467,Aarav Soman,916310180352,ggoel@gmail.com,P0194,Better,Books,1,49657.42,49657.42
O01094,2025-04-25,C0897,Kimaya Kannan,918805478967,anahitabasak@gmail.com,P0103,Green,Fashion,1,43879.19,43879.19
O01095,2025-08-21,C0944,Ira Majumdar,918282949339,shalvkuruvilla@gmail.com,P0457,Which,Books,2,25557.49,51114.98
O01095,2025-08-21,C0944,Ira Majumdar,918282949339,shalvkuruvilla@gmail.com,P0358,Method,Toys,2,20030.96,40061.92
O01095,2025-08-21,C0944,Ira Majumdar,918282949339,shalvkuruvilla@gmail.com,P0494,Technology,Fashion,3,26389.15,79167.45
O01095,2025-08-21,C0944,Ira Majumdar,918282949339,shalvkuruvilla@gmail.com,P0167,Growth,Fashion,1,9807.77,9807.77
O01096,2025-07-14,C0566,Armaan Cherian,918303638205,tgill@gmail.com,P0208,Wide,Books,1,45993.95,45993.95
O01097,2025-02-07,C0450,Mamooty Sahota,919427816326,zghose@gmail.com,P0166,Interesting,Grocery,1,4704.45,4704.45
O01098,2025-05-04,C0533,Shanaya Krish,919544137107,saanvivyas@gmail.com,P0216,Smile,Books,3,5257.39,15772.17
O01098,2025-05-04,C0533,Shanaya Krish,919544137107,saanvivyas@gmail.com,P0363,Inside,Books,1,26506.83,26506.83
O01098,2025-05-04,C0533,Shanaya Krish,919544137107,saanvivyas@gmail.com,P0170,She,Books,2,26961.11,53922.22
O01098,2025-05-04,C0533,Shanaya Krish,919544137107,saanvivyas@gmail.com,P0320,Sort,Fashion,3,1924.24,5772.72
O01098,2025-05-04,C0533,Shanaya Krish,919544137107,saanvivyas@gmail.com,P0210,Serious,Grocery,1,35406.15,35406.15
O01099,2025-03-24,C0490,Uthkarsh Kakar,916843325149,bathsana@gmail.com,P0112,So,Fashion,1,7126.45,7126.45
O01100,2025-01-27,C0319,Nitara Handa,916704927775,chanderanvi@gmail.com,P0112,So,Fashion,2,7126.45,14252.9
O01100,2025-01-27,C0319,Nitara Handa,916704927775,chanderanvi@gmail.com,P0285,Play,Fashion,3,49168.83,147506.49
O01100,2025-01-27,C0319,Nitara Handa,916704927775,chanderanvi@gmail.com,P0181,Store,Electronics,1,7171.29,7171.29
O01101,2024-10-30,C0566,Armaan Cherian,918303638205,tgill@gmail.com,P0091,Land,Toys,3,19236.54,57709.62
O01101,2024-10-30,C0566,Armaan Cherian,918303638205,tgill@gmail.com,P0424,Suffer,Home,1,13776.75,13776.75
O01102,2025-07-21,C0571,Oorja Tank,916871686600,doratanya@gmail.com,P0299,Also,Grocery,3,41601.06,124803.18
O01102,2025-07-21,C0571,Oorja Tank,916871686600,doratanya@gmail.com,P0063,Bad,Home,3,1796.02,5388.06
O01102,2025-07-21,C0571,Oorja Tank,916871686600,doratanya@gmail.com,P0019,Such,Fashion,2,14547.49,29094.98
O01102,2025-07-21,C0571,Oorja Tank,916871686600,doratanya@gmail.com,P0148,Will,Books,2,29281.73,58563.46
O01102,2025-07-21,C0571,Oorja Tank,916871686600,doratanya@gmail.com,P0002,Big,Books,2,29810.32,59620.64
O01103,2025-03-09,C0417,Miraan Solanki,916785485358,magarheer@gmail.com,P0310,Data,Toys,3,32555.16,97665.48
O01104,2025-01-29,C0887,Shanaya Borah,917561712714,samarthhegde@gmail.com,P0351,Play,Home,3,16869.29,50607.87
O01104,2025-01-29,C0887,Shanaya Borah,917561712714,samarthhegde@gmail.com,P0042,Director,Fashion,3,41973.05,125919.15
O01104,2025-01-29,C0887,Shanaya Borah,917561712714,samarthhegde@gmail.com,P0081,Concern,Books,2,17375.63,34751.26
O01104,2025-01-29,C0887,Shanaya Borah,917561712714,samarthhegde@gmail.com,P0408,Billion,Home,1,30060.41,30060.41
O01105,2025-03-27,C0257,Amira Shere,916402207445,bajajlavanya@gmail.com,P0442,Line,Grocery,3,48049.73,144149.19
O01105,2025-03-27,C0257,Amira Shere,916402207445,bajajlavanya@gmail.com,P0251,Check,Books,1,13197.73,13197.73
O01105,2025-03-27,C0257,Amira Shere,916402207445,bajajlavanya@gmail.com,P0149,Media,Electronics,3,33043.26,99129.78
O01106,2024-12-03,C0022,Ahana  Buch,916889086442,aptemahika@gmail.com,P0271,What,Home,1,25241.9,25241.9
O01107,2025-04-09,C0821,Vanya Chauhan,916601319078,shaan84@gmail.com,P0074,Read,Home,1,31600.59,31600.59
O01107,2025-04-09,C0821,Vanya Chauhan,916601319078,shaan84@gmail.com,P0268,Very,Electronics,3,49631.1,148893.3
O01107,2025-04-09,C0821,Vanya Chauhan,916601319078,shaan84@gmail.com,P0043,Case,Fashion,2,31823.55,63647.1
O01108,2024-11-07,C0358,Nirvi Luthra,918519877467,pramakrishnan@gmail.com,P0316,Forget,Books,2,10470.32,20940.64
O01108,2024-11-07,C0358,Nirvi Luthra,918519877467,pramakrishnan@gmail.com,P0339,Teach,Electronics,1,15732.96,15732.96
O01108,2024-11-07,C0358,Nirvi Luthra,918519877467,pramakrishnan@gmail.com,P0083,Tell,Toys,2,34146.63,68293.26
O01109,2025-08-12,C0366,Manjari Bhagat,917821455871,sherecharvi@gmail.com,P0079,Hand,Books,3,2100.87,6302.61
O01109,2025-08-12,C0366,Manjari Bhagat,917821455871,sherecharvi@gmail.com,P0247,Difficult,Books,3,41823.06,125469.18
O01110,2025-07-10,C0582,Shaan Batta,916223115236,tushar33@gmail.com,P0310,Data,Toys,1,32555.16,32555.16
O01110,2025-07-10,C0582,Shaan Batta,916223115236,tushar33@gmail.com,P0026,Mouth,Toys,2,13404.03,26808.06
O01110,2025-07-10,C0582,Shaan Batta,916223115236,tushar33@gmail.com,P0490,They,Home,3,2217.14,6651.42
O01111,2025-03-23,C0094,Tushar Kata,918636049905,darshit93@gmail.com,P0474,History,Toys,3,6036.27,18108.81
O01111,2025-03-23,C0094,Tushar Kata,918636049905,darshit93@gmail.com,P0412,High,Home,1,28978.96,28978.96
O01112,2024-11-21,C0673,Vedika Kala,916261162197,manetiya@gmail.com,P0230,Voice,Books,2,12941.39,25882.78
O01112,2024-11-21,C0673,Vedika Kala,916261162197,manetiya@gmail.com,P0496,Although,Grocery,2,6446.33,12892.66
O01112,2024-11-21,C0673,Vedika Kala,916261162197,manetiya@gmail.com,P0317,Less,Fashion,2,48728.05,97456.1
O01112,2024-11-21,C0673,Vedika Kala,916261162197,manetiya@gmail.com,P0422,Long,Toys,1,23695.22,23695.22
O01112,2024-11-21,C0673,Vedika Kala,916261162197,manetiya@gmail.com,P0090,Create,Electronics,3,4541.22,13623.66
O01113,2025-06-23,C0378,Kashvi Bhatti,917963681847,cshere@gmail.com,P0445,Debate,Electronics,1,39696.35,39696.35
O01113,2025-06-23,C0378,Kashvi Bhatti,917963681847,cshere@gmail.com,P0157,Establish,Home,2,159.01,318.02
O01113,2025-06-23,C0378,Kashvi Bhatti,917963681847,cshere@gmail.com,P0488,Staff,Electronics,3,19763.51,59290.53
O01114,2024-11-28,C0128,Darshit Keer,917946944287,shankartanya@gmail.com,P0115,Run,Fashion,1,44401.73,44401.73
O01114,2024-11-28,C0128,Darshit Keer,917946944287,shankartanya@gmail.com,P0478,Pretty,Toys,1,45214.46,45214.46
O01115,2025-06-26,C0103,Jayant Baral,919795766020,valakabir@gmail.com,P0370,Stand,Books,3,47131.46,141394.38
O01115,2025-06-26,C0103,Jayant Baral,919795766020,valakabir@gmail.com,P0008,Step,Grocery,2,21635.32,43270.64
O01116,2025-06-01,C0141,Arhaan Sandal,917194019961,balakhushi@gmail.com,P0322,Plant,Fashion,1,37337.54,37337.54
O01117,2025-01-02,C0874,Darshit Kothari,918003187709,jayaramangokul@gmail.com,P0465,Tough,Toys,1,38414.53,38414.53
O01117,2025-01-02,C0874,Darshit Kothari,918003187709,jayaramangokul@gmail.com,P0126,Wonder,Toys,1,28749.51,28749.51
O01117,2025-01-02,C0874,Darshit Kothari,918003187709,jayaramangokul@gmail.com,P0116,Mr,Fashion,2,7183.89,14367.78
O01117,2025-01-02,C0874,Darshit Kothari,918003187709,jayaramangokul@gmail.com,P0172,Suggest,Toys,3,37358.39,112075.17
O01118,2024-11-07,C0386,Aarav Vora,919507469792,ddin@gmail.com,P0252,Democrat,Home,1,27839.73,27839.73
O01118,2024-11-07,C0386,Aarav Vora,919507469792,ddin@gmail.com,P0349,Score,Electronics,1,13424.17,13424.17
O01118,2024-11-07,C0386,Aarav Vora,919507469792,ddin@gmail.com,P0029,Technology,Grocery,3,1746.82,5240.46
O01119,2024-11-13,C0083,Yuvraj  Hora,918511145927,shalv05@gmail.com,P0496,Although,Grocery,1,6446.33,6446.33
O01119,2024-11-13,C0083,Yuvraj  Hora,918511145927,shalv05@gmail.com,P0145,Once,Electronics,3,19289.24,57867.72
O01119,2024-11-13,C0083,Yuvraj  Hora,918511145927,shalv05@gmail.com,P0242,Guess,Grocery,1,29562.1,29562.1
O01119,2024-11-13,C0083,Yuvraj  Hora,918511145927,shalv05@gmail.com,P0285,Play,Fashion,3,49168.83,147506.49
O01120,2025-06-02,C0722,Rhea Kibe,917980928488,divannishith@gmail.com,P0408,Billion,Home,2,30060.41,60120.82
O01120,2025-06-02,C0722,Rhea Kibe,917980928488,divannishith@gmail.com,P0144,Career,Toys,2,19915.53,39831.06
O01121,2025-01-26,C0431,Zara Chopra,917210537469,kapurpihu@gmail.com,P0315,Pm,Home,3,6451.23,19353.69
O01121,2025-01-26,C0431,Zara Chopra,917210537469,kapurpihu@gmail.com,P0230,Voice,Books,3,12941.39,38824.17
O01122,2025-05-25,C0162,Anahita Chopra,919022597374,yasmin97@gmail.com,P0191,Again,Electronics,3,4114.1,12342.3
O01122,2025-05-25,C0162,Anahita Chopra,919022597374,yasmin97@gmail.com,P0446,Personal,Home,3,42866.03,128598.09
O01122,2025-05-25,C0162,Anahita Chopra,919022597374,yasmin97@gmail.com,P0002,Big,Books,2,29810.32,59620.64
O01122,2025-05-25,C0162,Anahita Chopra,919022597374,yasmin97@gmail.com,P0317,Less,Fashion,1,48728.05,48728.05
O01123,2024-12-26,C0499,Nitya Gara,918847172730,kalaemir@gmail.com,P0401,Reveal,Fashion,2,4209.04,8418.08
O01123,2024-12-26,C0499,Nitya Gara,918847172730,kalaemir@gmail.com,P0307,Much,Fashion,2,27744.18,55488.36
O01123,2024-12-26,C0499,Nitya Gara,918847172730,kalaemir@gmail.com,P0221,The,Home,2,25026.69,50053.38
O01123,2024-12-26,C0499,Nitya Gara,918847172730,kalaemir@gmail.com,P0488,Staff,Electronics,3,19763.51,59290.53
O01123,2024-12-26,C0499,Nitya Gara,918847172730,kalaemir@gmail.com,P0329,Within,Grocery,1,36526.35,36526.35
O01124,2024-09-16,C0818,Stuvan Bhakta,918917637289,nirvaantaneja@gmail.com,P0128,West,Electronics,2,14179.39,28358.78
O01125,2024-11-26,C0960,Vanya Dara,918762930038,mohanlal85@gmail.com,P0191,Again,Electronics,1,4114.1,4114.1
O01125,2024-11-26,C0960,Vanya Dara,918762930038,mohanlal85@gmail.com,P0226,Close,Fashion,2,22025.27,44050.54
O01125,2024-11-26,C0960,Vanya Dara,918762930038,mohanlal85@gmail.com,P0433,Friend,Electronics,2,38386.31,76772.62
O01125,2024-11-26,C0960,Vanya Dara,918762930038,mohanlal85@gmail.com,P0193,Whole,Home,3,2379.84,7139.52
O01125,2024-11-26,C0960,Vanya Dara,918762930038,mohanlal85@gmail.com,P0156,Stage,Books,3,37082.36,111247.08
O01126,2025-01-22,C0660,Adah Jaggi,917531915478,anay66@gmail.com,P0206,Other,Home,2,16417.86,32835.72
O01126,2025-01-22,C0660,Adah Jaggi,917531915478,anay66@gmail.com,P0349,Score,Electronics,2,13424.17,26848.34
O01127,2025-06-28,C0593,Anahita Ramachandran,917254589760,emir60@gmail.com,P0197,Wear,Electronics,3,11828.38,35485.14
O01127,2025-06-28,C0593,Anahita Ramachandran,917254589760,emir60@gmail.com,P0219,Degree,Books,2,4353.93,8707.86
O01127,2025-06-28,C0593,Anahita Ramachandran,917254589760,emir60@gmail.com,P0094,Foot,Electronics,2,39141.36,78282.72
O01127,2025-06-28,C0593,Anahita Ramachandran,917254589760,emir60@gmail.com,P0189,Take,Books,3,21117.14,63351.42
O01128,2024-11-08,C0421,Seher Wali,918097643395,ojasratti@gmail.com,P0329,Within,Grocery,2,36526.35,73052.7
O01128,2024-11-08,C0421,Seher Wali,918097643395,ojasratti@gmail.com,P0432,Employee,Electronics,2,21473.93,42947.86
O01128,2024-11-08,C0421,Seher Wali,918097643395,ojasratti@gmail.com,P0126,Wonder,Toys,2,28749.51,57499.02
O01129,2025-03-03,C0336,Kiaan Raju,916808844764,rramakrishnan@gmail.com,P0426,Machine,Toys,2,33161.16,66322.32
O01130,2025-01-02,C0674,Sahil Ahluwalia,916383749653,anahi75@gmail.com,P0408,Billion,Home,1,30060.41,30060.41
O01131,2025-09-03,C0755,Hridaan Lad,917325292593,yuvraj-bhat@gmail.com,P0293,Money,Grocery,2,486.78,973.56
O01131,2025-09-03,C0755,Hridaan Lad,917325292593,yuvraj-bhat@gmail.com,P0090,Create,Electronics,3,4541.22,13623.66
O01132,2025-08-17,C0831,Eva Sangha,916276976513,vorasamar@gmail.com,P0096,Need,Home,3,5167.74,15503.22
O01132,2025-08-17,C0831,Eva Sangha,916276976513,vorasamar@gmail.com,P0120,Able,Books,2,37572.81,75145.62
O01132,2025-08-17,C0831,Eva Sangha,916276976513,vorasamar@gmail.com,P0124,The,Electronics,2,38646.03,77292.06
O01132,2025-08-17,C0831,Eva Sangha,916276976513,vorasamar@gmail.com,P0107,According,Fashion,2,35187.46,70374.92
O01133,2024-11-12,C0089,Zaina Walia,919307482873,eva91@gmail.com,P0284,Draw,Books,1,9525.56,9525.56
O01134,2025-02-08,C0193,Aaina Dutt,917719239917,ayeshakashyap@gmail.com,P0452,Gun,Books,1,28509.16,28509.16
O01134,2025-02-08,C0193,Aaina Dutt,917719239917,ayeshakashyap@gmail.com,P0357,Recently,Home,3,8621.08,25863.24
O01135,2025-04-23,C0821,Vanya Chauhan,916601319078,shaan84@gmail.com,P0373,Especially,Electronics,1,6461.93,6461.93
O01135,2025-04-23,C0821,Vanya Chauhan,916601319078,shaan84@gmail.com,P0313,Condition,Toys,1,36907.6,36907.6
O01135,2025-04-23,C0821,Vanya Chauhan,916601319078,shaan84@gmail.com,P0218,Key,Toys,2,25984.1,51968.2
O01136,2025-06-09,C0120,Sana Tripathi,917644737921,kavya19@gmail.com,P0136,Method,Grocery,2,2991.68,5983.36
O01136,2025-06-09,C0120,Sana Tripathi,917644737921,kavya19@gmail.com,P0420,Detail,Fashion,3,1072.49,3217.47
O01136,2025-06-09,C0120,Sana Tripathi,917644737921,kavya19@gmail.com,P0452,Gun,Books,1,28509.16,28509.16
O01136,2025-06-09,C0120,Sana Tripathi,917644737921,kavya19@gmail.com,P0036,Consumer,Books,2,24513.98,49027.96
O01137,2025-05-25,C0132,Ivan Aggarwal,919928929423,anaya55@gmail.com,P0414,Material,Home,2,29478.81,58957.62
O01137,2025-05-25,C0132,Ivan Aggarwal,919928929423,anaya55@gmail.com,P0286,Practice,Fashion,1,34386.6,34386.6
O01137,2025-05-25,C0132,Ivan Aggarwal,919928929423,anaya55@gmail.com,P0348,Expert,Home,1,19437.03,19437.03
O01137,2025-05-25,C0132,Ivan Aggarwal,919928929423,anaya55@gmail.com,P0180,Section,Electronics,2,15179.3,30358.6
O01138,2025-04-14,C0928,Ira Grover,917513852155,majumdarjiya@gmail.com,P0291,Church,Home,1,38797.98,38797.98
O01138,2025-04-14,C0928,Ira Grover,917513852155,majumdarjiya@gmail.com,P0077,Walk,Books,2,31770.26,63540.52
O01138,2025-04-14,C0928,Ira Grover,917513852155,majumdarjiya@gmail.com,P0412,High,Home,3,28978.96,86936.88
O01138,2025-04-14,C0928,Ira Grover,917513852155,majumdarjiya@gmail.com,P0349,Score,Electronics,1,13424.17,13424.17
O01139,2025-03-13,C0997,Seher Vala,917365638297,kabirdoctor@gmail.com,P0229,Goal,Electronics,2,18497.07,36994.14
O01140,2025-02-10,C0177,Tarini Subramanian,917423037546,avarughese@gmail.com,P0390,Hard,Books,3,47047.15,141141.45
O01140,2025-02-10,C0177,Tarini Subramanian,917423037546,avarughese@gmail.com,P0325,Sell,Home,3,8305.03,24915.09
O01140,2025-02-10,C0177,Tarini Subramanian,917423037546,avarughese@gmail.com,P0362,Thank,Fashion,2,18203.86,36407.72
O01141,2025-07-27,C0084,Lagan Hayre,916423111102,kborah@gmail.com,P0364,Owner,Home,2,28432.83,56865.66
O01141,2025-07-27,C0084,Lagan Hayre,916423111102,kborah@gmail.com,P0154,Effort,Grocery,1,26859.2,26859.2
O01141,2025-07-27,C0084,Lagan Hayre,916423111102,kborah@gmail.com,P0088,Interesting,Books,2,23862.35,47724.7
O01141,2025-07-27,C0084,Lagan Hayre,916423111102,kborah@gmail.com,P0160,Since,Toys,3,41383.45,124150.35
O01141,2025-07-27,C0084,Lagan Hayre,916423111102,kborah@gmail.com,P0343,Our,Electronics,1,36254.41,36254.41
O01142,2025-03-29,C0913,Tushar Bawa,918271932977,dharmajan64@gmail.com,P0490,They,Home,1,2217.14,2217.14
O01142,2025-03-29,C0913,Tushar Bawa,918271932977,dharmajan64@gmail.com,P0287,Environment,Books,3,28596.46,85789.38
O01143,2024-09-13,C0529,Madhav Sarma,918653605192,dixitanya@gmail.com,P0347,Newspaper,Fashion,3,48533.81,145601.43
O01143,2024-09-13,C0529,Madhav Sarma,918653605192,dixitanya@gmail.com,P0304,Give,Grocery,3,4472.77,13418.31
O01143,2024-09-13,C0529,Madhav Sarma,918653605192,dixitanya@gmail.com,P0327,Mean,Electronics,3,45227.54,135682.62
O01143,2024-09-13,C0529,Madhav Sarma,918653605192,dixitanya@gmail.com,P0449,Start,Books,2,31877.19,63754.38
O01144,2025-06-02,C0221,Mehul Sastry,917789232009,sana53@gmail.com,P0036,Consumer,Books,2,24513.98,49027.96
O01144,2025-06-02,C0221,Mehul Sastry,917789232009,sana53@gmail.com,P0088,Interesting,Books,1,23862.35,23862.35
O01144,2025-06-02,C0221,Mehul Sastry,917789232009,sana53@gmail.com,P0342,Throughout,Fashion,3,11727.32,35181.96
O01144,2025-06-02,C0221,Mehul Sastry,917789232009,sana53@gmail.com,P0082,Nothing,Home,2,26893.32,53786.64
O01145,2025-04-17,C0628,Nakul D’Alia,916458207177,ebir@gmail.com,P0418,Health,Toys,3,11635.18,34905.54
O01146,2025-08-02,C0408,Advik Sundaram,919377510494,krish69@gmail.com,P0375,Much,Electronics,1,11084.88,11084.88
O01146,2025-08-02,C0408,Advik Sundaram,919377510494,krish69@gmail.com,P0379,Without,Electronics,1,13525.07,13525.07
O01146,2025-08-02,C0408,Advik Sundaram,919377510494,krish69@gmail.com,P0498,Alone,Grocery,3,23027.23,69081.69
O01146,2025-08-02,C0408,Advik Sundaram,919377510494,krish69@gmail.com,P0201,Month,Toys,2,38270.76,76541.52
O01146,2025-08-02,C0408,Advik Sundaram,919377510494,krish69@gmail.com,P0253,Himself,Toys,3,28859.07,86577.21
O01147,2025-03-10,C0239,Anya Madan,918875021721,trisha45@gmail.com,P0065,Gun,Fashion,2,46224.7,92449.4
O01147,2025-03-10,C0239,Anya Madan,918875021721,trisha45@gmail.com,P0054,Knowledge,Grocery,2,49403.07,98806.14
O01147,2025-03-10,C0239,Anya Madan,918875021721,trisha45@gmail.com,P0169,Truth,Home,1,9805.16,9805.16
O01147,2025-03-10,C0239,Anya Madan,918875021721,trisha45@gmail.com,P0041,Tend,Toys,1,6624.75,6624.75
O01147,2025-03-10,C0239,Anya Madan,918875021721,trisha45@gmail.com,P0388,Develop,Fashion,1,48051.78,48051.78
O01148,2025-06-11,C0494,Reyansh Bhakta,916087986654,tarini62@gmail.com,P0037,Hundred,Books,2,36049.73,72099.46
O01148,2025-06-11,C0494,Reyansh Bhakta,916087986654,tarini62@gmail.com,P0035,Almost,Electronics,1,44323.81,44323.81
O01148,2025-06-11,C0494,Reyansh Bhakta,916087986654,tarini62@gmail.com,P0123,Real,Electronics,2,3842.47,7684.94
O01148,2025-06-11,C0494,Reyansh Bhakta,916087986654,tarini62@gmail.com,P0425,Born,Home,1,23771.25,23771.25
O01149,2025-02-16,C0418,Ahana  Bhattacharyya,919187685513,jhanvitella@gmail.com,P0143,Protect,Toys,3,38572.8,115718.4
O01149,2025-02-16,C0418,Ahana  Bhattacharyya,919187685513,jhanvitella@gmail.com,P0317,Less,Fashion,1,48728.05,48728.05
O01149,2025-02-16,C0418,Ahana  Bhattacharyya,919187685513,jhanvitella@gmail.com,P0265,Write,Grocery,1,30863.16,30863.16
O01149,2025-02-16,C0418,Ahana  Bhattacharyya,919187685513,jhanvitella@gmail.com,P0474,History,Toys,1,6036.27,6036.27
O01149,2025-02-16,C0418,Ahana  Bhattacharyya,919187685513,jhanvitella@gmail.com,P0083,Tell,Toys,1,34146.63,34146.63
O01150,2025-05-08,C0491,Aarav Chaudhry,916173878337,neysajha@gmail.com,P0214,Measure,Grocery,2,30393.59,60787.18
O01151,2025-05-08,C0786,Shray Saini,919919511261,irayadav@gmail.com,P0267,Activity,Books,2,37125.93,74251.86
O01152,2025-03-01,C0749,Zain Roy,917222813123,riaandin@gmail.com,P0197,Wear,Electronics,1,11828.38,11828.38
O01152,2025-03-01,C0749,Zain Roy,917222813123,riaandin@gmail.com,P0155,Live,Electronics,1,7171.57,7171.57
O01152,2025-03-01,C0749,Zain Roy,917222813123,riaandin@gmail.com,P0282,Long,Toys,1,38700.74,38700.74
O01153,2025-06-29,C0642,Ayesha Dora,917396778402,ksingh@gmail.com,P0227,Behavior,Electronics,2,36013.96,72027.92
O01154,2025-07-19,C0812,Shanaya Rama,919932258973,dhanuk33@gmail.com,P0223,Free,Electronics,3,8128.12,24384.36
O01154,2025-07-19,C0812,Shanaya Rama,919932258973,dhanuk33@gmail.com,P0380,Go,Electronics,2,8354.83,16709.66
O01154,2025-07-19,C0812,Shanaya Rama,919932258973,dhanuk33@gmail.com,P0309,Represent,Electronics,1,4996.03,4996.03
O01154,2025-07-19,C0812,Shanaya Rama,919932258973,dhanuk33@gmail.com,P0204,Grow,Home,3,36853.4,110560.2
O01154,2025-07-19,C0812,Shanaya Rama,919932258973,dhanuk33@gmail.com,P0418,Health,Toys,2,11635.18,23270.36
O01155,2025-06-08,C0859,Armaan Toor,917586625070,gandhiazad@gmail.com,P0378,Share,Books,3,44960.42,134881.26
O01155,2025-06-08,C0859,Armaan Toor,917586625070,gandhiazad@gmail.com,P0182,Director,Electronics,2,28330.65,56661.3
O01155,2025-06-08,C0859,Armaan Toor,917586625070,gandhiazad@gmail.com,P0206,Other,Home,1,16417.86,16417.86
O01156,2025-08-12,C0751,Aarush Badal,919298625378,qtoor@gmail.com,P0252,Democrat,Home,1,27839.73,27839.73
O01157,2025-02-13,C0604,Rati Gara,917679803121,yadavfateh@gmail.com,P0331,Line,Fashion,2,39780.07,79560.14
O01158,2025-01-31,C0454,Raunak Karan,917356302220,nirvi83@gmail.com,P0172,Suggest,Toys,1,37358.39,37358.39
O01158,2025-01-31,C0454,Raunak Karan,917356302220,nirvi83@gmail.com,P0298,Bring,Grocery,3,10120.73,30362.19
O01158,2025-01-31,C0454,Raunak Karan,917356302220,nirvi83@gmail.com,P0239,Girl,Fashion,3,1403.24,4209.72
O01159,2025-07-01,C0805,Darshit Chakraborty,919109803697,bhamini35@gmail.com,P0495,Half,Grocery,3,17681.55,53044.65
O01159,2025-07-01,C0805,Darshit Chakraborty,919109803697,bhamini35@gmail.com,P0131,Quite,Fashion,1,25134.94,25134.94
O01159,2025-07-01,C0805,Darshit Chakraborty,919109803697,bhamini35@gmail.com,P0464,National,Toys,3,39575.17,118725.51
O01160,2025-03-01,C0834,Pari Lalla,917016894822,wablepriyansh@gmail.com,P0282,Long,Toys,3,38700.74,116102.22
O01160,2025-03-01,C0834,Pari Lalla,917016894822,wablepriyansh@gmail.com,P0475,At,Toys,1,35943.68,35943.68
O01160,2025-03-01,C0834,Pari Lalla,917016894822,wablepriyansh@gmail.com,P0236,Situation,Books,2,7364.61,14729.22
O01161,2024-09-14,C0506,Anahita Lata,916859190773,azadde@gmail.com,P0007,Whose,Grocery,3,3639.73,10919.19
O01161,2024-09-14,C0506,Anahita Lata,916859190773,azadde@gmail.com,P0284,Draw,Books,3,9525.56,28576.68
O01162,2025-05-26,C0380,Sara Sahota,916910580917,nehmat96@gmail.com,P0020,Part,Home,2,28373.35,56746.7
O01162,2025-05-26,C0380,Sara Sahota,916910580917,nehmat96@gmail.com,P0308,Somebody,Grocery,2,7191.81,14383.62
O01162,2025-05-26,C0380,Sara Sahota,916910580917,nehmat96@gmail.com,P0014,Top,Toys,3,46778.4,140335.2
O01162,2025-05-26,C0380,Sara Sahota,916910580917,nehmat96@gmail.com,P0407,Town,Grocery,1,15477.24,15477.24
O01163,2025-03-10,C0243,Suhana Master,918939347684,nitara63@gmail.com,P0398,North,Home,3,42310.86,126932.58
O01163,2025-03-10,C0243,Suhana Master,918939347684,nitara63@gmail.com,P0043,Case,Fashion,3,31823.55,95470.65
O01164,2025-06-21,C0735,Trisha Andra,918928039575,samarbarman@gmail.com,P0429,Free,Books,1,25226.17,25226.17
O01164,2025-06-21,C0735,Trisha Andra,918928039575,samarbarman@gmail.com,P0415,Sign,Electronics,1,37467.77,37467.77
O01164,2025-06-21,C0735,Trisha Andra,918928039575,samarbarman@gmail.com,P0364,Owner,Home,1,28432.83,28432.83
O01164,2025-06-21,C0735,Trisha Andra,918928039575,samarbarman@gmail.com,P0421,Human,Home,2,37593.63,75187.26
O01164,2025-06-21,C0735,Trisha Andra,918928039575,samarbarman@gmail.com,P0222,Wrong,Fashion,3,16593.23,49779.69
O01165,2025-08-29,C0570,Anaya Kumer,918879052335,duttafaiyaz@gmail.com,P0290,Test,Fashion,1,26416.08,26416.08
O01165,2025-08-29,C0570,Anaya Kumer,918879052335,duttafaiyaz@gmail.com,P0248,My,Grocery,1,37715.55,37715.55
O01165,2025-08-29,C0570,Anaya Kumer,918879052335,duttafaiyaz@gmail.com,P0403,Expert,Fashion,2,9574.21,19148.42
O01165,2025-08-29,C0570,Anaya Kumer,918879052335,duttafaiyaz@gmail.com,P0059,American,Grocery,3,5222.22,15666.66
O01165,2025-08-29,C0570,Anaya Kumer,918879052335,duttafaiyaz@gmail.com,P0058,Data,Fashion,3,19851.06,59553.18
O01166,2024-10-12,C0096,Kartik Shanker,917662882577,samiha18@gmail.com,P0223,Free,Electronics,1,8128.12,8128.12
O01166,2024-10-12,C0096,Kartik Shanker,917662882577,samiha18@gmail.com,P0020,Part,Home,2,28373.35,56746.7
O01166,2024-10-12,C0096,Kartik Shanker,917662882577,samiha18@gmail.com,P0015,Create,Books,2,29120.31,58240.62
O01166,2024-10-12,C0096,Kartik Shanker,917662882577,samiha18@gmail.com,P0493,Would,Toys,2,26066.08,52132.16
O01167,2024-09-11,C0514,Samiha Dayal,918928106445,sahil36@gmail.com,P0266,Relate,Fashion,2,24933.26,49866.52
O01167,2024-09-11,C0514,Samiha Dayal,918928106445,sahil36@gmail.com,P0434,Foot,Home,1,5572.57,5572.57
O01167,2024-09-11,C0514,Samiha Dayal,918928106445,sahil36@gmail.com,P0487,Wind,Grocery,2,26054.97,52109.94
O01167,2024-09-11,C0514,Samiha Dayal,918928106445,sahil36@gmail.com,P0246,Audience,Home,3,13452.24,40356.72
O01168,2025-02-04,C0607,Fateh Setty,919017844973,jguha@gmail.com,P0015,Create,Books,3,29120.31,87360.93
O01169,2025-04-29,C0995,Shayak Agrawal,919952215618,vkuruvilla@gmail.com,P0107,According,Fashion,3,35187.46,105562.38
O01170,2024-12-13,C0500,Aarav Raval,917032628624,csood@gmail.com,P0214,Measure,Grocery,1,30393.59,30393.59
O01170,2024-12-13,C0500,Aarav Raval,917032628624,csood@gmail.com,P0052,Black,Electronics,1,8130.37,8130.37
O01170,2024-12-13,C0500,Aarav Raval,917032628624,csood@gmail.com,P0155,Live,Electronics,2,7171.57,14343.14
O01171,2024-11-23,C0727,Uthkarsh Talwar,917256581028,ftrivedi@gmail.com,P0133,Course,Home,1,25607.5,25607.5
O01171,2024-11-23,C0727,Uthkarsh Talwar,917256581028,ftrivedi@gmail.com,P0177,Add,Grocery,1,31507.75,31507.75
O01171,2024-11-23,C0727,Uthkarsh Talwar,917256581028,ftrivedi@gmail.com,P0035,Almost,Electronics,1,44323.81,44323.81
O01171,2024-11-23,C0727,Uthkarsh Talwar,917256581028,ftrivedi@gmail.com,P0459,Still,Toys,2,5875.98,11751.96
O01172,2024-10-20,C0873,Seher Chaudhary,918032793585,rasha99@gmail.com,P0045,Term,Electronics,3,27614.52,82843.56
O01172,2024-10-20,C0873,Seher Chaudhary,918032793585,rasha99@gmail.com,P0220,Car,Grocery,1,15563.77,15563.77
O01172,2024-10-20,C0873,Seher Chaudhary,918032793585,rasha99@gmail.com,P0170,She,Books,2,26961.11,53922.22
O01172,2024-10-20,C0873,Seher Chaudhary,918032793585,rasha99@gmail.com,P0347,Newspaper,Fashion,2,48533.81,97067.62
O01172,2024-10-20,C0873,Seher Chaudhary,918032793585,rasha99@gmail.com,P0135,Plan,Fashion,2,27769.28,55538.56
O01173,2025-06-13,C0497,Pari Gala,918726555199,japte@gmail.com,P0067,Ten,Books,3,22515.47,67546.41
O01173,2025-06-13,C0497,Pari Gala,918726555199,japte@gmail.com,P0473,Feeling,Fashion,2,6741.82,13483.64
O01174,2025-04-06,C0481,Advik Jani,919250925404,umangkurian@gmail.com,P0427,Glass,Grocery,1,32006.32,32006.32
O01174,2025-04-06,C0481,Advik Jani,919250925404,umangkurian@gmail.com,P0140,State,Grocery,1,28789.71,28789.71
O01174,2025-04-06,C0481,Advik Jani,919250925404,umangkurian@gmail.com,P0304,Give,Grocery,1,4472.77,4472.77
O01174,2025-04-06,C0481,Advik Jani,919250925404,umangkurian@gmail.com,P0269,Speech,Books,3,34902.62,104707.86
O01174,2025-04-06,C0481,Advik Jani,919250925404,umangkurian@gmail.com,P0047,Become,Toys,1,18552.11,18552.11
O01175,2024-11-08,C0659,Seher Madan,917579447831,neysa70@gmail.com,P0111,Forward,Fashion,2,13770.51,27541.02
O01175,2024-11-08,C0659,Seher Madan,917579447831,neysa70@gmail.com,P0487,Wind,Grocery,2,26054.97,52109.94
O01175,2024-11-08,C0659,Seher Madan,917579447831,neysa70@gmail.com,P0233,Resource,Home,2,5535.26,11070.52
O01175,2024-11-08,C0659,Seher Madan,917579447831,neysa70@gmail.com,P0303,Doctor,Books,2,45811.55,91623.1
O01176,2024-09-28,C0195,Sahil Bhandari,919146442229,stuvanviswanathan@gmail.com,P0401,Reveal,Fashion,1,4209.04,4209.04
O01177,2024-11-16,C0566,Armaan Cherian,918303638205,tgill@gmail.com,P0145,Once,Electronics,2,19289.24,38578.48
O01177,2024-11-16,C0566,Armaan Cherian,918303638205,tgill@gmail.com,P0317,Less,Fashion,1,48728.05,48728.05
O01178,2024-10-15,C0128,Darshit Keer,917946944287,shankartanya@gmail.com,P0358,Method,Toys,2,20030.96,40061.92
O01179,2024-10-03,C0269,Eshani Ratti,918857474206,ykant@gmail.com,P0496,Although,Grocery,2,6446.33,12892.66
O01179,2024-10-03,C0269,Eshani Ratti,918857474206,ykant@gmail.com,P0389,Can,Grocery,2,2990.09,5980.18
O01179,2024-10-03,C0269,Eshani Ratti,918857474206,ykant@gmail.com,P0291,Church,Home,2,38797.98,77595.96
O01180,2025-05-21,C0237,Uthkarsh Chaudhari,918835857328,pbhalla@gmail.com,P0345,Fund,Fashion,2,28257.12,56514.24
O01181,2025-03-06,C0617,Sara Shroff,916977033864,anaya05@gmail.com,P0362,Thank,Fashion,1,18203.86,18203.86
O01181,2025-03-06,C0617,Sara Shroff,916977033864,anaya05@gmail.com,P0054,Knowledge,Grocery,1,49403.07,49403.07
O01182,2024-11-08,C0287,Indranil Chakrabarti,916301982540,kimaya80@gmail.com,P0008,Step,Grocery,2,21635.32,43270.64
O01182,2024-11-08,C0287,Indranil Chakrabarti,916301982540,kimaya80@gmail.com,P0020,Part,Home,2,28373.35,56746.7
O01183,2024-09-22,C0109,Eva Subramanian,918743808858,randra@gmail.com,P0384,Market,Grocery,3,30276.68,90830.04
O01184,2025-02-11,C0235,Shlok Amble,916934990647,aniruddh19@gmail.com,P0083,Tell,Toys,1,34146.63,34146.63
O01184,2025-02-11,C0235,Shlok Amble,916934990647,aniruddh19@gmail.com,P0431,Huge,Grocery,2,3972.53,7945.06
O01184,2025-02-11,C0235,Shlok Amble,916934990647,aniruddh19@gmail.com,P0323,By,Books,2,47004.89,94009.78
O01184,2025-02-11,C0235,Shlok Amble,916934990647,aniruddh19@gmail.com,P0459,Still,Toys,1,5875.98,5875.98
O01184,2025-02-11,C0235,Shlok Amble,916934990647,aniruddh19@gmail.com,P0215,Stock,Home,2,12235.32,24470.64
O01185,2025-02-18,C0627,Yakshit Dugar,919903222318,samarth99@gmail.com,P0047,Become,Toys,1,18552.11,18552.11
O01185,2025-02-18,C0627,Yakshit Dugar,919903222318,samarth99@gmail.com,P0032,Language,Fashion,1,22132.39,22132.39
O01185,2025-02-18,C0627,Yakshit Dugar,919903222318,samarth99@gmail.com,P0454,Later,Fashion,3,39383.95,118151.85
O01186,2025-08-05,C0150,Shanaya Solanki,918940512352,mannat35@gmail.com,P0081,Concern,Books,1,17375.63,17375.63
O01186,2025-08-05,C0150,Shanaya Solanki,918940512352,mannat35@gmail.com,P0483,Work,Toys,1,8375.29,8375.29
O01186,2025-08-05,C0150,Shanaya Solanki,918940512352,mannat35@gmail.com,P0475,At,Toys,2,35943.68,71887.36
O01186,2025-08-05,C0150,Shanaya Solanki,918940512352,mannat35@gmail.com,P0270,Drug,Electronics,1,11052.9,11052.9
O01187,2025-07-26,C0958,Tarini Ravi,918247771255,adira42@gmail.com,P0289,Well,Grocery,1,4903.97,4903.97
O01187,2025-07-26,C0958,Tarini Ravi,918247771255,adira42@gmail.com,P0430,Hot,Grocery,2,43351.68,86703.36
O01187,2025-07-26,C0958,Tarini Ravi,918247771255,adira42@gmail.com,P0231,Reality,Toys,3,36040.9,108122.7
O01187,2025-07-26,C0958,Tarini Ravi,918247771255,adira42@gmail.com,P0472,Certainly,Grocery,3,43777.9,131333.7
O01188,2025-04-27,C0026,Shanaya Sunder,916108835563,yakshitbalasubramanian@gmail.com,P0081,Concern,Books,1,17375.63,17375.63
O01188,2025-04-27,C0026,Shanaya Sunder,916108835563,yakshitbalasubramanian@gmail.com,P0445,Debate,Electronics,1,39696.35,39696.35
O01188,2025-04-27,C0026,Shanaya Sunder,916108835563,yakshitbalasubramanian@gmail.com,P0296,Safe,Grocery,2,6885.75,13771.5
O01189,2024-09-06,C0779,Riya Mallick,916811754050,maharajanaya@gmail.com,P0374,Defense,Toys,2,35723.66,71447.32
O01189,2024-09-06,C0779,Riya Mallick,916811754050,maharajanaya@gmail.com,P0046,Around,Books,2,33731.27,67462.54
O01189,2024-09-06,C0779,Riya Mallick,916811754050,maharajanaya@gmail.com,P0190,Decision,Electronics,3,31613.49,94840.47
O01190,2025-05-29,C0205,Neelofar Amble,919659084112,mehul37@gmail.com,P0176,Young,Grocery,3,30664.46,91993.38
O01191,2025-04-30,C0696,Nayantara Sheth,919367087848,zgrewal@gmail.com,P0281,National,Electronics,3,43942.41,131827.23
O01192,2025-04-03,C0688,Dhanuk D’Alia,919490748482,aaina17@gmail.com,P0073,Pull,Grocery,1,29600.94,29600.94
O01192,2025-04-03,C0688,Dhanuk D’Alia,919490748482,aaina17@gmail.com,P0266,Relate,Fashion,3,24933.26,74799.78
O01192,2025-04-03,C0688,Dhanuk D’Alia,919490748482,aaina17@gmail.com,P0143,Protect,Toys,2,38572.8,77145.6
O01192,2025-04-03,C0688,Dhanuk D’Alia,919490748482,aaina17@gmail.com,P0375,Much,Electronics,3,11084.88,33254.64
O01193,2025-07-29,C0005,Uthkarsh Toor,919604056464,rasha82@gmail.com,P0467,Music,Home,3,6015.2,18045.6
O01194,2024-11-06,C0500,Aarav Raval,917032628624,csood@gmail.com,P0072,Half,Home,2,30586.09,61172.18
O01194,2024-11-06,C0500,Aarav Raval,917032628624,csood@gmail.com,P0112,So,Fashion,1,7126.45,7126.45
O01195,2025-07-14,C0685,Tarini Aggarwal,916440513691,emir25@gmail.com,P0414,Material,Home,1,29478.81,29478.81
O01196,2024-10-01,C0606,Darshit Vig,919924491308,akamdar@gmail.com,P0455,Court,Electronics,2,24246.4,48492.8
O01196,2024-10-01,C0606,Darshit Vig,919924491308,akamdar@gmail.com,P0297,Interview,Home,3,39804.91,119414.73
O01196,2024-10-01,C0606,Darshit Vig,919924491308,akamdar@gmail.com,P0057,Carry,Grocery,2,32036.35,64072.7
O01196,2024-10-01,C0606,Darshit Vig,919924491308,akamdar@gmail.com,P0036,Consumer,Books,2,24513.98,49027.96
O01197,2024-12-10,C0666,Aaina Saha,919515610126,pkhatri@gmail.com,P0067,Ten,Books,3,22515.47,67546.41
O01197,2024-12-10,C0666,Aaina Saha,919515610126,pkhatri@gmail.com,P0260,Course,Electronics,1,4260.68,4260.68
O01197,2024-12-10,C0666,Aaina Saha,919515610126,pkhatri@gmail.com,P0082,Nothing,Home,3,26893.32,80679.96
O01197,2024-12-10,C0666,Aaina Saha,919515610126,pkhatri@gmail.com,P0196,Someone,Fashion,3,31927.62,95782.86
O01197,2024-12-10,C0666,Aaina Saha,919515610126,pkhatri@gmail.com,P0274,Goal,Books,3,36502.79,109508.37
O01198,2025-05-22,C0177,Tarini Subramanian,917423037546,avarughese@gmail.com,P0326,Live,Grocery,1,18953.49,18953.49
O01198,2025-05-22,C0177,Tarini Subramanian,917423037546,avarughese@gmail.com,P0454,Later,Fashion,3,39383.95,118151.85
O01199,2025-05-31,C0131,Zaina Kumar,919698382544,sarafmiraan@gmail.com,P0417,Here,Electronics,3,48161.82,144485.46
O01200,2025-06-16,C0287,Indranil Chakrabarti,916301982540,kimaya80@gmail.com,P0023,At,Books,1,43375.51,43375.51
O01200,2025-06-16,C0287,Indranil Chakrabarti,916301982540,kimaya80@gmail.com,P0004,Strong,Electronics,3,14763.61,44290.83
O01201,2025-04-28,C0444,Eva Thakkar,917659295119,fdhingra@gmail.com,P0238,Fear,Home,3,6342.47,19027.41
O01201,2025-04-28,C0444,Eva Thakkar,917659295119,fdhingra@gmail.com,P0072,Half,Home,3,30586.09,91758.27
O01201,2025-04-28,C0444,Eva Thakkar,917659295119,fdhingra@gmail.com,P0498,Alone,Grocery,1,23027.23,23027.23
O01202,2025-06-04,C0726,Madhup Krishnamurthy,918279055347,pihurajagopal@gmail.com,P0346,Manage,Electronics,3,13256.96,39770.88
O01202,2025-06-04,C0726,Madhup Krishnamurthy,918279055347,pihurajagopal@gmail.com,P0306,Wall,Home,2,44948.53,89897.06
O01202,2025-06-04,C0726,Madhup Krishnamurthy,918279055347,pihurajagopal@gmail.com,P0072,Half,Home,2,30586.09,61172.18
O01203,2025-06-20,C0641,Ayesha Chaudry,919994745824,rashaissac@gmail.com,P0229,Goal,Electronics,3,18497.07,55491.21
O01203,2025-06-20,C0641,Ayesha Chaudry,919994745824,rashaissac@gmail.com,P0084,Entire,Fashion,2,24969.67,49939.34
O01203,2025-06-20,C0641,Ayesha Chaudry,919994745824,rashaissac@gmail.com,P0205,Low,Books,1,3894.6,3894.6
O01204,2025-03-26,C0026,Shanaya Sunder,916108835563,yakshitbalasubramanian@gmail.com,P0035,Almost,Electronics,3,44323.81,132971.43
O01204,2025-03-26,C0026,Shanaya Sunder,916108835563,yakshitbalasubramanian@gmail.com,P0334,Let,Fashion,3,11112.43,33337.29
O01204,2025-03-26,C0026,Shanaya Sunder,916108835563,yakshitbalasubramanian@gmail.com,P0010,Accept,Grocery,1,31464.13,31464.13
O01204,2025-03-26,C0026,Shanaya Sunder,916108835563,yakshitbalasubramanian@gmail.com,P0132,Fear,Books,1,16953.1,16953.1
O01205,2024-09-23,C0873,Seher Chaudhary,918032793585,rasha99@gmail.com,P0471,Far,Toys,3,4287.8,12863.4
O00859,2024-12-18,C0278,Ritvik Wali,917700829490,nayantara72@gmail.com,P0238,Fear,Home,2,6342.47,12684.94
O00859,2024-12-18,C0278,Ritvik Wali,917700829490,nayantara72@gmail.com,P0318,Partner,Home,1,15284.42,15284.42
O00860,2024-10-16,C0395,Ehsaan Ratti,916177021388,anaya50@gmail.com,P0152,Marriage,Electronics,1,24420.94,24420.94
O00860,2024-10-16,C0395,Ehsaan Ratti,916177021388,anaya50@gmail.com,P0106,Agreement,Grocery,2,33426.3,66852.6
O00861,2025-04-04,C0814,Lagan Iyengar,918630661465,wallashray@gmail.com,P0028,Doctor,Home,1,169.02,169.02
O00861,2025-04-04,C0814,Lagan Iyengar,918630661465,wallashray@gmail.com,P0192,Even,Books,1,32881.09,32881.09
O00861,2025-04-04,C0814,Lagan Iyengar,918630661465,wallashray@gmail.com,P0186,Environment,Fashion,1,39743.81,39743.81
O00861,2025-04-04,C0814,Lagan Iyengar,918630661465,wallashray@gmail.com,P0001,Evening,Toys,2,45810.78,91621.56
O00862,2025-01-29,C0543,Zaina Srinivas,918944219485,nrege@gmail.com,P0254,Main,Books,2,31781.67,63563.34
O00862,2025-01-29,C0543,Zaina Srinivas,918944219485,nrege@gmail.com,P0140,State,Grocery,3,28789.71,86369.13
O00862,2025-01-29,C0543,Zaina Srinivas,918944219485,nrege@gmail.com,P0472,Certainly,Grocery,2,43777.9,87555.8
O00863,2025-07-06,C0499,Nitya Gara,918847172730,kalaemir@gmail.com,P0459,Still,Toys,3,5875.98,17627.94
O00864,2025-07-01,C0591,Vihaan Sengupta,919455381739,yuvaan41@gmail.com,P0380,Go,Electronics,1,8354.83,8354.83
O00864,2025-07-01,C0591,Vihaan Sengupta,919455381739,yuvaan41@gmail.com,P0066,Quite,Fashion,2,40944.42,81888.84
O00864,2025-07-01,C0591,Vihaan Sengupta,919455381739,yuvaan41@gmail.com,P0439,Share,Toys,1,18005.17,18005.17
O00864,2025-07-01,C0591,Vihaan Sengupta,919455381739,yuvaan41@gmail.com,P0029,Technology,Grocery,1,1746.82,1746.82
O00865,2025-08-25,C0715,Dhanuk Hegde,919019705069,karfateh@gmail.com,P0383,Writer,Books,1,39853.45,39853.45
O00865,2025-08-25,C0715,Dhanuk Hegde,919019705069,karfateh@gmail.com,P0463,Enough,Books,2,8622.35,17244.7
O00865,2025-08-25,C0715,Dhanuk Hegde,919019705069,karfateh@gmail.com,P0413,Describe,Electronics,3,11998.55,35995.65
O00866,2025-01-11,C0245,Vidur Anand,916629934906,saksham47@gmail.com,P0152,Marriage,Electronics,2,24420.94,48841.88
O00867,2025-05-09,C0061,Adah Bains,917345584923,divyanshhans@gmail.com,P0001,Evening,Toys,3,45810.78,137432.34
O00867,2025-05-09,C0061,Adah Bains,917345584923,divyanshhans@gmail.com,P0346,Manage,Electronics,3,13256.96,39770.88
O00867,2025-05-09,C0061,Adah Bains,917345584923,divyanshhans@gmail.com,P0108,Onto,Toys,2,30794.61,61589.22
O00867,2025-05-09,C0061,Adah Bains,917345584923,divyanshhans@gmail.com,P0147,Finish,Grocery,1,3515.25,3515.25
O00867,2025-05-09,C0061,Adah Bains,917345584923,divyanshhans@gmail.com,P0145,Once,Electronics,1,19289.24,19289.24
O00868,2024-09-10,C0620,Khushi Apte,918549691325,divit63@gmail.com,P0040,Practice,Home,3,27945.65,83836.95
O00868,2024-09-10,C0620,Khushi Apte,918549691325,divit63@gmail.com,P0296,Safe,Grocery,3,6885.75,20657.25
O00868,2024-09-10,C0620,Khushi Apte,918549691325,divit63@gmail.com,P0216,Smile,Books,1,5257.39,5257.39
O00869,2025-04-30,C0086,Yuvaan Chaudhuri,918364093431,rohansachar@gmail.com,P0263,Because,Fashion,3,6202.41,18607.23
O00869,2025-04-30,C0086,Yuvaan Chaudhuri,918364093431,rohansachar@gmail.com,P0135,Plan,Fashion,1,27769.28,27769.28
O00869,2025-04-30,C0086,Yuvaan Chaudhuri,918364093431,rohansachar@gmail.com,P0221,The,Home,1,25026.69,25026.69
O00870,2025-06-03,C0538,Nishith Ram,918869891804,vivaangarde@gmail.com,P0109,Sister,Home,3,29170.71,87512.13
O00870,2025-06-03,C0538,Nishith Ram,918869891804,vivaangarde@gmail.com,P0012,Help,Toys,1,16101.89,16101.89
O00870,2025-06-03,C0538,Nishith Ram,918869891804,vivaangarde@gmail.com,P0195,Difficult,Toys,2,38374.95,76749.9
O00871,2024-12-04,C0821,Vanya Chauhan,916601319078,shaan84@gmail.com,P0241,Nation,Electronics,2,42008.14,84016.28
O00871,2024-12-04,C0821,Vanya Chauhan,916601319078,shaan84@gmail.com,P0068,Work,Electronics,3,14521.52,43564.56
O00871,2024-12-04,C0821,Vanya Chauhan,916601319078,shaan84@gmail.com,P0076,Gas,Grocery,1,33745.05,33745.05
O00872,2025-03-07,C0164,Aaina Lata,918733403743,divyansh94@gmail.com,P0009,They,Home,1,32134.95,32134.95
O00872,2025-03-07,C0164,Aaina Lata,918733403743,divyansh94@gmail.com,P0350,Maintain,Grocery,3,34831.08,104493.24
O00872,2025-03-07,C0164,Aaina Lata,918733403743,divyansh94@gmail.com,P0399,Edge,Grocery,3,8358.74,25076.22
O00872,2025-03-07,C0164,Aaina Lata,918733403743,divyansh94@gmail.com,P0315,Pm,Home,3,6451.23,19353.69
O00873,2024-09-23,C0621,Vanya Swaminathan,916633272577,prerakvarghese@gmail.com,P0414,Material,Home,3,29478.81,88436.43
O00873,2024-09-23,C0621,Vanya Swaminathan,916633272577,prerakvarghese@gmail.com,P0145,Once,Electronics,3,19289.24,57867.72
O00873,2024-09-23,C0621,Vanya Swaminathan,916633272577,prerakvarghese@gmail.com,P0165,Still,Grocery,1,37256.63,37256.63
O00873,2024-09-23,C0621,Vanya Swaminathan,916633272577,prerakvarghese@gmail.com,P0176,Young,Grocery,1,30664.46,30664.46
O00874,2025-08-22,C0013,Aaryahi Luthra,918399396603,othakur@gmail.com,P0393,Bill,Home,1,20161.69,20161.69
O00875,2025-03-21,C0369,Ivan Saini,916427718293,yasmindar@gmail.com,P0248,My,Grocery,2,37715.55,75431.1
O00875,2025-03-21,C0369,Ivan Saini,916427718293,yasmindar@gmail.com,P0336,Need,Electronics,3,24340.15,73020.45
O00875,2025-03-21,C0369,Ivan Saini,916427718293,yasmindar@gmail.com,P0323,By,Books,1,47004.89,47004.89
O00875,2025-03-21,C0369,Ivan Saini,916427718293,yasmindar@gmail.com,P0364,Owner,Home,1,28432.83,28432.83
O00876,2025-05-18,C0574,Jivin Varghese,919485057785,jivin82@gmail.com,P0248,My,Grocery,1,37715.55,37715.55
O00876,2025-05-18,C0574,Jivin Varghese,919485057785,jivin82@gmail.com,P0202,Least,Grocery,3,30815.56,92446.68
O00876,2025-05-18,C0574,Jivin Varghese,919485057785,jivin82@gmail.com,P0048,Probably,Toys,3,15969.26,47907.78
O00876,2025-05-18,C0574,Jivin Varghese,919485057785,jivin82@gmail.com,P0360,Per,Fashion,3,44753.22,134259.66
O00877,2025-06-07,C0101,Purab Bansal,916244339591,manifaiyaz@gmail.com,P0473,Feeling,Fashion,3,6741.82,20225.46
O00877,2025-06-07,C0101,Purab Bansal,916244339591,manifaiyaz@gmail.com,P0285,Play,Fashion,2,49168.83,98337.66
O00877,2025-06-07,C0101,Purab Bansal,916244339591,manifaiyaz@gmail.com,P0303,Doctor,Books,2,45811.55,91623.1
O00878,2025-05-31,C0326,Adira Batta,917962228767,ykhare@gmail.com,P0104,Choice,Home,1,25936.71,25936.71
O00878,2025-05-31,C0326,Adira Batta,917962228767,ykhare@gmail.com,P0319,Friend,Electronics,3,17520.15,52560.45
O00879,2025-04-21,C0972,Darshit Butala,919833134111,sridhartara@gmail.com,P0440,Alone,Grocery,2,27504.54,55009.08
O00879,2025-04-21,C0972,Darshit Butala,919833134111,sridhartara@gmail.com,P0291,Church,Home,1,38797.98,38797.98
O00880,2025-01-10,C0824,Priyansh Kaul,916599700423,rheaborde@gmail.com,P0129,Trip,Grocery,2,26497.65,52995.3
O00880,2025-01-10,C0824,Priyansh Kaul,916599700423,rheaborde@gmail.com,P0139,Poor,Toys,2,38016.17,76032.34
O00881,2024-10-13,C0426,Drishya Soni,917433900098,mehul03@gmail.com,P0371,Writer,Grocery,2,15840.23,31680.46
O00881,2024-10-13,C0426,Drishya Soni,917433900098,mehul03@gmail.com,P0094,Foot,Electronics,3,39141.36,117424.08
O00881,2024-10-13,C0426,Drishya Soni,917433900098,mehul03@gmail.com,P0370,Stand,Books,3,47131.46,141394.38
O00881,2024-10-13,C0426,Drishya Soni,917433900098,mehul03@gmail.com,P0299,Also,Grocery,2,41601.06,83202.12
O00882,2025-05-23,C0377,Ishita Tella,918508579618,siya66@gmail.com,P0336,Need,Electronics,1,24340.15,24340.15
O00882,2025-05-23,C0377,Ishita Tella,918508579618,siya66@gmail.com,P0377,Old,Grocery,2,15509.49,31018.98
O00883,2024-10-15,C0969,Umang Tara,916128797071,mammencharvi@gmail.com,P0319,Friend,Electronics,1,17520.15,17520.15
O00883,2024-10-15,C0969,Umang Tara,916128797071,mammencharvi@gmail.com,P0028,Doctor,Home,2,169.02,338.04
O00883,2024-10-15,C0969,Umang Tara,916128797071,mammencharvi@gmail.com,P0447,Customer,Books,3,9508.52,28525.56
O00883,2024-10-15,C0969,Umang Tara,916128797071,mammencharvi@gmail.com,P0236,Situation,Books,2,7364.61,14729.22
O00884,2024-09-22,C0057,Oorja Buch,918297950875,manjarishanker@gmail.com,P0217,Building,Fashion,1,43359.09,43359.09
O00884,2024-09-22,C0057,Oorja Buch,918297950875,manjarishanker@gmail.com,P0056,Home,Toys,1,710.67,710.67
O00884,2024-09-22,C0057,Oorja Buch,918297950875,manjarishanker@gmail.com,P0149,Media,Electronics,3,33043.26,99129.78
O00884,2024-09-22,C0057,Oorja Buch,918297950875,manjarishanker@gmail.com,P0193,Whole,Home,3,2379.84,7139.52
O00885,2025-06-03,C0140,Shlok Mani,919144091093,kthaman@gmail.com,P0457,Which,Books,2,25557.49,51114.98
O00885,2025-06-03,C0140,Shlok Mani,919144091093,kthaman@gmail.com,P0177,Add,Grocery,2,31507.75,63015.5
O00886,2025-08-13,C0910,Faiyaz Sant,919616706692,surabiju@gmail.com,P0202,Least,Grocery,3,30815.56,92446.68
O00887,2025-04-23,C0250,Abram Borde,919858162399,pihudevi@gmail.com,P0130,Line,Home,2,27478.97,54957.94
O00888,2024-09-15,C0829,Shamik Baral,916467336437,anaybatra@gmail.com,P0070,Figure,Toys,2,15626.72,31253.44
O00888,2024-09-15,C0829,Shamik Baral,916467336437,anaybatra@gmail.com,P0412,High,Home,1,28978.96,28978.96
O00888,2024-09-15,C0829,Shamik Baral,916467336437,anaybatra@gmail.com,P0072,Half,Home,1,30586.09,30586.09
O00888,2024-09-15,C0829,Shamik Baral,916467336437,anaybatra@gmail.com,P0466,Know,Home,3,32070.74,96212.22
O00889,2025-01-20,C0271,Akarsh Saini,919025156306,xtailor@gmail.com,P0009,They,Home,2,32134.95,64269.9
O00890,2024-12-24,C0853,Vivaan Sanghvi,918544457042,lagan04@gmail.com,P0305,Alone,Grocery,2,12384.66,24769.32
O00890,2024-12-24,C0853,Vivaan Sanghvi,918544457042,lagan04@gmail.com,P0388,Develop,Fashion,2,48051.78,96103.56
O00890,2024-12-24,C0853,Vivaan Sanghvi,918544457042,lagan04@gmail.com,P0124,The,Electronics,2,38646.03,77292.06
O00890,2024-12-24,C0853,Vivaan Sanghvi,918544457042,lagan04@gmail.com,P0254,Main,Books,3,31781.67,95345.01
O00890,2024-12-24,C0853,Vivaan Sanghvi,918544457042,lagan04@gmail.com,P0243,Although,Electronics,1,39529.4,39529.4
O00891,2025-03-24,C0218,Armaan Apte,919667895007,chokshisahil@gmail.com,P0447,Customer,Books,3,9508.52,28525.56
O00892,2025-08-17,C0064,Damini Kala,916656457485,nishith80@gmail.com,P0309,Represent,Electronics,1,4996.03,4996.03
O00892,2025-08-17,C0064,Damini Kala,916656457485,nishith80@gmail.com,P0045,Term,Electronics,3,27614.52,82843.56
O00892,2025-08-17,C0064,Damini Kala,916656457485,nishith80@gmail.com,P0433,Friend,Electronics,1,38386.31,38386.31
O00892,2025-08-17,C0064,Damini Kala,916656457485,nishith80@gmail.com,P0215,Stock,Home,2,12235.32,24470.64
O00893,2024-10-20,C0780,Saanvi Dey,916529368989,aaina97@gmail.com,P0383,Writer,Books,2,39853.45,79706.9
O00893,2024-10-20,C0780,Saanvi Dey,916529368989,aaina97@gmail.com,P0087,Hotel,Fashion,1,2608.49,2608.49
O00893,2024-10-20,C0780,Saanvi Dey,916529368989,aaina97@gmail.com,P0176,Young,Grocery,3,30664.46,91993.38
O00893,2024-10-20,C0780,Saanvi Dey,916529368989,aaina97@gmail.com,P0485,Economic,Fashion,1,47504.24,47504.24
O00893,2024-10-20,C0780,Saanvi Dey,916529368989,aaina97@gmail.com,P0475,At,Toys,2,35943.68,71887.36
O00894,2025-08-03,C0641,Ayesha Chaudry,919994745824,rashaissac@gmail.com,P0232,Simply,Fashion,2,47673.19,95346.38
O00894,2025-08-03,C0641,Ayesha Chaudry,919994745824,rashaissac@gmail.com,P0089,Mission,Home,2,47776.2,95552.4
O00894,2025-08-03,C0641,Ayesha Chaudry,919994745824,rashaissac@gmail.com,P0086,Summer,Grocery,1,45414.18,45414.18
O00895,2025-01-30,C0206,Lagan Kibe,918048958241,mirayabarad@gmail.com,P0164,Day,Electronics,1,9669.61,9669.61
O00896,2025-07-21,C0149,Seher Bora,919527476525,ckar@gmail.com,P0182,Director,Electronics,2,28330.65,56661.3
O00896,2025-07-21,C0149,Seher Bora,919527476525,ckar@gmail.com,P0471,Far,Toys,3,4287.8,12863.4
O00896,2025-07-21,C0149,Seher Bora,919527476525,ckar@gmail.com,P0370,Stand,Books,2,47131.46,94262.92
O00897,2025-06-29,C0165,Krish Lal,918004041971,pariraju@gmail.com,P0399,Edge,Grocery,2,8358.74,16717.48
O00898,2024-09-28,C0260,Riaan Vyas,919890547003,varmarenee@gmail.com,P0020,Part,Home,3,28373.35,85120.05
O00898,2024-09-28,C0260,Riaan Vyas,919890547003,varmarenee@gmail.com,P0451,How,Electronics,1,32544.56,32544.56
O00898,2024-09-28,C0260,Riaan Vyas,919890547003,varmarenee@gmail.com,P0346,Manage,Electronics,3,13256.96,39770.88
O00898,2024-09-28,C0260,Riaan Vyas,919890547003,varmarenee@gmail.com,P0418,Health,Toys,2,11635.18,23270.36
O00898,2024-09-28,C0260,Riaan Vyas,919890547003,varmarenee@gmail.com,P0071,Next,Toys,1,31890.26,31890.26
O00899,2025-05-24,C0602,Siya Johal,919162912642,madhup97@gmail.com,P0129,Trip,Grocery,3,26497.65,79492.95
O00899,2025-05-24,C0602,Siya Johal,919162912642,madhup97@gmail.com,P0494,Technology,Fashion,2,26389.15,52778.3
O00899,2025-05-24,C0602,Siya Johal,919162912642,madhup97@gmail.com,P0023,At,Books,1,43375.51,43375.51
O00900,2025-03-11,C0683,Ehsaan Sunder,917465827812,ttara@gmail.com,P0137,Artist,Toys,3,22076.28,66228.84
O00900,2025-03-11,C0683,Ehsaan Sunder,917465827812,ttara@gmail.com,P0481,Test,Fashion,2,19065.63,38131.26
O00900,2025-03-11,C0683,Ehsaan Sunder,917465827812,ttara@gmail.com,P0028,Doctor,Home,1,169.02,169.02
O00900,2025-03-11,C0683,Ehsaan Sunder,917465827812,ttara@gmail.com,P0199,Employee,Electronics,2,21332.0,42664.0
O00901,2025-08-21,C0221,Mehul Sastry,917789232009,sana53@gmail.com,P0314,Stuff,Electronics,3,23667.18,71001.54
O00901,2025-08-21,C0221,Mehul Sastry,917789232009,sana53@gmail.com,P0395,Most,Home,1,12181.55,12181.55
O00901,2025-08-21,C0221,Mehul Sastry,917789232009,sana53@gmail.com,P0419,Quickly,Books,1,31729.12,31729.12
O00901,2025-08-21,C0221,Mehul Sastry,917789232009,sana53@gmail.com,P0080,Accept,Books,1,22114.75,22114.75
O00902,2025-04-14,C0899,Hridaan Bumb,918291472336,riya19@gmail.com,P0379,Without,Electronics,1,13525.07,13525.07
O00903,2025-05-04,C0518,Miraya Agate,916856413877,zeeshansetty@gmail.com,P0283,Hear,Grocery,2,18807.75,37615.5
O00903,2025-05-04,C0518,Miraya Agate,916856413877,zeeshansetty@gmail.com,P0479,Popular,Electronics,3,20646.55,61939.65
O00903,2025-05-04,C0518,Miraya Agate,916856413877,zeeshansetty@gmail.com,P0249,Threat,Toys,2,16905.35,33810.7
O00903,2025-05-04,C0518,Miraya Agate,916856413877,zeeshansetty@gmail.com,P0130,Line,Home,1,27478.97,27478.97
O00903,2025-05-04,C0518,Miraya Agate,916856413877,zeeshansetty@gmail.com,P0284,Draw,Books,2,9525.56,19051.12
O00904,2025-06-17,C0225,Heer Ramesh,919419857399,dishanichowdhury@gmail.com,P0162,Population,Home,1,48541.96,48541.96
O00904,2025-06-17,C0225,Heer Ramesh,919419857399,dishanichowdhury@gmail.com,P0439,Share,Toys,1,18005.17,18005.17
O00904,2025-06-17,C0225,Heer Ramesh,919419857399,dishanichowdhury@gmail.com,P0460,Place,Electronics,1,42204.95,42204.95
O00905,2024-12-04,C0258,Baiju Jani,918938239349,anayavarughese@gmail.com,P0331,Line,Fashion,3,39780.07,119340.21
O00905,2024-12-04,C0258,Baiju Jani,918938239349,anayavarughese@gmail.com,P0353,Evidence,Books,1,12904.16,12904.16
O00905,2024-12-04,C0258,Baiju Jani,918938239349,anayavarughese@gmail.com,P0209,Analysis,Books,1,25876.61,25876.61
O00906,2025-06-12,C0318,Mamooty Cheema,916117268906,ssen@gmail.com,P0389,Can,Grocery,2,2990.09,5980.18
O00906,2025-06-12,C0318,Mamooty Cheema,916117268906,ssen@gmail.com,P0113,Near,Toys,3,7688.42,23065.26
O00907,2025-08-11,C0471,Vritika Hora,919177053893,dramaswamy@gmail.com,P0280,Stay,Grocery,3,33100.84,99302.52
O00908,2024-11-17,C0425,Tanya Rajagopal,919833496956,kuruvillaayesha@gmail.com,P0237,Increase,Grocery,1,12800.95,12800.95
O00908,2024-11-17,C0425,Tanya Rajagopal,919833496956,kuruvillaayesha@gmail.com,P0127,Single,Books,2,43219.93,86439.86
O00909,2024-10-03,C0011,Tiya Thaman,916814752485,batramyra@gmail.com,P0379,Without,Electronics,3,13525.07,40575.21
O00909,2024-10-03,C0011,Tiya Thaman,916814752485,batramyra@gmail.com,P0433,Friend,Electronics,3,38386.31,115158.93
O00909,2024-10-03,C0011,Tiya Thaman,916814752485,batramyra@gmail.com,P0144,Career,Toys,1,19915.53,19915.53
O00909,2024-10-03,C0011,Tiya Thaman,916814752485,batramyra@gmail.com,P0316,Forget,Books,2,10470.32,20940.64
O00910,2025-04-04,C0544,Tara Dar,916631733210,raunak23@gmail.com,P0340,Activity,Fashion,2,47305.7,94611.4
O00911,2025-03-10,C0430,Miraya Bahl,917063753229,kanavsharaf@gmail.com,P0018,Watch,Fashion,3,38945.67,116837.01
O00912,2025-04-30,C0410,Prerak Upadhyay,917250441660,tusharratta@gmail.com,P0330,Do,Toys,1,27768.67,27768.67
O00913,2025-03-03,C0263,Saanvi Sibal,918816422051,hdayal@gmail.com,P0469,Do,Toys,3,8436.34,25309.02
O00913,2025-03-03,C0263,Saanvi Sibal,918816422051,hdayal@gmail.com,P0314,Stuff,Electronics,3,23667.18,71001.54
O00913,2025-03-03,C0263,Saanvi Sibal,918816422051,hdayal@gmail.com,P0120,Able,Books,2,37572.81,75145.62
O00914,2024-10-13,C0388,Anay Ganguly,917703997672,bsandal@gmail.com,P0223,Free,Electronics,3,8128.12,24384.36
O00914,2024-10-13,C0388,Anay Ganguly,917703997672,bsandal@gmail.com,P0205,Low,Books,1,3894.6,3894.6
O00915,2024-11-25,C0252,Veer Barad,917410714368,indranssundaram@gmail.com,P0032,Language,Fashion,2,22132.39,44264.78
O00915,2024-11-25,C0252,Veer Barad,917410714368,indranssundaram@gmail.com,P0123,Real,Electronics,1,3842.47,3842.47
O00915,2024-11-25,C0252,Veer Barad,917410714368,indranssundaram@gmail.com,P0458,South,Grocery,3,30814.65,92443.95
O00915,2024-11-25,C0252,Veer Barad,917410714368,indranssundaram@gmail.com,P0324,Culture,Books,2,19384.0,38768.0
O00916,2025-08-01,C0693,Tanya Sundaram,917673490268,ekannan@gmail.com,P0457,Which,Books,3,25557.49,76672.47
O00916,2025-08-01,C0693,Tanya Sundaram,917673490268,ekannan@gmail.com,P0210,Serious,Grocery,3,35406.15,106218.45
O00917,2025-01-14,C0168,Zoya Sarraf,916284693536,aaina28@gmail.com,P0342,Throughout,Fashion,3,11727.32,35181.96
O00917,2025-01-14,C0168,Zoya Sarraf,916284693536,aaina28@gmail.com,P0264,Conference,Home,1,40033.67,40033.67
O00917,2025-01-14,C0168,Zoya Sarraf,916284693536,aaina28@gmail.com,P0088,Interesting,Books,2,23862.35,47724.7
O00917,2025-01-14,C0168,Zoya Sarraf,916284693536,aaina28@gmail.com,P0203,Fund,Fashion,2,11474.77,22949.54
O00918,2025-06-13,C0663,Bhavin Sankaran,917087274975,taimurkaran@gmail.com,P0253,Himself,Toys,1,28859.07,28859.07
O00919,2025-02-27,C0196,Mannat Borah,916720868686,anvi78@gmail.com,P0016,Weight,Grocery,3,45838.51,137515.53
O00920,2025-03-05,C0500,Aarav Raval,917032628624,csood@gmail.com,P0256,Choice,Fashion,2,38096.03,76192.06
O00920,2025-03-05,C0500,Aarav Raval,917032628624,csood@gmail.com,P0051,Child,Home,3,907.17,2721.51
O00920,2025-03-05,C0500,Aarav Raval,917032628624,csood@gmail.com,P0293,Money,Grocery,3,486.78,1460.34
O00920,2025-03-05,C0500,Aarav Raval,917032628624,csood@gmail.com,P0384,Market,Grocery,1,30276.68,30276.68
O00920,2025-03-05,C0500,Aarav Raval,917032628624,csood@gmail.com,P0072,Half,Home,3,30586.09,91758.27
O00921,2025-06-12,C0312,Shray Kota,918170501922,aainabansal@gmail.com,P0051,Child,Home,1,907.17,907.17
O00921,2025-06-12,C0312,Shray Kota,918170501922,aainabansal@gmail.com,P0350,Maintain,Grocery,3,34831.08,104493.24
O00922,2024-09-06,C0500,Aarav Raval,917032628624,csood@gmail.com,P0470,Manage,Electronics,1,6525.32,6525.32
O00922,2024-09-06,C0500,Aarav Raval,917032628624,csood@gmail.com,P0171,Approach,Books,3,7881.56,23644.68
O00923,2024-11-20,C0084,Lagan Hayre,916423111102,kborah@gmail.com,P0347,Newspaper,Fashion,2,48533.81,97067.62
O00923,2024-11-20,C0084,Lagan Hayre,916423111102,kborah@gmail.com,P0276,All,Books,2,17066.13,34132.26
O00923,2024-11-20,C0084,Lagan Hayre,916423111102,kborah@gmail.com,P0007,Whose,Grocery,2,3639.73,7279.46
O00924,2025-08-12,C0991,Shalv Vala,916286033258,trishaagrawal@gmail.com,P0010,Accept,Grocery,2,31464.13,62928.26
O00924,2025-08-12,C0991,Shalv Vala,916286033258,trishaagrawal@gmail.com,P0139,Poor,Toys,1,38016.17,38016.17
O00925,2024-09-09,C0284,Bhavin Sarna,917764524977,manderahana@gmail.com,P0107,According,Fashion,2,35187.46,70374.92
O00925,2024-09-09,C0284,Bhavin Sarna,917764524977,manderahana@gmail.com,P0342,Throughout,Fashion,1,11727.32,11727.32
O00925,2024-09-09,C0284,Bhavin Sarna,917764524977,manderahana@gmail.com,P0141,Arm,Toys,3,8803.86,26411.58
O00925,2024-09-09,C0284,Bhavin Sarna,917764524977,manderahana@gmail.com,P0119,Capital,Toys,3,23790.55,71371.65
O00925,2024-09-09,C0284,Bhavin Sarna,917764524977,manderahana@gmail.com,P0249,Threat,Toys,1,16905.35,16905.35
O00926,2025-01-25,C0756,Ryan Dash,916926045979,cwali@gmail.com,P0304,Give,Grocery,2,4472.77,8945.54
O00926,2025-01-25,C0756,Ryan Dash,916926045979,cwali@gmail.com,P0359,Bill,Home,1,17296.21,17296.21
O00926,2025-01-25,C0756,Ryan Dash,916926045979,cwali@gmail.com,P0344,State,Grocery,3,6188.97,18566.91
O00926,2025-01-25,C0756,Ryan Dash,916926045979,cwali@gmail.com,P0333,Type,Grocery,1,5203.19,5203.19
O00927,2024-09-12,C0006,Manikya Bala,917061787922,bosemanjari@gmail.com,P0392,Book,Home,3,11405.72,34217.16
O00927,2024-09-12,C0006,Manikya Bala,917061787922,bosemanjari@gmail.com,P0275,Growth,Fashion,3,40260.94,120782.82
O00927,2024-09-12,C0006,Manikya Bala,917061787922,bosemanjari@gmail.com,P0133,Course,Home,1,25607.5,25607.5
O00927,2024-09-12,C0006,Manikya Bala,917061787922,bosemanjari@gmail.com,P0119,Capital,Toys,3,23790.55,71371.65
O00928,2025-02-21,C0965,Krish Kapoor,917647583746,reyansh54@gmail.com,P0434,Foot,Home,2,5572.57,11145.14
O00928,2025-02-21,C0965,Krish Kapoor,917647583746,reyansh54@gmail.com,P0423,New,Books,1,36902.07,36902.07
O00928,2025-02-21,C0965,Krish Kapoor,917647583746,reyansh54@gmail.com,P0399,Edge,Grocery,3,8358.74,25076.22
O00929,2025-02-17,C0571,Oorja Tank,916871686600,doratanya@gmail.com,P0043,Case,Fashion,3,31823.55,95470.65
O00930,2025-01-31,C0859,Armaan Toor,917586625070,gandhiazad@gmail.com,P0105,Provide,Electronics,1,1634.46,1634.46
O00930,2025-01-31,C0859,Armaan Toor,917586625070,gandhiazad@gmail.com,P0322,Plant,Fashion,2,37337.54,74675.08
O00930,2025-01-31,C0859,Armaan Toor,917586625070,gandhiazad@gmail.com,P0035,Almost,Electronics,2,44323.81,88647.62
O00931,2025-01-11,C0181,Keya Sridhar,918761441908,singhalnishith@gmail.com,P0401,Reveal,Fashion,1,4209.04,4209.04
O00932,2025-04-12,C0736,Aayush Basak,918518944783,evajani@gmail.com,P0494,Technology,Fashion,3,26389.15,79167.45
O01686,2024-12-12,C0697,Anahi Chowdhury,918161306759,tdani@gmail.com,P0456,Social,Fashion,3,32028.66,96085.98
O01686,2024-12-12,C0697,Anahi Chowdhury,918161306759,tdani@gmail.com,P0243,Although,Electronics,1,39529.4,39529.4
O01687,2024-10-17,C0051,Baiju Anne,916827752341,adirakumer@gmail.com,P0140,State,Grocery,1,28789.71,28789.71
O01687,2024-10-17,C0051,Baiju Anne,916827752341,adirakumer@gmail.com,P0109,Sister,Home,2,29170.71,58341.42
O01688,2025-03-10,C0138,Lakshay Batra,919110496988,rajagopalanadvik@gmail.com,P0411,At,Electronics,3,19105.0,57315.0
O01688,2025-03-10,C0138,Lakshay Batra,919110496988,rajagopalanadvik@gmail.com,P0359,Bill,Home,3,17296.21,51888.63
O01688,2025-03-10,C0138,Lakshay Batra,919110496988,rajagopalanadvik@gmail.com,P0286,Practice,Fashion,1,34386.6,34386.6
O01688,2025-03-10,C0138,Lakshay Batra,919110496988,rajagopalanadvik@gmail.com,P0127,Single,Books,2,43219.93,86439.86
O01688,2025-03-10,C0138,Lakshay Batra,919110496988,rajagopalanadvik@gmail.com,P0085,Worker,Books,3,33183.28,99549.84
O01689,2025-07-09,C0017,Shray Bhatt,917825605418,santmannat@gmail.com,P0477,Executive,Home,1,40796.04,40796.04
O01689,2025-07-09,C0017,Shray Bhatt,917825605418,santmannat@gmail.com,P0025,Ground,Electronics,2,32682.8,65365.6
O01690,2024-09-09,C0158,Zara Bala,916253132429,ela08@gmail.com,P0498,Alone,Grocery,2,23027.23,46054.46
O01690,2024-09-09,C0158,Zara Bala,916253132429,ela08@gmail.com,P0050,Relationship,Books,1,48838.18,48838.18
O01691,2024-11-02,C0069,Elakshi Dutta,916194691634,amiradeep@gmail.com,P0208,Wide,Books,3,45993.95,137981.85
O01691,2024-11-02,C0069,Elakshi Dutta,916194691634,amiradeep@gmail.com,P0361,Upon,Electronics,1,22373.88,22373.88
O01691,2024-11-02,C0069,Elakshi Dutta,916194691634,amiradeep@gmail.com,P0162,Population,Home,1,48541.96,48541.96
O01691,2024-11-02,C0069,Elakshi Dutta,916194691634,amiradeep@gmail.com,P0499,Make,Toys,2,22379.08,44758.16
O01691,2024-11-02,C0069,Elakshi Dutta,916194691634,amiradeep@gmail.com,P0110,May,Toys,2,41735.28,83470.56
O01692,2025-06-04,C0988,Vaibhav Sampath,916389288186,taimur49@gmail.com,P0494,Technology,Fashion,3,26389.15,79167.45
O01692,2025-06-04,C0988,Vaibhav Sampath,916389288186,taimur49@gmail.com,P0276,All,Books,3,17066.13,51198.39
O01692,2025-06-04,C0988,Vaibhav Sampath,916389288186,taimur49@gmail.com,P0003,Cell,Electronics,1,48147.23,48147.23
O01692,2025-06-04,C0988,Vaibhav Sampath,916389288186,taimur49@gmail.com,P0422,Long,Toys,2,23695.22,47390.44
O01693,2024-10-03,C0747,Adira Shere,916955897990,inaaya-dada@gmail.com,P0073,Pull,Grocery,3,29600.94,88802.82
O01693,2024-10-03,C0747,Adira Shere,916955897990,inaaya-dada@gmail.com,P0053,Time,Home,1,28738.91,28738.91
O01693,2024-10-03,C0747,Adira Shere,916955897990,inaaya-dada@gmail.com,P0442,Line,Grocery,1,48049.73,48049.73
O01693,2024-10-03,C0747,Adira Shere,916955897990,inaaya-dada@gmail.com,P0012,Help,Toys,3,16101.89,48305.67
O01694,2025-06-29,C0225,Heer Ramesh,919419857399,dishanichowdhury@gmail.com,P0276,All,Books,3,17066.13,51198.39
O01695,2025-02-07,C0287,Indranil Chakrabarti,916301982540,kimaya80@gmail.com,P0366,Whether,Grocery,2,7198.86,14397.72
O01695,2025-02-07,C0287,Indranil Chakrabarti,916301982540,kimaya80@gmail.com,P0330,Do,Toys,3,27768.67,83306.01
O01695,2025-02-07,C0287,Indranil Chakrabarti,916301982540,kimaya80@gmail.com,P0143,Protect,Toys,1,38572.8,38572.8
O01695,2025-02-07,C0287,Indranil Chakrabarti,916301982540,kimaya80@gmail.com,P0225,About,Toys,3,34961.77,104885.31
O01696,2024-12-01,C0825,Raunak Korpal,917441615278,sainimanjari@gmail.com,P0019,Such,Fashion,1,14547.49,14547.49
O01696,2024-12-01,C0825,Raunak Korpal,917441615278,sainimanjari@gmail.com,P0377,Old,Grocery,3,15509.49,46528.47
O01696,2024-12-01,C0825,Raunak Korpal,917441615278,sainimanjari@gmail.com,P0301,Everything,Toys,3,17437.95,52313.85
O01696,2024-12-01,C0825,Raunak Korpal,917441615278,sainimanjari@gmail.com,P0406,Until,Fashion,2,35664.69,71329.38
O01696,2024-12-01,C0825,Raunak Korpal,917441615278,sainimanjari@gmail.com,P0274,Goal,Books,1,36502.79,36502.79
O01697,2024-09-21,C0264,Jivin Choudhry,919471818936,lankaira@gmail.com,P0260,Course,Electronics,3,4260.68,12782.04
O01698,2024-09-16,C0053,Divyansh Dhaliwal,919296658484,chowdhuryyashvi@gmail.com,P0192,Even,Books,2,32881.09,65762.18
O01698,2024-09-16,C0053,Divyansh Dhaliwal,919296658484,chowdhuryyashvi@gmail.com,P0134,Against,Home,3,34667.28,104001.84
O01698,2024-09-16,C0053,Divyansh Dhaliwal,919296658484,chowdhuryyashvi@gmail.com,P0409,Ever,Fashion,1,48069.69,48069.69
O01699,2025-08-05,C0002,Uthkarsh Mannan,919740588502,anahita89@gmail.com,P0354,Among,Electronics,1,42154.64,42154.64
O01699,2025-08-05,C0002,Uthkarsh Mannan,919740588502,anahita89@gmail.com,P0234,Pay,Fashion,2,31655.12,63310.24
O01699,2025-08-05,C0002,Uthkarsh Mannan,919740588502,anahita89@gmail.com,P0046,Around,Books,3,33731.27,101193.81
O01699,2025-08-05,C0002,Uthkarsh Mannan,919740588502,anahita89@gmail.com,P0161,Down,Fashion,2,28997.9,57995.8
O01700,2025-02-07,C0276,Dharmajan Mangal,919043484388,wwadhwa@gmail.com,P0492,Forward,Fashion,2,5178.13,10356.26
O01700,2025-02-07,C0276,Dharmajan Mangal,919043484388,wwadhwa@gmail.com,P0376,Political,Books,2,42513.81,85027.62
O01700,2025-02-07,C0276,Dharmajan Mangal,919043484388,wwadhwa@gmail.com,P0380,Go,Electronics,3,8354.83,25064.49
O01700,2025-02-07,C0276,Dharmajan Mangal,919043484388,wwadhwa@gmail.com,P0491,Gun,Home,1,14220.38,14220.38
O01700,2025-02-07,C0276,Dharmajan Mangal,919043484388,wwadhwa@gmail.com,P0401,Reveal,Fashion,2,4209.04,8418.08
O01701,2025-07-21,C0722,Rhea Kibe,917980928488,divannishith@gmail.com,P0140,State,Grocery,1,28789.71,28789.71
O01702,2024-11-25,C0547,Kiara Som,916138756638,kkorpal@gmail.com,P0256,Choice,Fashion,2,38096.03,76192.06
O01702,2024-11-25,C0547,Kiara Som,916138756638,kkorpal@gmail.com,P0393,Bill,Home,2,20161.69,40323.38
O01702,2024-11-25,C0547,Kiara Som,916138756638,kkorpal@gmail.com,P0123,Real,Electronics,3,3842.47,11527.41
O01702,2024-11-25,C0547,Kiara Som,916138756638,kkorpal@gmail.com,P0173,Fine,Fashion,2,36346.52,72693.04
O01702,2024-11-25,C0547,Kiara Som,916138756638,kkorpal@gmail.com,P0229,Goal,Electronics,3,18497.07,55491.21
O01703,2025-02-10,C0843,Sahil Thakkar,918657585322,diyachaudhuri@gmail.com,P0227,Behavior,Electronics,3,36013.96,108041.88
O01703,2025-02-10,C0843,Sahil Thakkar,918657585322,diyachaudhuri@gmail.com,P0211,Run,Home,2,42595.97,85191.94
O01703,2025-02-10,C0843,Sahil Thakkar,918657585322,diyachaudhuri@gmail.com,P0339,Teach,Electronics,2,15732.96,31465.92
O01704,2024-12-21,C0001,Lakshit Kant,916845497916,misha38@gmail.com,P0189,Take,Books,3,21117.14,63351.42
O01704,2024-12-21,C0001,Lakshit Kant,916845497916,misha38@gmail.com,P0337,Voice,Electronics,1,4887.85,4887.85
O01704,2024-12-21,C0001,Lakshit Kant,916845497916,misha38@gmail.com,P0405,Number,Books,2,36701.41,73402.82
O01704,2024-12-21,C0001,Lakshit Kant,916845497916,misha38@gmail.com,P0199,Employee,Electronics,2,21332.0,42664.0
O01704,2024-12-21,C0001,Lakshit Kant,916845497916,misha38@gmail.com,P0077,Walk,Books,2,31770.26,63540.52
O01705,2024-09-20,C0578,Hrishita Kakar,919856220294,kaulinaaya@gmail.com,P0302,Example,Grocery,3,17949.9,53849.7
O01706,2025-06-21,C0364,Sana Salvi,917357516404,abram61@gmail.com,P0383,Writer,Books,2,39853.45,79706.9
O01706,2025-06-21,C0364,Sana Salvi,917357516404,abram61@gmail.com,P0409,Ever,Fashion,2,48069.69,96139.38
O01707,2025-06-30,C0593,Anahita Ramachandran,917254589760,emir60@gmail.com,P0195,Difficult,Toys,3,38374.95,115124.85
O01708,2025-03-15,C0874,Darshit Kothari,918003187709,jayaramangokul@gmail.com,P0330,Do,Toys,3,27768.67,83306.01
O01708,2025-03-15,C0874,Darshit Kothari,918003187709,jayaramangokul@gmail.com,P0300,Return,Electronics,3,10069.79,30209.37
O01708,2025-03-15,C0874,Darshit Kothari,918003187709,jayaramangokul@gmail.com,P0032,Language,Fashion,3,22132.39,66397.17
O01709,2025-09-02,C0564,Renee Salvi,918688199534,htara@gmail.com,P0173,Fine,Fashion,3,36346.52,109039.56
O01709,2025-09-02,C0564,Renee Salvi,918688199534,htara@gmail.com,P0457,Which,Books,3,25557.49,76672.47
O01709,2025-09-02,C0564,Renee Salvi,918688199534,htara@gmail.com,P0336,Need,Electronics,2,24340.15,48680.3
O01709,2025-09-02,C0564,Renee Salvi,918688199534,htara@gmail.com,P0184,Service,Grocery,2,40592.32,81184.64
O01710,2024-10-28,C0866,Kismat Aurora,916938154508,lbasu@gmail.com,P0386,Thus,Toys,1,26873.03,26873.03
O01710,2024-10-28,C0866,Kismat Aurora,916938154508,lbasu@gmail.com,P0241,Nation,Electronics,3,42008.14,126024.42
O01710,2024-10-28,C0866,Kismat Aurora,916938154508,lbasu@gmail.com,P0346,Manage,Electronics,3,13256.96,39770.88
O01710,2024-10-28,C0866,Kismat Aurora,916938154508,lbasu@gmail.com,P0466,Know,Home,3,32070.74,96212.22
O01710,2024-10-28,C0866,Kismat Aurora,916938154508,lbasu@gmail.com,P0491,Gun,Home,1,14220.38,14220.38
O01711,2024-09-21,C0348,Arnav Agarwal,919357163384,edeo@gmail.com,P0013,Give,Electronics,3,2877.19,8631.57
O01711,2024-09-21,C0348,Arnav Agarwal,919357163384,edeo@gmail.com,P0034,Begin,Home,2,23453.17,46906.34
O01711,2024-09-21,C0348,Arnav Agarwal,919357163384,edeo@gmail.com,P0277,Add,Electronics,2,47598.78,95197.56
O01712,2025-05-26,C0953,Yakshit Sodhi,916413128962,kkant@gmail.com,P0277,Add,Electronics,1,47598.78,47598.78
O01712,2025-05-26,C0953,Yakshit Sodhi,916413128962,kkant@gmail.com,P0179,Change,Fashion,1,15898.63,15898.63
O01712,2025-05-26,C0953,Yakshit Sodhi,916413128962,kkant@gmail.com,P0207,Hope,Books,3,31811.6,95434.8
O01713,2025-06-26,C0781,Vihaan Ranganathan,918030462635,mannat88@gmail.com,P0402,Difference,Fashion,3,5152.16,15456.48
O01713,2025-06-26,C0781,Vihaan Ranganathan,918030462635,mannat88@gmail.com,P0192,Even,Books,2,32881.09,65762.18
O01714,2024-09-17,C0847,Divit Gokhale,918760449081,aarna35@gmail.com,P0226,Close,Fashion,2,22025.27,44050.54
O01714,2024-09-17,C0847,Divit Gokhale,918760449081,aarna35@gmail.com,P0253,Himself,Toys,3,28859.07,86577.21
O01714,2024-09-17,C0847,Divit Gokhale,918760449081,aarna35@gmail.com,P0037,Hundred,Books,3,36049.73,108149.19
O01715,2024-12-02,C0769,Damini Bail,918030028366,gvarty@gmail.com,P0207,Hope,Books,2,31811.6,63623.2
O01715,2024-12-02,C0769,Damini Bail,918030028366,gvarty@gmail.com,P0103,Green,Fashion,3,43879.19,131637.57
O01715,2024-12-02,C0769,Damini Bail,918030028366,gvarty@gmail.com,P0292,Participant,Fashion,2,6391.66,12783.32
O01715,2024-12-02,C0769,Damini Bail,918030028366,gvarty@gmail.com,P0238,Fear,Home,2,6342.47,12684.94
O01715,2024-12-02,C0769,Damini Bail,918030028366,gvarty@gmail.com,P0047,Become,Toys,3,18552.11,55656.33
O01716,2025-04-06,C0194,Hazel Gopal,918974250454,aarnachaudhari@gmail.com,P0017,Establish,Grocery,1,1885.0,1885.0
O01716,2025-04-06,C0194,Hazel Gopal,918974250454,aarnachaudhari@gmail.com,P0072,Half,Home,3,30586.09,91758.27
O01716,2025-04-06,C0194,Hazel Gopal,918974250454,aarnachaudhari@gmail.com,P0031,Strategy,Toys,2,3707.32,7414.64
O01716,2025-04-06,C0194,Hazel Gopal,918974250454,aarnachaudhari@gmail.com,P0188,Seat,Home,2,13140.53,26281.06
O01717,2025-06-16,C0695,Dharmajan Dey,919636441037,vedika92@gmail.com,P0377,Old,Grocery,3,15509.49,46528.47
O01717,2025-06-16,C0695,Dharmajan Dey,919636441037,vedika92@gmail.com,P0092,Tell,Home,1,40584.21,40584.21
O01717,2025-06-16,C0695,Dharmajan Dey,919636441037,vedika92@gmail.com,P0390,Hard,Books,3,47047.15,141141.45
O01717,2025-06-16,C0695,Dharmajan Dey,919636441037,vedika92@gmail.com,P0011,Task,Electronics,3,12639.93,37919.79
O01717,2025-06-16,C0695,Dharmajan Dey,919636441037,vedika92@gmail.com,P0090,Create,Electronics,3,4541.22,13623.66
O01718,2025-07-26,C0276,Dharmajan Mangal,919043484388,wwadhwa@gmail.com,P0441,Color,Toys,1,31441.06,31441.06
O01719,2025-07-05,C0907,Rati Bala,917434436009,jayangill@gmail.com,P0152,Marriage,Electronics,1,24420.94,24420.94
O01719,2025-07-05,C0907,Rati Bala,917434436009,jayangill@gmail.com,P0335,Plan,Fashion,1,27474.41,27474.41
O01719,2025-07-05,C0907,Rati Bala,917434436009,jayangill@gmail.com,P0215,Stock,Home,1,12235.32,12235.32
O01719,2025-07-05,C0907,Rati Bala,917434436009,jayangill@gmail.com,P0071,Next,Toys,1,31890.26,31890.26
O01720,2025-08-29,C0343,Ranbir Gupta,917483011766,kumermishti@gmail.com,P0388,Develop,Fashion,3,48051.78,144155.34
O01720,2025-08-29,C0343,Ranbir Gupta,917483011766,kumermishti@gmail.com,P0462,May,Electronics,1,34764.62,34764.62
O01721,2024-09-11,C0545,Shray Mahal,918783755027,psinha@gmail.com,P0389,Can,Grocery,1,2990.09,2990.09
O01721,2024-09-11,C0545,Shray Mahal,918783755027,psinha@gmail.com,P0342,Throughout,Fashion,1,11727.32,11727.32
O01722,2025-05-18,C0495,Yasmin Khosla,919424493717,irade@gmail.com,P0167,Growth,Fashion,1,9807.77,9807.77
O01722,2025-05-18,C0495,Yasmin Khosla,919424493717,irade@gmail.com,P0336,Need,Electronics,2,24340.15,48680.3
O01722,2025-05-18,C0495,Yasmin Khosla,919424493717,irade@gmail.com,P0378,Share,Books,2,44960.42,89920.84
O01722,2025-05-18,C0495,Yasmin Khosla,919424493717,irade@gmail.com,P0301,Everything,Toys,3,17437.95,52313.85
O01723,2025-03-15,C0101,Purab Bansal,916244339591,manifaiyaz@gmail.com,P0390,Hard,Books,2,47047.15,94094.3
O01723,2025-03-15,C0101,Purab Bansal,916244339591,manifaiyaz@gmail.com,P0227,Behavior,Electronics,1,36013.96,36013.96
O01723,2025-03-15,C0101,Purab Bansal,916244339591,manifaiyaz@gmail.com,P0500,Sort,Books,1,30616.24,30616.24
O01724,2024-12-28,C0821,Vanya Chauhan,916601319078,shaan84@gmail.com,P0135,Plan,Fashion,3,27769.28,83307.84
O01724,2024-12-28,C0821,Vanya Chauhan,916601319078,shaan84@gmail.com,P0200,But,Home,2,13941.44,27882.88
O01724,2024-12-28,C0821,Vanya Chauhan,916601319078,shaan84@gmail.com,P0415,Sign,Electronics,2,37467.77,74935.54
O01725,2024-11-29,C0004,Hazel Ram,918204352520,yuvraj-ganguly@gmail.com,P0467,Music,Home,2,6015.2,12030.4
O01725,2024-11-29,C0004,Hazel Ram,918204352520,yuvraj-ganguly@gmail.com,P0386,Thus,Toys,3,26873.03,80619.09
O01725,2024-11-29,C0004,Hazel Ram,918204352520,yuvraj-ganguly@gmail.com,P0477,Executive,Home,3,40796.04,122388.12
O01725,2024-11-29,C0004,Hazel Ram,918204352520,yuvraj-ganguly@gmail.com,P0496,Although,Grocery,1,6446.33,6446.33
O01726,2025-01-17,C0167,Ojas Gera,918257602953,yuvaanandra@gmail.com,P0303,Doctor,Books,3,45811.55,137434.65
O01726,2025-01-17,C0167,Ojas Gera,918257602953,yuvaanandra@gmail.com,P0267,Activity,Books,3,37125.93,111377.79
O01726,2025-01-17,C0167,Ojas Gera,918257602953,yuvaanandra@gmail.com,P0478,Pretty,Toys,3,45214.46,135643.38
O01726,2025-01-17,C0167,Ojas Gera,918257602953,yuvaanandra@gmail.com,P0236,Situation,Books,3,7364.61,22093.83
O01727,2025-04-07,C0252,Veer Barad,917410714368,indranssundaram@gmail.com,P0100,Dinner,Books,1,7336.08,7336.08
O01727,2025-04-07,C0252,Veer Barad,917410714368,indranssundaram@gmail.com,P0227,Behavior,Electronics,2,36013.96,72027.92
O01727,2025-04-07,C0252,Veer Barad,917410714368,indranssundaram@gmail.com,P0429,Free,Books,1,25226.17,25226.17
O01727,2025-04-07,C0252,Veer Barad,917410714368,indranssundaram@gmail.com,P0323,By,Books,1,47004.89,47004.89
O01728,2025-04-21,C0360,Hrishita Mander,916551593144,tsani@gmail.com,P0090,Create,Electronics,1,4541.22,4541.22
O01729,2025-02-19,C0369,Ivan Saini,916427718293,yasmindar@gmail.com,P0285,Play,Fashion,2,49168.83,98337.66
O01729,2025-02-19,C0369,Ivan Saini,916427718293,yasmindar@gmail.com,P0099,Machine,Grocery,2,5087.08,10174.16
O01730,2024-10-01,C0923,Jhanvi Wadhwa,916345199889,gkalla@gmail.com,P0305,Alone,Grocery,2,12384.66,24769.32
O01730,2024-10-01,C0923,Jhanvi Wadhwa,916345199889,gkalla@gmail.com,P0258,Member,Grocery,2,48965.17,97930.34
O01730,2024-10-01,C0923,Jhanvi Wadhwa,916345199889,gkalla@gmail.com,P0001,Evening,Toys,2,45810.78,91621.56
O01730,2024-10-01,C0923,Jhanvi Wadhwa,916345199889,gkalla@gmail.com,P0021,Yourself,Fashion,3,8698.02,26094.06
O01730,2024-10-01,C0923,Jhanvi Wadhwa,916345199889,gkalla@gmail.com,P0275,Growth,Fashion,2,40260.94,80521.88
O01731,2025-04-27,C0678,Farhan Ahuja,918054756138,thakkargatik@gmail.com,P0060,Some,Books,1,25955.43,25955.43
O01731,2025-04-27,C0678,Farhan Ahuja,918054756138,thakkargatik@gmail.com,P0273,Score,Grocery,3,36008.68,108026.04
O01732,2025-06-10,C0650,Kiara Doshi,916452243856,badalchaudry@gmail.com,P0448,My,Toys,2,7511.41,15022.82
O01733,2025-09-03,C0954,Yasmin Das,916560395395,himmatchacko@gmail.com,P0155,Live,Electronics,2,7171.57,14343.14
O01734,2025-04-08,C0020,Mehul Sandal,918138842391,shamikbhagat@gmail.com,P0457,Which,Books,2,25557.49,51114.98
O01734,2025-04-08,C0020,Mehul Sandal,918138842391,shamikbhagat@gmail.com,P0062,Night,Toys,3,719.92,2159.76
O01734,2025-04-08,C0020,Mehul Sandal,918138842391,shamikbhagat@gmail.com,P0440,Alone,Grocery,2,27504.54,55009.08
O01734,2025-04-08,C0020,Mehul Sandal,918138842391,shamikbhagat@gmail.com,P0132,Fear,Books,1,16953.1,16953.1
O01734,2025-04-08,C0020,Mehul Sandal,918138842391,shamikbhagat@gmail.com,P0351,Play,Home,1,16869.29,16869.29
O01735,2025-04-18,C0106,Kaira Ghosh,918355116974,sumershanker@gmail.com,P0271,What,Home,2,25241.9,50483.8
O01735,2025-04-18,C0106,Kaira Ghosh,918355116974,sumershanker@gmail.com,P0261,Movie,Toys,3,34647.61,103942.83
O01735,2025-04-18,C0106,Kaira Ghosh,918355116974,sumershanker@gmail.com,P0464,National,Toys,3,39575.17,118725.51
O01736,2025-01-01,C0046,Tarini Iyengar,916926842565,kairakeer@gmail.com,P0066,Quite,Fashion,1,40944.42,40944.42
O01736,2025-01-01,C0046,Tarini Iyengar,916926842565,kairakeer@gmail.com,P0422,Long,Toys,2,23695.22,47390.44
O01736,2025-01-01,C0046,Tarini Iyengar,916926842565,kairakeer@gmail.com,P0007,Whose,Grocery,1,3639.73,3639.73
O01736,2025-01-01,C0046,Tarini Iyengar,916926842565,kairakeer@gmail.com,P0492,Forward,Fashion,2,5178.13,10356.26
O01737,2024-09-23,C0176,Ehsaan Golla,917214513167,jbhatti@gmail.com,P0002,Big,Books,1,29810.32,29810.32
O01737,2024-09-23,C0176,Ehsaan Golla,917214513167,jbhatti@gmail.com,P0355,Put,Electronics,1,48668.56,48668.56
O01737,2024-09-23,C0176,Ehsaan Golla,917214513167,jbhatti@gmail.com,P0013,Give,Electronics,3,2877.19,8631.57
O01737,2024-09-23,C0176,Ehsaan Golla,917214513167,jbhatti@gmail.com,P0378,Share,Books,1,44960.42,44960.42
O01738,2025-01-21,C0228,Pranay Dayal,919034597308,pchoudhary@gmail.com,P0187,Many,Electronics,2,46075.75,92151.5
O01738,2025-01-21,C0228,Pranay Dayal,919034597308,pchoudhary@gmail.com,P0486,Garden,Fashion,2,3392.63,6785.26
O01739,2025-07-06,C0370,Dharmajan Kara,919393183132,waliaanya@gmail.com,P0282,Long,Toys,1,38700.74,38700.74
O01740,2025-07-20,C0556,Hridaan Ben,916205631323,eshani74@gmail.com,P0434,Foot,Home,2,5572.57,11145.14
O01740,2025-07-20,C0556,Hridaan Ben,916205631323,eshani74@gmail.com,P0376,Political,Books,2,42513.81,85027.62
O01741,2025-04-29,C0725,Nitara Raj,917085891988,gulatinehmat@gmail.com,P0271,What,Home,2,25241.9,50483.8
O01741,2025-04-29,C0725,Nitara Raj,917085891988,gulatinehmat@gmail.com,P0383,Writer,Books,1,39853.45,39853.45
O01742,2025-05-08,C0567,Jhanvi Bhandari,919207794703,syogi@gmail.com,P0476,Matter,Books,1,635.14,635.14
O01742,2025-05-08,C0567,Jhanvi Bhandari,919207794703,syogi@gmail.com,P0283,Hear,Grocery,1,18807.75,18807.75
O01742,2025-05-08,C0567,Jhanvi Bhandari,919207794703,syogi@gmail.com,P0332,Defense,Electronics,2,47413.18,94826.36
O01743,2025-05-07,C0656,Saksham Venkatesh,919160581307,tejasmangal@gmail.com,P0145,Once,Electronics,1,19289.24,19289.24
O01743,2025-05-07,C0656,Saksham Venkatesh,919160581307,tejasmangal@gmail.com,P0002,Big,Books,3,29810.32,89430.96
O01744,2025-03-25,C0257,Amira Shere,916402207445,bajajlavanya@gmail.com,P0322,Plant,Fashion,1,37337.54,37337.54
O01744,2025-03-25,C0257,Amira Shere,916402207445,bajajlavanya@gmail.com,P0183,Shake,Electronics,2,13105.89,26211.78
O01744,2025-03-25,C0257,Amira Shere,916402207445,bajajlavanya@gmail.com,P0035,Almost,Electronics,2,44323.81,88647.62
O01744,2025-03-25,C0257,Amira Shere,916402207445,bajajlavanya@gmail.com,P0324,Culture,Books,3,19384.0,58152.0
O01745,2025-06-29,C0753,Taran Kade,919869505752,parinaazbedi@gmail.com,P0348,Expert,Home,1,19437.03,19437.03
O01746,2025-07-20,C0133,Eva Chandra,916621789871,riyer@gmail.com,P0255,Born,Books,3,22491.06,67473.18
O01746,2025-07-20,C0133,Eva Chandra,916621789871,riyer@gmail.com,P0068,Work,Electronics,1,14521.52,14521.52
O01746,2025-07-20,C0133,Eva Chandra,916621789871,riyer@gmail.com,P0122,Girl,Grocery,2,25630.56,51261.12
O01747,2024-11-07,C0229,Lakshay Rau,917706187821,qratta@gmail.com,P0086,Summer,Grocery,2,45414.18,90828.36
O01747,2024-11-07,C0229,Lakshay Rau,917706187821,qratta@gmail.com,P0371,Writer,Grocery,3,15840.23,47520.69
O01748,2025-09-03,C0425,Tanya Rajagopal,919833496956,kuruvillaayesha@gmail.com,P0347,Newspaper,Fashion,3,48533.81,145601.43
O01748,2025-09-03,C0425,Tanya Rajagopal,919833496956,kuruvillaayesha@gmail.com,P0085,Worker,Books,2,33183.28,66366.56
O01749,2025-06-05,C0976,Shamik Sule,916050642288,lbora@gmail.com,P0092,Tell,Home,3,40584.21,121752.63
O01749,2025-06-05,C0976,Shamik Sule,916050642288,lbora@gmail.com,P0310,Data,Toys,3,32555.16,97665.48
O01749,2025-06-05,C0976,Shamik Sule,916050642288,lbora@gmail.com,P0334,Let,Fashion,3,11112.43,33337.29
O01749,2025-06-05,C0976,Shamik Sule,916050642288,lbora@gmail.com,P0362,Thank,Fashion,2,18203.86,36407.72
O01749,2025-06-05,C0976,Shamik Sule,916050642288,lbora@gmail.com,P0058,Data,Fashion,1,19851.06,19851.06
O01750,2025-06-13,C0612,Amira Gala,917792247873,vjohal@gmail.com,P0398,North,Home,1,42310.86,42310.86
O01750,2025-06-13,C0612,Amira Gala,917792247873,vjohal@gmail.com,P0456,Social,Fashion,1,32028.66,32028.66
O01750,2025-06-13,C0612,Amira Gala,917792247873,vjohal@gmail.com,P0431,Huge,Grocery,2,3972.53,7945.06
O01750,2025-06-13,C0612,Amira Gala,917792247873,vjohal@gmail.com,P0146,Buy,Fashion,2,18119.49,36238.98
O01750,2025-06-13,C0612,Amira Gala,917792247873,vjohal@gmail.com,P0430,Hot,Grocery,2,43351.68,86703.36
O01751,2025-06-21,C0240,Neysa Rout,917099365221,qsrinivas@gmail.com,P0478,Pretty,Toys,1,45214.46,45214.46
O01751,2025-06-21,C0240,Neysa Rout,917099365221,qsrinivas@gmail.com,P0340,Activity,Fashion,3,47305.7,141917.1
O01751,2025-06-21,C0240,Neysa Rout,917099365221,qsrinivas@gmail.com,P0184,Service,Grocery,3,40592.32,121776.96
O01751,2025-06-21,C0240,Neysa Rout,917099365221,qsrinivas@gmail.com,P0452,Gun,Books,2,28509.16,57018.32
O01752,2024-10-17,C0985,Abram Deol,918224677355,onkarborde@gmail.com,P0094,Foot,Electronics,2,39141.36,78282.72
O01752,2024-10-17,C0985,Abram Deol,918224677355,onkarborde@gmail.com,P0439,Share,Toys,1,18005.17,18005.17
O01752,2024-10-17,C0985,Abram Deol,918224677355,onkarborde@gmail.com,P0164,Day,Electronics,1,9669.61,9669.61
O01753,2024-10-13,C0469,Pihu Dhaliwal,919905814750,gbhardwaj@gmail.com,P0315,Pm,Home,2,6451.23,12902.46
O01753,2024-10-13,C0469,Pihu Dhaliwal,919905814750,gbhardwaj@gmail.com,P0136,Method,Grocery,3,2991.68,8975.04
O01753,2024-10-13,C0469,Pihu Dhaliwal,919905814750,gbhardwaj@gmail.com,P0036,Consumer,Books,1,24513.98,24513.98
O01753,2024-10-13,C0469,Pihu Dhaliwal,919905814750,gbhardwaj@gmail.com,P0283,Hear,Grocery,1,18807.75,18807.75
O01753,2024-10-13,C0469,Pihu Dhaliwal,919905814750,gbhardwaj@gmail.com,P0312,Hour,Home,3,26966.28,80898.84
O01754,2025-08-28,C0722,Rhea Kibe,917980928488,divannishith@gmail.com,P0109,Sister,Home,3,29170.71,87512.13
O01754,2025-08-28,C0722,Rhea Kibe,917980928488,divannishith@gmail.com,P0333,Type,Grocery,2,5203.19,10406.38
O01754,2025-08-28,C0722,Rhea Kibe,917980928488,divannishith@gmail.com,P0189,Take,Books,2,21117.14,42234.28
O01755,2025-05-07,C0432,Kashvi Bahl,917480950290,eshani83@gmail.com,P0392,Book,Home,1,11405.72,11405.72
O01755,2025-05-07,C0432,Kashvi Bahl,917480950290,eshani83@gmail.com,P0074,Read,Home,3,31600.59,94801.77
O01756,2024-09-23,C0307,Jayesh Chand,916943694608,sagaranvi@gmail.com,P0044,Age,Books,1,29870.75,29870.75
O01757,2025-02-04,C0520,Misha Sahni,918698037447,takdhanush@gmail.com,P0428,Land,Grocery,1,36183.78,36183.78
O01757,2025-02-04,C0520,Misha Sahni,918698037447,takdhanush@gmail.com,P0401,Reveal,Fashion,3,4209.04,12627.12
O01757,2025-02-04,C0520,Misha Sahni,918698037447,takdhanush@gmail.com,P0457,Which,Books,3,25557.49,76672.47
O01757,2025-02-04,C0520,Misha Sahni,918698037447,takdhanush@gmail.com,P0060,Some,Books,1,25955.43,25955.43
O01757,2025-02-04,C0520,Misha Sahni,918698037447,takdhanush@gmail.com,P0030,Opportunity,Toys,3,12911.03,38733.09
O01758,2024-09-22,C0193,Aaina Dutt,917719239917,ayeshakashyap@gmail.com,P0380,Go,Electronics,1,8354.83,8354.83
O01759,2025-01-22,C0221,Mehul Sastry,917789232009,sana53@gmail.com,P0371,Writer,Grocery,3,15840.23,47520.69
O01759,2025-01-22,C0221,Mehul Sastry,917789232009,sana53@gmail.com,P0453,Official,Grocery,1,34440.96,34440.96
O01759,2025-01-22,C0221,Mehul Sastry,917789232009,sana53@gmail.com,P0181,Store,Electronics,3,7171.29,21513.87
O01760,2024-12-04,C0403,Diya Ratti,918120442383,krishnamurthyarmaan@gmail.com,P0245,Later,Fashion,2,34444.1,68888.2
O01760,2024-12-04,C0403,Diya Ratti,918120442383,krishnamurthyarmaan@gmail.com,P0121,Listen,Toys,2,22992.5,45985.0
O01760,2024-12-04,C0403,Diya Ratti,918120442383,krishnamurthyarmaan@gmail.com,P0451,How,Electronics,1,32544.56,32544.56
O01760,2024-12-04,C0403,Diya Ratti,918120442383,krishnamurthyarmaan@gmail.com,P0336,Need,Electronics,2,24340.15,48680.3
O01760,2024-12-04,C0403,Diya Ratti,918120442383,krishnamurthyarmaan@gmail.com,P0369,Region,Books,2,29719.67,59439.34
O01761,2024-11-12,C0456,Ojas Dar,919063445336,vohrapari@gmail.com,P0195,Difficult,Toys,1,38374.95,38374.95
O01761,2024-11-12,C0456,Ojas Dar,919063445336,vohrapari@gmail.com,P0087,Hotel,Fashion,1,2608.49,2608.49
O01761,2024-11-12,C0456,Ojas Dar,919063445336,vohrapari@gmail.com,P0281,National,Electronics,2,43942.41,87884.82
O01762,2025-08-31,C0218,Armaan Apte,919667895007,chokshisahil@gmail.com,P0332,Defense,Electronics,1,47413.18,47413.18
O01762,2025-08-31,C0218,Armaan Apte,919667895007,chokshisahil@gmail.com,P0039,Home,Grocery,3,24312.94,72938.82
O01763,2024-11-10,C0478,Hrishita Som,917281407151,mahajanjiya@gmail.com,P0390,Hard,Books,3,47047.15,141141.45
O01763,2024-11-10,C0478,Hrishita Som,917281407151,mahajanjiya@gmail.com,P0259,Region,Books,2,31147.8,62295.6
O01764,2025-04-01,C0660,Adah Jaggi,917531915478,anay66@gmail.com,P0162,Population,Home,2,48541.96,97083.92
O01764,2025-04-01,C0660,Adah Jaggi,917531915478,anay66@gmail.com,P0456,Social,Fashion,3,32028.66,96085.98
O01764,2025-04-01,C0660,Adah Jaggi,917531915478,anay66@gmail.com,P0114,Office,Toys,2,11898.15,23796.3
O01764,2025-04-01,C0660,Adah Jaggi,917531915478,anay66@gmail.com,P0298,Bring,Grocery,1,10120.73,10120.73
O01764,2025-04-01,C0660,Adah Jaggi,917531915478,anay66@gmail.com,P0310,Data,Toys,2,32555.16,65110.32
O01765,2024-11-15,C0600,Lagan Sarna,917736173448,arnav61@gmail.com,P0184,Service,Grocery,2,40592.32,81184.64
O01765,2024-11-15,C0600,Lagan Sarna,917736173448,arnav61@gmail.com,P0003,Cell,Electronics,2,48147.23,96294.46
O01765,2024-11-15,C0600,Lagan Sarna,917736173448,arnav61@gmail.com,P0315,Pm,Home,1,6451.23,6451.23
O01765,2024-11-15,C0600,Lagan Sarna,917736173448,arnav61@gmail.com,P0486,Garden,Fashion,3,3392.63,10177.89
O01766,2024-09-15,C0777,Jhanvi Swaminathan,916288559496,fcheema@gmail.com,P0099,Machine,Grocery,2,5087.08,10174.16
O01767,2025-04-21,C0273,Misha Sarma,917922336123,mishti13@gmail.com,P0224,Each,Fashion,3,595.03,1785.09
O01767,2025-04-21,C0273,Misha Sarma,917922336123,mishti13@gmail.com,P0452,Gun,Books,1,28509.16,28509.16
O01768,2025-05-03,C0354,Urvi Sangha,917778713187,hbhatti@gmail.com,P0110,May,Toys,2,41735.28,83470.56
O01768,2025-05-03,C0354,Urvi Sangha,917778713187,hbhatti@gmail.com,P0213,Perhaps,Books,1,17118.78,17118.78
O01768,2025-05-03,C0354,Urvi Sangha,917778713187,hbhatti@gmail.com,P0279,Kid,Fashion,3,22978.31,68934.93
O01768,2025-05-03,C0354,Urvi Sangha,917778713187,hbhatti@gmail.com,P0225,About,Toys,3,34961.77,104885.31
O01769,2025-04-25,C0972,Darshit Butala,919833134111,sridhartara@gmail.com,P0334,Let,Fashion,1,11112.43,11112.43
O01769,2025-04-25,C0972,Darshit Butala,919833134111,sridhartara@gmail.com,P0200,But,Home,1,13941.44,13941.44
O01770,2025-08-07,C0543,Zaina Srinivas,918944219485,nrege@gmail.com,P0267,Activity,Books,1,37125.93,37125.93
O01770,2025-08-07,C0543,Zaina Srinivas,918944219485,nrege@gmail.com,P0362,Thank,Fashion,3,18203.86,54611.58
O01771,2024-12-13,C0723,Badal Khatri,918511306281,aradhya94@gmail.com,P0005,Third,Electronics,3,17555.54,52666.62
O01771,2024-12-13,C0723,Badal Khatri,918511306281,aradhya94@gmail.com,P0476,Matter,Books,1,635.14,635.14
O01771,2024-12-13,C0723,Badal Khatri,918511306281,aradhya94@gmail.com,P0176,Young,Grocery,1,30664.46,30664.46
O01771,2024-12-13,C0723,Badal Khatri,918511306281,aradhya94@gmail.com,P0328,Born,Home,3,7635.87,22907.61
O01772,2025-05-26,C0707,Taimur Dada,916645761457,shaan53@gmail.com,P0180,Section,Electronics,2,15179.3,30358.6
O01772,2025-05-26,C0707,Taimur Dada,916645761457,shaan53@gmail.com,P0003,Cell,Electronics,2,48147.23,96294.46
O01772,2025-05-26,C0707,Taimur Dada,916645761457,shaan53@gmail.com,P0251,Check,Books,1,13197.73,13197.73
O01772,2025-05-26,C0707,Taimur Dada,916645761457,shaan53@gmail.com,P0023,At,Books,1,43375.51,43375.51
O01772,2025-05-26,C0707,Taimur Dada,916645761457,shaan53@gmail.com,P0191,Again,Electronics,2,4114.1,8228.2
O01773,2025-06-04,C0148,Kanav Dani,919201030424,ira20@gmail.com,P0100,Dinner,Books,1,7336.08,7336.08
O01773,2025-06-04,C0148,Kanav Dani,919201030424,ira20@gmail.com,P0415,Sign,Electronics,2,37467.77,74935.54
O01773,2025-06-04,C0148,Kanav Dani,919201030424,ira20@gmail.com,P0274,Goal,Books,2,36502.79,73005.58
O01773,2025-06-04,C0148,Kanav Dani,919201030424,ira20@gmail.com,P0320,Sort,Fashion,1,1924.24,1924.24
O01773,2025-06-04,C0148,Kanav Dani,919201030424,ira20@gmail.com,P0112,So,Fashion,2,7126.45,14252.9
O01774,2025-08-28,C0047,Ishita Choudhry,919790009200,vaidyavanya@gmail.com,P0171,Approach,Books,3,7881.56,23644.68
O01774,2025-08-28,C0047,Ishita Choudhry,919790009200,vaidyavanya@gmail.com,P0193,Whole,Home,1,2379.84,2379.84
O01775,2025-07-15,C0983,Vaibhav Mani,918500645514,manjari19@gmail.com,P0345,Fund,Fashion,3,28257.12,84771.36
O01776,2025-01-10,C0731,Indrajit Krish,916560174198,nmangal@gmail.com,P0325,Sell,Home,3,8305.03,24915.09
O01777,2024-11-24,C0442,Indrans Sarma,918997701440,alia83@gmail.com,P0008,Step,Grocery,2,21635.32,43270.64
O01777,2024-11-24,C0442,Indrans Sarma,918997701440,alia83@gmail.com,P0205,Low,Books,2,3894.6,7789.2
O01777,2024-11-24,C0442,Indrans Sarma,918997701440,alia83@gmail.com,P0390,Hard,Books,1,47047.15,47047.15
O01778,2025-08-24,C0868,Tiya Ray,919222267284,devansh97@gmail.com,P0115,Run,Fashion,2,44401.73,88803.46
O01778,2025-08-24,C0868,Tiya Ray,919222267284,devansh97@gmail.com,P0226,Close,Fashion,3,22025.27,66075.81
O01778,2025-08-24,C0868,Tiya Ray,919222267284,devansh97@gmail.com,P0384,Market,Grocery,2,30276.68,60553.36
O01778,2025-08-24,C0868,Tiya Ray,919222267284,devansh97@gmail.com,P0138,Purpose,Grocery,2,2234.54,4469.08
O01779,2025-01-17,C0453,Ela Taneja,916830525427,aaryahibrahmbhatt@gmail.com,P0485,Economic,Fashion,3,47504.24,142512.72
O01779,2025-01-17,C0453,Ela Taneja,916830525427,aaryahibrahmbhatt@gmail.com,P0104,Choice,Home,2,25936.71,51873.42
O01780,2024-10-19,C0826,Rohan Varkey,916298866454,trisha77@gmail.com,P0111,Forward,Fashion,1,13770.51,13770.51
O01780,2024-10-19,C0826,Rohan Varkey,916298866454,trisha77@gmail.com,P0286,Practice,Fashion,2,34386.6,68773.2
O01780,2024-10-19,C0826,Rohan Varkey,916298866454,trisha77@gmail.com,P0131,Quite,Fashion,1,25134.94,25134.94
O01780,2024-10-19,C0826,Rohan Varkey,916298866454,trisha77@gmail.com,P0051,Child,Home,2,907.17,1814.34
O01781,2024-11-13,C0148,Kanav Dani,919201030424,ira20@gmail.com,P0340,Activity,Fashion,2,47305.7,94611.4
O01781,2024-11-13,C0148,Kanav Dani,919201030424,ira20@gmail.com,P0383,Writer,Books,1,39853.45,39853.45
O01781,2024-11-13,C0148,Kanav Dani,919201030424,ira20@gmail.com,P0181,Store,Electronics,1,7171.29,7171.29
O01781,2024-11-13,C0148,Kanav Dani,919201030424,ira20@gmail.com,P0389,Can,Grocery,3,2990.09,8970.27
O01781,2024-11-13,C0148,Kanav Dani,919201030424,ira20@gmail.com,P0345,Fund,Fashion,3,28257.12,84771.36
O01782,2024-11-05,C0503,Ayesha Dayal,916015078495,sanishayak@gmail.com,P0265,Write,Grocery,3,30863.16,92589.48
O01782,2024-11-05,C0503,Ayesha Dayal,916015078495,sanishayak@gmail.com,P0298,Bring,Grocery,2,10120.73,20241.46
O01782,2024-11-05,C0503,Ayesha Dayal,916015078495,sanishayak@gmail.com,P0362,Thank,Fashion,3,18203.86,54611.58
O01782,2024-11-05,C0503,Ayesha Dayal,916015078495,sanishayak@gmail.com,P0029,Technology,Grocery,1,1746.82,1746.82
O01783,2025-07-28,C0636,Ranbir Batra,916085939280,nitara69@gmail.com,P0480,Each,Fashion,2,34183.23,68366.46
O01783,2025-07-28,C0636,Ranbir Batra,916085939280,nitara69@gmail.com,P0455,Court,Electronics,3,24246.4,72739.2
O01784,2024-09-13,C0659,Seher Madan,917579447831,neysa70@gmail.com,P0338,Such,Books,3,38071.08,114213.24
O01785,2025-08-08,C0873,Seher Chaudhary,918032793585,rasha99@gmail.com,P0205,Low,Books,2,3894.6,7789.2
O01785,2025-08-08,C0873,Seher Chaudhary,918032793585,rasha99@gmail.com,P0358,Method,Toys,3,20030.96,60092.88
O01785,2025-08-08,C0873,Seher Chaudhary,918032793585,rasha99@gmail.com,P0154,Effort,Grocery,1,26859.2,26859.2
O01785,2025-08-08,C0873,Seher Chaudhary,918032793585,rasha99@gmail.com,P0285,Play,Fashion,3,49168.83,147506.49
O01786,2025-08-30,C0624,Jayesh Rout,918219225681,borrajiya@gmail.com,P0481,Test,Fashion,1,19065.63,19065.63
O01787,2025-04-16,C0931,Badal Kaur,916645905004,tejas70@gmail.com,P0149,Media,Electronics,1,33043.26,33043.26
O01787,2025-04-16,C0931,Badal Kaur,916645905004,tejas70@gmail.com,P0046,Around,Books,3,33731.27,101193.81
O01787,2025-04-16,C0931,Badal Kaur,916645905004,tejas70@gmail.com,P0478,Pretty,Toys,2,45214.46,90428.92
O01788,2025-08-27,C0776,Hazel Madan,917674728232,uvala@gmail.com,P0187,Many,Electronics,1,46075.75,46075.75
O01788,2025-08-27,C0776,Hazel Madan,917674728232,uvala@gmail.com,P0342,Throughout,Fashion,1,11727.32,11727.32
O01788,2025-08-27,C0776,Hazel Madan,917674728232,uvala@gmail.com,P0448,My,Toys,1,7511.41,7511.41
O01788,2025-08-27,C0776,Hazel Madan,917674728232,uvala@gmail.com,P0081,Concern,Books,3,17375.63,52126.89
O01788,2025-08-27,C0776,Hazel Madan,917674728232,uvala@gmail.com,P0484,Season,Toys,2,8571.02,17142.04
O01789,2025-02-26,C0813,Lagan Keer,916222879956,sachdevamannat@gmail.com,P0486,Garden,Fashion,3,3392.63,10177.89
O01789,2025-02-26,C0813,Lagan Keer,916222879956,sachdevamannat@gmail.com,P0392,Book,Home,2,11405.72,22811.44
O01789,2025-02-26,C0813,Lagan Keer,916222879956,sachdevamannat@gmail.com,P0472,Certainly,Grocery,3,43777.9,131333.7
O01789,2025-02-26,C0813,Lagan Keer,916222879956,sachdevamannat@gmail.com,P0428,Land,Grocery,3,36183.78,108551.34
O01790,2025-06-13,C0175,Ivan Ramanathan,919359070355,okrishna@gmail.com,P0168,Soon,Fashion,1,16016.13,16016.13
O01790,2025-06-13,C0175,Ivan Ramanathan,919359070355,okrishna@gmail.com,P0072,Half,Home,2,30586.09,61172.18
O01790,2025-06-13,C0175,Ivan Ramanathan,919359070355,okrishna@gmail.com,P0290,Test,Fashion,1,26416.08,26416.08
O01790,2025-06-13,C0175,Ivan Ramanathan,919359070355,okrishna@gmail.com,P0062,Night,Toys,2,719.92,1439.84
O01791,2025-08-02,C0827,Alia Hayre,919759766292,elakshi08@gmail.com,P0413,Describe,Electronics,2,11998.55,23997.1
O01791,2025-08-02,C0827,Alia Hayre,919759766292,elakshi08@gmail.com,P0232,Simply,Fashion,3,47673.19,143019.57
O01791,2025-08-02,C0827,Alia Hayre,919759766292,elakshi08@gmail.com,P0416,Hot,Fashion,1,2188.07,2188.07
O01792,2025-07-24,C0149,Seher Bora,919527476525,ckar@gmail.com,P0057,Carry,Grocery,2,32036.35,64072.7
O01792,2025-07-24,C0149,Seher Bora,919527476525,ckar@gmail.com,P0111,Forward,Fashion,2,13770.51,27541.02
O01792,2025-07-24,C0149,Seher Bora,919527476525,ckar@gmail.com,P0108,Onto,Toys,3,30794.61,92383.83
O01793,2024-11-08,C0814,Lagan Iyengar,918630661465,wallashray@gmail.com,P0036,Consumer,Books,1,24513.98,24513.98
O01794,2024-10-23,C0466,Ritvik Shroff,917071119474,aaryahi84@gmail.com,P0490,They,Home,2,2217.14,4434.28
O01794,2024-10-23,C0466,Ritvik Shroff,917071119474,aaryahi84@gmail.com,P0483,Work,Toys,1,8375.29,8375.29
O01794,2024-10-23,C0466,Ritvik Shroff,917071119474,aaryahi84@gmail.com,P0010,Accept,Grocery,1,31464.13,31464.13
O01794,2024-10-23,C0466,Ritvik Shroff,917071119474,aaryahi84@gmail.com,P0209,Analysis,Books,1,25876.61,25876.61
O01795,2024-10-04,C0001,Lakshit Kant,916845497916,misha38@gmail.com,P0225,About,Toys,3,34961.77,104885.31
O01796,2025-07-28,C0427,Badal Brahmbhatt,917137176911,faiyaz47@gmail.com,P0413,Describe,Electronics,3,11998.55,35995.65
O01796,2025-07-28,C0427,Badal Brahmbhatt,917137176911,faiyaz47@gmail.com,P0420,Detail,Fashion,2,1072.49,2144.98
O01797,2025-07-18,C0159,Mannat Sarma,919960927137,raojayesh@gmail.com,P0410,Result,Fashion,2,39761.33,79522.66
O01797,2025-07-18,C0159,Mannat Sarma,919960927137,raojayesh@gmail.com,P0350,Maintain,Grocery,3,34831.08,104493.24
O01797,2025-07-18,C0159,Mannat Sarma,919960927137,raojayesh@gmail.com,P0365,See,Fashion,1,7195.14,7195.14
O01797,2025-07-18,C0159,Mannat Sarma,919960927137,raojayesh@gmail.com,P0367,Throw,Toys,1,45671.59,45671.59
O01797,2025-07-18,C0159,Mannat Sarma,919960927137,raojayesh@gmail.com,P0301,Everything,Toys,1,17437.95,17437.95
O01798,2025-03-23,C0996,Jayant Bhavsar,916561231679,myramajumdar@gmail.com,P0436,I,Fashion,3,17907.21,53721.63
O01799,2025-03-19,C0782,Lakshit Bassi,918322222329,chanaaniruddh@gmail.com,P0448,My,Toys,2,7511.41,15022.82
O01799,2025-03-19,C0782,Lakshit Bassi,918322222329,chanaaniruddh@gmail.com,P0064,White,Electronics,2,29997.92,59995.84
O01799,2025-03-19,C0782,Lakshit Bassi,918322222329,chanaaniruddh@gmail.com,P0319,Friend,Electronics,1,17520.15,17520.15
O01800,2024-11-28,C0628,Nakul D’Alia,916458207177,ebir@gmail.com,P0064,White,Electronics,2,29997.92,59995.84
O01800,2024-11-28,C0628,Nakul D’Alia,916458207177,ebir@gmail.com,P0223,Free,Electronics,1,8128.12,8128.12
O01800,2024-11-28,C0628,Nakul D’Alia,916458207177,ebir@gmail.com,P0102,Forget,Books,3,41702.42,125107.26
O01801,2024-11-09,C0166,Vaibhav Seshadri,918614031541,ssharma@gmail.com,P0162,Population,Home,2,48541.96,97083.92
O01801,2024-11-09,C0166,Vaibhav Seshadri,918614031541,ssharma@gmail.com,P0434,Foot,Home,2,5572.57,11145.14
O01801,2024-11-09,C0166,Vaibhav Seshadri,918614031541,ssharma@gmail.com,P0077,Walk,Books,1,31770.26,31770.26
O01802,2024-12-04,C0924,Vedika Bera,918260940085,rsubramanian@gmail.com,P0430,Hot,Grocery,1,43351.68,43351.68
O01802,2024-12-04,C0924,Vedika Bera,918260940085,rsubramanian@gmail.com,P0454,Later,Fashion,2,39383.95,78767.9
O01802,2024-12-04,C0924,Vedika Bera,918260940085,rsubramanian@gmail.com,P0128,West,Electronics,3,14179.39,42538.17
O01802,2024-12-04,C0924,Vedika Bera,918260940085,rsubramanian@gmail.com,P0217,Building,Fashion,3,43359.09,130077.27
O01802,2024-12-04,C0924,Vedika Bera,918260940085,rsubramanian@gmail.com,P0470,Manage,Electronics,1,6525.32,6525.32
O01803,2025-02-21,C0623,Tara Rao,917008318296,trajagopal@gmail.com,P0446,Personal,Home,3,42866.03,128598.09
O01803,2025-02-21,C0623,Tara Rao,917008318296,trajagopal@gmail.com,P0206,Other,Home,3,16417.86,49253.58
O01803,2025-02-21,C0623,Tara Rao,917008318296,trajagopal@gmail.com,P0166,Interesting,Grocery,3,4704.45,14113.35
O01803,2025-02-21,C0623,Tara Rao,917008318296,trajagopal@gmail.com,P0344,State,Grocery,1,6188.97,6188.97
O01804,2024-10-05,C0736,Aayush Basak,918518944783,evajani@gmail.com,P0119,Capital,Toys,2,23790.55,47581.1
O01804,2024-10-05,C0736,Aayush Basak,918518944783,evajani@gmail.com,P0038,School,Grocery,1,13156.01,13156.01
O01804,2024-10-05,C0736,Aayush Basak,918518944783,evajani@gmail.com,P0465,Tough,Toys,2,38414.53,76829.06
O01804,2024-10-05,C0736,Aayush Basak,918518944783,evajani@gmail.com,P0459,Still,Toys,1,5875.98,5875.98
O01804,2024-10-05,C0736,Aayush Basak,918518944783,evajani@gmail.com,P0406,Until,Fashion,2,35664.69,71329.38
O01805,2024-11-29,C0605,Riya Jha,918654617337,mahikaravel@gmail.com,P0475,At,Toys,3,35943.68,107831.04
O01805,2024-11-29,C0605,Riya Jha,918654617337,mahikaravel@gmail.com,P0257,Hot,Grocery,1,17886.49,17886.49
O01805,2024-11-29,C0605,Riya Jha,918654617337,mahikaravel@gmail.com,P0050,Relationship,Books,3,48838.18,146514.54
O01805,2024-11-29,C0605,Riya Jha,918654617337,mahikaravel@gmail.com,P0075,Maybe,Grocery,2,6414.07,12828.14
O01806,2025-04-01,C0525,Azad Wali,918127745497,stuvanben@gmail.com,P0316,Forget,Books,1,10470.32,10470.32
O01806,2025-04-01,C0525,Azad Wali,918127745497,stuvanben@gmail.com,P0015,Create,Books,2,29120.31,58240.62
O01806,2025-04-01,C0525,Azad Wali,918127745497,stuvanben@gmail.com,P0396,Someone,Books,2,8750.11,17500.22
O01806,2025-04-01,C0525,Azad Wali,918127745497,stuvanben@gmail.com,P0477,Executive,Home,1,40796.04,40796.04
O01806,2025-04-01,C0525,Azad Wali,918127745497,stuvanben@gmail.com,P0405,Number,Books,1,36701.41,36701.41
O01807,2025-07-07,C0919,Urvi Anne,917850210864,handapihu@gmail.com,P0484,Season,Toys,1,8571.02,8571.02
O01807,2025-07-07,C0919,Urvi Anne,917850210864,handapihu@gmail.com,P0049,Education,Fashion,1,33685.14,33685.14
O01807,2025-07-07,C0919,Urvi Anne,917850210864,handapihu@gmail.com,P0233,Resource,Home,1,5535.26,5535.26
O01807,2025-07-07,C0919,Urvi Anne,917850210864,handapihu@gmail.com,P0120,Able,Books,2,37572.81,75145.62
O01808,2025-06-26,C0022,Ahana  Buch,916889086442,aptemahika@gmail.com,P0380,Go,Electronics,3,8354.83,25064.49
O01808,2025-06-26,C0022,Ahana  Buch,916889086442,aptemahika@gmail.com,P0046,Around,Books,3,33731.27,101193.81
O01808,2025-06-26,C0022,Ahana  Buch,916889086442,aptemahika@gmail.com,P0146,Buy,Fashion,2,18119.49,36238.98
O01809,2025-02-18,C0883,Pihu Wable,917095559182,saniojas@gmail.com,P0138,Purpose,Grocery,3,2234.54,6703.62
O01809,2025-02-18,C0883,Pihu Wable,917095559182,saniojas@gmail.com,P0417,Here,Electronics,2,48161.82,96323.64
O01809,2025-02-18,C0883,Pihu Wable,917095559182,saniojas@gmail.com,P0230,Voice,Books,1,12941.39,12941.39
O01810,2025-08-22,C0444,Eva Thakkar,917659295119,fdhingra@gmail.com,P0085,Worker,Books,2,33183.28,66366.56
O01810,2025-08-22,C0444,Eva Thakkar,917659295119,fdhingra@gmail.com,P0125,Who,Fashion,2,44975.66,89951.32
O01810,2025-08-22,C0444,Eva Thakkar,917659295119,fdhingra@gmail.com,P0247,Difficult,Books,2,41823.06,83646.12
O01811,2024-11-21,C0525,Azad Wali,918127745497,stuvanben@gmail.com,P0134,Against,Home,1,34667.28,34667.28
O01811,2024-11-21,C0525,Azad Wali,918127745497,stuvanben@gmail.com,P0223,Free,Electronics,2,8128.12,16256.24
O01811,2024-11-21,C0525,Azad Wali,918127745497,stuvanben@gmail.com,P0433,Friend,Electronics,3,38386.31,115158.93
O01811,2024-11-21,C0525,Azad Wali,918127745497,stuvanben@gmail.com,P0164,Day,Electronics,1,9669.61,9669.61
O01812,2025-08-03,C0560,Tarini Kadakia,918144507873,anikasant@gmail.com,P0082,Nothing,Home,1,26893.32,26893.32
O01813,2025-03-22,C0022,Ahana  Buch,916889086442,aptemahika@gmail.com,P0331,Line,Fashion,1,39780.07,39780.07
O01814,2024-10-24,C0955,Azad Sem,917070235930,ayesha01@gmail.com,P0055,Off,Home,1,9847.69,9847.69
O01814,2024-10-24,C0955,Azad Sem,917070235930,ayesha01@gmail.com,P0387,Take,Electronics,1,37111.49,37111.49
O01814,2024-10-24,C0955,Azad Sem,917070235930,ayesha01@gmail.com,P0431,Huge,Grocery,3,3972.53,11917.59
O01814,2024-10-24,C0955,Azad Sem,917070235930,ayesha01@gmail.com,P0280,Stay,Grocery,2,33100.84,66201.68
O01814,2024-10-24,C0955,Azad Sem,917070235930,ayesha01@gmail.com,P0152,Marriage,Electronics,3,24420.94,73262.82
O01815,2025-06-06,C0869,Mamooty Arora,918097719530,shahmehul@gmail.com,P0133,Course,Home,1,25607.5,25607.5
O01815,2025-06-06,C0869,Mamooty Arora,918097719530,shahmehul@gmail.com,P0293,Money,Grocery,2,486.78,973.56
O01815,2025-06-06,C0869,Mamooty Arora,918097719530,shahmehul@gmail.com,P0166,Interesting,Grocery,1,4704.45,4704.45
O01816,2025-02-25,C0091,Piya Banik,916308989816,andrainaaya@gmail.com,P0223,Free,Electronics,1,8128.12,8128.12
O01816,2025-02-25,C0091,Piya Banik,916308989816,andrainaaya@gmail.com,P0111,Forward,Fashion,1,13770.51,13770.51
O01817,2025-04-14,C0171,Jayesh Chad,917560384174,kimayasagar@gmail.com,P0341,Actually,Books,1,31938.49,31938.49
O01817,2025-04-14,C0171,Jayesh Chad,917560384174,kimayasagar@gmail.com,P0090,Create,Electronics,1,4541.22,4541.22
O01818,2025-08-05,C0454,Raunak Karan,917356302220,nirvi83@gmail.com,P0142,Cause,Home,2,42626.52,85253.04
O01818,2025-08-05,C0454,Raunak Karan,917356302220,nirvi83@gmail.com,P0016,Weight,Grocery,1,45838.51,45838.51
O01818,2025-08-05,C0454,Raunak Karan,917356302220,nirvi83@gmail.com,P0473,Feeling,Fashion,3,6741.82,20225.46
O01819,2025-03-13,C0428,Sara Bali,918563671259,isawhney@gmail.com,P0148,Will,Books,2,29281.73,58563.46
O01819,2025-03-13,C0428,Sara Bali,918563671259,isawhney@gmail.com,P0036,Consumer,Books,1,24513.98,24513.98
O01820,2025-03-13,C0428,Sara Bali,918563671259,isawhney@gmail.com,P0244,Friend,Grocery,3,44739.64,134218.92
O01820,2025-03-13,C0428,Sara Bali,918563671259,isawhney@gmail.com,P0024,Officer,Grocery,2,25649.5,51299.0
O01820,2025-03-13,C0428,Sara Bali,918563671259,isawhney@gmail.com,P0239,Girl,Fashion,2,1403.24,2806.48
O01820,2025-03-13,C0428,Sara Bali,918563671259,isawhney@gmail.com,P0032,Language,Fashion,2,22132.39,44264.78
O01820,2025-03-13,C0428,Sara Bali,918563671259,isawhney@gmail.com,P0425,Born,Home,2,23771.25,47542.5
O01821,2024-10-24,C0310,Tiya Dewan,916581993665,kallakabir@gmail.com,P0085,Worker,Books,2,33183.28,66366.56
O01821,2024-10-24,C0310,Tiya Dewan,916581993665,kallakabir@gmail.com,P0449,Start,Books,3,31877.19,95631.57
O01821,2024-10-24,C0310,Tiya Dewan,916581993665,kallakabir@gmail.com,P0490,They,Home,1,2217.14,2217.14
O01821,2024-10-24,C0310,Tiya Dewan,916581993665,kallakabir@gmail.com,P0482,Prove,Fashion,1,36394.17,36394.17
O01822,2025-04-05,C0713,Zeeshan Kannan,918894776686,dugarkhushi@gmail.com,P0341,Actually,Books,3,31938.49,95815.47
O01822,2025-04-05,C0713,Zeeshan Kannan,918894776686,dugarkhushi@gmail.com,P0115,Run,Fashion,3,44401.73,133205.19
O01823,2025-07-15,C0231,Damini Lanka,918159146720,madhavlata@gmail.com,P0357,Recently,Home,1,8621.08,8621.08
O01824,2025-02-28,C0159,Mannat Sarma,919960927137,raojayesh@gmail.com,P0147,Finish,Grocery,2,3515.25,7030.5
O01824,2025-02-28,C0159,Mannat Sarma,919960927137,raojayesh@gmail.com,P0418,Health,Toys,1,11635.18,11635.18
O01824,2025-02-28,C0159,Mannat Sarma,919960927137,raojayesh@gmail.com,P0050,Relationship,Books,2,48838.18,97676.36
O01824,2025-02-28,C0159,Mannat Sarma,919960927137,raojayesh@gmail.com,P0081,Concern,Books,3,17375.63,52126.89
O01825,2025-08-23,C0794,Yuvaan Barman,919680277321,butalajiya@gmail.com,P0190,Decision,Electronics,3,31613.49,94840.47
O01825,2025-08-23,C0794,Yuvaan Barman,919680277321,butalajiya@gmail.com,P0023,At,Books,2,43375.51,86751.02
O01825,2025-08-23,C0794,Yuvaan Barman,919680277321,butalajiya@gmail.com,P0327,Mean,Electronics,1,45227.54,45227.54
O01826,2024-10-20,C0071,Samiha Sankar,918586944539,keyachaudhry@gmail.com,P0089,Mission,Home,1,47776.2,47776.2
O01827,2024-10-29,C0998,Diya Shroff,916161942174,gborra@gmail.com,P0460,Place,Electronics,2,42204.95,84409.9
O01827,2024-10-29,C0998,Diya Shroff,916161942174,gborra@gmail.com,P0267,Activity,Books,3,37125.93,111377.79
O01827,2024-10-29,C0998,Diya Shroff,916161942174,gborra@gmail.com,P0199,Employee,Electronics,3,21332.0,63996.0
O01827,2024-10-29,C0998,Diya Shroff,916161942174,gborra@gmail.com,P0382,Member,Books,2,10297.15,20594.3
O01827,2024-10-29,C0998,Diya Shroff,916161942174,gborra@gmail.com,P0069,Film,Toys,2,43872.1,87744.2
O01828,2024-12-12,C0005,Uthkarsh Toor,919604056464,rasha82@gmail.com,P0116,Mr,Fashion,2,7183.89,14367.78
O01828,2024-12-12,C0005,Uthkarsh Toor,919604056464,rasha82@gmail.com,P0079,Hand,Books,1,2100.87,2100.87
O01828,2024-12-12,C0005,Uthkarsh Toor,919604056464,rasha82@gmail.com,P0448,My,Toys,2,7511.41,15022.82
O01828,2024-12-12,C0005,Uthkarsh Toor,919604056464,rasha82@gmail.com,P0333,Type,Grocery,3,5203.19,15609.57
O01829,2024-11-28,C0364,Sana Salvi,917357516404,abram61@gmail.com,P0221,The,Home,2,25026.69,50053.38
O01829,2024-11-28,C0364,Sana Salvi,917357516404,abram61@gmail.com,P0051,Child,Home,2,907.17,1814.34
O01829,2024-11-28,C0364,Sana Salvi,917357516404,abram61@gmail.com,P0026,Mouth,Toys,1,13404.03,13404.03
O01829,2024-11-28,C0364,Sana Salvi,917357516404,abram61@gmail.com,P0304,Give,Grocery,2,4472.77,8945.54
O01829,2024-11-28,C0364,Sana Salvi,917357516404,abram61@gmail.com,P0284,Draw,Books,3,9525.56,28576.68
O01830,2025-03-09,C0793,Ela Kohli,919830967072,saranmannat@gmail.com,P0105,Provide,Electronics,3,1634.46,4903.38
O01830,2025-03-09,C0793,Ela Kohli,919830967072,saranmannat@gmail.com,P0474,History,Toys,1,6036.27,6036.27
O01830,2025-03-09,C0793,Ela Kohli,919830967072,saranmannat@gmail.com,P0191,Again,Electronics,2,4114.1,8228.2
O01831,2025-02-17,C0254,Nayantara Bawa,918879188382,kapadiadishani@gmail.com,P0147,Finish,Grocery,2,3515.25,7030.5
O01832,2025-05-18,C0903,Umang Dutt,917476412118,sunderazad@gmail.com,P0375,Much,Electronics,3,11084.88,33254.64
O01832,2025-05-18,C0903,Umang Dutt,917476412118,sunderazad@gmail.com,P0184,Service,Grocery,2,40592.32,81184.64
O01833,2025-06-02,C0548,Tarini Chandra,919622941365,indrans64@gmail.com,P0142,Cause,Home,2,42626.52,85253.04
O01833,2025-06-02,C0548,Tarini Chandra,919622941365,indrans64@gmail.com,P0064,White,Electronics,1,29997.92,29997.92
O01834,2024-11-18,C0045,Shanaya Chadha,918272113766,zarabuch@gmail.com,P0107,According,Fashion,3,35187.46,105562.38
O01834,2024-11-18,C0045,Shanaya Chadha,918272113766,zarabuch@gmail.com,P0350,Maintain,Grocery,3,34831.08,104493.24
O01835,2024-10-22,C0104,Jhanvi Hegde,918385812793,kartikedwin@gmail.com,P0435,Leader,Home,1,47966.92,47966.92
O01835,2024-10-22,C0104,Jhanvi Hegde,918385812793,kartikedwin@gmail.com,P0266,Relate,Fashion,3,24933.26,74799.78
O01836,2025-03-25,C0649,Anahi Randhawa,916681116601,fateh81@gmail.com,P0356,Paper,Books,2,1746.39,3492.78
O01836,2025-03-25,C0649,Anahi Randhawa,916681116601,fateh81@gmail.com,P0140,State,Grocery,1,28789.71,28789.71
O01836,2025-03-25,C0649,Anahi Randhawa,916681116601,fateh81@gmail.com,P0066,Quite,Fashion,2,40944.42,81888.84
O01836,2025-03-25,C0649,Anahi Randhawa,916681116601,fateh81@gmail.com,P0308,Somebody,Grocery,3,7191.81,21575.43
O01837,2024-11-02,C0438,Nitya Savant,917391102553,nmannan@gmail.com,P0491,Gun,Home,1,14220.38,14220.38
O01837,2024-11-02,C0438,Nitya Savant,917391102553,nmannan@gmail.com,P0145,Once,Electronics,3,19289.24,57867.72
O01837,2024-11-02,C0438,Nitya Savant,917391102553,nmannan@gmail.com,P0369,Region,Books,2,29719.67,59439.34
O01837,2024-11-02,C0438,Nitya Savant,917391102553,nmannan@gmail.com,P0187,Many,Electronics,1,46075.75,46075.75
O01837,2024-11-02,C0438,Nitya Savant,917391102553,nmannan@gmail.com,P0208,Wide,Books,3,45993.95,137981.85
O01838,2024-09-06,C0652,Purab Venkatesh,916276872964,qwarrior@gmail.com,P0295,Goal,Electronics,3,197.81,593.43
O01838,2024-09-06,C0652,Purab Venkatesh,916276872964,qwarrior@gmail.com,P0302,Example,Grocery,3,17949.9,53849.7
O01838,2024-09-06,C0652,Purab Venkatesh,916276872964,qwarrior@gmail.com,P0407,Town,Grocery,2,15477.24,30954.48
O01839,2024-09-12,C0069,Elakshi Dutta,916194691634,amiradeep@gmail.com,P0376,Political,Books,1,42513.81,42513.81
O01839,2024-09-12,C0069,Elakshi Dutta,916194691634,amiradeep@gmail.com,P0187,Many,Electronics,1,46075.75,46075.75
O01839,2024-09-12,C0069,Elakshi Dutta,916194691634,amiradeep@gmail.com,P0493,Would,Toys,3,26066.08,78198.24
O01840,2025-03-20,C0344,Hazel Lad,919249638024,nehmatbalasubramanian@gmail.com,P0268,Very,Electronics,2,49631.1,99262.2
O01840,2025-03-20,C0344,Hazel Lad,919249638024,nehmatbalasubramanian@gmail.com,P0010,Accept,Grocery,3,31464.13,94392.39
O01840,2025-03-20,C0344,Hazel Lad,919249638024,nehmatbalasubramanian@gmail.com,P0428,Land,Grocery,3,36183.78,108551.34
O01840,2025-03-20,C0344,Hazel Lad,919249638024,nehmatbalasubramanian@gmail.com,P0106,Agreement,Grocery,3,33426.3,100278.9
O01841,2025-01-10,C0668,Gatik Ray,917649327740,inaaya-04@gmail.com,P0274,Goal,Books,1,36502.79,36502.79
O01842,2025-05-17,C0314,Saanvi Rau,916106122153,vasavritika@gmail.com,P0084,Entire,Fashion,1,24969.67,24969.67
O01843,2025-05-15,C0967,Vidur Seth,918147995647,tailorkiaan@gmail.com,P0430,Hot,Grocery,1,43351.68,43351.68
O01843,2025-05-15,C0967,Vidur Seth,918147995647,tailorkiaan@gmail.com,P0086,Summer,Grocery,3,45414.18,136242.54
O01843,2025-05-15,C0967,Vidur Seth,918147995647,tailorkiaan@gmail.com,P0009,They,Home,1,32134.95,32134.95
O01843,2025-05-15,C0967,Vidur Seth,918147995647,tailorkiaan@gmail.com,P0161,Down,Fashion,1,28997.9,28997.9
O01843,2025-05-15,C0967,Vidur Seth,918147995647,tailorkiaan@gmail.com,P0110,May,Toys,1,41735.28,41735.28
O01844,2025-05-05,C0846,Kartik Goel,918217005454,sahniehsaan@gmail.com,P0001,Evening,Toys,2,45810.78,91621.56
O01845,2024-11-28,C0864,Kartik Deshmukh,918710307467,lmanne@gmail.com,P0078,Return,Home,1,13869.21,13869.21
O01845,2024-11-28,C0864,Kartik Deshmukh,918710307467,lmanne@gmail.com,P0349,Score,Electronics,1,13424.17,13424.17
O01846,2025-01-20,C0280,Gokul Tiwari,917122663436,tejasben@gmail.com,P0083,Tell,Toys,1,34146.63,34146.63
O01846,2025-01-20,C0280,Gokul Tiwari,917122663436,tejasben@gmail.com,P0313,Condition,Toys,2,36907.6,73815.2
O01846,2025-01-20,C0280,Gokul Tiwari,917122663436,tejasben@gmail.com,P0307,Much,Fashion,2,27744.18,55488.36
O01846,2025-01-20,C0280,Gokul Tiwari,917122663436,tejasben@gmail.com,P0050,Relationship,Books,2,48838.18,97676.36
O01846,2025-01-20,C0280,Gokul Tiwari,917122663436,tejasben@gmail.com,P0093,Improve,Books,2,43974.96,87949.92
O01847,2025-08-26,C0289,Dhanuk Mangat,916373098623,divansaanvi@gmail.com,P0116,Mr,Fashion,2,7183.89,14367.78
O01847,2025-08-26,C0289,Dhanuk Mangat,916373098623,divansaanvi@gmail.com,P0386,Thus,Toys,1,26873.03,26873.03
O01847,2025-08-26,C0289,Dhanuk Mangat,916373098623,divansaanvi@gmail.com,P0303,Doctor,Books,2,45811.55,91623.1
O01847,2025-08-26,C0289,Dhanuk Mangat,916373098623,divansaanvi@gmail.com,P0349,Score,Electronics,3,13424.17,40272.51
O01848,2025-09-01,C0182,Fateh Krishna,917898231524,vsolanki@gmail.com,P0284,Draw,Books,2,9525.56,19051.12
O01848,2025-09-01,C0182,Fateh Krishna,917898231524,vsolanki@gmail.com,P0424,Suffer,Home,2,13776.75,27553.5
O01848,2025-09-01,C0182,Fateh Krishna,917898231524,vsolanki@gmail.com,P0285,Play,Fashion,1,49168.83,49168.83
O01849,2024-12-03,C0898,Ahana  Ravel,917814893922,bwable@gmail.com,P0228,World,Home,3,42687.6,128062.8
O01849,2024-12-03,C0898,Ahana  Ravel,917814893922,bwable@gmail.com,P0475,At,Toys,3,35943.68,107831.04
O01849,2024-12-03,C0898,Ahana  Ravel,917814893922,bwable@gmail.com,P0404,Imagine,Toys,3,46983.13,140949.39
O01849,2024-12-03,C0898,Ahana  Ravel,917814893922,bwable@gmail.com,P0080,Accept,Books,2,22114.75,44229.5
O01850,2025-07-08,C0123,Kimaya Dalal,919366570613,oorja07@gmail.com,P0314,Stuff,Electronics,1,23667.18,23667.18
O01850,2025-07-08,C0123,Kimaya Dalal,919366570613,oorja07@gmail.com,P0479,Popular,Electronics,1,20646.55,20646.55
O01850,2025-07-08,C0123,Kimaya Dalal,919366570613,oorja07@gmail.com,P0086,Summer,Grocery,2,45414.18,90828.36
O01850,2025-07-08,C0123,Kimaya Dalal,919366570613,oorja07@gmail.com,P0498,Alone,Grocery,2,23027.23,46054.46
O01851,2024-10-18,C0568,Romil Ahuja,917508186764,samarth94@gmail.com,P0215,Stock,Home,2,12235.32,24470.64
O01851,2024-10-18,C0568,Romil Ahuja,917508186764,samarth94@gmail.com,P0164,Day,Electronics,2,9669.61,19339.22
O01851,2024-10-18,C0568,Romil Ahuja,917508186764,samarth94@gmail.com,P0217,Building,Fashion,2,43359.09,86718.18
O01851,2024-10-18,C0568,Romil Ahuja,917508186764,samarth94@gmail.com,P0106,Agreement,Grocery,3,33426.3,100278.9
O01852,2025-06-28,C0227,Yuvaan Chanda,918684674685,pranaykari@gmail.com,P0412,High,Home,2,28978.96,57957.92
O01852,2025-06-28,C0227,Yuvaan Chanda,918684674685,pranaykari@gmail.com,P0050,Relationship,Books,3,48838.18,146514.54
O01853,2025-01-23,C0177,Tarini Subramanian,917423037546,avarughese@gmail.com,P0321,Right,Fashion,2,41419.14,82838.28
O01853,2025-01-23,C0177,Tarini Subramanian,917423037546,avarughese@gmail.com,P0080,Accept,Books,2,22114.75,44229.5
O01854,2025-01-08,C0991,Shalv Vala,916286033258,trishaagrawal@gmail.com,P0355,Put,Electronics,2,48668.56,97337.12
O01855,2025-04-27,C0817,Nayantara Mand,917296041180,galariya@gmail.com,P0114,Office,Toys,2,11898.15,23796.3
O01855,2025-04-27,C0817,Nayantara Mand,917296041180,galariya@gmail.com,P0221,The,Home,2,25026.69,50053.38
O01855,2025-04-27,C0817,Nayantara Mand,917296041180,galariya@gmail.com,P0049,Education,Fashion,3,33685.14,101055.42
O01855,2025-04-27,C0817,Nayantara Mand,917296041180,galariya@gmail.com,P0125,Who,Fashion,1,44975.66,44975.66
O01855,2025-04-27,C0817,Nayantara Mand,917296041180,galariya@gmail.com,P0263,Because,Fashion,2,6202.41,12404.82
O01856,2025-09-03,C0788,Ehsaan Chowdhury,919661788084,jhans@gmail.com,P0378,Share,Books,2,44960.42,89920.84
O01857,2025-08-08,C0825,Raunak Korpal,917441615278,sainimanjari@gmail.com,P0334,Let,Fashion,2,11112.43,22224.86
O01857,2025-08-08,C0825,Raunak Korpal,917441615278,sainimanjari@gmail.com,P0082,Nothing,Home,2,26893.32,53786.64
O01857,2025-08-08,C0825,Raunak Korpal,917441615278,sainimanjari@gmail.com,P0390,Hard,Books,2,47047.15,94094.3
O01857,2025-08-08,C0825,Raunak Korpal,917441615278,sainimanjari@gmail.com,P0020,Part,Home,1,28373.35,28373.35
O01857,2025-08-08,C0825,Raunak Korpal,917441615278,sainimanjari@gmail.com,P0080,Accept,Books,2,22114.75,44229.5
O01858,2025-08-24,C0735,Trisha Andra,918928039575,samarbarman@gmail.com,P0261,Movie,Toys,3,34647.61,103942.83
O01859,2024-10-26,C0458,Anya Bala,919350960323,duttdamini@gmail.com,P0212,Expect,Grocery,1,24638.09,24638.09
O01859,2024-10-26,C0458,Anya Bala,919350960323,duttdamini@gmail.com,P0450,Make,Home,1,13343.15,13343.15
O01860,2025-08-02,C0343,Ranbir Gupta,917483011766,kumermishti@gmail.com,P0045,Term,Electronics,2,27614.52,55229.04
O01861,2025-03-06,C0599,Trisha Sanghvi,918701163297,groveroorja@gmail.com,P0488,Staff,Electronics,2,19763.51,39527.02
O01861,2025-03-06,C0599,Trisha Sanghvi,918701163297,groveroorja@gmail.com,P0038,School,Grocery,3,13156.01,39468.03
O01862,2025-02-13,C0519,Mohanlal Datta,917451880433,sahil00@gmail.com,P0307,Much,Fashion,1,27744.18,27744.18
O01863,2024-12-19,C0164,Aaina Lata,918733403743,divyansh94@gmail.com,P0001,Evening,Toys,2,45810.78,91621.56
O01863,2024-12-19,C0164,Aaina Lata,918733403743,divyansh94@gmail.com,P0415,Sign,Electronics,3,37467.77,112403.31
O01864,2024-09-17,C0447,Kiaan Sinha,918339990938,tejas88@gmail.com,P0006,Worker,Grocery,1,22450.55,22450.55
O01864,2024-09-17,C0447,Kiaan Sinha,918339990938,tejas88@gmail.com,P0314,Stuff,Electronics,2,23667.18,47334.36
O01864,2024-09-17,C0447,Kiaan Sinha,918339990938,tejas88@gmail.com,P0445,Debate,Electronics,2,39696.35,79392.7
O01864,2024-09-17,C0447,Kiaan Sinha,918339990938,tejas88@gmail.com,P0480,Each,Fashion,2,34183.23,68366.46
O01864,2024-09-17,C0447,Kiaan Sinha,918339990938,tejas88@gmail.com,P0336,Need,Electronics,3,24340.15,73020.45
O01865,2024-11-03,C0860,Zeeshan Garde,918192065228,hchad@gmail.com,P0380,Go,Electronics,3,8354.83,25064.49
O01865,2024-11-03,C0860,Zeeshan Garde,918192065228,hchad@gmail.com,P0370,Stand,Books,1,47131.46,47131.46
O01866,2024-10-13,C0619,Umang Dora,918417845775,priyanshdhillon@gmail.com,P0095,Four,Grocery,3,43421.39,130264.17
O01866,2024-10-13,C0619,Umang Dora,918417845775,priyanshdhillon@gmail.com,P0080,Accept,Books,2,22114.75,44229.5
O01866,2024-10-13,C0619,Umang Dora,918417845775,priyanshdhillon@gmail.com,P0149,Media,Electronics,1,33043.26,33043.26
O01866,2024-10-13,C0619,Umang Dora,918417845775,priyanshdhillon@gmail.com,P0375,Much,Electronics,3,11084.88,33254.64
O01867,2025-07-03,C0442,Indrans Sarma,918997701440,alia83@gmail.com,P0341,Actually,Books,2,31938.49,63876.98
O01867,2025-07-03,C0442,Indrans Sarma,918997701440,alia83@gmail.com,P0180,Section,Electronics,2,15179.3,30358.6
O01867,2025-07-03,C0442,Indrans Sarma,918997701440,alia83@gmail.com,P0416,Hot,Fashion,2,2188.07,4376.14
O01867,2025-07-03,C0442,Indrans Sarma,918997701440,alia83@gmail.com,P0476,Matter,Books,1,635.14,635.14
O01868,2024-09-18,C0105,Kismat Sharaf,916047849925,kashvisodhi@gmail.com,P0209,Analysis,Books,2,25876.61,51753.22
O01868,2024-09-18,C0105,Kismat Sharaf,916047849925,kashvisodhi@gmail.com,P0089,Mission,Home,1,47776.2,47776.2
O01868,2024-09-18,C0105,Kismat Sharaf,916047849925,kashvisodhi@gmail.com,P0174,Career,Grocery,1,33061.41,33061.41
O01868,2024-09-18,C0105,Kismat Sharaf,916047849925,kashvisodhi@gmail.com,P0036,Consumer,Books,1,24513.98,24513.98
O01868,2024-09-18,C0105,Kismat Sharaf,916047849925,kashvisodhi@gmail.com,P0368,Theory,Books,2,28749.17,57498.34
O01869,2025-04-17,C0237,Uthkarsh Chaudhari,918835857328,pbhalla@gmail.com,P0384,Market,Grocery,3,30276.68,90830.04
O01869,2025-04-17,C0237,Uthkarsh Chaudhari,918835857328,pbhalla@gmail.com,P0069,Film,Toys,1,43872.1,43872.1
O01869,2025-04-17,C0237,Uthkarsh Chaudhari,918835857328,pbhalla@gmail.com,P0077,Walk,Books,3,31770.26,95310.78
O01870,2024-11-02,C0234,Ishaan Thaker,917849780322,odutta@gmail.com,P0026,Mouth,Toys,1,13404.03,13404.03
O01870,2024-11-02,C0234,Ishaan Thaker,917849780322,odutta@gmail.com,P0427,Glass,Grocery,3,32006.32,96018.96
O01870,2024-11-02,C0234,Ishaan Thaker,917849780322,odutta@gmail.com,P0475,At,Toys,3,35943.68,107831.04
O01870,2024-11-02,C0234,Ishaan Thaker,917849780322,odutta@gmail.com,P0115,Run,Fashion,3,44401.73,133205.19
O01871,2025-07-13,C0524,Anya Biswas,916722937890,kabirsani@gmail.com,P0042,Director,Fashion,3,41973.05,125919.15
O01872,2025-01-08,C0166,Vaibhav Seshadri,918614031541,ssharma@gmail.com,P0190,Decision,Electronics,2,31613.49,63226.98
O01873,2024-10-30,C0922,Kiaan Ghosh,916636563131,ramaswamydhanuk@gmail.com,P0406,Until,Fashion,1,35664.69,35664.69
O01873,2024-10-30,C0922,Kiaan Ghosh,916636563131,ramaswamydhanuk@gmail.com,P0381,Avoid,Toys,2,20362.89,40725.78
O01874,2024-10-09,C0317,Neelofar Khatri,916415237237,senguptasaira@gmail.com,P0314,Stuff,Electronics,2,23667.18,47334.36
O01874,2024-10-09,C0317,Neelofar Khatri,916415237237,senguptasaira@gmail.com,P0148,Will,Books,2,29281.73,58563.46
O01874,2024-10-09,C0317,Neelofar Khatri,916415237237,senguptasaira@gmail.com,P0043,Case,Fashion,3,31823.55,95470.65
O01874,2024-10-09,C0317,Neelofar Khatri,916415237237,senguptasaira@gmail.com,P0471,Far,Toys,2,4287.8,8575.6
O01874,2024-10-09,C0317,Neelofar Khatri,916415237237,senguptasaira@gmail.com,P0287,Environment,Books,2,28596.46,57192.92
O01875,2025-04-11,C0288,Baiju Kulkarni,919947129773,charmannat@gmail.com,P0095,Four,Grocery,2,43421.39,86842.78
O01875,2025-04-11,C0288,Baiju Kulkarni,919947129773,charmannat@gmail.com,P0421,Human,Home,1,37593.63,37593.63
O01876,2024-12-31,C0126,Miraan Tripathi,919527655829,zdara@gmail.com,P0494,Technology,Fashion,2,26389.15,52778.3
O01876,2024-12-31,C0126,Miraan Tripathi,919527655829,zdara@gmail.com,P0359,Bill,Home,1,17296.21,17296.21
O01876,2024-12-31,C0126,Miraan Tripathi,919527655829,zdara@gmail.com,P0245,Later,Fashion,1,34444.1,34444.1
O01876,2024-12-31,C0126,Miraan Tripathi,919527655829,zdara@gmail.com,P0431,Huge,Grocery,3,3972.53,11917.59
O01877,2025-01-04,C0868,Tiya Ray,919222267284,devansh97@gmail.com,P0327,Mean,Electronics,2,45227.54,90455.08
O01877,2025-01-04,C0868,Tiya Ray,919222267284,devansh97@gmail.com,P0288,Ten,Books,3,21119.51,63358.53
O01877,2025-01-04,C0868,Tiya Ray,919222267284,devansh97@gmail.com,P0256,Choice,Fashion,3,38096.03,114288.09
O01878,2025-08-21,C0086,Yuvaan Chaudhuri,918364093431,rohansachar@gmail.com,P0432,Employee,Electronics,1,21473.93,21473.93
O01878,2025-08-21,C0086,Yuvaan Chaudhuri,918364093431,rohansachar@gmail.com,P0333,Type,Grocery,3,5203.19,15609.57
O01879,2025-02-12,C0438,Nitya Savant,917391102553,nmannan@gmail.com,P0053,Time,Home,3,28738.91,86216.73
O01880,2025-05-18,C0146,Alisha Bath,919106363657,shalvaurora@gmail.com,P0191,Again,Electronics,1,4114.1,4114.1
O01881,2025-08-14,C0136,Divij Rastogi,917895317896,onkar65@gmail.com,P0292,Participant,Fashion,3,6391.66,19174.98
O01881,2025-08-14,C0136,Divij Rastogi,917895317896,onkar65@gmail.com,P0079,Hand,Books,3,2100.87,6302.61
O01881,2025-08-14,C0136,Divij Rastogi,917895317896,onkar65@gmail.com,P0017,Establish,Grocery,3,1885.0,5655.0
O01881,2025-08-14,C0136,Divij Rastogi,917895317896,onkar65@gmail.com,P0324,Culture,Books,1,19384.0,19384.0
O01881,2025-08-14,C0136,Divij Rastogi,917895317896,onkar65@gmail.com,P0174,Career,Grocery,1,33061.41,33061.41
O01882,2025-06-26,C0882,Rohan Luthra,917602837144,walihridaan@gmail.com,P0354,Among,Electronics,2,42154.64,84309.28
O01882,2025-06-26,C0882,Rohan Luthra,917602837144,walihridaan@gmail.com,P0298,Bring,Grocery,2,10120.73,20241.46
O01882,2025-06-26,C0882,Rohan Luthra,917602837144,walihridaan@gmail.com,P0066,Quite,Fashion,2,40944.42,81888.84
O01882,2025-06-26,C0882,Rohan Luthra,917602837144,walihridaan@gmail.com,P0003,Cell,Electronics,3,48147.23,144441.69
O01882,2025-06-26,C0882,Rohan Luthra,917602837144,walihridaan@gmail.com,P0355,Put,Electronics,2,48668.56,97337.12
O01883,2024-10-01,C0546,Samarth Dutt,916367993742,surishaan@gmail.com,P0173,Fine,Fashion,1,36346.52,36346.52
O01883,2024-10-01,C0546,Samarth Dutt,916367993742,surishaan@gmail.com,P0326,Live,Grocery,3,18953.49,56860.47
O01883,2024-10-01,C0546,Samarth Dutt,916367993742,surishaan@gmail.com,P0036,Consumer,Books,2,24513.98,49027.96
O01883,2024-10-01,C0546,Samarth Dutt,916367993742,surishaan@gmail.com,P0047,Become,Toys,2,18552.11,37104.22
O01884,2025-03-02,C0979,Jivin Kadakia,919326099940,bajajindrans@gmail.com,P0488,Staff,Electronics,1,19763.51,19763.51
O01885,2025-06-14,C0405,Zara Khanna,916830873366,armaandube@gmail.com,P0169,Truth,Home,3,9805.16,29415.48
O01885,2025-06-14,C0405,Zara Khanna,916830873366,armaandube@gmail.com,P0264,Conference,Home,1,40033.67,40033.67
O01885,2025-06-14,C0405,Zara Khanna,916830873366,armaandube@gmail.com,P0252,Democrat,Home,2,27839.73,55679.46
O01886,2024-10-13,C0199,Taran Kala,918431127152,mamootydash@gmail.com,P0373,Especially,Electronics,3,6461.93,19385.79
O01887,2025-05-27,C0419,Navya Krishnan,917892026133,sankarjivika@gmail.com,P0113,Near,Toys,1,7688.42,7688.42
O01887,2025-05-27,C0419,Navya Krishnan,917892026133,sankarjivika@gmail.com,P0300,Return,Electronics,1,10069.79,10069.79
O01887,2025-05-27,C0419,Navya Krishnan,917892026133,sankarjivika@gmail.com,P0456,Social,Fashion,2,32028.66,64057.32
O01887,2025-05-27,C0419,Navya Krishnan,917892026133,sankarjivika@gmail.com,P0356,Paper,Books,2,1746.39,3492.78
O01888,2025-07-23,C0849,Anvi Badal,919609700817,vkhalsa@gmail.com,P0423,New,Books,2,36902.07,73804.14
O01888,2025-07-23,C0849,Anvi Badal,919609700817,vkhalsa@gmail.com,P0400,However,Toys,3,24051.41,72154.23
O01334,2025-06-21,C0542,Mannat Desai,916927277143,rasha54@gmail.com,P0009,They,Home,3,32134.95,96404.85
O01334,2025-06-21,C0542,Mannat Desai,916927277143,rasha54@gmail.com,P0266,Relate,Fashion,2,24933.26,49866.52
O01335,2024-10-31,C0683,Ehsaan Sunder,917465827812,ttara@gmail.com,P0115,Run,Fashion,3,44401.73,133205.19
O01335,2024-10-31,C0683,Ehsaan Sunder,917465827812,ttara@gmail.com,P0461,Five,Grocery,2,16984.87,33969.74
O01335,2024-10-31,C0683,Ehsaan Sunder,917465827812,ttara@gmail.com,P0185,Soldier,Electronics,1,15224.0,15224.0
O01336,2024-09-10,C0752,Onkar Anand,916526914804,amira36@gmail.com,P0277,Add,Electronics,3,47598.78,142796.34
O01336,2024-09-10,C0752,Onkar Anand,916526914804,amira36@gmail.com,P0275,Growth,Fashion,2,40260.94,80521.88
O01336,2024-09-10,C0752,Onkar Anand,916526914804,amira36@gmail.com,P0148,Will,Books,1,29281.73,29281.73
O01336,2024-09-10,C0752,Onkar Anand,916526914804,amira36@gmail.com,P0047,Become,Toys,1,18552.11,18552.11
O01337,2025-02-12,C0696,Nayantara Sheth,919367087848,zgrewal@gmail.com,P0017,Establish,Grocery,2,1885.0,3770.0
O01337,2025-02-12,C0696,Nayantara Sheth,919367087848,zgrewal@gmail.com,P0458,South,Grocery,2,30814.65,61629.3
O01337,2025-02-12,C0696,Nayantara Sheth,919367087848,zgrewal@gmail.com,P0493,Would,Toys,2,26066.08,52132.16
O01337,2025-02-12,C0696,Nayantara Sheth,919367087848,zgrewal@gmail.com,P0056,Home,Toys,2,710.67,1421.34
O01337,2025-02-12,C0696,Nayantara Sheth,919367087848,zgrewal@gmail.com,P0200,But,Home,1,13941.44,13941.44
O01338,2025-07-08,C0616,Eva Din,916867189997,jtak@gmail.com,P0494,Technology,Fashion,3,26389.15,79167.45
O01338,2025-07-08,C0616,Eva Din,916867189997,jtak@gmail.com,P0176,Young,Grocery,1,30664.46,30664.46
O01338,2025-07-08,C0616,Eva Din,916867189997,jtak@gmail.com,P0405,Number,Books,1,36701.41,36701.41
O01338,2025-07-08,C0616,Eva Din,916867189997,jtak@gmail.com,P0496,Although,Grocery,2,6446.33,12892.66
O01338,2025-07-08,C0616,Eva Din,916867189997,jtak@gmail.com,P0483,Work,Toys,2,8375.29,16750.58
O01339,2025-06-03,C0046,Tarini Iyengar,916926842565,kairakeer@gmail.com,P0064,White,Electronics,2,29997.92,59995.84
O01339,2025-06-03,C0046,Tarini Iyengar,916926842565,kairakeer@gmail.com,P0286,Practice,Fashion,3,34386.6,103159.8
O01339,2025-06-03,C0046,Tarini Iyengar,916926842565,kairakeer@gmail.com,P0124,The,Electronics,2,38646.03,77292.06
O01340,2025-01-27,C0696,Nayantara Sheth,919367087848,zgrewal@gmail.com,P0205,Low,Books,3,3894.6,11683.8
O01340,2025-01-27,C0696,Nayantara Sheth,919367087848,zgrewal@gmail.com,P0004,Strong,Electronics,3,14763.61,44290.83
O01341,2025-02-01,C0035,Vritika Bobal,916872564342,swalia@gmail.com,P0154,Effort,Grocery,3,26859.2,80577.6
O01341,2025-02-01,C0035,Vritika Bobal,916872564342,swalia@gmail.com,P0161,Down,Fashion,2,28997.9,57995.8
O01341,2025-02-01,C0035,Vritika Bobal,916872564342,swalia@gmail.com,P0387,Take,Electronics,2,37111.49,74222.98
O01341,2025-02-01,C0035,Vritika Bobal,916872564342,swalia@gmail.com,P0389,Can,Grocery,2,2990.09,5980.18
O01342,2025-03-07,C0508,Shalv Choudhry,917998888504,ybhasin@gmail.com,P0443,Woman,Electronics,2,3027.49,6054.98
O01342,2025-03-07,C0508,Shalv Choudhry,917998888504,ybhasin@gmail.com,P0061,Much,Books,2,42843.58,85687.16
O01342,2025-03-07,C0508,Shalv Choudhry,917998888504,ybhasin@gmail.com,P0189,Take,Books,1,21117.14,21117.14
O01342,2025-03-07,C0508,Shalv Choudhry,917998888504,ybhasin@gmail.com,P0385,Southern,Fashion,2,5603.28,11206.56
O01342,2025-03-07,C0508,Shalv Choudhry,917998888504,ybhasin@gmail.com,P0440,Alone,Grocery,2,27504.54,55009.08
O01343,2025-08-06,C0369,Ivan Saini,916427718293,yasmindar@gmail.com,P0309,Represent,Electronics,1,4996.03,4996.03
O01343,2025-08-06,C0369,Ivan Saini,916427718293,yasmindar@gmail.com,P0141,Arm,Toys,1,8803.86,8803.86
O01344,2024-09-08,C0906,Jhanvi Dixit,916637398730,ukade@gmail.com,P0199,Employee,Electronics,3,21332.0,63996.0
O01344,2024-09-08,C0906,Jhanvi Dixit,916637398730,ukade@gmail.com,P0010,Accept,Grocery,1,31464.13,31464.13
O01344,2024-09-08,C0906,Jhanvi Dixit,916637398730,ukade@gmail.com,P0345,Fund,Fashion,3,28257.12,84771.36
O01344,2024-09-08,C0906,Jhanvi Dixit,916637398730,ukade@gmail.com,P0461,Five,Grocery,1,16984.87,16984.87
O01345,2024-11-21,C0487,Vidur Dave,918506671477,yakshitvala@gmail.com,P0301,Everything,Toys,1,17437.95,17437.95
O01345,2024-11-21,C0487,Vidur Dave,918506671477,yakshitvala@gmail.com,P0496,Although,Grocery,3,6446.33,19338.99
O01345,2024-11-21,C0487,Vidur Dave,918506671477,yakshitvala@gmail.com,P0405,Number,Books,3,36701.41,110104.23
O01345,2024-11-21,C0487,Vidur Dave,918506671477,yakshitvala@gmail.com,P0476,Matter,Books,1,635.14,635.14
O01345,2024-11-21,C0487,Vidur Dave,918506671477,yakshitvala@gmail.com,P0064,White,Electronics,3,29997.92,89993.76
O01346,2025-05-12,C0513,Samar Swaminathan,919974109511,myravenkatesh@gmail.com,P0382,Member,Books,3,10297.15,30891.45
O01346,2025-05-12,C0513,Samar Swaminathan,919974109511,myravenkatesh@gmail.com,P0171,Approach,Books,2,7881.56,15763.12
O01347,2024-10-06,C0559,Dhanuk D’Alia,917059006715,jhanvi48@gmail.com,P0362,Thank,Fashion,1,18203.86,18203.86
O01348,2024-11-03,C0060,Divyansh Dutta,919771572359,rhea37@gmail.com,P0154,Effort,Grocery,2,26859.2,53718.4
O01348,2024-11-03,C0060,Divyansh Dutta,919771572359,rhea37@gmail.com,P0251,Check,Books,1,13197.73,13197.73
O01348,2024-11-03,C0060,Divyansh Dutta,919771572359,rhea37@gmail.com,P0476,Matter,Books,1,635.14,635.14
O01349,2024-11-22,C0790,Aaryahi Raman,918406222477,neysabala@gmail.com,P0016,Weight,Grocery,2,45838.51,91677.02
O01349,2024-11-22,C0790,Aaryahi Raman,918406222477,neysabala@gmail.com,P0097,Worker,Home,3,21400.55,64201.65
O01350,2025-04-30,C0341,Yuvaan Krishnan,919861045993,vkota@gmail.com,P0367,Throw,Toys,1,45671.59,45671.59
O01350,2025-04-30,C0341,Yuvaan Krishnan,919861045993,vkota@gmail.com,P0341,Actually,Books,3,31938.49,95815.47
O01350,2025-04-30,C0341,Yuvaan Krishnan,919861045993,vkota@gmail.com,P0234,Pay,Fashion,1,31655.12,31655.12
O01350,2025-04-30,C0341,Yuvaan Krishnan,919861045993,vkota@gmail.com,P0420,Detail,Fashion,1,1072.49,1072.49
O01351,2024-11-30,C0971,Mamooty Gade,917637545829,skata@gmail.com,P0201,Month,Toys,1,38270.76,38270.76
O01351,2024-11-30,C0971,Mamooty Gade,917637545829,skata@gmail.com,P0021,Yourself,Fashion,3,8698.02,26094.06
O01352,2025-03-22,C0584,Inaaya  Banerjee,918146951806,trisha93@gmail.com,P0489,Treat,Home,3,30157.74,90473.22
O01353,2025-02-14,C0334,Kaira Khosla,919984301901,kbatra@gmail.com,P0372,Prevent,Books,3,13248.28,39744.84
O01353,2025-02-14,C0334,Kaira Khosla,919984301901,kbatra@gmail.com,P0246,Audience,Home,2,13452.24,26904.48
O01353,2025-02-14,C0334,Kaira Khosla,919984301901,kbatra@gmail.com,P0057,Carry,Grocery,1,32036.35,32036.35
O01353,2025-02-14,C0334,Kaira Khosla,919984301901,kbatra@gmail.com,P0184,Service,Grocery,2,40592.32,81184.64
O01354,2024-09-14,C0993,Sara Rout,917504409761,dkoshy@gmail.com,P0111,Forward,Fashion,1,13770.51,13770.51
O01354,2024-09-14,C0993,Sara Rout,917504409761,dkoshy@gmail.com,P0068,Work,Electronics,1,14521.52,14521.52
O01354,2024-09-14,C0993,Sara Rout,917504409761,dkoshy@gmail.com,P0170,She,Books,3,26961.11,80883.33
O01354,2024-09-14,C0993,Sara Rout,917504409761,dkoshy@gmail.com,P0420,Detail,Fashion,3,1072.49,3217.47
O01355,2025-06-13,C0469,Pihu Dhaliwal,919905814750,gbhardwaj@gmail.com,P0362,Thank,Fashion,3,18203.86,54611.58
O01355,2025-06-13,C0469,Pihu Dhaliwal,919905814750,gbhardwaj@gmail.com,P0158,They,Grocery,1,747.56,747.56
O01356,2025-08-17,C0172,Indrans Dass,918075269722,ivan39@gmail.com,P0299,Also,Grocery,1,41601.06,41601.06
O01356,2025-08-17,C0172,Indrans Dass,918075269722,ivan39@gmail.com,P0180,Section,Electronics,3,15179.3,45537.9
O01356,2025-08-17,C0172,Indrans Dass,918075269722,ivan39@gmail.com,P0184,Service,Grocery,2,40592.32,81184.64
O01356,2025-08-17,C0172,Indrans Dass,918075269722,ivan39@gmail.com,P0022,Husband,Electronics,3,33123.51,99370.53
O01357,2024-10-07,C0130,Bhavin Bhattacharyya,917364546430,rhea36@gmail.com,P0467,Music,Home,1,6015.2,6015.2
O01358,2025-04-09,C0521,Prerak Lanka,919748381833,hazel00@gmail.com,P0052,Black,Electronics,1,8130.37,8130.37
O01358,2025-04-09,C0521,Prerak Lanka,919748381833,hazel00@gmail.com,P0235,Ball,Electronics,1,36018.57,36018.57
O01358,2025-04-09,C0521,Prerak Lanka,919748381833,hazel00@gmail.com,P0360,Per,Fashion,2,44753.22,89506.44
O01359,2025-03-10,C0826,Rohan Varkey,916298866454,trisha77@gmail.com,P0261,Movie,Toys,2,34647.61,69295.22
O01360,2025-05-14,C0976,Shamik Sule,916050642288,lbora@gmail.com,P0468,Industry,Home,3,34232.29,102696.87
O01360,2025-05-14,C0976,Shamik Sule,916050642288,lbora@gmail.com,P0482,Prove,Fashion,3,36394.17,109182.51
O01360,2025-05-14,C0976,Shamik Sule,916050642288,lbora@gmail.com,P0114,Office,Toys,3,11898.15,35694.45
O01361,2025-08-18,C0767,Mahika Jain,916201753643,heermagar@gmail.com,P0431,Huge,Grocery,2,3972.53,7945.06
O01361,2025-08-18,C0767,Mahika Jain,916201753643,heermagar@gmail.com,P0012,Help,Toys,3,16101.89,48305.67
O01361,2025-08-18,C0767,Mahika Jain,916201753643,heermagar@gmail.com,P0317,Less,Fashion,3,48728.05,146184.15
O01362,2024-11-13,C0595,Anaya Bir,919837829319,gokul21@gmail.com,P0498,Alone,Grocery,3,23027.23,69081.69
O01362,2024-11-13,C0595,Anaya Bir,919837829319,gokul21@gmail.com,P0177,Add,Grocery,1,31507.75,31507.75
O01362,2024-11-13,C0595,Anaya Bir,919837829319,gokul21@gmail.com,P0106,Agreement,Grocery,2,33426.3,66852.6
O01362,2024-11-13,C0595,Anaya Bir,919837829319,gokul21@gmail.com,P0359,Bill,Home,3,17296.21,51888.63
O01363,2025-06-02,C0902,Tanya Sama,918769845062,sidhumohanlal@gmail.com,P0219,Degree,Books,2,4353.93,8707.86
O01363,2025-06-02,C0902,Tanya Sama,918769845062,sidhumohanlal@gmail.com,P0435,Leader,Home,1,47966.92,47966.92
O01363,2025-06-02,C0902,Tanya Sama,918769845062,sidhumohanlal@gmail.com,P0409,Ever,Fashion,2,48069.69,96139.38
O01363,2025-06-02,C0902,Tanya Sama,918769845062,sidhumohanlal@gmail.com,P0131,Quite,Fashion,3,25134.94,75404.82
O01364,2025-03-05,C0634,Darshit Yogi,919324993014,zeeshanboase@gmail.com,P0256,Choice,Fashion,1,38096.03,38096.03
O01364,2025-03-05,C0634,Darshit Yogi,919324993014,zeeshanboase@gmail.com,P0248,My,Grocery,1,37715.55,37715.55
O01364,2025-03-05,C0634,Darshit Yogi,919324993014,zeeshanboase@gmail.com,P0117,Radio,Toys,2,1792.39,3584.78
O01365,2025-07-20,C0783,Rasha Rastogi,919908183149,mandalyashvi@gmail.com,P0173,Fine,Fashion,1,36346.52,36346.52
O01365,2025-07-20,C0783,Rasha Rastogi,919908183149,mandalyashvi@gmail.com,P0438,Build,Fashion,2,25867.34,51734.68
O01365,2025-07-20,C0783,Rasha Rastogi,919908183149,mandalyashvi@gmail.com,P0112,So,Fashion,3,7126.45,21379.35
O01366,2024-11-14,C0280,Gokul Tiwari,917122663436,tejasben@gmail.com,P0105,Provide,Electronics,3,1634.46,4903.38
O01367,2025-05-23,C0713,Zeeshan Kannan,918894776686,dugarkhushi@gmail.com,P0127,Single,Books,1,43219.93,43219.93
O01367,2025-05-23,C0713,Zeeshan Kannan,918894776686,dugarkhushi@gmail.com,P0255,Born,Books,1,22491.06,22491.06
O01367,2025-05-23,C0713,Zeeshan Kannan,918894776686,dugarkhushi@gmail.com,P0332,Defense,Electronics,3,47413.18,142239.54
O01368,2024-10-12,C0568,Romil Ahuja,917508186764,samarth94@gmail.com,P0440,Alone,Grocery,3,27504.54,82513.62
O01368,2024-10-12,C0568,Romil Ahuja,917508186764,samarth94@gmail.com,P0234,Pay,Fashion,2,31655.12,63310.24
O01368,2024-10-12,C0568,Romil Ahuja,917508186764,samarth94@gmail.com,P0141,Arm,Toys,2,8803.86,17607.72
O01369,2025-05-17,C0023,Rohan Kalla,918380065541,preraksaraf@gmail.com,P0276,All,Books,2,17066.13,34132.26
O01369,2025-05-17,C0023,Rohan Kalla,918380065541,preraksaraf@gmail.com,P0284,Draw,Books,2,9525.56,19051.12
O01369,2025-05-17,C0023,Rohan Kalla,918380065541,preraksaraf@gmail.com,P0430,Hot,Grocery,2,43351.68,86703.36
O01369,2025-05-17,C0023,Rohan Kalla,918380065541,preraksaraf@gmail.com,P0283,Hear,Grocery,1,18807.75,18807.75
O01369,2025-05-17,C0023,Rohan Kalla,918380065541,preraksaraf@gmail.com,P0372,Prevent,Books,2,13248.28,26496.56
O01370,2025-03-21,C0976,Shamik Sule,916050642288,lbora@gmail.com,P0176,Young,Grocery,3,30664.46,91993.38
O01370,2025-03-21,C0976,Shamik Sule,916050642288,lbora@gmail.com,P0111,Forward,Fashion,3,13770.51,41311.53
O01370,2025-03-21,C0976,Shamik Sule,916050642288,lbora@gmail.com,P0156,Stage,Books,1,37082.36,37082.36
O01371,2025-07-29,C0188,Rania Dewan,918778901541,faiyaz08@gmail.com,P0380,Go,Electronics,1,8354.83,8354.83
O01371,2025-07-29,C0188,Rania Dewan,918778901541,faiyaz08@gmail.com,P0249,Threat,Toys,1,16905.35,16905.35
O01372,2025-01-17,C0131,Zaina Kumar,919698382544,sarafmiraan@gmail.com,P0404,Imagine,Toys,2,46983.13,93966.26
O01372,2025-01-17,C0131,Zaina Kumar,919698382544,sarafmiraan@gmail.com,P0211,Run,Home,1,42595.97,42595.97
O01372,2025-01-17,C0131,Zaina Kumar,919698382544,sarafmiraan@gmail.com,P0230,Voice,Books,3,12941.39,38824.17
O01373,2025-04-08,C0456,Ojas Dar,919063445336,vohrapari@gmail.com,P0004,Strong,Electronics,1,14763.61,14763.61
O01373,2025-04-08,C0456,Ojas Dar,919063445336,vohrapari@gmail.com,P0492,Forward,Fashion,1,5178.13,5178.13
O01373,2025-04-08,C0456,Ojas Dar,919063445336,vohrapari@gmail.com,P0098,Single,Fashion,3,30136.38,90409.14
O01373,2025-04-08,C0456,Ojas Dar,919063445336,vohrapari@gmail.com,P0071,Next,Toys,3,31890.26,95670.78
O01373,2025-04-08,C0456,Ojas Dar,919063445336,vohrapari@gmail.com,P0321,Right,Fashion,3,41419.14,124257.42
O01374,2025-01-23,C0850,Arnav Sha,917974713134,hmalhotra@gmail.com,P0057,Carry,Grocery,2,32036.35,64072.7
O01374,2025-01-23,C0850,Arnav Sha,917974713134,hmalhotra@gmail.com,P0494,Technology,Fashion,3,26389.15,79167.45
O01375,2025-05-05,C0170,Rohan Dhawan,916802092180,evaseth@gmail.com,P0240,Garden,Grocery,2,12458.89,24917.78
O01375,2025-05-05,C0170,Rohan Dhawan,916802092180,evaseth@gmail.com,P0490,They,Home,2,2217.14,4434.28
O01375,2025-05-05,C0170,Rohan Dhawan,916802092180,evaseth@gmail.com,P0003,Cell,Electronics,3,48147.23,144441.69
O01375,2025-05-05,C0170,Rohan Dhawan,916802092180,evaseth@gmail.com,P0165,Still,Grocery,1,37256.63,37256.63
O01375,2025-05-05,C0170,Rohan Dhawan,916802092180,evaseth@gmail.com,P0392,Book,Home,3,11405.72,34217.16
O01376,2025-09-05,C0068,Vedika Gokhale,917657793975,gulatisuhana@gmail.com,P0038,School,Grocery,1,13156.01,13156.01
O01377,2024-10-05,C0042,Shayak Chanda,919496000912,iben@gmail.com,P0190,Decision,Electronics,3,31613.49,94840.47
O01377,2024-10-05,C0042,Shayak Chanda,919496000912,iben@gmail.com,P0135,Plan,Fashion,2,27769.28,55538.56
O01377,2024-10-05,C0042,Shayak Chanda,919496000912,iben@gmail.com,P0040,Practice,Home,2,27945.65,55891.3
O01377,2024-10-05,C0042,Shayak Chanda,919496000912,iben@gmail.com,P0374,Defense,Toys,3,35723.66,107170.98
O01377,2024-10-05,C0042,Shayak Chanda,919496000912,iben@gmail.com,P0042,Director,Fashion,2,41973.05,83946.1
O01378,2025-03-02,C0866,Kismat Aurora,916938154508,lbasu@gmail.com,P0042,Director,Fashion,2,41973.05,83946.1
O01378,2025-03-02,C0866,Kismat Aurora,916938154508,lbasu@gmail.com,P0051,Child,Home,3,907.17,2721.51
O01378,2025-03-02,C0866,Kismat Aurora,916938154508,lbasu@gmail.com,P0023,At,Books,1,43375.51,43375.51
O01379,2025-03-23,C0270,Vidur Sawhney,917328374241,pranayramanathan@gmail.com,P0362,Thank,Fashion,2,18203.86,36407.72
O01379,2025-03-23,C0270,Vidur Sawhney,917328374241,pranayramanathan@gmail.com,P0337,Voice,Electronics,1,4887.85,4887.85
O01380,2025-01-02,C0564,Renee Salvi,918688199534,htara@gmail.com,P0072,Half,Home,3,30586.09,91758.27
O01380,2025-01-02,C0564,Renee Salvi,918688199534,htara@gmail.com,P0087,Hotel,Fashion,2,2608.49,5216.98
O01380,2025-01-02,C0564,Renee Salvi,918688199534,htara@gmail.com,P0013,Give,Electronics,3,2877.19,8631.57
O01380,2025-01-02,C0564,Renee Salvi,918688199534,htara@gmail.com,P0146,Buy,Fashion,2,18119.49,36238.98
O01380,2025-01-02,C0564,Renee Salvi,918688199534,htara@gmail.com,P0401,Reveal,Fashion,2,4209.04,8418.08
O01381,2025-08-01,C0733,Kabir Chawla,919331687435,ravikismat@gmail.com,P0131,Quite,Fashion,1,25134.94,25134.94
O01381,2025-08-01,C0733,Kabir Chawla,919331687435,ravikismat@gmail.com,P0340,Activity,Fashion,3,47305.7,141917.1
O01381,2025-08-01,C0733,Kabir Chawla,919331687435,ravikismat@gmail.com,P0123,Real,Electronics,2,3842.47,7684.94
O01382,2024-12-05,C0879,Saksham Mangal,917096100323,bchandra@gmail.com,P0436,I,Fashion,3,17907.21,53721.63
O01383,2025-05-23,C0969,Umang Tara,916128797071,mammencharvi@gmail.com,P0312,Hour,Home,3,26966.28,80898.84
O01383,2025-05-23,C0969,Umang Tara,916128797071,mammencharvi@gmail.com,P0426,Machine,Toys,3,33161.16,99483.48
O01384,2025-07-06,C0653,Bhamini Kohli,916872292966,sekhonnitara@gmail.com,P0032,Language,Fashion,2,22132.39,44264.78
O01384,2025-07-06,C0653,Bhamini Kohli,916872292966,sekhonnitara@gmail.com,P0491,Gun,Home,2,14220.38,28440.76
O01385,2025-08-30,C0119,Tara Bava,919675887009,parinaaz84@gmail.com,P0459,Still,Toys,1,5875.98,5875.98
O01385,2025-08-30,C0119,Tara Bava,919675887009,parinaaz84@gmail.com,P0172,Suggest,Toys,3,37358.39,112075.17
O01385,2025-08-30,C0119,Tara Bava,919675887009,parinaaz84@gmail.com,P0390,Hard,Books,1,47047.15,47047.15
O01386,2025-03-21,C0098,Priyansh Dutt,919462330079,bdass@gmail.com,P0420,Detail,Fashion,2,1072.49,2144.98
O01386,2025-03-21,C0098,Priyansh Dutt,919462330079,bdass@gmail.com,P0040,Practice,Home,1,27945.65,27945.65
O01386,2025-03-21,C0098,Priyansh Dutt,919462330079,bdass@gmail.com,P0209,Analysis,Books,3,25876.61,77629.83
O01387,2025-01-12,C0088,Bhavin Dash,918704207736,nakulchowdhury@gmail.com,P0227,Behavior,Electronics,1,36013.96,36013.96
O01387,2025-01-12,C0088,Bhavin Dash,918704207736,nakulchowdhury@gmail.com,P0111,Forward,Fashion,1,13770.51,13770.51
O01388,2024-09-30,C0531,Kabir Balakrishnan,918185434973,bbansal@gmail.com,P0231,Reality,Toys,2,36040.9,72081.8
O01389,2025-09-01,C0647,Jhanvi Sheth,918023374068,lakshay46@gmail.com,P0168,Soon,Fashion,1,16016.13,16016.13
O01389,2025-09-01,C0647,Jhanvi Sheth,918023374068,lakshay46@gmail.com,P0429,Free,Books,3,25226.17,75678.51
O01389,2025-09-01,C0647,Jhanvi Sheth,918023374068,lakshay46@gmail.com,P0253,Himself,Toys,1,28859.07,28859.07
O01389,2025-09-01,C0647,Jhanvi Sheth,918023374068,lakshay46@gmail.com,P0148,Will,Books,3,29281.73,87845.19
O01389,2025-09-01,C0647,Jhanvi Sheth,918023374068,lakshay46@gmail.com,P0354,Among,Electronics,2,42154.64,84309.28
O01390,2024-12-27,C0964,Hrishita Dubey,919063805964,nayantara85@gmail.com,P0128,West,Electronics,1,14179.39,14179.39
O01390,2024-12-27,C0964,Hrishita Dubey,919063805964,nayantara85@gmail.com,P0437,Card,Fashion,2,16672.54,33345.08
O01391,2025-06-15,C0744,Ishaan Bhardwaj,918906648624,duttasamar@gmail.com,P0220,Car,Grocery,3,15563.77,46691.31
O01391,2025-06-15,C0744,Ishaan Bhardwaj,918906648624,duttasamar@gmail.com,P0231,Reality,Toys,3,36040.9,108122.7
O01392,2025-06-05,C0911,Vihaan Kadakia,917116799759,fiyer@gmail.com,P0059,American,Grocery,1,5222.22,5222.22
O01392,2025-06-05,C0911,Vihaan Kadakia,917116799759,fiyer@gmail.com,P0058,Data,Fashion,2,19851.06,39702.12
O01393,2025-02-28,C0342,Priyansh Kuruvilla,919419242192,anyabadal@gmail.com,P0251,Check,Books,3,13197.73,39593.19
O01393,2025-02-28,C0342,Priyansh Kuruvilla,919419242192,anyabadal@gmail.com,P0265,Write,Grocery,3,30863.16,92589.48
O01393,2025-02-28,C0342,Priyansh Kuruvilla,919419242192,anyabadal@gmail.com,P0499,Make,Toys,2,22379.08,44758.16
O01393,2025-02-28,C0342,Priyansh Kuruvilla,919419242192,anyabadal@gmail.com,P0123,Real,Electronics,2,3842.47,7684.94
O01393,2025-02-28,C0342,Priyansh Kuruvilla,919419242192,anyabadal@gmail.com,P0182,Director,Electronics,2,28330.65,56661.3
O01394,2024-10-07,C0242,Indrans Chandran,916450361959,yuvraj-majumdar@gmail.com,P0051,Child,Home,3,907.17,2721.51
O01395,2025-08-16,C0704,Samaira Batra,919823544047,xkalita@gmail.com,P0487,Wind,Grocery,1,26054.97,26054.97
O01396,2025-04-27,C0820,Madhav Ramanathan,917601620947,fvarma@gmail.com,P0116,Mr,Fashion,1,7183.89,7183.89
O01396,2025-04-27,C0820,Madhav Ramanathan,917601620947,fvarma@gmail.com,P0068,Work,Electronics,3,14521.52,43564.56
O01397,2025-08-08,C0576,Gatik Mani,916951975831,elakshibhagat@gmail.com,P0442,Line,Grocery,3,48049.73,144149.19
O01398,2025-05-16,C0039,Raghav Kapur,917221905285,akarsh40@gmail.com,P0498,Alone,Grocery,3,23027.23,69081.69
O01398,2025-05-16,C0039,Raghav Kapur,917221905285,akarsh40@gmail.com,P0196,Someone,Fashion,2,31927.62,63855.24
O01398,2025-05-16,C0039,Raghav Kapur,917221905285,akarsh40@gmail.com,P0281,National,Electronics,2,43942.41,87884.82
O01398,2025-05-16,C0039,Raghav Kapur,917221905285,akarsh40@gmail.com,P0106,Agreement,Grocery,3,33426.3,100278.9
O01399,2025-04-02,C0779,Riya Mallick,916811754050,maharajanaya@gmail.com,P0063,Bad,Home,3,1796.02,5388.06
O01399,2025-04-02,C0779,Riya Mallick,916811754050,maharajanaya@gmail.com,P0109,Sister,Home,3,29170.71,87512.13
O01399,2025-04-02,C0779,Riya Mallick,916811754050,maharajanaya@gmail.com,P0228,World,Home,2,42687.6,85375.2
O01400,2025-08-20,C0621,Vanya Swaminathan,916633272577,prerakvarghese@gmail.com,P0406,Until,Fashion,2,35664.69,71329.38
O01400,2025-08-20,C0621,Vanya Swaminathan,916633272577,prerakvarghese@gmail.com,P0493,Would,Toys,1,26066.08,26066.08
O01401,2024-11-13,C0738,Jivika Suresh,919545898836,baradkavya@gmail.com,P0093,Improve,Books,1,43974.96,43974.96
O01401,2024-11-13,C0738,Jivika Suresh,919545898836,baradkavya@gmail.com,P0400,However,Toys,1,24051.41,24051.41
O01401,2024-11-13,C0738,Jivika Suresh,919545898836,baradkavya@gmail.com,P0132,Fear,Books,3,16953.1,50859.3
O01402,2025-09-02,C0570,Anaya Kumer,918879052335,duttafaiyaz@gmail.com,P0253,Himself,Toys,2,28859.07,57718.14
O01402,2025-09-02,C0570,Anaya Kumer,918879052335,duttafaiyaz@gmail.com,P0430,Hot,Grocery,3,43351.68,130055.04
O01402,2025-09-02,C0570,Anaya Kumer,918879052335,duttafaiyaz@gmail.com,P0398,North,Home,1,42310.86,42310.86
O01403,2024-09-07,C0109,Eva Subramanian,918743808858,randra@gmail.com,P0205,Low,Books,3,3894.6,11683.8
O01403,2024-09-07,C0109,Eva Subramanian,918743808858,randra@gmail.com,P0244,Friend,Grocery,3,44739.64,134218.92
O01404,2025-01-15,C0812,Shanaya Rama,919932258973,dhanuk33@gmail.com,P0405,Number,Books,2,36701.41,73402.82
O01405,2025-04-14,C0455,Shlok Zacharia,917312864140,fchoudhary@gmail.com,P0153,Dark,Electronics,1,47262.3,47262.3
O01405,2025-04-14,C0455,Shlok Zacharia,917312864140,fchoudhary@gmail.com,P0350,Maintain,Grocery,3,34831.08,104493.24
O01405,2025-04-14,C0455,Shlok Zacharia,917312864140,fchoudhary@gmail.com,P0461,Five,Grocery,2,16984.87,33969.74
O01405,2025-04-14,C0455,Shlok Zacharia,917312864140,fchoudhary@gmail.com,P0180,Section,Electronics,3,15179.3,45537.9
O01406,2025-02-28,C0960,Vanya Dara,918762930038,mohanlal85@gmail.com,P0481,Test,Fashion,1,19065.63,19065.63
O01406,2025-02-28,C0960,Vanya Dara,918762930038,mohanlal85@gmail.com,P0354,Among,Electronics,2,42154.64,84309.28
O01407,2024-10-23,C0600,Lagan Sarna,917736173448,arnav61@gmail.com,P0280,Stay,Grocery,1,33100.84,33100.84
O01408,2025-05-05,C0648,Khushi Chada,918529599855,tejas23@gmail.com,P0434,Foot,Home,3,5572.57,16717.71
O01408,2025-05-05,C0648,Khushi Chada,918529599855,tejas23@gmail.com,P0493,Would,Toys,1,26066.08,26066.08
O01408,2025-05-05,C0648,Khushi Chada,918529599855,tejas23@gmail.com,P0250,Sea,Electronics,2,16084.33,32168.66
O01409,2024-10-15,C0763,Yasmin Koshy,917314648554,zain40@gmail.com,P0071,Next,Toys,3,31890.26,95670.78
O01410,2025-08-27,C0279,Amira Bhalla,919143913654,saranvritika@gmail.com,P0294,Enough,Toys,3,28895.66,86686.98
O01410,2025-08-27,C0279,Amira Bhalla,919143913654,saranvritika@gmail.com,P0304,Give,Grocery,3,4472.77,13418.31
O01410,2025-08-27,C0279,Amira Bhalla,919143913654,saranvritika@gmail.com,P0146,Buy,Fashion,2,18119.49,36238.98
O01411,2025-03-31,C0789,Keya Wable,916667768255,wbal@gmail.com,P0280,Stay,Grocery,1,33100.84,33100.84
O01412,2025-08-09,C0678,Farhan Ahuja,918054756138,thakkargatik@gmail.com,P0320,Sort,Fashion,1,1924.24,1924.24
O01412,2025-08-09,C0678,Farhan Ahuja,918054756138,thakkargatik@gmail.com,P0123,Real,Electronics,2,3842.47,7684.94
O01412,2025-08-09,C0678,Farhan Ahuja,918054756138,thakkargatik@gmail.com,P0253,Himself,Toys,3,28859.07,86577.21
O01413,2024-12-13,C0894,Veer Golla,919144759647,kchoudhary@gmail.com,P0295,Goal,Electronics,1,197.81,197.81
O01414,2025-07-23,C0374,Zain Karpe,919502187902,baijukalita@gmail.com,P0446,Personal,Home,1,42866.03,42866.03
O01415,2025-08-09,C0880,Ritvik Anne,917511062444,salvinirvaan@gmail.com,P0167,Growth,Fashion,3,9807.77,29423.31
O01416,2025-02-25,C0165,Krish Lal,918004041971,pariraju@gmail.com,P0008,Step,Grocery,3,21635.32,64905.96
O01417,2025-07-28,C0237,Uthkarsh Chaudhari,918835857328,pbhalla@gmail.com,P0400,However,Toys,2,24051.41,48102.82
O01418,2025-01-13,C0321,Seher Wali,917607699859,aarushagarwal@gmail.com,P0308,Somebody,Grocery,2,7191.81,14383.62
O01419,2025-01-26,C0855,Zain Gade,919994905538,ytak@gmail.com,P0382,Member,Books,2,10297.15,20594.3
O01419,2025-01-26,C0855,Zain Gade,919994905538,ytak@gmail.com,P0331,Line,Fashion,1,39780.07,39780.07
O01419,2025-01-26,C0855,Zain Gade,919994905538,ytak@gmail.com,P0165,Still,Grocery,2,37256.63,74513.26
O01419,2025-01-26,C0855,Zain Gade,919994905538,ytak@gmail.com,P0401,Reveal,Fashion,1,4209.04,4209.04
O01419,2025-01-26,C0855,Zain Gade,919994905538,ytak@gmail.com,P0245,Later,Fashion,2,34444.1,68888.2
O01420,2025-05-11,C0963,Mehul Borra,916391569711,gabatiya@gmail.com,P0477,Executive,Home,1,40796.04,40796.04
O01420,2025-05-11,C0963,Mehul Borra,916391569711,gabatiya@gmail.com,P0293,Money,Grocery,2,486.78,973.56
O01421,2024-10-06,C0524,Anya Biswas,916722937890,kabirsani@gmail.com,P0266,Relate,Fashion,1,24933.26,24933.26
O01421,2024-10-06,C0524,Anya Biswas,916722937890,kabirsani@gmail.com,P0468,Industry,Home,1,34232.29,34232.29
O01422,2025-04-26,C0148,Kanav Dani,919201030424,ira20@gmail.com,P0224,Each,Fashion,1,595.03,595.03
O01423,2025-04-17,C0549,Suhana Kakar,917457685695,qlala@gmail.com,P0261,Movie,Toys,1,34647.61,34647.61
O01423,2025-04-17,C0549,Suhana Kakar,917457685695,qlala@gmail.com,P0400,However,Toys,1,24051.41,24051.41
O01424,2025-05-29,C0736,Aayush Basak,918518944783,evajani@gmail.com,P0228,World,Home,1,42687.6,42687.6
O01425,2024-10-31,C0162,Anahita Chopra,919022597374,yasmin97@gmail.com,P0368,Theory,Books,2,28749.17,57498.34
O01425,2024-10-31,C0162,Anahita Chopra,919022597374,yasmin97@gmail.com,P0092,Tell,Home,3,40584.21,121752.63
O01425,2024-10-31,C0162,Anahita Chopra,919022597374,yasmin97@gmail.com,P0239,Girl,Fashion,3,1403.24,4209.72
O01426,2025-04-21,C0102,Riya Bedi,917194780137,xloke@gmail.com,P0313,Condition,Toys,3,36907.6,110722.8
O01426,2025-04-21,C0102,Riya Bedi,917194780137,xloke@gmail.com,P0170,She,Books,3,26961.11,80883.33
O01426,2025-04-21,C0102,Riya Bedi,917194780137,xloke@gmail.com,P0429,Free,Books,1,25226.17,25226.17
O01426,2025-04-21,C0102,Riya Bedi,917194780137,xloke@gmail.com,P0120,Able,Books,2,37572.81,75145.62
O01427,2025-09-02,C0721,Tiya Sur,918078971498,rattadamini@gmail.com,P0329,Within,Grocery,1,36526.35,36526.35
O01427,2025-09-02,C0721,Tiya Sur,918078971498,rattadamini@gmail.com,P0195,Difficult,Toys,2,38374.95,76749.9
O01427,2025-09-02,C0721,Tiya Sur,918078971498,rattadamini@gmail.com,P0094,Foot,Electronics,2,39141.36,78282.72
O01427,2025-09-02,C0721,Tiya Sur,918078971498,rattadamini@gmail.com,P0328,Born,Home,2,7635.87,15271.74
O01428,2024-10-06,C0163,Bhavin Lalla,917948504374,johalaniruddh@gmail.com,P0333,Type,Grocery,3,5203.19,15609.57
O01428,2024-10-06,C0163,Bhavin Lalla,917948504374,johalaniruddh@gmail.com,P0087,Hotel,Fashion,2,2608.49,5216.98
O01428,2024-10-06,C0163,Bhavin Lalla,917948504374,johalaniruddh@gmail.com,P0025,Ground,Electronics,1,32682.8,32682.8
O01428,2024-10-06,C0163,Bhavin Lalla,917948504374,johalaniruddh@gmail.com,P0181,Store,Electronics,2,7171.29,14342.58
O01429,2024-10-24,C0660,Adah Jaggi,917531915478,anay66@gmail.com,P0088,Interesting,Books,2,23862.35,47724.7
O01429,2024-10-24,C0660,Adah Jaggi,917531915478,anay66@gmail.com,P0161,Down,Fashion,2,28997.9,57995.8
O01429,2024-10-24,C0660,Adah Jaggi,917531915478,anay66@gmail.com,P0157,Establish,Home,3,159.01,477.03
O01429,2024-10-24,C0660,Adah Jaggi,917531915478,anay66@gmail.com,P0143,Protect,Toys,2,38572.8,77145.6
O01430,2025-06-21,C0184,Priyansh Chakrabarti,919586488505,irabhagat@gmail.com,P0346,Manage,Electronics,1,13256.96,13256.96
O01431,2025-08-08,C0859,Armaan Toor,917586625070,gandhiazad@gmail.com,P0435,Leader,Home,1,47966.92,47966.92
O01431,2025-08-08,C0859,Armaan Toor,917586625070,gandhiazad@gmail.com,P0413,Describe,Electronics,1,11998.55,11998.55
O01431,2025-08-08,C0859,Armaan Toor,917586625070,gandhiazad@gmail.com,P0463,Enough,Books,2,8622.35,17244.7
O01432,2024-12-30,C0032,Shayak Dewan,916884208208,armaansandhu@gmail.com,P0477,Executive,Home,2,40796.04,81592.08
O01432,2024-12-30,C0032,Shayak Dewan,916884208208,armaansandhu@gmail.com,P0452,Gun,Books,1,28509.16,28509.16
O01432,2024-12-30,C0032,Shayak Dewan,916884208208,armaansandhu@gmail.com,P0453,Official,Grocery,1,34440.96,34440.96
O01432,2024-12-30,C0032,Shayak Dewan,916884208208,armaansandhu@gmail.com,P0199,Employee,Electronics,3,21332.0,63996.0
O01432,2024-12-30,C0032,Shayak Dewan,916884208208,armaansandhu@gmail.com,P0030,Opportunity,Toys,3,12911.03,38733.09
O01433,2024-11-05,C0232,Prisha Shroff,918761622638,qbajwa@gmail.com,P0161,Down,Fashion,2,28997.9,57995.8
O01433,2024-11-05,C0232,Prisha Shroff,918761622638,qbajwa@gmail.com,P0338,Such,Books,3,38071.08,114213.24
O01433,2024-11-05,C0232,Prisha Shroff,918761622638,qbajwa@gmail.com,P0031,Strategy,Toys,3,3707.32,11121.96
O01434,2025-05-11,C0988,Vaibhav Sampath,916389288186,taimur49@gmail.com,P0371,Writer,Grocery,3,15840.23,47520.69
O01434,2025-05-11,C0988,Vaibhav Sampath,916389288186,taimur49@gmail.com,P0387,Take,Electronics,2,37111.49,74222.98
O01434,2025-05-11,C0988,Vaibhav Sampath,916389288186,taimur49@gmail.com,P0104,Choice,Home,1,25936.71,25936.71
O01434,2025-05-11,C0988,Vaibhav Sampath,916389288186,taimur49@gmail.com,P0487,Wind,Grocery,3,26054.97,78164.91
O01434,2025-05-11,C0988,Vaibhav Sampath,916389288186,taimur49@gmail.com,P0490,They,Home,2,2217.14,4434.28
O01435,2025-03-20,C0211,Zain Khatri,918451551517,lakshit23@gmail.com,P0005,Third,Electronics,3,17555.54,52666.62
O01435,2025-03-20,C0211,Zain Khatri,918451551517,lakshit23@gmail.com,P0090,Create,Electronics,1,4541.22,4541.22
O01435,2025-03-20,C0211,Zain Khatri,918451551517,lakshit23@gmail.com,P0392,Book,Home,3,11405.72,34217.16
O01436,2024-11-03,C0124,Lakshit Halder,918679602627,batramahika@gmail.com,P0139,Poor,Toys,3,38016.17,114048.51
O01436,2024-11-03,C0124,Lakshit Halder,918679602627,batramahika@gmail.com,P0243,Although,Electronics,3,39529.4,118588.2
O01437,2025-07-29,C0192,Miraan Saxena,916778637805,sakshamrajagopalan@gmail.com,P0242,Guess,Grocery,1,29562.1,29562.1
O01437,2025-07-29,C0192,Miraan Saxena,916778637805,sakshamrajagopalan@gmail.com,P0093,Improve,Books,2,43974.96,87949.92
O01437,2025-07-29,C0192,Miraan Saxena,916778637805,sakshamrajagopalan@gmail.com,P0245,Later,Fashion,1,34444.1,34444.1
O01437,2025-07-29,C0192,Miraan Saxena,916778637805,sakshamrajagopalan@gmail.com,P0039,Home,Grocery,3,24312.94,72938.82
O01438,2024-11-13,C0844,Pranay Dubey,919913226409,asoman@gmail.com,P0188,Seat,Home,2,13140.53,26281.06
O01438,2024-11-13,C0844,Pranay Dubey,919913226409,asoman@gmail.com,P0369,Region,Books,1,29719.67,29719.67
O01438,2024-11-13,C0844,Pranay Dubey,919913226409,asoman@gmail.com,P0115,Run,Fashion,1,44401.73,44401.73
O01438,2024-11-13,C0844,Pranay Dubey,919913226409,asoman@gmail.com,P0240,Garden,Grocery,3,12458.89,37376.67
O01438,2024-11-13,C0844,Pranay Dubey,919913226409,asoman@gmail.com,P0236,Situation,Books,2,7364.61,14729.22
O01439,2025-06-14,C0316,Drishya Shere,917110197254,tejas21@gmail.com,P0441,Color,Toys,3,31441.06,94323.18
O01439,2025-06-14,C0316,Drishya Shere,917110197254,tejas21@gmail.com,P0497,Home,Grocery,1,14070.95,14070.95
O01439,2025-06-14,C0316,Drishya Shere,917110197254,tejas21@gmail.com,P0041,Tend,Toys,1,6624.75,6624.75
O01440,2025-07-26,C0123,Kimaya Dalal,919366570613,oorja07@gmail.com,P0386,Thus,Toys,1,26873.03,26873.03
O01441,2025-02-13,C0498,Samaira Sampath,917277305277,rameshadvika@gmail.com,P0135,Plan,Fashion,2,27769.28,55538.56
O01442,2024-12-18,C0704,Samaira Batra,919823544047,xkalita@gmail.com,P0481,Test,Fashion,3,19065.63,57196.89
O01442,2024-12-18,C0704,Samaira Batra,919823544047,xkalita@gmail.com,P0235,Ball,Electronics,1,36018.57,36018.57
O01442,2024-12-18,C0704,Samaira Batra,919823544047,xkalita@gmail.com,P0325,Sell,Home,2,8305.03,16610.06
O01443,2025-02-01,C0990,Aniruddh Dave,918652344780,farhan76@gmail.com,P0305,Alone,Grocery,3,12384.66,37153.98
O01444,2025-08-30,C0597,Prisha Swaminathan,916381919825,farhanrajagopal@gmail.com,P0296,Safe,Grocery,3,6885.75,20657.25
O01445,2024-09-24,C0056,Vardaniya Halder,918215998940,grewalritvik@gmail.com,P0253,Himself,Toys,3,28859.07,86577.21
O01445,2024-09-24,C0056,Vardaniya Halder,918215998940,grewalritvik@gmail.com,P0022,Husband,Electronics,3,33123.51,99370.53
O01445,2024-09-24,C0056,Vardaniya Halder,918215998940,grewalritvik@gmail.com,P0494,Technology,Fashion,1,26389.15,26389.15
O01446,2025-08-19,C0366,Manjari Bhagat,917821455871,sherecharvi@gmail.com,P0444,Bit,Grocery,1,6982.49,6982.49
O01446,2025-08-19,C0366,Manjari Bhagat,917821455871,sherecharvi@gmail.com,P0019,Such,Fashion,3,14547.49,43642.47
O01447,2024-10-15,C0717,Stuvan Barman,919485261341,birvardaniya@gmail.com,P0298,Bring,Grocery,3,10120.73,30362.19
O01447,2024-10-15,C0717,Stuvan Barman,919485261341,birvardaniya@gmail.com,P0220,Car,Grocery,2,15563.77,31127.54
O01447,2024-10-15,C0717,Stuvan Barman,919485261341,birvardaniya@gmail.com,P0362,Thank,Fashion,1,18203.86,18203.86
O01447,2024-10-15,C0717,Stuvan Barman,919485261341,birvardaniya@gmail.com,P0297,Interview,Home,1,39804.91,39804.91
O01447,2024-10-15,C0717,Stuvan Barman,919485261341,birvardaniya@gmail.com,P0104,Choice,Home,2,25936.71,51873.42
O01448,2024-09-24,C0521,Prerak Lanka,919748381833,hazel00@gmail.com,P0043,Case,Fashion,3,31823.55,95470.65
O01448,2024-09-24,C0521,Prerak Lanka,919748381833,hazel00@gmail.com,P0118,Support,Home,3,35996.16,107988.48
O01448,2024-09-24,C0521,Prerak Lanka,919748381833,hazel00@gmail.com,P0308,Somebody,Grocery,1,7191.81,7191.81
O01449,2025-08-13,C0001,Lakshit Kant,916845497916,misha38@gmail.com,P0002,Big,Books,3,29810.32,89430.96
O01449,2025-08-13,C0001,Lakshit Kant,916845497916,misha38@gmail.com,P0309,Represent,Electronics,2,4996.03,9992.06
O01450,2025-02-10,C0980,Eva Chatterjee,918762206775,rravel@gmail.com,P0253,Himself,Toys,1,28859.07,28859.07
O01450,2025-02-10,C0980,Eva Chatterjee,918762206775,rravel@gmail.com,P0438,Build,Fashion,3,25867.34,77602.02
O01450,2025-02-10,C0980,Eva Chatterjee,918762206775,rravel@gmail.com,P0342,Throughout,Fashion,3,11727.32,35181.96
O01451,2025-05-19,C0180,Sara Som,917828894434,vivaankulkarni@gmail.com,P0073,Pull,Grocery,3,29600.94,88802.82
O01452,2025-03-26,C0326,Adira Batta,917962228767,ykhare@gmail.com,P0429,Free,Books,2,25226.17,50452.34
O01452,2025-03-26,C0326,Adira Batta,917962228767,ykhare@gmail.com,P0151,Artist,Home,3,33499.86,100499.58
O01452,2025-03-26,C0326,Adira Batta,917962228767,ykhare@gmail.com,P0310,Data,Toys,1,32555.16,32555.16
O01452,2025-03-26,C0326,Adira Batta,917962228767,ykhare@gmail.com,P0325,Sell,Home,1,8305.03,8305.03
O01453,2024-11-20,C0090,Rohan Suresh,917512525425,vbir@gmail.com,P0337,Voice,Electronics,1,4887.85,4887.85
O01453,2024-11-20,C0090,Rohan Suresh,917512525425,vbir@gmail.com,P0074,Read,Home,3,31600.59,94801.77
O01453,2024-11-20,C0090,Rohan Suresh,917512525425,vbir@gmail.com,P0003,Cell,Electronics,2,48147.23,96294.46
O01454,2024-10-11,C0741,Mannat Kant,916366535947,neysa05@gmail.com,P0193,Whole,Home,2,2379.84,4759.68
O01454,2024-10-11,C0741,Mannat Kant,916366535947,neysa05@gmail.com,P0492,Forward,Fashion,3,5178.13,15534.39
O01455,2025-07-14,C0241,Samaira Soman,918498340735,kabirbuch@gmail.com,P0101,Decision,Books,3,11437.75,34313.25
O01455,2025-07-14,C0241,Samaira Soman,918498340735,kabirbuch@gmail.com,P0171,Approach,Books,1,7881.56,7881.56
O01455,2025-07-14,C0241,Samaira Soman,918498340735,kabirbuch@gmail.com,P0377,Old,Grocery,3,15509.49,46528.47
O01456,2025-06-12,C0079,Vidur Bajaj,918676396157,kannannayantara@gmail.com,P0276,All,Books,1,17066.13,17066.13
O01456,2025-06-12,C0079,Vidur Bajaj,918676396157,kannannayantara@gmail.com,P0282,Long,Toys,3,38700.74,116102.22
O01456,2025-06-12,C0079,Vidur Bajaj,918676396157,kannannayantara@gmail.com,P0162,Population,Home,3,48541.96,145625.88
O01456,2025-06-12,C0079,Vidur Bajaj,918676396157,kannannayantara@gmail.com,P0033,Smile,Electronics,3,7304.63,21913.89
O01456,2025-06-12,C0079,Vidur Bajaj,918676396157,kannannayantara@gmail.com,P0294,Enough,Toys,3,28895.66,86686.98
O01457,2024-11-21,C0465,Indrajit Bava,918668607006,shayak10@gmail.com,P0389,Can,Grocery,2,2990.09,5980.18
O01457,2024-11-21,C0465,Indrajit Bava,918668607006,shayak10@gmail.com,P0026,Mouth,Toys,3,13404.03,40212.09
O01458,2024-12-03,C0848,Damini Chawla,917774212080,jayanbrar@gmail.com,P0342,Throughout,Fashion,1,11727.32,11727.32
O01459,2024-11-15,C0431,Zara Chopra,917210537469,kapurpihu@gmail.com,P0325,Sell,Home,2,8305.03,16610.06
O01459,2024-11-15,C0431,Zara Chopra,917210537469,kapurpihu@gmail.com,P0498,Alone,Grocery,3,23027.23,69081.69
O01459,2024-11-15,C0431,Zara Chopra,917210537469,kapurpihu@gmail.com,P0252,Democrat,Home,2,27839.73,55679.46
O01460,2025-05-16,C0703,Parinaaz Chakrabarti,918211956232,shamikdasgupta@gmail.com,P0235,Ball,Electronics,1,36018.57,36018.57
O01460,2025-05-16,C0703,Parinaaz Chakrabarti,918211956232,shamikdasgupta@gmail.com,P0449,Start,Books,2,31877.19,63754.38
O01460,2025-05-16,C0703,Parinaaz Chakrabarti,918211956232,shamikdasgupta@gmail.com,P0364,Owner,Home,2,28432.83,56865.66
O01460,2025-05-16,C0703,Parinaaz Chakrabarti,918211956232,shamikdasgupta@gmail.com,P0151,Artist,Home,3,33499.86,100499.58
O01461,2025-08-14,C0571,Oorja Tank,916871686600,doratanya@gmail.com,P0425,Born,Home,3,23771.25,71313.75
O01461,2025-08-14,C0571,Oorja Tank,916871686600,doratanya@gmail.com,P0028,Doctor,Home,2,169.02,338.04
O01461,2025-08-14,C0571,Oorja Tank,916871686600,doratanya@gmail.com,P0164,Day,Electronics,1,9669.61,9669.61
O01461,2025-08-14,C0571,Oorja Tank,916871686600,doratanya@gmail.com,P0497,Home,Grocery,1,14070.95,14070.95
O01462,2024-11-09,C0970,Raunak Amble,919882497282,tripathiriya@gmail.com,P0255,Born,Books,2,22491.06,44982.12
O01462,2024-11-09,C0970,Raunak Amble,919882497282,tripathiriya@gmail.com,P0439,Share,Toys,3,18005.17,54015.51
O01463,2024-10-19,C0116,Nakul Iyengar,917088425396,riaan24@gmail.com,P0129,Trip,Grocery,3,26497.65,79492.95
O01463,2024-10-19,C0116,Nakul Iyengar,917088425396,riaan24@gmail.com,P0217,Building,Fashion,2,43359.09,86718.18
O01464,2024-11-25,C0013,Aaryahi Luthra,918399396603,othakur@gmail.com,P0301,Everything,Toys,1,17437.95,17437.95
O01464,2024-11-25,C0013,Aaryahi Luthra,918399396603,othakur@gmail.com,P0358,Method,Toys,3,20030.96,60092.88
O01465,2025-05-15,C0705,Anaya Gera,918210345113,bhayer@gmail.com,P0479,Popular,Electronics,1,20646.55,20646.55
O01465,2025-05-15,C0705,Anaya Gera,918210345113,bhayer@gmail.com,P0469,Do,Toys,3,8436.34,25309.02
O01466,2025-01-08,C0990,Aniruddh Dave,918652344780,farhan76@gmail.com,P0460,Place,Electronics,3,42204.95,126614.85
O01467,2024-12-25,C0872,Dhruv Issac,918305543736,sherejivin@gmail.com,P0125,Who,Fashion,2,44975.66,89951.32
O01467,2024-12-25,C0872,Dhruv Issac,918305543736,sherejivin@gmail.com,P0069,Film,Toys,2,43872.1,87744.2
O01467,2024-12-25,C0872,Dhruv Issac,918305543736,sherejivin@gmail.com,P0381,Avoid,Toys,3,20362.89,61088.67
O01467,2024-12-25,C0872,Dhruv Issac,918305543736,sherejivin@gmail.com,P0325,Sell,Home,1,8305.03,8305.03
O01468,2024-11-19,C0517,Ranbir Kaul,918533677938,okurian@gmail.com,P0489,Treat,Home,3,30157.74,90473.22
O01469,2025-02-22,C0595,Anaya Bir,919837829319,gokul21@gmail.com,P0460,Place,Electronics,3,42204.95,126614.85
O01469,2025-02-22,C0595,Anaya Bir,919837829319,gokul21@gmail.com,P0302,Example,Grocery,2,17949.9,35899.8
O01470,2025-04-30,C0372,Taran Thakur,919392619780,pchanda@gmail.com,P0002,Big,Books,2,29810.32,59620.64
O01471,2025-03-25,C0989,Jivika Ramaswamy,916377336265,etrivedi@gmail.com,P0341,Actually,Books,1,31938.49,31938.49
O01471,2025-03-25,C0989,Jivika Ramaswamy,916377336265,etrivedi@gmail.com,P0123,Real,Electronics,1,3842.47,3842.47
O01472,2025-08-30,C0343,Ranbir Gupta,917483011766,kumermishti@gmail.com,P0301,Everything,Toys,3,17437.95,52313.85
O01472,2025-08-30,C0343,Ranbir Gupta,917483011766,kumermishti@gmail.com,P0281,National,Electronics,1,43942.41,43942.41
O01472,2025-08-30,C0343,Ranbir Gupta,917483011766,kumermishti@gmail.com,P0380,Go,Electronics,2,8354.83,16709.66
O01472,2025-08-30,C0343,Ranbir Gupta,917483011766,kumermishti@gmail.com,P0174,Career,Grocery,2,33061.41,66122.82
O01473,2024-11-03,C0355,Mahika Saxena,919620475705,sarnajivin@gmail.com,P0394,Strategy,Fashion,3,24240.67,72722.01
O01473,2024-11-03,C0355,Mahika Saxena,919620475705,sarnajivin@gmail.com,P0251,Check,Books,1,13197.73,13197.73
O01473,2024-11-03,C0355,Mahika Saxena,919620475705,sarnajivin@gmail.com,P0140,State,Grocery,1,28789.71,28789.71
O01473,2024-11-03,C0355,Mahika Saxena,919620475705,sarnajivin@gmail.com,P0212,Expect,Grocery,2,24638.09,49276.18
O01474,2025-01-31,C0995,Shayak Agrawal,919952215618,vkuruvilla@gmail.com,P0159,Total,Toys,1,16887.31,16887.31
O01475,2025-07-12,C0900,Oorja Goyal,916505549102,hbhagat@gmail.com,P0006,Worker,Grocery,2,22450.55,44901.1
O01475,2025-07-12,C0900,Oorja Goyal,916505549102,hbhagat@gmail.com,P0016,Weight,Grocery,3,45838.51,137515.53
O01475,2025-07-12,C0900,Oorja Goyal,916505549102,hbhagat@gmail.com,P0087,Hotel,Fashion,3,2608.49,7825.47
O01475,2025-07-12,C0900,Oorja Goyal,916505549102,hbhagat@gmail.com,P0240,Garden,Grocery,1,12458.89,12458.89
O01476,2025-05-19,C0184,Priyansh Chakrabarti,919586488505,irabhagat@gmail.com,P0475,At,Toys,2,35943.68,71887.36
O01477,2024-09-19,C0623,Tara Rao,917008318296,trajagopal@gmail.com,P0461,Five,Grocery,2,16984.87,33969.74
O01477,2024-09-19,C0623,Tara Rao,917008318296,trajagopal@gmail.com,P0287,Environment,Books,2,28596.46,57192.92
O01478,2025-04-20,C0825,Raunak Korpal,917441615278,sainimanjari@gmail.com,P0471,Far,Toys,2,4287.8,8575.6
O01478,2025-04-20,C0825,Raunak Korpal,917441615278,sainimanjari@gmail.com,P0432,Employee,Electronics,3,21473.93,64421.79
O01478,2025-04-20,C0825,Raunak Korpal,917441615278,sainimanjari@gmail.com,P0113,Near,Toys,3,7688.42,23065.26
O01478,2025-04-20,C0825,Raunak Korpal,917441615278,sainimanjari@gmail.com,P0064,White,Electronics,2,29997.92,59995.84
O01479,2025-03-19,C0245,Vidur Anand,916629934906,saksham47@gmail.com,P0170,She,Books,1,26961.11,26961.11
O01479,2025-03-19,C0245,Vidur Anand,916629934906,saksham47@gmail.com,P0489,Treat,Home,1,30157.74,30157.74
O01479,2025-03-19,C0245,Vidur Anand,916629934906,saksham47@gmail.com,P0300,Return,Electronics,2,10069.79,20139.58
O01480,2025-04-30,C0692,Anvi Chaudhuri,919436899699,chawlaindranil@gmail.com,P0216,Smile,Books,3,5257.39,15772.17
O01481,2025-07-13,C0633,Tanya Zacharia,917859328769,navyaandra@gmail.com,P0317,Less,Fashion,2,48728.05,97456.1
O01481,2025-07-13,C0633,Tanya Zacharia,917859328769,navyaandra@gmail.com,P0329,Within,Grocery,2,36526.35,73052.7
O01481,2025-07-13,C0633,Tanya Zacharia,917859328769,navyaandra@gmail.com,P0115,Run,Fashion,2,44401.73,88803.46
O01482,2025-07-31,C0045,Shanaya Chadha,918272113766,zarabuch@gmail.com,P0400,However,Toys,2,24051.41,48102.82
O01482,2025-07-31,C0045,Shanaya Chadha,918272113766,zarabuch@gmail.com,P0351,Play,Home,1,16869.29,16869.29
O01482,2025-07-31,C0045,Shanaya Chadha,918272113766,zarabuch@gmail.com,P0187,Many,Electronics,1,46075.75,46075.75
O01483,2024-12-22,C0415,Alisha Dubey,919742042472,qsodhi@gmail.com,P0475,At,Toys,3,35943.68,107831.04
O01483,2024-12-22,C0415,Alisha Dubey,919742042472,qsodhi@gmail.com,P0321,Right,Fashion,3,41419.14,124257.42
O01483,2024-12-22,C0415,Alisha Dubey,919742042472,qsodhi@gmail.com,P0262,The,Home,2,17889.61,35779.22
O01483,2024-12-22,C0415,Alisha Dubey,919742042472,qsodhi@gmail.com,P0407,Town,Grocery,2,15477.24,30954.48
O01484,2024-09-12,C0539,Elakshi Trivedi,919995382635,vigarmaan@gmail.com,P0251,Check,Books,2,13197.73,26395.46
O01484,2024-09-12,C0539,Elakshi Trivedi,919995382635,vigarmaan@gmail.com,P0328,Born,Home,2,7635.87,15271.74
O01484,2024-09-12,C0539,Elakshi Trivedi,919995382635,vigarmaan@gmail.com,P0151,Artist,Home,2,33499.86,66999.72
O01485,2025-02-23,C0398,Madhup Dutt,917752166449,boramannat@gmail.com,P0473,Feeling,Fashion,2,6741.82,13483.64
O01485,2025-02-23,C0398,Madhup Dutt,917752166449,boramannat@gmail.com,P0053,Time,Home,2,28738.91,57477.82
O01485,2025-02-23,C0398,Madhup Dutt,917752166449,boramannat@gmail.com,P0217,Building,Fashion,3,43359.09,130077.27
O01486,2024-09-05,C0131,Zaina Kumar,919698382544,sarafmiraan@gmail.com,P0426,Machine,Toys,2,33161.16,66322.32
O01486,2024-09-05,C0131,Zaina Kumar,919698382544,sarafmiraan@gmail.com,P0064,White,Electronics,3,29997.92,89993.76
O01486,2024-09-05,C0131,Zaina Kumar,919698382544,sarafmiraan@gmail.com,P0283,Hear,Grocery,3,18807.75,56423.25
O01486,2024-09-05,C0131,Zaina Kumar,919698382544,sarafmiraan@gmail.com,P0278,Tonight,Electronics,2,20228.38,40456.76
O01486,2024-09-05,C0131,Zaina Kumar,919698382544,sarafmiraan@gmail.com,P0074,Read,Home,1,31600.59,31600.59
O01487,2025-08-25,C0114,Diya Kade,918226472081,subramaniananahi@gmail.com,P0225,About,Toys,3,34961.77,104885.31
O01487,2025-08-25,C0114,Diya Kade,918226472081,subramaniananahi@gmail.com,P0136,Method,Grocery,1,2991.68,2991.68
O01488,2025-06-12,C0073,Lakshit Kaur,916774939044,zdey@gmail.com,P0462,May,Electronics,3,34764.62,104293.86
O01488,2025-06-12,C0073,Lakshit Kaur,916774939044,zdey@gmail.com,P0287,Environment,Books,1,28596.46,28596.46
O01488,2025-06-12,C0073,Lakshit Kaur,916774939044,zdey@gmail.com,P0045,Term,Electronics,2,27614.52,55229.04
O01488,2025-06-12,C0073,Lakshit Kaur,916774939044,zdey@gmail.com,P0485,Economic,Fashion,2,47504.24,95008.48
O01489,2025-06-19,C0181,Keya Sridhar,918761441908,singhalnishith@gmail.com,P0332,Defense,Electronics,3,47413.18,142239.54
O01489,2025-06-19,C0181,Keya Sridhar,918761441908,singhalnishith@gmail.com,P0077,Walk,Books,2,31770.26,63540.52
O01489,2025-06-19,C0181,Keya Sridhar,918761441908,singhalnishith@gmail.com,P0232,Simply,Fashion,1,47673.19,47673.19
O01490,2025-09-04,C0612,Amira Gala,917792247873,vjohal@gmail.com,P0244,Friend,Grocery,1,44739.64,44739.64
O01490,2025-09-04,C0612,Amira Gala,917792247873,vjohal@gmail.com,P0249,Threat,Toys,1,16905.35,16905.35
O01490,2025-09-04,C0612,Amira Gala,917792247873,vjohal@gmail.com,P0106,Agreement,Grocery,3,33426.3,100278.9
O01490,2025-09-04,C0612,Amira Gala,917792247873,vjohal@gmail.com,P0229,Goal,Electronics,1,18497.07,18497.07
O01491,2024-09-22,C0879,Saksham Mangal,917096100323,bchandra@gmail.com,P0213,Perhaps,Books,1,17118.78,17118.78
O01491,2024-09-22,C0879,Saksham Mangal,917096100323,bchandra@gmail.com,P0111,Forward,Fashion,3,13770.51,41311.53
O01491,2024-09-22,C0879,Saksham Mangal,917096100323,bchandra@gmail.com,P0372,Prevent,Books,3,13248.28,39744.84
O01491,2024-09-22,C0879,Saksham Mangal,917096100323,bchandra@gmail.com,P0454,Later,Fashion,2,39383.95,78767.9
O01492,2025-08-07,C0816,Nayantara Rattan,916077200529,kartikbora@gmail.com,P0330,Do,Toys,3,27768.67,83306.01
O01492,2025-08-07,C0816,Nayantara Rattan,916077200529,kartikbora@gmail.com,P0062,Night,Toys,2,719.92,1439.84
O01492,2025-08-07,C0816,Nayantara Rattan,916077200529,kartikbora@gmail.com,P0244,Friend,Grocery,3,44739.64,134218.92
O01492,2025-08-07,C0816,Nayantara Rattan,916077200529,kartikbora@gmail.com,P0431,Huge,Grocery,3,3972.53,11917.59
O01493,2025-04-22,C0712,Amira Arya,918531395617,trishasuresh@gmail.com,P0408,Billion,Home,1,30060.41,30060.41
O01493,2025-04-22,C0712,Amira Arya,918531395617,trishasuresh@gmail.com,P0405,Number,Books,2,36701.41,73402.82
O01493,2025-04-22,C0712,Amira Arya,918531395617,trishasuresh@gmail.com,P0232,Simply,Fashion,3,47673.19,143019.57
O01493,2025-04-22,C0712,Amira Arya,918531395617,trishasuresh@gmail.com,P0334,Let,Fashion,2,11112.43,22224.86
O01494,2025-03-11,C0260,Riaan Vyas,919890547003,varmarenee@gmail.com,P0303,Doctor,Books,3,45811.55,137434.65
O01494,2025-03-11,C0260,Riaan Vyas,919890547003,varmarenee@gmail.com,P0235,Ball,Electronics,3,36018.57,108055.71
O01495,2025-04-06,C0911,Vihaan Kadakia,917116799759,fiyer@gmail.com,P0256,Choice,Fashion,2,38096.03,76192.06
O01495,2025-04-06,C0911,Vihaan Kadakia,917116799759,fiyer@gmail.com,P0223,Free,Electronics,3,8128.12,24384.36
O01495,2025-04-06,C0911,Vihaan Kadakia,917116799759,fiyer@gmail.com,P0115,Run,Fashion,2,44401.73,88803.46
O01496,2025-02-28,C0822,Vardaniya Singh,919910655944,bathjivika@gmail.com,P0092,Tell,Home,3,40584.21,121752.63
O01496,2025-02-28,C0822,Vardaniya Singh,919910655944,bathjivika@gmail.com,P0312,Hour,Home,1,26966.28,26966.28
O01496,2025-02-28,C0822,Vardaniya Singh,919910655944,bathjivika@gmail.com,P0451,How,Electronics,3,32544.56,97633.68
O01496,2025-02-28,C0822,Vardaniya Singh,919910655944,bathjivika@gmail.com,P0478,Pretty,Toys,3,45214.46,135643.38
O01497,2024-09-21,C0008,Ishaan Dayal,916987680101,sathetiya@gmail.com,P0023,At,Books,3,43375.51,130126.53
O01497,2024-09-21,C0008,Ishaan Dayal,916987680101,sathetiya@gmail.com,P0215,Stock,Home,2,12235.32,24470.64
O01498,2025-04-16,C0351,Yuvaan Dube,918258261985,sekhonzara@gmail.com,P0432,Employee,Electronics,3,21473.93,64421.79
O01498,2025-04-16,C0351,Yuvaan Dube,918258261985,sekhonzara@gmail.com,P0211,Run,Home,3,42595.97,127787.91
O01498,2025-04-16,C0351,Yuvaan Dube,918258261985,sekhonzara@gmail.com,P0412,High,Home,2,28978.96,57957.92
O01498,2025-04-16,C0351,Yuvaan Dube,918258261985,sekhonzara@gmail.com,P0352,Decade,Grocery,1,22564.59,22564.59
O01499,2025-01-14,C0608,Tiya Madan,917908565670,shaan69@gmail.com,P0500,Sort,Books,1,30616.24,30616.24
O01499,2025-01-14,C0608,Tiya Madan,917908565670,shaan69@gmail.com,P0318,Partner,Home,2,15284.42,30568.84
O01499,2025-01-14,C0608,Tiya Madan,917908565670,shaan69@gmail.com,P0042,Director,Fashion,3,41973.05,125919.15
O01499,2025-01-14,C0608,Tiya Madan,917908565670,shaan69@gmail.com,P0186,Environment,Fashion,3,39743.81,119231.43
O01499,2025-01-14,C0608,Tiya Madan,917908565670,shaan69@gmail.com,P0059,American,Grocery,1,5222.22,5222.22
O01500,2025-07-13,C0667,Shlok Dhawan,917295313598,shaan77@gmail.com,P0478,Pretty,Toys,1,45214.46,45214.46
O01500,2025-07-13,C0667,Shlok Dhawan,917295313598,shaan77@gmail.com,P0032,Language,Fashion,1,22132.39,22132.39
O01501,2024-10-21,C0379,Aradhya Dara,916637310306,emir65@gmail.com,P0094,Foot,Electronics,1,39141.36,39141.36
O01502,2024-10-01,C0893,Darshit Kohli,916939205996,jdalia@gmail.com,P0272,Maybe,Toys,2,47951.54,95903.08
O01503,2025-02-23,C0410,Prerak Upadhyay,917250441660,tusharratta@gmail.com,P0318,Partner,Home,3,15284.42,45853.26
O01503,2025-02-23,C0410,Prerak Upadhyay,917250441660,tusharratta@gmail.com,P0012,Help,Toys,2,16101.89,32203.78
O01503,2025-02-23,C0410,Prerak Upadhyay,917250441660,tusharratta@gmail.com,P0188,Seat,Home,3,13140.53,39421.59
O01504,2025-04-13,C0313,Chirag Sura,918009240917,yadavbhamini@gmail.com,P0434,Foot,Home,3,5572.57,16717.71
O01504,2025-04-13,C0313,Chirag Sura,918009240917,yadavbhamini@gmail.com,P0141,Arm,Toys,1,8803.86,8803.86
O01505,2024-11-17,C0781,Vihaan Ranganathan,918030462635,mannat88@gmail.com,P0007,Whose,Grocery,3,3639.73,10919.19
O01505,2024-11-17,C0781,Vihaan Ranganathan,918030462635,mannat88@gmail.com,P0416,Hot,Fashion,1,2188.07,2188.07
O01505,2024-11-17,C0781,Vihaan Ranganathan,918030462635,mannat88@gmail.com,P0223,Free,Electronics,2,8128.12,16256.24
O01506,2025-08-02,C0397,Zeeshan Baria,916995336199,upadhyaymanjari@gmail.com,P0012,Help,Toys,2,16101.89,32203.78
O01507,2024-10-01,C0527,Adira Kadakia,917235300947,ranbirboase@gmail.com,P0498,Alone,Grocery,1,23027.23,23027.23
O01507,2024-10-01,C0527,Adira Kadakia,917235300947,ranbirboase@gmail.com,P0101,Decision,Books,3,11437.75,34313.25
O01507,2024-10-01,C0527,Adira Kadakia,917235300947,ranbirboase@gmail.com,P0318,Partner,Home,2,15284.42,30568.84
O01507,2024-10-01,C0527,Adira Kadakia,917235300947,ranbirboase@gmail.com,P0455,Court,Electronics,3,24246.4,72739.2
O01507,2024-10-01,C0527,Adira Kadakia,917235300947,ranbirboase@gmail.com,P0127,Single,Books,3,43219.93,129659.79
O01508,2025-06-04,C0644,Saanvi Kurian,918719467744,hanshvohra@gmail.com,P0148,Will,Books,1,29281.73,29281.73
O01508,2025-06-04,C0644,Saanvi Kurian,918719467744,hanshvohra@gmail.com,P0490,They,Home,2,2217.14,4434.28
O01508,2025-06-04,C0644,Saanvi Kurian,918719467744,hanshvohra@gmail.com,P0078,Return,Home,1,13869.21,13869.21
O01508,2025-06-04,C0644,Saanvi Kurian,918719467744,hanshvohra@gmail.com,P0096,Need,Home,1,5167.74,5167.74
O01509,2025-03-14,C0544,Tara Dar,916631733210,raunak23@gmail.com,P0334,Let,Fashion,2,11112.43,22224.86
O01510,2025-08-13,C0622,Gatik Karpe,917474077043,qdar@gmail.com,P0037,Hundred,Books,2,36049.73,72099.46
O01510,2025-08-13,C0622,Gatik Karpe,917474077043,qdar@gmail.com,P0249,Threat,Toys,3,16905.35,50716.05
O01510,2025-08-13,C0622,Gatik Karpe,917474077043,qdar@gmail.com,P0308,Somebody,Grocery,2,7191.81,14383.62
O01510,2025-08-13,C0622,Gatik Karpe,917474077043,qdar@gmail.com,P0498,Alone,Grocery,3,23027.23,69081.69
O01511,2025-06-08,C0177,Tarini Subramanian,917423037546,avarughese@gmail.com,P0338,Such,Books,3,38071.08,114213.24
O01511,2025-06-08,C0177,Tarini Subramanian,917423037546,avarughese@gmail.com,P0349,Score,Electronics,3,13424.17,40272.51
O01512,2025-03-22,C0069,Elakshi Dutta,916194691634,amiradeep@gmail.com,P0167,Growth,Fashion,3,9807.77,29423.31
O01512,2025-03-22,C0069,Elakshi Dutta,916194691634,amiradeep@gmail.com,P0332,Defense,Electronics,1,47413.18,47413.18
O01512,2025-03-22,C0069,Elakshi Dutta,916194691634,amiradeep@gmail.com,P0230,Voice,Books,2,12941.39,25882.78
O01513,2025-08-29,C0411,Anika Kamdar,918035946340,elakshi59@gmail.com,P0346,Manage,Electronics,3,13256.96,39770.88
O01513,2025-08-29,C0411,Anika Kamdar,918035946340,elakshi59@gmail.com,P0147,Finish,Grocery,3,3515.25,10545.75
O01513,2025-08-29,C0411,Anika Kamdar,918035946340,elakshi59@gmail.com,P0221,The,Home,3,25026.69,75080.07
O01513,2025-08-29,C0411,Anika Kamdar,918035946340,elakshi59@gmail.com,P0482,Prove,Fashion,1,36394.17,36394.17
O01513,2025-08-29,C0411,Anika Kamdar,918035946340,elakshi59@gmail.com,P0332,Defense,Electronics,3,47413.18,142239.54
O01514,2025-07-09,C0431,Zara Chopra,917210537469,kapurpihu@gmail.com,P0090,Create,Electronics,3,4541.22,13623.66
O01514,2025-07-09,C0431,Zara Chopra,917210537469,kapurpihu@gmail.com,P0162,Population,Home,1,48541.96,48541.96
O01515,2024-12-16,C0242,Indrans Chandran,916450361959,yuvraj-majumdar@gmail.com,P0220,Car,Grocery,3,15563.77,46691.31
O01515,2024-12-16,C0242,Indrans Chandran,916450361959,yuvraj-majumdar@gmail.com,P0168,Soon,Fashion,1,16016.13,16016.13
O01515,2024-12-16,C0242,Indrans Chandran,916450361959,yuvraj-majumdar@gmail.com,P0367,Throw,Toys,3,45671.59,137014.77
O01515,2024-12-16,C0242,Indrans Chandran,916450361959,yuvraj-majumdar@gmail.com,P0388,Develop,Fashion,2,48051.78,96103.56
O01516,2024-12-21,C0051,Baiju Anne,916827752341,adirakumer@gmail.com,P0036,Consumer,Books,3,24513.98,73541.94
O01516,2024-12-21,C0051,Baiju Anne,916827752341,adirakumer@gmail.com,P0123,Real,Electronics,2,3842.47,7684.94
O01517,2025-06-21,C0596,Mahika Shah,917457869300,inaaya-issac@gmail.com,P0364,Owner,Home,2,28432.83,56865.66
O01517,2025-06-21,C0596,Mahika Shah,917457869300,inaaya-issac@gmail.com,P0289,Well,Grocery,3,4903.97,14711.91
O01517,2025-06-21,C0596,Mahika Shah,917457869300,inaaya-issac@gmail.com,P0372,Prevent,Books,2,13248.28,26496.56
O01517,2025-06-21,C0596,Mahika Shah,917457869300,inaaya-issac@gmail.com,P0331,Line,Fashion,1,39780.07,39780.07
O01518,2025-02-26,C0987,Dhruv Bhattacharyya,917823034538,qissac@gmail.com,P0230,Voice,Books,1,12941.39,12941.39
O01518,2025-02-26,C0987,Dhruv Bhattacharyya,917823034538,qissac@gmail.com,P0154,Effort,Grocery,1,26859.2,26859.2
O01519,2024-10-17,C0630,Jayant Sandal,919507935457,htella@gmail.com,P0488,Staff,Electronics,3,19763.51,59290.53
O01519,2024-10-17,C0630,Jayant Sandal,919507935457,htella@gmail.com,P0321,Right,Fashion,2,41419.14,82838.28
O01519,2024-10-17,C0630,Jayant Sandal,919507935457,htella@gmail.com,P0159,Total,Toys,3,16887.31,50661.93
O01519,2024-10-17,C0630,Jayant Sandal,919507935457,htella@gmail.com,P0492,Forward,Fashion,1,5178.13,5178.13
O01519,2024-10-17,C0630,Jayant Sandal,919507935457,htella@gmail.com,P0118,Support,Home,3,35996.16,107988.48
O01520,2025-05-13,C0744,Ishaan Bhardwaj,918906648624,duttasamar@gmail.com,P0272,Maybe,Toys,2,47951.54,95903.08
O01520,2025-05-13,C0744,Ishaan Bhardwaj,918906648624,duttasamar@gmail.com,P0072,Half,Home,2,30586.09,61172.18
O01520,2025-05-13,C0744,Ishaan Bhardwaj,918906648624,duttasamar@gmail.com,P0003,Cell,Electronics,1,48147.23,48147.23
O01521,2025-06-11,C0438,Nitya Savant,917391102553,nmannan@gmail.com,P0067,Ten,Books,3,22515.47,67546.41
O01521,2025-06-11,C0438,Nitya Savant,917391102553,nmannan@gmail.com,P0178,Alone,Electronics,1,6742.5,6742.5
O01521,2025-06-11,C0438,Nitya Savant,917391102553,nmannan@gmail.com,P0054,Knowledge,Grocery,1,49403.07,49403.07
O01521,2025-06-11,C0438,Nitya Savant,917391102553,nmannan@gmail.com,P0495,Half,Grocery,2,17681.55,35363.1
O01522,2024-10-28,C0660,Adah Jaggi,917531915478,anay66@gmail.com,P0227,Behavior,Electronics,1,36013.96,36013.96
O01522,2024-10-28,C0660,Adah Jaggi,917531915478,anay66@gmail.com,P0254,Main,Books,1,31781.67,31781.67
O01522,2024-10-28,C0660,Adah Jaggi,917531915478,anay66@gmail.com,P0226,Close,Fashion,1,22025.27,22025.27
O01523,2024-12-14,C0073,Lakshit Kaur,916774939044,zdey@gmail.com,P0418,Health,Toys,3,11635.18,34905.54
O01523,2024-12-14,C0073,Lakshit Kaur,916774939044,zdey@gmail.com,P0369,Region,Books,3,29719.67,89159.01
O01524,2024-10-12,C0877,Prisha Edwin,918406265392,nitara42@gmail.com,P0160,Since,Toys,1,41383.45,41383.45
O01524,2024-10-12,C0877,Prisha Edwin,918406265392,nitara42@gmail.com,P0358,Method,Toys,1,20030.96,20030.96
O01524,2024-10-12,C0877,Prisha Edwin,918406265392,nitara42@gmail.com,P0181,Store,Electronics,1,7171.29,7171.29
O01524,2024-10-12,C0877,Prisha Edwin,918406265392,nitara42@gmail.com,P0397,Choice,Home,3,37386.66,112159.98
O01524,2024-10-12,C0877,Prisha Edwin,918406265392,nitara42@gmail.com,P0378,Share,Books,1,44960.42,44960.42
O01525,2025-03-30,C0230,Tara Choudhry,916308096978,riaan74@gmail.com,P0259,Region,Books,2,31147.8,62295.6
O01525,2025-03-30,C0230,Tara Choudhry,916308096978,riaan74@gmail.com,P0111,Forward,Fashion,1,13770.51,13770.51
O01525,2025-03-30,C0230,Tara Choudhry,916308096978,riaan74@gmail.com,P0093,Improve,Books,2,43974.96,87949.92
O01526,2024-10-15,C0173,Jiya Sama,918915603160,fkhalsa@gmail.com,P0250,Sea,Electronics,1,16084.33,16084.33
O01526,2024-10-15,C0173,Jiya Sama,918915603160,fkhalsa@gmail.com,P0487,Wind,Grocery,3,26054.97,78164.91
O01527,2024-10-07,C0282,Mannat Hayre,917354200948,onkarvala@gmail.com,P0140,State,Grocery,3,28789.71,86369.13
O01527,2024-10-07,C0282,Mannat Hayre,917354200948,onkarvala@gmail.com,P0144,Career,Toys,2,19915.53,39831.06
O01528,2025-06-08,C0679,Nehmat Kala,919775267088,ivana48@gmail.com,P0336,Need,Electronics,2,24340.15,48680.3
O01528,2025-06-08,C0679,Nehmat Kala,919775267088,ivana48@gmail.com,P0441,Color,Toys,1,31441.06,31441.06
O01528,2025-06-08,C0679,Nehmat Kala,919775267088,ivana48@gmail.com,P0333,Type,Grocery,1,5203.19,5203.19
O01528,2025-06-08,C0679,Nehmat Kala,919775267088,ivana48@gmail.com,P0485,Economic,Fashion,3,47504.24,142512.72
O01529,2025-05-09,C0054,Ivana Srivastava,919510681533,chandrakanav@gmail.com,P0126,Wonder,Toys,3,28749.51,86248.53
O01529,2025-05-09,C0054,Ivana Srivastava,919510681533,chandrakanav@gmail.com,P0050,Relationship,Books,3,48838.18,146514.54
O01529,2025-05-09,C0054,Ivana Srivastava,919510681533,chandrakanav@gmail.com,P0320,Sort,Fashion,1,1924.24,1924.24
O01529,2025-05-09,C0054,Ivana Srivastava,919510681533,chandrakanav@gmail.com,P0427,Glass,Grocery,1,32006.32,32006.32
O01530,2024-11-12,C0481,Advik Jani,919250925404,umangkurian@gmail.com,P0311,Yard,Toys,2,26120.96,52241.92
O01530,2024-11-12,C0481,Advik Jani,919250925404,umangkurian@gmail.com,P0227,Behavior,Electronics,2,36013.96,72027.92
O01530,2024-11-12,C0481,Advik Jani,919250925404,umangkurian@gmail.com,P0062,Night,Toys,1,719.92,719.92
O01530,2024-11-12,C0481,Advik Jani,919250925404,umangkurian@gmail.com,P0430,Hot,Grocery,2,43351.68,86703.36
O01531,2025-04-09,C0016,Nirvi Sarma,918637183289,baliindranil@gmail.com,P0195,Difficult,Toys,3,38374.95,115124.85
O01531,2025-04-09,C0016,Nirvi Sarma,918637183289,baliindranil@gmail.com,P0402,Difference,Fashion,3,5152.16,15456.48
O01531,2025-04-09,C0016,Nirvi Sarma,918637183289,baliindranil@gmail.com,P0232,Simply,Fashion,3,47673.19,143019.57
O01531,2025-04-09,C0016,Nirvi Sarma,918637183289,baliindranil@gmail.com,P0251,Check,Books,3,13197.73,39593.19
O01531,2025-04-09,C0016,Nirvi Sarma,918637183289,baliindranil@gmail.com,P0120,Able,Books,2,37572.81,75145.62
O01532,2024-10-08,C0104,Jhanvi Hegde,918385812793,kartikedwin@gmail.com,P0069,Film,Toys,3,43872.1,131616.3
O01532,2024-10-08,C0104,Jhanvi Hegde,918385812793,kartikedwin@gmail.com,P0123,Real,Electronics,1,3842.47,3842.47
O01532,2024-10-08,C0104,Jhanvi Hegde,918385812793,kartikedwin@gmail.com,P0309,Represent,Electronics,3,4996.03,14988.09
O01532,2024-10-08,C0104,Jhanvi Hegde,918385812793,kartikedwin@gmail.com,P0059,American,Grocery,3,5222.22,15666.66
O01533,2025-08-02,C0343,Ranbir Gupta,917483011766,kumermishti@gmail.com,P0469,Do,Toys,3,8436.34,25309.02
O01533,2025-08-02,C0343,Ranbir Gupta,917483011766,kumermishti@gmail.com,P0399,Edge,Grocery,1,8358.74,8358.74
O01533,2025-08-02,C0343,Ranbir Gupta,917483011766,kumermishti@gmail.com,P0454,Later,Fashion,2,39383.95,78767.9
O01533,2025-08-02,C0343,Ranbir Gupta,917483011766,kumermishti@gmail.com,P0113,Near,Toys,1,7688.42,7688.42
O01534,2025-02-08,C0430,Miraya Bahl,917063753229,kanavsharaf@gmail.com,P0138,Purpose,Grocery,3,2234.54,6703.62
O01534,2025-02-08,C0430,Miraya Bahl,917063753229,kanavsharaf@gmail.com,P0440,Alone,Grocery,3,27504.54,82513.62
O01534,2025-02-08,C0430,Miraya Bahl,917063753229,kanavsharaf@gmail.com,P0190,Decision,Electronics,2,31613.49,63226.98
O01534,2025-02-08,C0430,Miraya Bahl,917063753229,kanavsharaf@gmail.com,P0427,Glass,Grocery,3,32006.32,96018.96
O01535,2024-09-25,C0888,Vidur Maharaj,916093186480,gsubramanian@gmail.com,P0398,North,Home,1,42310.86,42310.86
O01536,2024-10-30,C0639,Tiya Bal,917663811731,chaudharivedika@gmail.com,P0142,Cause,Home,1,42626.52,42626.52
O01536,2024-10-30,C0639,Tiya Bal,917663811731,chaudharivedika@gmail.com,P0375,Much,Electronics,3,11084.88,33254.64
O01537,2025-09-05,C0110,Mahika Dara,917901732112,amira63@gmail.com,P0250,Sea,Electronics,2,16084.33,32168.66
O01537,2025-09-05,C0110,Mahika Dara,917901732112,amira63@gmail.com,P0118,Support,Home,2,35996.16,71992.32
O01538,2025-01-05,C0375,Navya Borah,919670094158,blata@gmail.com,P0044,Age,Books,1,29870.75,29870.75
O01538,2025-01-05,C0375,Navya Borah,919670094158,blata@gmail.com,P0396,Someone,Books,1,8750.11,8750.11
O01538,2025-01-05,C0375,Navya Borah,919670094158,blata@gmail.com,P0210,Serious,Grocery,3,35406.15,106218.45
O01538,2025-01-05,C0375,Navya Borah,919670094158,blata@gmail.com,P0388,Develop,Fashion,1,48051.78,48051.78
O01539,2025-01-14,C0366,Manjari Bhagat,917821455871,sherecharvi@gmail.com,P0059,American,Grocery,2,5222.22,10444.44
O01539,2025-01-14,C0366,Manjari Bhagat,917821455871,sherecharvi@gmail.com,P0177,Add,Grocery,3,31507.75,94523.25
O01540,2025-02-17,C0259,Priyansh Kumar,917238445709,aayushluthra@gmail.com,P0254,Main,Books,2,31781.67,63563.34
O01540,2025-02-17,C0259,Priyansh Kumar,917238445709,aayushluthra@gmail.com,P0096,Need,Home,3,5167.74,15503.22
O01540,2025-02-17,C0259,Priyansh Kumar,917238445709,aayushluthra@gmail.com,P0466,Know,Home,2,32070.74,64141.48
O01540,2025-02-17,C0259,Priyansh Kumar,917238445709,aayushluthra@gmail.com,P0197,Wear,Electronics,1,11828.38,11828.38
O01540,2025-02-17,C0259,Priyansh Kumar,917238445709,aayushluthra@gmail.com,P0098,Single,Fashion,2,30136.38,60272.76
O01541,2025-04-06,C0997,Seher Vala,917365638297,kabirdoctor@gmail.com,P0291,Church,Home,3,38797.98,116393.94
O01542,2024-10-04,C0189,Aniruddh Lad,917888338028,baradriya@gmail.com,P0194,Better,Books,1,49657.42,49657.42
O01543,2025-01-13,C0076,Myra Sani,917031759850,shayakghose@gmail.com,P0151,Artist,Home,3,33499.86,100499.58
O01544,2025-03-08,C0552,Dhanush Sehgal,917984313455,reyanshganesan@gmail.com,P0361,Upon,Electronics,2,22373.88,44747.76
O01544,2025-03-08,C0552,Dhanush Sehgal,917984313455,reyanshganesan@gmail.com,P0260,Course,Electronics,3,4260.68,12782.04
O01544,2025-03-08,C0552,Dhanush Sehgal,917984313455,reyanshganesan@gmail.com,P0170,She,Books,3,26961.11,80883.33
O01544,2025-03-08,C0552,Dhanush Sehgal,917984313455,reyanshganesan@gmail.com,P0472,Certainly,Grocery,3,43777.9,131333.7
O01544,2025-03-08,C0552,Dhanush Sehgal,917984313455,reyanshganesan@gmail.com,P0018,Watch,Fashion,2,38945.67,77891.34
O01545,2025-04-24,C0460,Sara Koshy,917335435971,braman@gmail.com,P0065,Gun,Fashion,1,46224.7,46224.7
O01545,2025-04-24,C0460,Sara Koshy,917335435971,braman@gmail.com,P0241,Nation,Electronics,2,42008.14,84016.28
O01545,2025-04-24,C0460,Sara Koshy,917335435971,braman@gmail.com,P0483,Work,Toys,2,8375.29,16750.58
O01545,2025-04-24,C0460,Sara Koshy,917335435971,braman@gmail.com,P0315,Pm,Home,2,6451.23,12902.46
O01546,2025-03-02,C0081,Shray Loyal,917561450578,wadhwabhavin@gmail.com,P0391,Reason,Toys,2,43651.0,87302.0
O01546,2025-03-02,C0081,Shray Loyal,917561450578,wadhwabhavin@gmail.com,P0264,Conference,Home,1,40033.67,40033.67
O01546,2025-03-02,C0081,Shray Loyal,917561450578,wadhwabhavin@gmail.com,P0005,Third,Electronics,3,17555.54,52666.62
O01547,2025-06-08,C0358,Nirvi Luthra,918519877467,pramakrishnan@gmail.com,P0357,Recently,Home,2,8621.08,17242.16
O01548,2024-11-02,C0981,Kaira Deol,916003694115,srivastavamisha@gmail.com,P0357,Recently,Home,1,8621.08,8621.08
O01548,2024-11-02,C0981,Kaira Deol,916003694115,srivastavamisha@gmail.com,P0404,Imagine,Toys,3,46983.13,140949.39
O01548,2024-11-02,C0981,Kaira Deol,916003694115,srivastavamisha@gmail.com,P0101,Decision,Books,2,11437.75,22875.5
O01548,2024-11-02,C0981,Kaira Deol,916003694115,srivastavamisha@gmail.com,P0488,Staff,Electronics,1,19763.51,19763.51
O01548,2024-11-02,C0981,Kaira Deol,916003694115,srivastavamisha@gmail.com,P0401,Reveal,Fashion,2,4209.04,8418.08
O01549,2025-01-16,C0589,Ivana Tripathi,917033943177,jayanbahri@gmail.com,P0013,Give,Electronics,1,2877.19,2877.19
O01549,2025-01-16,C0589,Ivana Tripathi,917033943177,jayanbahri@gmail.com,P0070,Figure,Toys,3,15626.72,46880.16
O01550,2025-04-29,C0566,Armaan Cherian,918303638205,tgill@gmail.com,P0056,Home,Toys,1,710.67,710.67
O01550,2025-04-29,C0566,Armaan Cherian,918303638205,tgill@gmail.com,P0278,Tonight,Electronics,3,20228.38,60685.14
O01550,2025-04-29,C0566,Armaan Cherian,918303638205,tgill@gmail.com,P0387,Take,Electronics,3,37111.49,111334.47
O01551,2025-06-10,C0918,Reyansh Bhardwaj,919533331012,mohanlaluppal@gmail.com,P0102,Forget,Books,2,41702.42,83404.84
O01551,2025-06-10,C0918,Reyansh Bhardwaj,919533331012,mohanlaluppal@gmail.com,P0367,Throw,Toys,2,45671.59,91343.18
O01552,2025-08-16,C0292,Gatik Mahajan,918893340247,tankojas@gmail.com,P0147,Finish,Grocery,1,3515.25,3515.25
O01552,2025-08-16,C0292,Gatik Mahajan,918893340247,tankojas@gmail.com,P0182,Director,Electronics,3,28330.65,84991.95
O01552,2025-08-16,C0292,Gatik Mahajan,918893340247,tankojas@gmail.com,P0057,Carry,Grocery,1,32036.35,32036.35
O01552,2025-08-16,C0292,Gatik Mahajan,918893340247,tankojas@gmail.com,P0183,Shake,Electronics,2,13105.89,26211.78
O01552,2025-08-16,C0292,Gatik Mahajan,918893340247,tankojas@gmail.com,P0033,Smile,Electronics,1,7304.63,7304.63
O01553,2024-12-05,C0248,Aaryahi Bandi,917281348383,kumarneysa@gmail.com,P0188,Seat,Home,1,13140.53,13140.53
O01553,2024-12-05,C0248,Aaryahi Bandi,917281348383,kumarneysa@gmail.com,P0239,Girl,Fashion,2,1403.24,2806.48
O01553,2024-12-05,C0248,Aaryahi Bandi,917281348383,kumarneysa@gmail.com,P0440,Alone,Grocery,2,27504.54,55009.08
O01554,2025-08-20,C0199,Taran Kala,918431127152,mamootydash@gmail.com,P0077,Walk,Books,3,31770.26,95310.78
O01555,2024-11-19,C0236,Anahita Chaudhary,918521516063,saraarya@gmail.com,P0222,Wrong,Fashion,3,16593.23,49779.69
O01555,2024-11-19,C0236,Anahita Chaudhary,918521516063,saraarya@gmail.com,P0173,Fine,Fashion,2,36346.52,72693.04
O01555,2024-11-19,C0236,Anahita Chaudhary,918521516063,saraarya@gmail.com,P0254,Main,Books,1,31781.67,31781.67
O01555,2024-11-19,C0236,Anahita Chaudhary,918521516063,saraarya@gmail.com,P0055,Off,Home,1,9847.69,9847.69
O01556,2025-04-08,C0978,Keya Sachdeva,919539394547,dyaltaimur@gmail.com,P0115,Run,Fashion,3,44401.73,133205.19
O01556,2025-04-08,C0978,Keya Sachdeva,919539394547,dyaltaimur@gmail.com,P0499,Make,Toys,3,22379.08,67137.24
O01556,2025-04-08,C0978,Keya Sachdeva,919539394547,dyaltaimur@gmail.com,P0338,Such,Books,1,38071.08,38071.08
O01557,2025-08-28,C0408,Advik Sundaram,919377510494,krish69@gmail.com,P0298,Bring,Grocery,3,10120.73,30362.19
O01557,2025-08-28,C0408,Advik Sundaram,919377510494,krish69@gmail.com,P0210,Serious,Grocery,2,35406.15,70812.3
O01557,2025-08-28,C0408,Advik Sundaram,919377510494,krish69@gmail.com,P0143,Protect,Toys,3,38572.8,115718.4
O01557,2025-08-28,C0408,Advik Sundaram,919377510494,krish69@gmail.com,P0137,Artist,Toys,2,22076.28,44152.56
O01557,2025-08-28,C0408,Advik Sundaram,919377510494,krish69@gmail.com,P0282,Long,Toys,1,38700.74,38700.74
O01558,2025-06-01,C0924,Vedika Bera,918260940085,rsubramanian@gmail.com,P0214,Measure,Grocery,3,30393.59,91180.77
O01558,2025-06-01,C0924,Vedika Bera,918260940085,rsubramanian@gmail.com,P0390,Hard,Books,3,47047.15,141141.45
O01558,2025-06-01,C0924,Vedika Bera,918260940085,rsubramanian@gmail.com,P0102,Forget,Books,2,41702.42,83404.84
O01558,2025-06-01,C0924,Vedika Bera,918260940085,rsubramanian@gmail.com,P0063,Bad,Home,1,1796.02,1796.02
O01559,2025-01-30,C0386,Aarav Vora,919507469792,ddin@gmail.com,P0109,Sister,Home,2,29170.71,58341.42
O01559,2025-01-30,C0386,Aarav Vora,919507469792,ddin@gmail.com,P0032,Language,Fashion,1,22132.39,22132.39
O01559,2025-01-30,C0386,Aarav Vora,919507469792,ddin@gmail.com,P0002,Big,Books,1,29810.32,29810.32
O01559,2025-01-30,C0386,Aarav Vora,919507469792,ddin@gmail.com,P0500,Sort,Books,3,30616.24,91848.72
O01560,2025-08-20,C0726,Madhup Krishnamurthy,918279055347,pihurajagopal@gmail.com,P0284,Draw,Books,1,9525.56,9525.56
O01560,2025-08-20,C0726,Madhup Krishnamurthy,918279055347,pihurajagopal@gmail.com,P0415,Sign,Electronics,1,37467.77,37467.77
O01561,2025-07-27,C0622,Gatik Karpe,917474077043,qdar@gmail.com,P0300,Return,Electronics,2,10069.79,20139.58
O01561,2025-07-27,C0622,Gatik Karpe,917474077043,qdar@gmail.com,P0127,Single,Books,3,43219.93,129659.79
O01561,2025-07-27,C0622,Gatik Karpe,917474077043,qdar@gmail.com,P0064,White,Electronics,2,29997.92,59995.84
O01561,2025-07-27,C0622,Gatik Karpe,917474077043,qdar@gmail.com,P0192,Even,Books,1,32881.09,32881.09
O01561,2025-07-27,C0622,Gatik Karpe,917474077043,qdar@gmail.com,P0157,Establish,Home,3,159.01,477.03
O01562,2025-08-12,C0497,Pari Gala,918726555199,japte@gmail.com,P0215,Stock,Home,3,12235.32,36705.96
O01563,2025-07-27,C0864,Kartik Deshmukh,918710307467,lmanne@gmail.com,P0176,Young,Grocery,3,30664.46,91993.38
O01564,2024-11-16,C0549,Suhana Kakar,917457685695,qlala@gmail.com,P0238,Fear,Home,2,6342.47,12684.94
O01564,2024-11-16,C0549,Suhana Kakar,917457685695,qlala@gmail.com,P0496,Although,Grocery,3,6446.33,19338.99
O01565,2025-05-25,C0124,Lakshit Halder,918679602627,batramahika@gmail.com,P0106,Agreement,Grocery,2,33426.3,66852.6
O01565,2025-05-25,C0124,Lakshit Halder,918679602627,batramahika@gmail.com,P0104,Choice,Home,3,25936.71,77810.13
O01565,2025-05-25,C0124,Lakshit Halder,918679602627,batramahika@gmail.com,P0099,Machine,Grocery,1,5087.08,5087.08
O01565,2025-05-25,C0124,Lakshit Halder,918679602627,batramahika@gmail.com,P0345,Fund,Fashion,2,28257.12,56514.24
O01565,2025-05-25,C0124,Lakshit Halder,918679602627,batramahika@gmail.com,P0388,Develop,Fashion,2,48051.78,96103.56
O01566,2024-12-08,C0697,Anahi Chowdhury,918161306759,tdani@gmail.com,P0261,Movie,Toys,2,34647.61,69295.22
O01566,2024-12-08,C0697,Anahi Chowdhury,918161306759,tdani@gmail.com,P0465,Tough,Toys,3,38414.53,115243.59
O01566,2024-12-08,C0697,Anahi Chowdhury,918161306759,tdani@gmail.com,P0238,Fear,Home,1,6342.47,6342.47
O01566,2024-12-08,C0697,Anahi Chowdhury,918161306759,tdani@gmail.com,P0267,Activity,Books,3,37125.93,111377.79
O01566,2024-12-08,C0697,Anahi Chowdhury,918161306759,tdani@gmail.com,P0141,Arm,Toys,1,8803.86,8803.86
O01567,2025-02-15,C0160,Anay Halder,919847005429,nitya72@gmail.com,P0199,Employee,Electronics,3,21332.0,63996.0
O01567,2025-02-15,C0160,Anay Halder,919847005429,nitya72@gmail.com,P0284,Draw,Books,2,9525.56,19051.12
O01568,2024-11-24,C0285,Eshani Goyal,917532646255,trama@gmail.com,P0382,Member,Books,3,10297.15,30891.45
O01568,2024-11-24,C0285,Eshani Goyal,917532646255,trama@gmail.com,P0485,Economic,Fashion,1,47504.24,47504.24
O01568,2024-11-24,C0285,Eshani Goyal,917532646255,trama@gmail.com,P0265,Write,Grocery,2,30863.16,61726.32
O01568,2024-11-24,C0285,Eshani Goyal,917532646255,trama@gmail.com,P0248,My,Grocery,3,37715.55,113146.65
O01568,2024-11-24,C0285,Eshani Goyal,917532646255,trama@gmail.com,P0438,Build,Fashion,2,25867.34,51734.68
O01569,2025-04-15,C0851,Urvi Sane,919000062060,aayushbajaj@gmail.com,P0316,Forget,Books,3,10470.32,31410.96
O01569,2025-04-15,C0851,Urvi Sane,919000062060,aayushbajaj@gmail.com,P0293,Money,Grocery,1,486.78,486.78
O01569,2025-04-15,C0851,Urvi Sane,919000062060,aayushbajaj@gmail.com,P0434,Foot,Home,2,5572.57,11145.14
O01570,2024-09-18,C0605,Riya Jha,918654617337,mahikaravel@gmail.com,P0078,Return,Home,3,13869.21,41607.63
O01570,2024-09-18,C0605,Riya Jha,918654617337,mahikaravel@gmail.com,P0115,Run,Fashion,3,44401.73,133205.19
O01570,2024-09-18,C0605,Riya Jha,918654617337,mahikaravel@gmail.com,P0339,Teach,Electronics,3,15732.96,47198.88
O01571,2025-07-31,C0610,Taran Dhar,917055572439,mangalsamar@gmail.com,P0444,Bit,Grocery,2,6982.49,13964.98
O01571,2025-07-31,C0610,Taran Dhar,917055572439,mangalsamar@gmail.com,P0290,Test,Fashion,1,26416.08,26416.08
O01571,2025-07-31,C0610,Taran Dhar,917055572439,mangalsamar@gmail.com,P0202,Least,Grocery,3,30815.56,92446.68
O01572,2024-10-20,C0377,Ishita Tella,918508579618,siya66@gmail.com,P0451,How,Electronics,1,32544.56,32544.56
O01572,2024-10-20,C0377,Ishita Tella,918508579618,siya66@gmail.com,P0111,Forward,Fashion,3,13770.51,41311.53
O01573,2025-06-17,C0712,Amira Arya,918531395617,trishasuresh@gmail.com,P0377,Old,Grocery,3,15509.49,46528.47
O01574,2024-09-20,C0575,Kimaya Yohannan,917363982681,raunakbobal@gmail.com,P0494,Technology,Fashion,3,26389.15,79167.45
O01574,2024-09-20,C0575,Kimaya Yohannan,917363982681,raunakbobal@gmail.com,P0283,Hear,Grocery,1,18807.75,18807.75
O01574,2024-09-20,C0575,Kimaya Yohannan,917363982681,raunakbobal@gmail.com,P0396,Someone,Books,3,8750.11,26250.33
O01575,2024-10-07,C0771,Yuvaan Tank,916853089600,kamdardhruv@gmail.com,P0367,Throw,Toys,1,45671.59,45671.59
O01575,2024-10-07,C0771,Yuvaan Tank,916853089600,kamdardhruv@gmail.com,P0176,Young,Grocery,3,30664.46,91993.38
O01575,2024-10-07,C0771,Yuvaan Tank,916853089600,kamdardhruv@gmail.com,P0452,Gun,Books,3,28509.16,85527.48
O01575,2024-10-07,C0771,Yuvaan Tank,916853089600,kamdardhruv@gmail.com,P0222,Wrong,Fashion,2,16593.23,33186.46
O01575,2024-10-07,C0771,Yuvaan Tank,916853089600,kamdardhruv@gmail.com,P0404,Imagine,Toys,3,46983.13,140949.39
O01576,2024-12-25,C0140,Shlok Mani,919144091093,kthaman@gmail.com,P0287,Environment,Books,1,28596.46,28596.46
O01576,2024-12-25,C0140,Shlok Mani,919144091093,kthaman@gmail.com,P0226,Close,Fashion,3,22025.27,66075.81
O01576,2024-12-25,C0140,Shlok Mani,919144091093,kthaman@gmail.com,P0460,Place,Electronics,3,42204.95,126614.85
O01577,2024-11-14,C0152,Tanya Lall,916549741529,evaraj@gmail.com,P0412,High,Home,2,28978.96,57957.92
O01577,2024-11-14,C0152,Tanya Lall,916549741529,evaraj@gmail.com,P0304,Give,Grocery,3,4472.77,13418.31
O01577,2024-11-14,C0152,Tanya Lall,916549741529,evaraj@gmail.com,P0101,Decision,Books,1,11437.75,11437.75
O01577,2024-11-14,C0152,Tanya Lall,916549741529,evaraj@gmail.com,P0415,Sign,Electronics,1,37467.77,37467.77
O01577,2024-11-14,C0152,Tanya Lall,916549741529,evaraj@gmail.com,P0169,Truth,Home,3,9805.16,29415.48
O01578,2025-06-18,C0805,Darshit Chakraborty,919109803697,bhamini35@gmail.com,P0069,Film,Toys,2,43872.1,87744.2
O01578,2025-06-18,C0805,Darshit Chakraborty,919109803697,bhamini35@gmail.com,P0298,Bring,Grocery,3,10120.73,30362.19
O01578,2025-06-18,C0805,Darshit Chakraborty,919109803697,bhamini35@gmail.com,P0059,American,Grocery,2,5222.22,10444.44
O01579,2025-07-09,C0686,Rasha Bhargava,917289684829,farhan60@gmail.com,P0027,Like,Toys,1,26312.15,26312.15
O01579,2025-07-09,C0686,Rasha Bhargava,917289684829,farhan60@gmail.com,P0206,Other,Home,2,16417.86,32835.72
O01579,2025-07-09,C0686,Rasha Bhargava,917289684829,farhan60@gmail.com,P0101,Decision,Books,3,11437.75,34313.25
O01579,2025-07-09,C0686,Rasha Bhargava,917289684829,farhan60@gmail.com,P0465,Tough,Toys,2,38414.53,76829.06
O01580,2025-03-12,C0518,Miraya Agate,916856413877,zeeshansetty@gmail.com,P0222,Wrong,Fashion,1,16593.23,16593.23
O01580,2025-03-12,C0518,Miraya Agate,916856413877,zeeshansetty@gmail.com,P0224,Each,Fashion,3,595.03,1785.09
O01580,2025-03-12,C0518,Miraya Agate,916856413877,zeeshansetty@gmail.com,P0072,Half,Home,1,30586.09,30586.09
O01580,2025-03-12,C0518,Miraya Agate,916856413877,zeeshansetty@gmail.com,P0176,Young,Grocery,1,30664.46,30664.46
O01580,2025-03-12,C0518,Miraya Agate,916856413877,zeeshansetty@gmail.com,P0355,Put,Electronics,1,48668.56,48668.56
O01581,2024-11-26,C0114,Diya Kade,918226472081,subramaniananahi@gmail.com,P0497,Home,Grocery,1,14070.95,14070.95
O01582,2025-02-07,C0316,Drishya Shere,917110197254,tejas21@gmail.com,P0190,Decision,Electronics,1,31613.49,31613.49
O01582,2025-02-07,C0316,Drishya Shere,917110197254,tejas21@gmail.com,P0074,Read,Home,3,31600.59,94801.77
O01582,2025-02-07,C0316,Drishya Shere,917110197254,tejas21@gmail.com,P0274,Goal,Books,1,36502.79,36502.79
O01582,2025-02-07,C0316,Drishya Shere,917110197254,tejas21@gmail.com,P0222,Wrong,Fashion,2,16593.23,33186.46
O01582,2025-02-07,C0316,Drishya Shere,917110197254,tejas21@gmail.com,P0397,Choice,Home,1,37386.66,37386.66
O01583,2025-01-02,C0567,Jhanvi Bhandari,919207794703,syogi@gmail.com,P0230,Voice,Books,2,12941.39,25882.78
O01583,2025-01-02,C0567,Jhanvi Bhandari,919207794703,syogi@gmail.com,P0059,American,Grocery,3,5222.22,15666.66
O01583,2025-01-02,C0567,Jhanvi Bhandari,919207794703,syogi@gmail.com,P0125,Who,Fashion,3,44975.66,134926.98
O01584,2025-01-26,C0429,Indranil Madan,919693119429,zchawla@gmail.com,P0073,Pull,Grocery,3,29600.94,88802.82
O01585,2024-10-21,C0513,Samar Swaminathan,919974109511,myravenkatesh@gmail.com,P0139,Poor,Toys,1,38016.17,38016.17
O01586,2024-11-11,C0787,Ivan Bandi,917704987677,anahitawali@gmail.com,P0478,Pretty,Toys,3,45214.46,135643.38
O01586,2024-11-11,C0787,Ivan Bandi,917704987677,anahitawali@gmail.com,P0277,Add,Electronics,2,47598.78,95197.56
O01587,2025-05-21,C0184,Priyansh Chakrabarti,919586488505,irabhagat@gmail.com,P0460,Place,Electronics,2,42204.95,84409.9
O01587,2025-05-21,C0184,Priyansh Chakrabarti,919586488505,irabhagat@gmail.com,P0323,By,Books,2,47004.89,94009.78
O01587,2025-05-21,C0184,Priyansh Chakrabarti,919586488505,irabhagat@gmail.com,P0161,Down,Fashion,2,28997.9,57995.8
O01588,2024-12-19,C0592,Nitara Koshy,918783215855,tarini42@gmail.com,P0099,Machine,Grocery,2,5087.08,10174.16
O01588,2024-12-19,C0592,Nitara Koshy,918783215855,tarini42@gmail.com,P0155,Live,Electronics,3,7171.57,21514.71
O01588,2024-12-19,C0592,Nitara Koshy,918783215855,tarini42@gmail.com,P0275,Growth,Fashion,2,40260.94,80521.88
O01589,2025-08-05,C0641,Ayesha Chaudry,919994745824,rashaissac@gmail.com,P0173,Fine,Fashion,3,36346.52,109039.56
O01590,2025-04-14,C0331,Kashvi Chauhan,916345584366,ranbirbiswas@gmail.com,P0136,Method,Grocery,1,2991.68,2991.68
O01591,2025-06-16,C0896,Akarsh Soni,918213061248,balriya@gmail.com,P0033,Smile,Electronics,2,7304.63,14609.26
O01591,2025-06-16,C0896,Akarsh Soni,918213061248,balriya@gmail.com,P0483,Work,Toys,1,8375.29,8375.29
O01591,2025-06-16,C0896,Akarsh Soni,918213061248,balriya@gmail.com,P0450,Make,Home,2,13343.15,26686.3
O01591,2025-06-16,C0896,Akarsh Soni,918213061248,balriya@gmail.com,P0008,Step,Grocery,1,21635.32,21635.32
O01591,2025-06-16,C0896,Akarsh Soni,918213061248,balriya@gmail.com,P0004,Strong,Electronics,2,14763.61,29527.22
O01592,2024-09-15,C0725,Nitara Raj,917085891988,gulatinehmat@gmail.com,P0155,Live,Electronics,3,7171.57,21514.71
O01592,2024-09-15,C0725,Nitara Raj,917085891988,gulatinehmat@gmail.com,P0444,Bit,Grocery,2,6982.49,13964.98
O01592,2024-09-15,C0725,Nitara Raj,917085891988,gulatinehmat@gmail.com,P0085,Worker,Books,3,33183.28,99549.84
O01592,2024-09-15,C0725,Nitara Raj,917085891988,gulatinehmat@gmail.com,P0238,Fear,Home,1,6342.47,6342.47
O01593,2024-10-09,C0264,Jivin Choudhry,919471818936,lankaira@gmail.com,P0344,State,Grocery,1,6188.97,6188.97
O01593,2024-10-09,C0264,Jivin Choudhry,919471818936,lankaira@gmail.com,P0218,Key,Toys,3,25984.1,77952.3
O01594,2025-03-01,C0959,Riya Mann,916951291017,venkateshneelofar@gmail.com,P0123,Real,Electronics,2,3842.47,7684.94
O01594,2025-03-01,C0959,Riya Mann,916951291017,venkateshneelofar@gmail.com,P0152,Marriage,Electronics,1,24420.94,24420.94
O01594,2025-03-01,C0959,Riya Mann,916951291017,venkateshneelofar@gmail.com,P0015,Create,Books,2,29120.31,58240.62
O01594,2025-03-01,C0959,Riya Mann,916951291017,venkateshneelofar@gmail.com,P0372,Prevent,Books,3,13248.28,39744.84
O01594,2025-03-01,C0959,Riya Mann,916951291017,venkateshneelofar@gmail.com,P0355,Put,Electronics,2,48668.56,97337.12
O01595,2025-01-14,C0284,Bhavin Sarna,917764524977,manderahana@gmail.com,P0478,Pretty,Toys,3,45214.46,135643.38
O01596,2025-04-10,C0278,Ritvik Wali,917700829490,nayantara72@gmail.com,P0201,Month,Toys,2,38270.76,76541.52
O01597,2025-02-07,C0766,Drishya Mandal,916411788176,vidur26@gmail.com,P0156,Stage,Books,1,37082.36,37082.36
O01597,2025-02-07,C0766,Drishya Mandal,916411788176,vidur26@gmail.com,P0472,Certainly,Grocery,3,43777.9,131333.7
O01598,2025-02-07,C0661,Nishith Kapoor,919077294444,chiragbail@gmail.com,P0123,Real,Electronics,1,3842.47,3842.47
O01598,2025-02-07,C0661,Nishith Kapoor,919077294444,chiragbail@gmail.com,P0058,Data,Fashion,1,19851.06,19851.06
O01598,2025-02-07,C0661,Nishith Kapoor,919077294444,chiragbail@gmail.com,P0498,Alone,Grocery,1,23027.23,23027.23
O01599,2025-03-05,C0131,Zaina Kumar,919698382544,sarafmiraan@gmail.com,P0127,Single,Books,1,43219.93,43219.93
O01599,2025-03-05,C0131,Zaina Kumar,919698382544,sarafmiraan@gmail.com,P0053,Time,Home,1,28738.91,28738.91
O01599,2025-03-05,C0131,Zaina Kumar,919698382544,sarafmiraan@gmail.com,P0141,Arm,Toys,1,8803.86,8803.86
O01600,2024-09-10,C0300,Hrishita Sant,919391347913,bhavin40@gmail.com,P0005,Third,Electronics,3,17555.54,52666.62
O01600,2024-09-10,C0300,Hrishita Sant,919391347913,bhavin40@gmail.com,P0067,Ten,Books,3,22515.47,67546.41
O01600,2024-09-10,C0300,Hrishita Sant,919391347913,bhavin40@gmail.com,P0480,Each,Fashion,1,34183.23,34183.23
O01600,2024-09-10,C0300,Hrishita Sant,919391347913,bhavin40@gmail.com,P0209,Analysis,Books,1,25876.61,25876.61
O01600,2024-09-10,C0300,Hrishita Sant,919391347913,bhavin40@gmail.com,P0488,Staff,Electronics,1,19763.51,19763.51
O01601,2025-04-14,C0601,Misha Karnik,918234772816,mehul28@gmail.com,P0043,Case,Fashion,1,31823.55,31823.55
O01601,2025-04-14,C0601,Misha Karnik,918234772816,mehul28@gmail.com,P0019,Such,Fashion,3,14547.49,43642.47
O01602,2024-12-07,C0914,Ela Kurian,918099394790,aarav14@gmail.com,P0284,Draw,Books,1,9525.56,9525.56
O01602,2024-12-07,C0914,Ela Kurian,918099394790,aarav14@gmail.com,P0017,Establish,Grocery,2,1885.0,3770.0
O01602,2024-12-07,C0914,Ela Kurian,918099394790,aarav14@gmail.com,P0192,Even,Books,2,32881.09,65762.18
O01603,2025-05-30,C0186,Hrishita Bora,919911424905,hanshsama@gmail.com,P0486,Garden,Fashion,3,3392.63,10177.89
O01603,2025-05-30,C0186,Hrishita Bora,919911424905,hanshsama@gmail.com,P0451,How,Electronics,1,32544.56,32544.56
O01603,2025-05-30,C0186,Hrishita Bora,919911424905,hanshsama@gmail.com,P0063,Bad,Home,3,1796.02,5388.06
O01603,2025-05-30,C0186,Hrishita Bora,919911424905,hanshsama@gmail.com,P0253,Himself,Toys,3,28859.07,86577.21
O01604,2025-06-22,C0068,Vedika Gokhale,917657793975,gulatisuhana@gmail.com,P0017,Establish,Grocery,2,1885.0,3770.0
O01604,2025-06-22,C0068,Vedika Gokhale,917657793975,gulatisuhana@gmail.com,P0140,State,Grocery,1,28789.71,28789.71
O01604,2025-06-22,C0068,Vedika Gokhale,917657793975,gulatisuhana@gmail.com,P0481,Test,Fashion,1,19065.63,19065.63
O01604,2025-06-22,C0068,Vedika Gokhale,917657793975,gulatisuhana@gmail.com,P0392,Book,Home,3,11405.72,34217.16
O01604,2025-06-22,C0068,Vedika Gokhale,917657793975,gulatisuhana@gmail.com,P0269,Speech,Books,2,34902.62,69805.24
O01605,2025-07-22,C0553,Jayant Saraf,917681710348,onkar40@gmail.com,P0257,Hot,Grocery,3,17886.49,53659.47
O01605,2025-07-22,C0553,Jayant Saraf,917681710348,onkar40@gmail.com,P0414,Material,Home,3,29478.81,88436.43
O01605,2025-07-22,C0553,Jayant Saraf,917681710348,onkar40@gmail.com,P0239,Girl,Fashion,2,1403.24,2806.48
O01606,2025-06-16,C0786,Shray Saini,919919511261,irayadav@gmail.com,P0046,Around,Books,2,33731.27,67462.54
O01607,2025-09-01,C0808,Anahi Divan,918383141837,majumdarmiraan@gmail.com,P0050,Relationship,Books,1,48838.18,48838.18
O01607,2025-09-01,C0808,Anahi Divan,918383141837,majumdarmiraan@gmail.com,P0058,Data,Fashion,2,19851.06,39702.12
O01608,2025-07-12,C0662,Mannat Vora,919474829723,kalakismat@gmail.com,P0179,Change,Fashion,2,15898.63,31797.26
O01609,2024-09-28,C0115,Onkar Butala,917098253265,rdivan@gmail.com,P0352,Decade,Grocery,1,22564.59,22564.59
O01609,2024-09-28,C0115,Onkar Butala,917098253265,rdivan@gmail.com,P0408,Billion,Home,3,30060.41,90181.23
O01609,2024-09-28,C0115,Onkar Butala,917098253265,rdivan@gmail.com,P0140,State,Grocery,1,28789.71,28789.71
O01610,2024-12-02,C0494,Reyansh Bhakta,916087986654,tarini62@gmail.com,P0104,Choice,Home,1,25936.71,25936.71
O01610,2024-12-02,C0494,Reyansh Bhakta,916087986654,tarini62@gmail.com,P0014,Top,Toys,1,46778.4,46778.4
O01610,2024-12-02,C0494,Reyansh Bhakta,916087986654,tarini62@gmail.com,P0343,Our,Electronics,1,36254.41,36254.41
O01610,2024-12-02,C0494,Reyansh Bhakta,916087986654,tarini62@gmail.com,P0083,Tell,Toys,3,34146.63,102439.89
O01610,2024-12-02,C0494,Reyansh Bhakta,916087986654,tarini62@gmail.com,P0033,Smile,Electronics,1,7304.63,7304.63
O01611,2024-10-07,C0421,Seher Wali,918097643395,ojasratti@gmail.com,P0473,Feeling,Fashion,3,6741.82,20225.46
O01611,2024-10-07,C0421,Seher Wali,918097643395,ojasratti@gmail.com,P0218,Key,Toys,3,25984.1,77952.3
O01612,2025-02-01,C0144,Aarush Sarraf,919467621276,saksham58@gmail.com,P0496,Although,Grocery,3,6446.33,19338.99
O01613,2025-04-17,C0176,Ehsaan Golla,917214513167,jbhatti@gmail.com,P0404,Imagine,Toys,3,46983.13,140949.39
O01613,2025-04-17,C0176,Ehsaan Golla,917214513167,jbhatti@gmail.com,P0331,Line,Fashion,3,39780.07,119340.21
O01613,2025-04-17,C0176,Ehsaan Golla,917214513167,jbhatti@gmail.com,P0108,Onto,Toys,3,30794.61,92383.83
O01613,2025-04-17,C0176,Ehsaan Golla,917214513167,jbhatti@gmail.com,P0175,Require,Electronics,3,10713.49,32140.47
O01613,2025-04-17,C0176,Ehsaan Golla,917214513167,jbhatti@gmail.com,P0069,Film,Toys,2,43872.1,87744.2
O01614,2025-03-02,C0809,Raghav Sha,917389512004,ivanbanik@gmail.com,P0015,Create,Books,3,29120.31,87360.93
O01614,2025-03-02,C0809,Raghav Sha,917389512004,ivanbanik@gmail.com,P0451,How,Electronics,1,32544.56,32544.56
O01614,2025-03-02,C0809,Raghav Sha,917389512004,ivanbanik@gmail.com,P0396,Someone,Books,3,8750.11,26250.33
O01615,2025-06-12,C0669,Tarini Sarin,916439025726,esankaran@gmail.com,P0401,Reveal,Fashion,2,4209.04,8418.08
O01616,2025-04-08,C0980,Eva Chatterjee,918762206775,rravel@gmail.com,P0499,Make,Toys,2,22379.08,44758.16
O01617,2024-09-20,C0937,Ranbir Dewan,917825744640,prerakkulkarni@gmail.com,P0398,North,Home,2,42310.86,84621.72
O01618,2025-01-14,C0508,Shalv Choudhry,917998888504,ybhasin@gmail.com,P0428,Land,Grocery,2,36183.78,72367.56
O01618,2025-01-14,C0508,Shalv Choudhry,917998888504,ybhasin@gmail.com,P0369,Region,Books,1,29719.67,29719.67
O01618,2025-01-14,C0508,Shalv Choudhry,917998888504,ybhasin@gmail.com,P0152,Marriage,Electronics,3,24420.94,73262.82
O01618,2025-01-14,C0508,Shalv Choudhry,917998888504,ybhasin@gmail.com,P0475,At,Toys,1,35943.68,35943.68
O01618,2025-01-14,C0508,Shalv Choudhry,917998888504,ybhasin@gmail.com,P0124,The,Electronics,3,38646.03,115938.09
O01619,2025-08-23,C0485,Mahika Seshadri,919317516767,ramareyansh@gmail.com,P0346,Manage,Electronics,1,13256.96,13256.96
O01619,2025-08-23,C0485,Mahika Seshadri,919317516767,ramareyansh@gmail.com,P0265,Write,Grocery,2,30863.16,61726.32
O01620,2024-12-11,C0936,Ahana  Dave,918511383930,voradivij@gmail.com,P0354,Among,Electronics,3,42154.64,126463.92
O01621,2025-03-09,C0914,Ela Kurian,918099394790,aarav14@gmail.com,P0438,Build,Fashion,3,25867.34,77602.02
O01621,2025-03-09,C0914,Ela Kurian,918099394790,aarav14@gmail.com,P0077,Walk,Books,3,31770.26,95310.78
O01621,2025-03-09,C0914,Ela Kurian,918099394790,aarav14@gmail.com,P0159,Total,Toys,3,16887.31,50661.93
O01622,2024-09-25,C0062,Saanvi Vasa,918517343536,wmalhotra@gmail.com,P0497,Home,Grocery,2,14070.95,28141.9
O01622,2024-09-25,C0062,Saanvi Vasa,918517343536,wmalhotra@gmail.com,P0103,Green,Fashion,1,43879.19,43879.19
O01623,2025-08-03,C0941,Anya Rao,916457562694,rsrivastava@gmail.com,P0034,Begin,Home,3,23453.17,70359.51
O01623,2025-08-03,C0941,Anya Rao,916457562694,rsrivastava@gmail.com,P0129,Trip,Grocery,1,26497.65,26497.65
O01624,2024-09-19,C0499,Nitya Gara,918847172730,kalaemir@gmail.com,P0336,Need,Electronics,2,24340.15,48680.3
O01624,2024-09-19,C0499,Nitya Gara,918847172730,kalaemir@gmail.com,P0268,Very,Electronics,3,49631.1,148893.3
O01625,2024-12-21,C0812,Shanaya Rama,919932258973,dhanuk33@gmail.com,P0394,Strategy,Fashion,2,24240.67,48481.34
O01625,2024-12-21,C0812,Shanaya Rama,919932258973,dhanuk33@gmail.com,P0397,Choice,Home,3,37386.66,112159.98
O01626,2025-07-22,C0396,Samiha Magar,916967364919,farhan72@gmail.com,P0287,Environment,Books,3,28596.46,85789.38
O01626,2025-07-22,C0396,Samiha Magar,916967364919,farhan72@gmail.com,P0323,By,Books,3,47004.89,141014.67
O01627,2025-07-30,C0136,Divij Rastogi,917895317896,onkar65@gmail.com,P0339,Teach,Electronics,3,15732.96,47198.88
O01627,2025-07-30,C0136,Divij Rastogi,917895317896,onkar65@gmail.com,P0139,Poor,Toys,2,38016.17,76032.34
O01627,2025-07-30,C0136,Divij Rastogi,917895317896,onkar65@gmail.com,P0397,Choice,Home,3,37386.66,112159.98
O01627,2025-07-30,C0136,Divij Rastogi,917895317896,onkar65@gmail.com,P0407,Town,Grocery,1,15477.24,15477.24
O01627,2025-07-30,C0136,Divij Rastogi,917895317896,onkar65@gmail.com,P0133,Course,Home,2,25607.5,51215.0
O01628,2024-10-02,C0498,Samaira Sampath,917277305277,rameshadvika@gmail.com,P0084,Entire,Fashion,2,24969.67,49939.34
O01628,2024-10-02,C0498,Samaira Sampath,917277305277,rameshadvika@gmail.com,P0346,Manage,Electronics,3,13256.96,39770.88
O01628,2024-10-02,C0498,Samaira Sampath,917277305277,rameshadvika@gmail.com,P0217,Building,Fashion,1,43359.09,43359.09
O01629,2024-11-27,C0512,Zeeshan Ramanathan,919457055939,vmani@gmail.com,P0463,Enough,Books,3,8622.35,25867.05
O01629,2024-11-27,C0512,Zeeshan Ramanathan,919457055939,vmani@gmail.com,P0262,The,Home,1,17889.61,17889.61
O01629,2024-11-27,C0512,Zeeshan Ramanathan,919457055939,vmani@gmail.com,P0399,Edge,Grocery,2,8358.74,16717.48
O01629,2024-11-27,C0512,Zeeshan Ramanathan,919457055939,vmani@gmail.com,P0234,Pay,Fashion,3,31655.12,94965.36
O01630,2025-04-17,C0319,Nitara Handa,916704927775,chanderanvi@gmail.com,P0155,Live,Electronics,1,7171.57,7171.57
O01630,2025-04-17,C0319,Nitara Handa,916704927775,chanderanvi@gmail.com,P0200,But,Home,3,13941.44,41824.32
O01631,2025-09-04,C0877,Prisha Edwin,918406265392,nitara42@gmail.com,P0051,Child,Home,3,907.17,2721.51
O01631,2025-09-04,C0877,Prisha Edwin,918406265392,nitara42@gmail.com,P0104,Choice,Home,1,25936.71,25936.71
O01631,2025-09-04,C0877,Prisha Edwin,918406265392,nitara42@gmail.com,P0053,Time,Home,1,28738.91,28738.91
O01631,2025-09-04,C0877,Prisha Edwin,918406265392,nitara42@gmail.com,P0086,Summer,Grocery,2,45414.18,90828.36
O01631,2025-09-04,C0877,Prisha Edwin,918406265392,nitara42@gmail.com,P0036,Consumer,Books,1,24513.98,24513.98
O01632,2025-01-01,C0419,Navya Krishnan,917892026133,sankarjivika@gmail.com,P0208,Wide,Books,1,45993.95,45993.95
O01633,2025-06-24,C0711,Hunar Kashyap,918700429646,kartikchakraborty@gmail.com,P0450,Make,Home,2,13343.15,26686.3
O01633,2025-06-24,C0711,Hunar Kashyap,918700429646,kartikchakraborty@gmail.com,P0064,White,Electronics,3,29997.92,89993.76
O01633,2025-06-24,C0711,Hunar Kashyap,918700429646,kartikchakraborty@gmail.com,P0196,Someone,Fashion,1,31927.62,31927.62
O01633,2025-06-24,C0711,Hunar Kashyap,918700429646,kartikchakraborty@gmail.com,P0026,Mouth,Toys,1,13404.03,13404.03
O01633,2025-06-24,C0711,Hunar Kashyap,918700429646,kartikchakraborty@gmail.com,P0066,Quite,Fashion,1,40944.42,40944.42
O01634,2025-03-23,C0106,Kaira Ghosh,918355116974,sumershanker@gmail.com,P0191,Again,Electronics,2,4114.1,8228.2
O01634,2025-03-23,C0106,Kaira Ghosh,918355116974,sumershanker@gmail.com,P0396,Someone,Books,2,8750.11,17500.22
O01634,2025-03-23,C0106,Kaira Ghosh,918355116974,sumershanker@gmail.com,P0458,South,Grocery,2,30814.65,61629.3
O01635,2025-08-12,C0732,Aaina Kar,916590403064,ccontractor@gmail.com,P0032,Language,Fashion,1,22132.39,22132.39
O01635,2025-08-12,C0732,Aaina Kar,916590403064,ccontractor@gmail.com,P0009,They,Home,2,32134.95,64269.9
O01635,2025-08-12,C0732,Aaina Kar,916590403064,ccontractor@gmail.com,P0003,Cell,Electronics,1,48147.23,48147.23
O01636,2024-09-19,C0014,Arhaan Bora,919389198464,indrajitchandran@gmail.com,P0344,State,Grocery,3,6188.97,18566.91
O01636,2024-09-19,C0014,Arhaan Bora,919389198464,indrajitchandran@gmail.com,P0368,Theory,Books,2,28749.17,57498.34
O01637,2024-11-20,C0888,Vidur Maharaj,916093186480,gsubramanian@gmail.com,P0266,Relate,Fashion,1,24933.26,24933.26
O01637,2024-11-20,C0888,Vidur Maharaj,916093186480,gsubramanian@gmail.com,P0497,Home,Grocery,2,14070.95,28141.9
O01638,2025-09-04,C0071,Samiha Sankar,918586944539,keyachaudhry@gmail.com,P0323,By,Books,3,47004.89,141014.67
O01638,2025-09-04,C0071,Samiha Sankar,918586944539,keyachaudhry@gmail.com,P0197,Wear,Electronics,1,11828.38,11828.38
O01638,2025-09-04,C0071,Samiha Sankar,918586944539,keyachaudhry@gmail.com,P0060,Some,Books,3,25955.43,77866.29
O01638,2025-09-04,C0071,Samiha Sankar,918586944539,keyachaudhry@gmail.com,P0434,Foot,Home,3,5572.57,16717.71
O01639,2025-02-16,C0593,Anahita Ramachandran,917254589760,emir60@gmail.com,P0290,Test,Fashion,3,26416.08,79248.24
O01639,2025-02-16,C0593,Anahita Ramachandran,917254589760,emir60@gmail.com,P0270,Drug,Electronics,2,11052.9,22105.8
O01639,2025-02-16,C0593,Anahita Ramachandran,917254589760,emir60@gmail.com,P0478,Pretty,Toys,3,45214.46,135643.38
O01639,2025-02-16,C0593,Anahita Ramachandran,917254589760,emir60@gmail.com,P0100,Dinner,Books,1,7336.08,7336.08
O01640,2025-03-23,C0920,Inaaya  Vaidya,918766148931,raydhanush@gmail.com,P0287,Environment,Books,1,28596.46,28596.46
O01641,2025-08-10,C0780,Saanvi Dey,916529368989,aaina97@gmail.com,P0116,Mr,Fashion,3,7183.89,21551.67
O01641,2025-08-10,C0780,Saanvi Dey,916529368989,aaina97@gmail.com,P0388,Develop,Fashion,3,48051.78,144155.34
O01641,2025-08-10,C0780,Saanvi Dey,916529368989,aaina97@gmail.com,P0207,Hope,Books,3,31811.6,95434.8
O01641,2025-08-10,C0780,Saanvi Dey,916529368989,aaina97@gmail.com,P0490,They,Home,2,2217.14,4434.28
O01642,2024-12-27,C0149,Seher Bora,919527476525,ckar@gmail.com,P0347,Newspaper,Fashion,2,48533.81,97067.62
O01642,2024-12-27,C0149,Seher Bora,919527476525,ckar@gmail.com,P0166,Interesting,Grocery,2,4704.45,9408.9
O01643,2024-11-24,C0601,Misha Karnik,918234772816,mehul28@gmail.com,P0241,Nation,Electronics,1,42008.14,42008.14
O01643,2024-11-24,C0601,Misha Karnik,918234772816,mehul28@gmail.com,P0119,Capital,Toys,3,23790.55,71371.65
O01643,2024-11-24,C0601,Misha Karnik,918234772816,mehul28@gmail.com,P0283,Hear,Grocery,3,18807.75,56423.25
O01644,2025-02-04,C0550,Nayantara Ranganathan,918776253775,hrishitasoman@gmail.com,P0158,They,Grocery,2,747.56,1495.12
O01644,2025-02-04,C0550,Nayantara Ranganathan,918776253775,hrishitasoman@gmail.com,P0454,Later,Fashion,2,39383.95,78767.9
O01644,2025-02-04,C0550,Nayantara Ranganathan,918776253775,hrishitasoman@gmail.com,P0282,Long,Toys,2,38700.74,77401.48
O01644,2025-02-04,C0550,Nayantara Ranganathan,918776253775,hrishitasoman@gmail.com,P0380,Go,Electronics,1,8354.83,8354.83
O01645,2024-09-23,C0416,Zeeshan Ratti,916884163070,dkashyap@gmail.com,P0138,Purpose,Grocery,3,2234.54,6703.62
O01646,2025-08-17,C0140,Shlok Mani,919144091093,kthaman@gmail.com,P0048,Probably,Toys,2,15969.26,31938.52
O01647,2025-08-18,C0208,Kimaya Cherian,917222996653,madhuphegde@gmail.com,P0310,Data,Toys,1,32555.16,32555.16
O01647,2025-08-18,C0208,Kimaya Cherian,917222996653,madhuphegde@gmail.com,P0116,Mr,Fashion,3,7183.89,21551.67
O01647,2025-08-18,C0208,Kimaya Cherian,917222996653,madhuphegde@gmail.com,P0481,Test,Fashion,2,19065.63,38131.26
O01647,2025-08-18,C0208,Kimaya Cherian,917222996653,madhuphegde@gmail.com,P0458,South,Grocery,1,30814.65,30814.65
O01647,2025-08-18,C0208,Kimaya Cherian,917222996653,madhuphegde@gmail.com,P0039,Home,Grocery,2,24312.94,48625.88
O01648,2025-07-27,C0818,Stuvan Bhakta,918917637289,nirvaantaneja@gmail.com,P0206,Other,Home,1,16417.86,16417.86
O01648,2025-07-27,C0818,Stuvan Bhakta,918917637289,nirvaantaneja@gmail.com,P0166,Interesting,Grocery,3,4704.45,14113.35
O01649,2024-10-26,C0858,Arhaan Sarna,916433200697,tmahajan@gmail.com,P0372,Prevent,Books,3,13248.28,39744.84
O01649,2024-10-26,C0858,Arhaan Sarna,916433200697,tmahajan@gmail.com,P0260,Course,Electronics,3,4260.68,12782.04
O01649,2024-10-26,C0858,Arhaan Sarna,916433200697,tmahajan@gmail.com,P0068,Work,Electronics,3,14521.52,43564.56
O01649,2024-10-26,C0858,Arhaan Sarna,916433200697,tmahajan@gmail.com,P0199,Employee,Electronics,1,21332.0,21332.0
O01649,2024-10-26,C0858,Arhaan Sarna,916433200697,tmahajan@gmail.com,P0287,Environment,Books,2,28596.46,57192.92
O01650,2025-07-28,C0339,Saira Borra,918421437504,rattaaradhya@gmail.com,P0373,Especially,Electronics,2,6461.93,12923.86
O01651,2025-06-06,C0992,Diya Datta,916424414023,goswaminehmat@gmail.com,P0029,Technology,Grocery,1,1746.82,1746.82
O01652,2025-05-07,C0013,Aaryahi Luthra,918399396603,othakur@gmail.com,P0435,Leader,Home,2,47966.92,95933.84
O01652,2025-05-07,C0013,Aaryahi Luthra,918399396603,othakur@gmail.com,P0070,Figure,Toys,2,15626.72,31253.44
O01652,2025-05-07,C0013,Aaryahi Luthra,918399396603,othakur@gmail.com,P0084,Entire,Fashion,2,24969.67,49939.34
O01653,2024-12-16,C0450,Mamooty Sahota,919427816326,zghose@gmail.com,P0167,Growth,Fashion,2,9807.77,19615.54
O01654,2025-04-28,C0969,Umang Tara,916128797071,mammencharvi@gmail.com,P0226,Close,Fashion,1,22025.27,22025.27
O01655,2024-11-11,C0030,Navya Thakkar,918207468421,mannat98@gmail.com,P0143,Protect,Toys,2,38572.8,77145.6
O01655,2024-11-11,C0030,Navya Thakkar,918207468421,mannat98@gmail.com,P0218,Key,Toys,3,25984.1,77952.3
O01655,2024-11-11,C0030,Navya Thakkar,918207468421,mannat98@gmail.com,P0261,Movie,Toys,1,34647.61,34647.61
O01655,2024-11-11,C0030,Navya Thakkar,918207468421,mannat98@gmail.com,P0076,Gas,Grocery,3,33745.05,101235.15
O01656,2025-07-13,C0884,Divyansh Ganguly,919884378277,kadetrisha@gmail.com,P0179,Change,Fashion,2,15898.63,31797.26
O01656,2025-07-13,C0884,Divyansh Ganguly,919884378277,kadetrisha@gmail.com,P0013,Give,Electronics,1,2877.19,2877.19
O01656,2025-07-13,C0884,Divyansh Ganguly,919884378277,kadetrisha@gmail.com,P0086,Summer,Grocery,1,45414.18,45414.18
O01657,2025-07-09,C0578,Hrishita Kakar,919856220294,kaulinaaya@gmail.com,P0083,Tell,Toys,2,34146.63,68293.26
O01657,2025-07-09,C0578,Hrishita Kakar,919856220294,kaulinaaya@gmail.com,P0367,Throw,Toys,1,45671.59,45671.59
O01657,2025-07-09,C0578,Hrishita Kakar,919856220294,kaulinaaya@gmail.com,P0160,Since,Toys,2,41383.45,82766.9
O01657,2025-07-09,C0578,Hrishita Kakar,919856220294,kaulinaaya@gmail.com,P0019,Such,Fashion,2,14547.49,29094.98
O01658,2024-12-13,C0657,Rohan Mallick,917630865037,hborra@gmail.com,P0375,Much,Electronics,3,11084.88,33254.64
O01659,2025-01-17,C0304,Nishith Talwar,919973185051,mbava@gmail.com,P0470,Manage,Electronics,2,6525.32,13050.64
O01659,2025-01-17,C0304,Nishith Talwar,919973185051,mbava@gmail.com,P0300,Return,Electronics,2,10069.79,20139.58
O01659,2025-01-17,C0304,Nishith Talwar,919973185051,mbava@gmail.com,P0307,Much,Fashion,2,27744.18,55488.36
O01659,2025-01-17,C0304,Nishith Talwar,919973185051,mbava@gmail.com,P0046,Around,Books,2,33731.27,67462.54
O01659,2025-01-17,C0304,Nishith Talwar,919973185051,mbava@gmail.com,P0025,Ground,Electronics,3,32682.8,98048.4
O01660,2024-12-26,C0056,Vardaniya Halder,918215998940,grewalritvik@gmail.com,P0283,Hear,Grocery,1,18807.75,18807.75
O01660,2024-12-26,C0056,Vardaniya Halder,918215998940,grewalritvik@gmail.com,P0041,Tend,Toys,3,6624.75,19874.25
O01661,2024-11-24,C0288,Baiju Kulkarni,919947129773,charmannat@gmail.com,P0230,Voice,Books,2,12941.39,25882.78
O01661,2024-11-24,C0288,Baiju Kulkarni,919947129773,charmannat@gmail.com,P0260,Course,Electronics,3,4260.68,12782.04
O01661,2024-11-24,C0288,Baiju Kulkarni,919947129773,charmannat@gmail.com,P0355,Put,Electronics,1,48668.56,48668.56
O01661,2024-11-24,C0288,Baiju Kulkarni,919947129773,charmannat@gmail.com,P0436,I,Fashion,1,17907.21,17907.21
O01661,2024-11-24,C0288,Baiju Kulkarni,919947129773,charmannat@gmail.com,P0049,Education,Fashion,3,33685.14,101055.42
O01662,2024-11-26,C0548,Tarini Chandra,919622941365,indrans64@gmail.com,P0184,Service,Grocery,2,40592.32,81184.64
O01662,2024-11-26,C0548,Tarini Chandra,919622941365,indrans64@gmail.com,P0214,Measure,Grocery,3,30393.59,91180.77
O01662,2024-11-26,C0548,Tarini Chandra,919622941365,indrans64@gmail.com,P0234,Pay,Fashion,1,31655.12,31655.12
O01662,2024-11-26,C0548,Tarini Chandra,919622941365,indrans64@gmail.com,P0351,Play,Home,2,16869.29,33738.58
O01662,2024-11-26,C0548,Tarini Chandra,919622941365,indrans64@gmail.com,P0120,Able,Books,1,37572.81,37572.81
O01663,2024-12-19,C0437,Samarth Soman,916505668320,suranitya@gmail.com,P0222,Wrong,Fashion,1,16593.23,16593.23
O01663,2024-12-19,C0437,Samarth Soman,916505668320,suranitya@gmail.com,P0132,Fear,Books,1,16953.1,16953.1
O01663,2024-12-19,C0437,Samarth Soman,916505668320,suranitya@gmail.com,P0227,Behavior,Electronics,3,36013.96,108041.88
O01663,2024-12-19,C0437,Samarth Soman,916505668320,suranitya@gmail.com,P0143,Protect,Toys,2,38572.8,77145.6
O01663,2024-12-19,C0437,Samarth Soman,916505668320,suranitya@gmail.com,P0197,Wear,Electronics,1,11828.38,11828.38
O01664,2025-07-29,C0579,Trisha Kakar,918643122839,dsuri@gmail.com,P0370,Stand,Books,3,47131.46,141394.38
O01664,2025-07-29,C0579,Trisha Kakar,918643122839,dsuri@gmail.com,P0376,Political,Books,2,42513.81,85027.62
O01664,2025-07-29,C0579,Trisha Kakar,918643122839,dsuri@gmail.com,P0293,Money,Grocery,3,486.78,1460.34
O01664,2025-07-29,C0579,Trisha Kakar,918643122839,dsuri@gmail.com,P0251,Check,Books,3,13197.73,39593.19
O01664,2025-07-29,C0579,Trisha Kakar,918643122839,dsuri@gmail.com,P0055,Off,Home,3,9847.69,29543.07
O01665,2025-01-23,C0498,Samaira Sampath,917277305277,rameshadvika@gmail.com,P0379,Without,Electronics,3,13525.07,40575.21
O01665,2025-01-23,C0498,Samaira Sampath,917277305277,rameshadvika@gmail.com,P0217,Building,Fashion,3,43359.09,130077.27
O01665,2025-01-23,C0498,Samaira Sampath,917277305277,rameshadvika@gmail.com,P0318,Partner,Home,1,15284.42,15284.42
O01665,2025-01-23,C0498,Samaira Sampath,917277305277,rameshadvika@gmail.com,P0035,Almost,Electronics,2,44323.81,88647.62
O01665,2025-01-23,C0498,Samaira Sampath,917277305277,rameshadvika@gmail.com,P0491,Gun,Home,1,14220.38,14220.38
O01666,2024-11-05,C0658,Arhaan Chatterjee,919530436527,shuklaamira@gmail.com,P0243,Although,Electronics,1,39529.4,39529.4
O01666,2024-11-05,C0658,Arhaan Chatterjee,919530436527,shuklaamira@gmail.com,P0432,Employee,Electronics,2,21473.93,42947.86
O01666,2024-11-05,C0658,Arhaan Chatterjee,919530436527,shuklaamira@gmail.com,P0448,My,Toys,2,7511.41,15022.82
O01666,2024-11-05,C0658,Arhaan Chatterjee,919530436527,shuklaamira@gmail.com,P0044,Age,Books,3,29870.75,89612.25
O01667,2025-02-26,C0255,Yuvaan Kant,917194963712,raghavbarad@gmail.com,P0071,Next,Toys,2,31890.26,63780.52
O01668,2024-09-13,C0607,Fateh Setty,919017844973,jguha@gmail.com,P0313,Condition,Toys,2,36907.6,73815.2
O01668,2024-09-13,C0607,Fateh Setty,919017844973,jguha@gmail.com,P0285,Play,Fashion,1,49168.83,49168.83
O01668,2024-09-13,C0607,Fateh Setty,919017844973,jguha@gmail.com,P0282,Long,Toys,3,38700.74,116102.22
O01668,2024-09-13,C0607,Fateh Setty,919017844973,jguha@gmail.com,P0254,Main,Books,2,31781.67,63563.34
O01668,2024-09-13,C0607,Fateh Setty,919017844973,jguha@gmail.com,P0449,Start,Books,3,31877.19,95631.57
O01669,2024-12-22,C0791,Alia Lad,919479026561,chirag61@gmail.com,P0400,However,Toys,2,24051.41,48102.82
O01669,2024-12-22,C0791,Alia Lad,919479026561,chirag61@gmail.com,P0384,Market,Grocery,1,30276.68,30276.68
O01669,2024-12-22,C0791,Alia Lad,919479026561,chirag61@gmail.com,P0340,Activity,Fashion,2,47305.7,94611.4
O01669,2024-12-22,C0791,Alia Lad,919479026561,chirag61@gmail.com,P0019,Such,Fashion,3,14547.49,43642.47
O01670,2024-09-27,C0436,Bhamini Dave,919627382707,amani10@gmail.com,P0156,Stage,Books,3,37082.36,111247.08
O01670,2024-09-27,C0436,Bhamini Dave,919627382707,amani10@gmail.com,P0373,Especially,Electronics,2,6461.93,12923.86
O01670,2024-09-27,C0436,Bhamini Dave,919627382707,amani10@gmail.com,P0105,Provide,Electronics,1,1634.46,1634.46
O01670,2024-09-27,C0436,Bhamini Dave,919627382707,amani10@gmail.com,P0328,Born,Home,2,7635.87,15271.74
O01670,2024-09-27,C0436,Bhamini Dave,919627382707,amani10@gmail.com,P0178,Alone,Electronics,1,6742.5,6742.5
O01671,2025-08-19,C0916,Prisha Srivastava,918048043007,divyansh88@gmail.com,P0178,Alone,Electronics,3,6742.5,20227.5
O01671,2025-08-19,C0916,Prisha Srivastava,918048043007,divyansh88@gmail.com,P0272,Maybe,Toys,3,47951.54,143854.62
O01672,2024-09-16,C0336,Kiaan Raju,916808844764,rramakrishnan@gmail.com,P0268,Very,Electronics,1,49631.1,49631.1
O01672,2024-09-16,C0336,Kiaan Raju,916808844764,rramakrishnan@gmail.com,P0189,Take,Books,2,21117.14,42234.28
O01672,2024-09-16,C0336,Kiaan Raju,916808844764,rramakrishnan@gmail.com,P0142,Cause,Home,1,42626.52,42626.52
O01673,2025-07-22,C0378,Kashvi Bhatti,917963681847,cshere@gmail.com,P0238,Fear,Home,2,6342.47,12684.94
O01673,2025-07-22,C0378,Kashvi Bhatti,917963681847,cshere@gmail.com,P0035,Almost,Electronics,1,44323.81,44323.81
O01673,2025-07-22,C0378,Kashvi Bhatti,917963681847,cshere@gmail.com,P0393,Bill,Home,3,20161.69,60485.07
O01674,2025-03-13,C0584,Inaaya  Banerjee,918146951806,trisha93@gmail.com,P0279,Kid,Fashion,2,22978.31,45956.62
O01674,2025-03-13,C0584,Inaaya  Banerjee,918146951806,trisha93@gmail.com,P0464,National,Toys,1,39575.17,39575.17
O01675,2024-11-06,C0778,Manikya Shah,919462703592,balamanikya@gmail.com,P0095,Four,Grocery,1,43421.39,43421.39
O01676,2025-01-28,C0202,Ivan Vaidya,917551358488,umangraman@gmail.com,P0114,Office,Toys,3,11898.15,35694.45
O01676,2025-01-28,C0202,Ivan Vaidya,917551358488,umangraman@gmail.com,P0453,Official,Grocery,1,34440.96,34440.96
O01676,2025-01-28,C0202,Ivan Vaidya,917551358488,umangraman@gmail.com,P0224,Each,Fashion,2,595.03,1190.06
O01677,2025-01-13,C0194,Hazel Gopal,918974250454,aarnachaudhari@gmail.com,P0109,Sister,Home,1,29170.71,29170.71
O01677,2025-01-13,C0194,Hazel Gopal,918974250454,aarnachaudhari@gmail.com,P0449,Start,Books,2,31877.19,63754.38
O01677,2025-01-13,C0194,Hazel Gopal,918974250454,aarnachaudhari@gmail.com,P0391,Reason,Toys,2,43651.0,87302.0
O01677,2025-01-13,C0194,Hazel Gopal,918974250454,aarnachaudhari@gmail.com,P0200,But,Home,3,13941.44,41824.32
O01677,2025-01-13,C0194,Hazel Gopal,918974250454,aarnachaudhari@gmail.com,P0387,Take,Electronics,2,37111.49,74222.98
O01678,2025-04-04,C0898,Ahana  Ravel,917814893922,bwable@gmail.com,P0463,Enough,Books,1,8622.35,8622.35
O01678,2025-04-04,C0898,Ahana  Ravel,917814893922,bwable@gmail.com,P0431,Huge,Grocery,3,3972.53,11917.59
O01679,2024-12-18,C0612,Amira Gala,917792247873,vjohal@gmail.com,P0040,Practice,Home,1,27945.65,27945.65
O01679,2024-12-18,C0612,Amira Gala,917792247873,vjohal@gmail.com,P0109,Sister,Home,1,29170.71,29170.71
O01679,2024-12-18,C0612,Amira Gala,917792247873,vjohal@gmail.com,P0435,Leader,Home,3,47966.92,143900.76
O01679,2024-12-18,C0612,Amira Gala,917792247873,vjohal@gmail.com,P0223,Free,Electronics,2,8128.12,16256.24
O01679,2024-12-18,C0612,Amira Gala,917792247873,vjohal@gmail.com,P0287,Environment,Books,1,28596.46,28596.46
O01680,2025-04-01,C0576,Gatik Mani,916951975831,elakshibhagat@gmail.com,P0408,Billion,Home,3,30060.41,90181.23
O01681,2025-05-05,C0191,Khushi Dhillon,916187088697,prisha13@gmail.com,P0212,Expect,Grocery,2,24638.09,49276.18
O01681,2025-05-05,C0191,Khushi Dhillon,916187088697,prisha13@gmail.com,P0409,Ever,Fashion,2,48069.69,96139.38
O01681,2025-05-05,C0191,Khushi Dhillon,916187088697,prisha13@gmail.com,P0437,Card,Fashion,2,16672.54,33345.08
O01681,2025-05-05,C0191,Khushi Dhillon,916187088697,prisha13@gmail.com,P0300,Return,Electronics,3,10069.79,30209.37
O01681,2025-05-05,C0191,Khushi Dhillon,916187088697,prisha13@gmail.com,P0252,Democrat,Home,2,27839.73,55679.46
O01682,2024-10-06,C0539,Elakshi Trivedi,919995382635,vigarmaan@gmail.com,P0053,Time,Home,2,28738.91,57477.82
O01682,2024-10-06,C0539,Elakshi Trivedi,919995382635,vigarmaan@gmail.com,P0228,World,Home,2,42687.6,85375.2
O01683,2025-01-19,C0935,Neysa Bobal,916844858404,raumehul@gmail.com,P0303,Doctor,Books,2,45811.55,91623.1
O01683,2025-01-19,C0935,Neysa Bobal,916844858404,raumehul@gmail.com,P0362,Thank,Fashion,2,18203.86,36407.72
O01683,2025-01-19,C0935,Neysa Bobal,916844858404,raumehul@gmail.com,P0205,Low,Books,3,3894.6,11683.8
O01683,2025-01-19,C0935,Neysa Bobal,916844858404,raumehul@gmail.com,P0043,Case,Fashion,3,31823.55,95470.65
O01684,2024-12-13,C0874,Darshit Kothari,918003187709,jayaramangokul@gmail.com,P0361,Upon,Electronics,1,22373.88,22373.88
O01684,2024-12-13,C0874,Darshit Kothari,918003187709,jayaramangokul@gmail.com,P0273,Score,Grocery,1,36008.68,36008.68
O01685,2024-09-24,C0596,Mahika Shah,917457869300,inaaya-issac@gmail.com,P0129,Trip,Grocery,2,26497.65,52995.3
O01685,2024-09-24,C0596,Mahika Shah,917457869300,inaaya-issac@gmail.com,P0408,Billion,Home,1,30060.41,30060.41
O01685,2024-09-24,C0596,Mahika Shah,917457869300,inaaya-issac@gmail.com,P0087,Hotel,Fashion,3,2608.49,7825.47
O01686,2024-12-12,C0697,Anahi Chowdhury,918161306759,tdani@gmail.com,P0417,Here,Electronics,3,48161.82,144485.46
O01686,2024-12-12,C0697,Anahi Chowdhury,918161306759,tdani@gmail.com,P0231,Reality,Toys,1,36040.9,36040.9
O01951,2024-12-15,C0592,Nitara Koshy,918783215855,tarini42@gmail.com,P0003,Cell,Electronics,2,48147.23,96294.46
O01952,2024-10-31,C0503,Ayesha Dayal,916015078495,sanishayak@gmail.com,P0078,Return,Home,1,13869.21,13869.21
O01952,2024-10-31,C0503,Ayesha Dayal,916015078495,sanishayak@gmail.com,P0364,Owner,Home,1,28432.83,28432.83
O01952,2024-10-31,C0503,Ayesha Dayal,916015078495,sanishayak@gmail.com,P0111,Forward,Fashion,3,13770.51,41311.53
O01952,2024-10-31,C0503,Ayesha Dayal,916015078495,sanishayak@gmail.com,P0261,Movie,Toys,1,34647.61,34647.61
O01953,2025-05-11,C0898,Ahana  Ravel,917814893922,bwable@gmail.com,P0194,Better,Books,1,49657.42,49657.42
O01954,2025-01-18,C0998,Diya Shroff,916161942174,gborra@gmail.com,P0183,Shake,Electronics,3,13105.89,39317.67
O01954,2025-01-18,C0998,Diya Shroff,916161942174,gborra@gmail.com,P0170,She,Books,3,26961.11,80883.33
O01954,2025-01-18,C0998,Diya Shroff,916161942174,gborra@gmail.com,P0118,Support,Home,3,35996.16,107988.48
O01954,2025-01-18,C0998,Diya Shroff,916161942174,gborra@gmail.com,P0450,Make,Home,2,13343.15,26686.3
O01954,2025-01-18,C0998,Diya Shroff,916161942174,gborra@gmail.com,P0220,Car,Grocery,2,15563.77,31127.54
O01955,2024-12-23,C0139,Ayesha Sane,918019536103,gatik91@gmail.com,P0203,Fund,Fashion,3,11474.77,34424.31
O01956,2024-11-11,C0515,Amani Dugal,916684118400,aaryahibatra@gmail.com,P0252,Democrat,Home,1,27839.73,27839.73
O01956,2024-11-11,C0515,Amani Dugal,916684118400,aaryahibatra@gmail.com,P0152,Marriage,Electronics,1,24420.94,24420.94
O01957,2025-07-15,C0748,Indrans Kumer,916877139402,kantabram@gmail.com,P0142,Cause,Home,1,42626.52,42626.52
O01957,2025-07-15,C0748,Indrans Kumer,916877139402,kantabram@gmail.com,P0136,Method,Grocery,3,2991.68,8975.04
O01957,2025-07-15,C0748,Indrans Kumer,916877139402,kantabram@gmail.com,P0482,Prove,Fashion,2,36394.17,72788.34
O01958,2024-12-10,C0564,Renee Salvi,918688199534,htara@gmail.com,P0488,Staff,Electronics,1,19763.51,19763.51
O01958,2024-12-10,C0564,Renee Salvi,918688199534,htara@gmail.com,P0297,Interview,Home,3,39804.91,119414.73
O01959,2025-02-19,C0105,Kismat Sharaf,916047849925,kashvisodhi@gmail.com,P0499,Make,Toys,2,22379.08,44758.16
O01960,2025-03-20,C0942,Indrajit Shere,918442475310,dsibal@gmail.com,P0064,White,Electronics,1,29997.92,29997.92
O01960,2025-03-20,C0942,Indrajit Shere,918442475310,dsibal@gmail.com,P0164,Day,Electronics,2,9669.61,19339.22
O01960,2025-03-20,C0942,Indrajit Shere,918442475310,dsibal@gmail.com,P0111,Forward,Fashion,3,13770.51,41311.53
O01961,2025-03-12,C0905,Anaya Dube,919230635111,krout@gmail.com,P0370,Stand,Books,3,47131.46,141394.38
O01961,2025-03-12,C0905,Anaya Dube,919230635111,krout@gmail.com,P0258,Member,Grocery,1,48965.17,48965.17
O01961,2025-03-12,C0905,Anaya Dube,919230635111,krout@gmail.com,P0143,Protect,Toys,3,38572.8,115718.4
O01961,2025-03-12,C0905,Anaya Dube,919230635111,krout@gmail.com,P0110,May,Toys,3,41735.28,125205.84
O01962,2025-05-17,C0289,Dhanuk Mangat,916373098623,divansaanvi@gmail.com,P0161,Down,Fashion,1,28997.9,28997.9
O01963,2025-02-10,C0768,Kanav Desai,916464628154,chakrabortydarshit@gmail.com,P0164,Day,Electronics,2,9669.61,19339.22
O01963,2025-02-10,C0768,Kanav Desai,916464628154,chakrabortydarshit@gmail.com,P0049,Education,Fashion,1,33685.14,33685.14
O01964,2025-06-28,C0954,Yasmin Das,916560395395,himmatchacko@gmail.com,P0192,Even,Books,3,32881.09,98643.27
O01964,2025-06-28,C0954,Yasmin Das,916560395395,himmatchacko@gmail.com,P0068,Work,Electronics,1,14521.52,14521.52
O01965,2025-03-22,C0442,Indrans Sarma,918997701440,alia83@gmail.com,P0438,Build,Fashion,1,25867.34,25867.34
O01965,2025-03-22,C0442,Indrans Sarma,918997701440,alia83@gmail.com,P0486,Garden,Fashion,3,3392.63,10177.89
O01965,2025-03-22,C0442,Indrans Sarma,918997701440,alia83@gmail.com,P0233,Resource,Home,2,5535.26,11070.52
O01966,2024-10-25,C0451,Charvi Savant,918186412470,banikhazel@gmail.com,P0099,Machine,Grocery,1,5087.08,5087.08
O01966,2024-10-25,C0451,Charvi Savant,918186412470,banikhazel@gmail.com,P0398,North,Home,2,42310.86,84621.72
O01966,2024-10-25,C0451,Charvi Savant,918186412470,banikhazel@gmail.com,P0414,Material,Home,1,29478.81,29478.81
O01966,2024-10-25,C0451,Charvi Savant,918186412470,banikhazel@gmail.com,P0223,Free,Electronics,2,8128.12,16256.24
O01967,2025-08-13,C0880,Ritvik Anne,917511062444,salvinirvaan@gmail.com,P0037,Hundred,Books,1,36049.73,36049.73
O01967,2025-08-13,C0880,Ritvik Anne,917511062444,salvinirvaan@gmail.com,P0008,Step,Grocery,3,21635.32,64905.96
O01967,2025-08-13,C0880,Ritvik Anne,917511062444,salvinirvaan@gmail.com,P0263,Because,Fashion,3,6202.41,18607.23
O01968,2025-02-02,C0352,Vedika Dave,916811219612,maharajkaira@gmail.com,P0121,Listen,Toys,2,22992.5,45985.0
O01969,2025-06-18,C0830,Baiju Kade,916883345042,saksham67@gmail.com,P0215,Stock,Home,3,12235.32,36705.96
O01969,2025-06-18,C0830,Baiju Kade,916883345042,saksham67@gmail.com,P0086,Summer,Grocery,3,45414.18,136242.54
O01969,2025-06-18,C0830,Baiju Kade,916883345042,saksham67@gmail.com,P0128,West,Electronics,3,14179.39,42538.17
O01969,2025-06-18,C0830,Baiju Kade,916883345042,saksham67@gmail.com,P0333,Type,Grocery,2,5203.19,10406.38
O01969,2025-06-18,C0830,Baiju Kade,916883345042,saksham67@gmail.com,P0057,Carry,Grocery,3,32036.35,96109.05
O01970,2024-10-03,C0372,Taran Thakur,919392619780,pchanda@gmail.com,P0205,Low,Books,1,3894.6,3894.6
O01970,2024-10-03,C0372,Taran Thakur,919392619780,pchanda@gmail.com,P0168,Soon,Fashion,1,16016.13,16016.13
O01970,2024-10-03,C0372,Taran Thakur,919392619780,pchanda@gmail.com,P0428,Land,Grocery,2,36183.78,72367.56
O01970,2024-10-03,C0372,Taran Thakur,919392619780,pchanda@gmail.com,P0228,World,Home,3,42687.6,128062.8
O01971,2025-07-16,C0658,Arhaan Chatterjee,919530436527,shuklaamira@gmail.com,P0069,Film,Toys,2,43872.1,87744.2
O01972,2025-01-09,C0814,Lagan Iyengar,918630661465,wallashray@gmail.com,P0134,Against,Home,1,34667.28,34667.28
O01972,2025-01-09,C0814,Lagan Iyengar,918630661465,wallashray@gmail.com,P0084,Entire,Fashion,2,24969.67,49939.34
O01972,2025-01-09,C0814,Lagan Iyengar,918630661465,wallashray@gmail.com,P0361,Upon,Electronics,2,22373.88,44747.76
O01973,2024-10-21,C0328,Anaya Kala,918259925350,kotaaarush@gmail.com,P0059,American,Grocery,3,5222.22,15666.66
O01973,2024-10-21,C0328,Anaya Kala,918259925350,kotaaarush@gmail.com,P0142,Cause,Home,1,42626.52,42626.52
O01973,2024-10-21,C0328,Anaya Kala,918259925350,kotaaarush@gmail.com,P0272,Maybe,Toys,1,47951.54,47951.54
O01974,2025-01-04,C0949,Yuvaan Lala,917858308368,saravohra@gmail.com,P0355,Put,Electronics,3,48668.56,146005.68
O01974,2025-01-04,C0949,Yuvaan Lala,917858308368,saravohra@gmail.com,P0085,Worker,Books,2,33183.28,66366.56
O01974,2025-01-04,C0949,Yuvaan Lala,917858308368,saravohra@gmail.com,P0053,Time,Home,3,28738.91,86216.73
O01974,2025-01-04,C0949,Yuvaan Lala,917858308368,saravohra@gmail.com,P0351,Play,Home,3,16869.29,50607.87
O01974,2025-01-04,C0949,Yuvaan Lala,917858308368,saravohra@gmail.com,P0493,Would,Toys,2,26066.08,52132.16
O01975,2025-04-22,C0266,Bhavin Sibal,918199515990,adah84@gmail.com,P0476,Matter,Books,2,635.14,1270.28
O01975,2025-04-22,C0266,Bhavin Sibal,918199515990,adah84@gmail.com,P0094,Foot,Electronics,1,39141.36,39141.36
O01975,2025-04-22,C0266,Bhavin Sibal,918199515990,adah84@gmail.com,P0325,Sell,Home,3,8305.03,24915.09
O01976,2024-12-28,C0132,Ivan Aggarwal,919928929423,anaya55@gmail.com,P0114,Office,Toys,3,11898.15,35694.45
O01976,2024-12-28,C0132,Ivan Aggarwal,919928929423,anaya55@gmail.com,P0013,Give,Electronics,1,2877.19,2877.19
O01976,2024-12-28,C0132,Ivan Aggarwal,919928929423,anaya55@gmail.com,P0247,Difficult,Books,3,41823.06,125469.18
O01976,2024-12-28,C0132,Ivan Aggarwal,919928929423,anaya55@gmail.com,P0433,Friend,Electronics,1,38386.31,38386.31
O01976,2024-12-28,C0132,Ivan Aggarwal,919928929423,anaya55@gmail.com,P0287,Environment,Books,3,28596.46,85789.38
O01977,2025-02-02,C0039,Raghav Kapur,917221905285,akarsh40@gmail.com,P0415,Sign,Electronics,2,37467.77,74935.54
O01977,2025-02-02,C0039,Raghav Kapur,917221905285,akarsh40@gmail.com,P0392,Book,Home,1,11405.72,11405.72
O01977,2025-02-02,C0039,Raghav Kapur,917221905285,akarsh40@gmail.com,P0274,Goal,Books,3,36502.79,109508.37
O01977,2025-02-02,C0039,Raghav Kapur,917221905285,akarsh40@gmail.com,P0312,Hour,Home,1,26966.28,26966.28
O01978,2024-10-27,C0196,Mannat Borah,916720868686,anvi78@gmail.com,P0286,Practice,Fashion,1,34386.6,34386.6
O01978,2024-10-27,C0196,Mannat Borah,916720868686,anvi78@gmail.com,P0125,Who,Fashion,2,44975.66,89951.32
O01979,2024-11-22,C0645,Ira Rajagopal,916775948767,smahal@gmail.com,P0109,Sister,Home,3,29170.71,87512.13
O01980,2025-03-15,C0340,Zara Zacharia,919186068480,gmallick@gmail.com,P0030,Opportunity,Toys,2,12911.03,25822.06
O01980,2025-03-15,C0340,Zara Zacharia,919186068480,gmallick@gmail.com,P0417,Here,Electronics,2,48161.82,96323.64
O01980,2025-03-15,C0340,Zara Zacharia,919186068480,gmallick@gmail.com,P0452,Gun,Books,3,28509.16,85527.48
O01980,2025-03-15,C0340,Zara Zacharia,919186068480,gmallick@gmail.com,P0245,Later,Fashion,3,34444.1,103332.3
O01980,2025-03-15,C0340,Zara Zacharia,919186068480,gmallick@gmail.com,P0228,World,Home,1,42687.6,42687.6
O01981,2025-02-03,C0047,Ishita Choudhry,919790009200,vaidyavanya@gmail.com,P0418,Health,Toys,1,11635.18,11635.18
O01981,2025-02-03,C0047,Ishita Choudhry,919790009200,vaidyavanya@gmail.com,P0455,Court,Electronics,2,24246.4,48492.8
O01981,2025-02-03,C0047,Ishita Choudhry,919790009200,vaidyavanya@gmail.com,P0302,Example,Grocery,3,17949.9,53849.7
O01982,2025-02-18,C0553,Jayant Saraf,917681710348,onkar40@gmail.com,P0252,Democrat,Home,1,27839.73,27839.73
O01982,2025-02-18,C0553,Jayant Saraf,917681710348,onkar40@gmail.com,P0491,Gun,Home,3,14220.38,42661.14
O01982,2025-02-18,C0553,Jayant Saraf,917681710348,onkar40@gmail.com,P0313,Condition,Toys,1,36907.6,36907.6
O01982,2025-02-18,C0553,Jayant Saraf,917681710348,onkar40@gmail.com,P0309,Represent,Electronics,2,4996.03,9992.06
O01983,2025-01-10,C0609,Parinaaz Deo,916371738916,uhanda@gmail.com,P0035,Almost,Electronics,2,44323.81,88647.62
O01983,2025-01-10,C0609,Parinaaz Deo,916371738916,uhanda@gmail.com,P0418,Health,Toys,1,11635.18,11635.18
O01983,2025-01-10,C0609,Parinaaz Deo,916371738916,uhanda@gmail.com,P0480,Each,Fashion,3,34183.23,102549.69
O01983,2025-01-10,C0609,Parinaaz Deo,916371738916,uhanda@gmail.com,P0118,Support,Home,1,35996.16,35996.16
O01983,2025-01-10,C0609,Parinaaz Deo,916371738916,uhanda@gmail.com,P0344,State,Grocery,2,6188.97,12377.94
O01984,2025-04-15,C0467,Aarav Soman,916310180352,ggoel@gmail.com,P0289,Well,Grocery,3,4903.97,14711.91
O01984,2025-04-15,C0467,Aarav Soman,916310180352,ggoel@gmail.com,P0083,Tell,Toys,1,34146.63,34146.63
O01984,2025-04-15,C0467,Aarav Soman,916310180352,ggoel@gmail.com,P0150,Carry,Electronics,2,48970.24,97940.48
O01984,2025-04-15,C0467,Aarav Soman,916310180352,ggoel@gmail.com,P0092,Tell,Home,1,40584.21,40584.21
O01984,2025-04-15,C0467,Aarav Soman,916310180352,ggoel@gmail.com,P0243,Although,Electronics,3,39529.4,118588.2
O01985,2025-08-16,C0301,Vanya Walla,917984437597,ira27@gmail.com,P0050,Relationship,Books,3,48838.18,146514.54
O01985,2025-08-16,C0301,Vanya Walla,917984437597,ira27@gmail.com,P0101,Decision,Books,2,11437.75,22875.5
O01985,2025-08-16,C0301,Vanya Walla,917984437597,ira27@gmail.com,P0112,So,Fashion,2,7126.45,14252.9
O01986,2025-02-08,C0198,Miraya Ram,918888396948,tara35@gmail.com,P0105,Provide,Electronics,2,1634.46,3268.92
O01986,2025-02-08,C0198,Miraya Ram,918888396948,tara35@gmail.com,P0361,Upon,Electronics,2,22373.88,44747.76
O01987,2025-05-29,C0040,Sahil Babu,917512860750,ckhanna@gmail.com,P0199,Employee,Electronics,2,21332.0,42664.0
O01987,2025-05-29,C0040,Sahil Babu,917512860750,ckhanna@gmail.com,P0362,Thank,Fashion,1,18203.86,18203.86
O01987,2025-05-29,C0040,Sahil Babu,917512860750,ckhanna@gmail.com,P0343,Our,Electronics,3,36254.41,108763.23
O01988,2025-07-06,C0462,Vaibhav Sami,916521575213,abram91@gmail.com,P0338,Such,Books,2,38071.08,76142.16
O01989,2024-11-12,C0351,Yuvaan Dube,918258261985,sekhonzara@gmail.com,P0496,Although,Grocery,1,6446.33,6446.33
O01989,2024-11-12,C0351,Yuvaan Dube,918258261985,sekhonzara@gmail.com,P0477,Executive,Home,3,40796.04,122388.12
O01990,2024-12-02,C0244,Shaan Soman,917953129485,uchad@gmail.com,P0192,Even,Books,3,32881.09,98643.27
O01990,2024-12-02,C0244,Shaan Soman,917953129485,uchad@gmail.com,P0416,Hot,Fashion,2,2188.07,4376.14
O01990,2024-12-02,C0244,Shaan Soman,917953129485,uchad@gmail.com,P0446,Personal,Home,1,42866.03,42866.03
O01990,2024-12-02,C0244,Shaan Soman,917953129485,uchad@gmail.com,P0122,Girl,Grocery,1,25630.56,25630.56
O01991,2025-02-12,C0579,Trisha Kakar,918643122839,dsuri@gmail.com,P0205,Low,Books,3,3894.6,11683.8
O01992,2025-08-19,C0616,Eva Din,916867189997,jtak@gmail.com,P0386,Thus,Toys,1,26873.03,26873.03
O01992,2025-08-19,C0616,Eva Din,916867189997,jtak@gmail.com,P0258,Member,Grocery,1,48965.17,48965.17
O01993,2024-09-24,C0800,Saanvi Bumb,916168255649,dhanuk23@gmail.com,P0342,Throughout,Fashion,2,11727.32,23454.64
O01994,2025-08-03,C0745,Vivaan Majumdar,918180795324,romilzachariah@gmail.com,P0498,Alone,Grocery,2,23027.23,46054.46
O01994,2025-08-03,C0745,Vivaan Majumdar,918180795324,romilzachariah@gmail.com,P0213,Perhaps,Books,3,17118.78,51356.34
O01994,2025-08-03,C0745,Vivaan Majumdar,918180795324,romilzachariah@gmail.com,P0461,Five,Grocery,2,16984.87,33969.74
O01994,2025-08-03,C0745,Vivaan Majumdar,918180795324,romilzachariah@gmail.com,P0075,Maybe,Grocery,3,6414.07,19242.21
O01994,2025-08-03,C0745,Vivaan Majumdar,918180795324,romilzachariah@gmail.com,P0217,Building,Fashion,1,43359.09,43359.09
O01995,2025-03-26,C0536,Akarsh Date,916397760309,faiyaz17@gmail.com,P0322,Plant,Fashion,3,37337.54,112012.62
O01995,2025-03-26,C0536,Akarsh Date,916397760309,faiyaz17@gmail.com,P0027,Like,Toys,3,26312.15,78936.45
O01996,2025-05-27,C0640,Gokul Ratta,916918104039,riaandin@gmail.com,P0228,World,Home,3,42687.6,128062.8
O01996,2025-05-27,C0640,Gokul Ratta,916918104039,riaandin@gmail.com,P0208,Wide,Books,3,45993.95,137981.85
O01996,2025-05-27,C0640,Gokul Ratta,916918104039,riaandin@gmail.com,P0306,Wall,Home,3,44948.53,134845.59
O01996,2025-05-27,C0640,Gokul Ratta,916918104039,riaandin@gmail.com,P0269,Speech,Books,1,34902.62,34902.62
O01996,2025-05-27,C0640,Gokul Ratta,916918104039,riaandin@gmail.com,P0307,Much,Fashion,3,27744.18,83232.54
O01997,2024-12-24,C0136,Divij Rastogi,917895317896,onkar65@gmail.com,P0247,Difficult,Books,1,41823.06,41823.06
O01997,2024-12-24,C0136,Divij Rastogi,917895317896,onkar65@gmail.com,P0190,Decision,Electronics,2,31613.49,63226.98
O01997,2024-12-24,C0136,Divij Rastogi,917895317896,onkar65@gmail.com,P0021,Yourself,Fashion,1,8698.02,8698.02
O01997,2024-12-24,C0136,Divij Rastogi,917895317896,onkar65@gmail.com,P0442,Line,Grocery,2,48049.73,96099.46
O01998,2025-02-19,C0960,Vanya Dara,918762930038,mohanlal85@gmail.com,P0235,Ball,Electronics,2,36018.57,72037.14
O01998,2025-02-19,C0960,Vanya Dara,918762930038,mohanlal85@gmail.com,P0210,Serious,Grocery,3,35406.15,106218.45
O01998,2025-02-19,C0960,Vanya Dara,918762930038,mohanlal85@gmail.com,P0491,Gun,Home,3,14220.38,42661.14
O01998,2025-02-19,C0960,Vanya Dara,918762930038,mohanlal85@gmail.com,P0478,Pretty,Toys,3,45214.46,135643.38
O01999,2024-12-22,C0066,Amira Ravel,917776272851,aayushshan@gmail.com,P0263,Because,Fashion,2,6202.41,12404.82
O01999,2024-12-22,C0066,Amira Ravel,917776272851,aayushshan@gmail.com,P0490,They,Home,1,2217.14,2217.14
O01999,2024-12-22,C0066,Amira Ravel,917776272851,aayushshan@gmail.com,P0047,Become,Toys,3,18552.11,55656.33
O01999,2024-12-22,C0066,Amira Ravel,917776272851,aayushshan@gmail.com,P0228,World,Home,2,42687.6,85375.2
O02000,2024-10-24,C0063,Yasmin Mangal,917530467806,nayantara23@gmail.com,P0036,Consumer,Books,3,24513.98,73541.94
O02000,2024-10-24,C0063,Yasmin Mangal,917530467806,nayantara23@gmail.com,P0255,Born,Books,3,22491.06,67473.18
O02000,2024-10-24,C0063,Yasmin Mangal,917530467806,nayantara23@gmail.com,P0193,Whole,Home,1,2379.84,2379.84
O02000,2024-10-24,C0063,Yasmin Mangal,917530467806,nayantara23@gmail.com,P0286,Practice,Fashion,1,34386.6,34386.6
O02000,2024-10-24,C0063,Yasmin Mangal,917530467806,nayantara23@gmail.com,P0435,Leader,Home,1,47966.92,47966.92
O01888,2025-07-23,C0849,Anvi Badal,919609700817,vkhalsa@gmail.com,P0374,Defense,Toys,2,35723.66,71447.32
O01889,2024-12-25,C0758,Anahi Balay,916566186935,bshankar@gmail.com,P0005,Third,Electronics,1,17555.54,17555.54
O01889,2024-12-25,C0758,Anahi Balay,916566186935,bshankar@gmail.com,P0353,Evidence,Books,1,12904.16,12904.16
O01889,2024-12-25,C0758,Anahi Balay,916566186935,bshankar@gmail.com,P0313,Condition,Toys,3,36907.6,110722.8
O01889,2024-12-25,C0758,Anahi Balay,916566186935,bshankar@gmail.com,P0446,Personal,Home,2,42866.03,85732.06
O01889,2024-12-25,C0758,Anahi Balay,916566186935,bshankar@gmail.com,P0437,Card,Fashion,2,16672.54,33345.08
O01890,2024-12-25,C0425,Tanya Rajagopal,919833496956,kuruvillaayesha@gmail.com,P0406,Until,Fashion,1,35664.69,35664.69
O01890,2024-12-25,C0425,Tanya Rajagopal,919833496956,kuruvillaayesha@gmail.com,P0384,Market,Grocery,3,30276.68,90830.04
O01890,2024-12-25,C0425,Tanya Rajagopal,919833496956,kuruvillaayesha@gmail.com,P0038,School,Grocery,2,13156.01,26312.02
O01890,2024-12-25,C0425,Tanya Rajagopal,919833496956,kuruvillaayesha@gmail.com,P0085,Worker,Books,3,33183.28,99549.84
O01891,2024-10-24,C0361,Dhruv Apte,917595173283,wbajwa@gmail.com,P0164,Day,Electronics,3,9669.61,29008.83
O01891,2024-10-24,C0361,Dhruv Apte,917595173283,wbajwa@gmail.com,P0208,Wide,Books,3,45993.95,137981.85
O01891,2024-10-24,C0361,Dhruv Apte,917595173283,wbajwa@gmail.com,P0022,Husband,Electronics,1,33123.51,33123.51
O01892,2025-08-20,C0182,Fateh Krishna,917898231524,vsolanki@gmail.com,P0188,Seat,Home,2,13140.53,26281.06
O01892,2025-08-20,C0182,Fateh Krishna,917898231524,vsolanki@gmail.com,P0184,Service,Grocery,3,40592.32,121776.96
O01892,2025-08-20,C0182,Fateh Krishna,917898231524,vsolanki@gmail.com,P0061,Much,Books,2,42843.58,85687.16
O01892,2025-08-20,C0182,Fateh Krishna,917898231524,vsolanki@gmail.com,P0235,Ball,Electronics,2,36018.57,72037.14
O01892,2025-08-20,C0182,Fateh Krishna,917898231524,vsolanki@gmail.com,P0200,But,Home,2,13941.44,27882.88
O01893,2025-06-28,C0339,Saira Borra,918421437504,rattaaradhya@gmail.com,P0500,Sort,Books,1,30616.24,30616.24
O01893,2025-06-28,C0339,Saira Borra,918421437504,rattaaradhya@gmail.com,P0496,Although,Grocery,3,6446.33,19338.99
O01893,2025-06-28,C0339,Saira Borra,918421437504,rattaaradhya@gmail.com,P0205,Low,Books,1,3894.6,3894.6
O01894,2024-09-21,C0525,Azad Wali,918127745497,stuvanben@gmail.com,P0153,Dark,Electronics,2,47262.3,94524.6
O01894,2024-09-21,C0525,Azad Wali,918127745497,stuvanben@gmail.com,P0186,Environment,Fashion,2,39743.81,79487.62
O01894,2024-09-21,C0525,Azad Wali,918127745497,stuvanben@gmail.com,P0125,Who,Fashion,3,44975.66,134926.98
O01894,2024-09-21,C0525,Azad Wali,918127745497,stuvanben@gmail.com,P0058,Data,Fashion,2,19851.06,39702.12
O01894,2024-09-21,C0525,Azad Wali,918127745497,stuvanben@gmail.com,P0034,Begin,Home,1,23453.17,23453.17
O01895,2025-02-09,C0006,Manikya Bala,917061787922,bosemanjari@gmail.com,P0481,Test,Fashion,3,19065.63,57196.89
O01896,2025-07-04,C0503,Ayesha Dayal,916015078495,sanishayak@gmail.com,P0227,Behavior,Electronics,1,36013.96,36013.96
O01896,2025-07-04,C0503,Ayesha Dayal,916015078495,sanishayak@gmail.com,P0328,Born,Home,2,7635.87,15271.74
O01897,2025-01-13,C0911,Vihaan Kadakia,917116799759,fiyer@gmail.com,P0011,Task,Electronics,3,12639.93,37919.79
O01898,2024-10-21,C0299,Kaira Chahal,916432609777,hunar45@gmail.com,P0133,Course,Home,3,25607.5,76822.5
O01898,2024-10-21,C0299,Kaira Chahal,916432609777,hunar45@gmail.com,P0025,Ground,Electronics,2,32682.8,65365.6
O01898,2024-10-21,C0299,Kaira Chahal,916432609777,hunar45@gmail.com,P0320,Sort,Fashion,1,1924.24,1924.24
O01899,2025-02-03,C0090,Rohan Suresh,917512525425,vbir@gmail.com,P0285,Play,Fashion,3,49168.83,147506.49
O01899,2025-02-03,C0090,Rohan Suresh,917512525425,vbir@gmail.com,P0303,Doctor,Books,3,45811.55,137434.65
O01899,2025-02-03,C0090,Rohan Suresh,917512525425,vbir@gmail.com,P0263,Because,Fashion,3,6202.41,18607.23
O01899,2025-02-03,C0090,Rohan Suresh,917512525425,vbir@gmail.com,P0445,Debate,Electronics,1,39696.35,39696.35
O01899,2025-02-03,C0090,Rohan Suresh,917512525425,vbir@gmail.com,P0371,Writer,Grocery,3,15840.23,47520.69
O01900,2025-03-13,C0106,Kaira Ghosh,918355116974,sumershanker@gmail.com,P0355,Put,Electronics,3,48668.56,146005.68
O01900,2025-03-13,C0106,Kaira Ghosh,918355116974,sumershanker@gmail.com,P0344,State,Grocery,2,6188.97,12377.94
O01900,2025-03-13,C0106,Kaira Ghosh,918355116974,sumershanker@gmail.com,P0357,Recently,Home,3,8621.08,25863.24
O01901,2025-04-04,C0155,Fateh Sur,917259071640,veer01@gmail.com,P0454,Later,Fashion,1,39383.95,39383.95
O01901,2025-04-04,C0155,Fateh Sur,917259071640,veer01@gmail.com,P0338,Such,Books,2,38071.08,76142.16
O01901,2025-04-04,C0155,Fateh Sur,917259071640,veer01@gmail.com,P0117,Radio,Toys,2,1792.39,3584.78
O01902,2025-08-28,C0579,Trisha Kakar,918643122839,dsuri@gmail.com,P0037,Hundred,Books,3,36049.73,108149.19
O01902,2025-08-28,C0579,Trisha Kakar,918643122839,dsuri@gmail.com,P0396,Someone,Books,3,8750.11,26250.33
O01902,2025-08-28,C0579,Trisha Kakar,918643122839,dsuri@gmail.com,P0182,Director,Electronics,3,28330.65,84991.95
O01902,2025-08-28,C0579,Trisha Kakar,918643122839,dsuri@gmail.com,P0368,Theory,Books,3,28749.17,86247.51
O01902,2025-08-28,C0579,Trisha Kakar,918643122839,dsuri@gmail.com,P0233,Resource,Home,1,5535.26,5535.26
O01903,2025-05-14,C0009,Samiha Jain,919516606712,vohranishith@gmail.com,P0255,Born,Books,3,22491.06,67473.18
O01903,2025-05-14,C0009,Samiha Jain,919516606712,vohranishith@gmail.com,P0493,Would,Toys,3,26066.08,78198.24
O01904,2025-04-10,C0642,Ayesha Dora,917396778402,ksingh@gmail.com,P0063,Bad,Home,3,1796.02,5388.06
O01904,2025-04-10,C0642,Ayesha Dora,917396778402,ksingh@gmail.com,P0447,Customer,Books,2,9508.52,19017.04
O01904,2025-04-10,C0642,Ayesha Dora,917396778402,ksingh@gmail.com,P0105,Provide,Electronics,1,1634.46,1634.46
O01905,2024-11-06,C0708,Anika Venkatesh,918400825793,seher61@gmail.com,P0191,Again,Electronics,2,4114.1,8228.2
O01905,2024-11-06,C0708,Anika Venkatesh,918400825793,seher61@gmail.com,P0204,Grow,Home,1,36853.4,36853.4
O01905,2024-11-06,C0708,Anika Venkatesh,918400825793,seher61@gmail.com,P0104,Choice,Home,3,25936.71,77810.13
O01905,2024-11-06,C0708,Anika Venkatesh,918400825793,seher61@gmail.com,P0294,Enough,Toys,2,28895.66,57791.32
O01905,2024-11-06,C0708,Anika Venkatesh,918400825793,seher61@gmail.com,P0254,Main,Books,1,31781.67,31781.67
O01906,2025-07-22,C0087,Yakshit Bhargava,916626739908,sumergopal@gmail.com,P0335,Plan,Fashion,2,27474.41,54948.82
O01906,2025-07-22,C0087,Yakshit Bhargava,916626739908,sumergopal@gmail.com,P0201,Month,Toys,2,38270.76,76541.52
O01906,2025-07-22,C0087,Yakshit Bhargava,916626739908,sumergopal@gmail.com,P0205,Low,Books,2,3894.6,7789.2
O01906,2025-07-22,C0087,Yakshit Bhargava,916626739908,sumergopal@gmail.com,P0383,Writer,Books,1,39853.45,39853.45
O01906,2025-07-22,C0087,Yakshit Bhargava,916626739908,sumergopal@gmail.com,P0361,Upon,Electronics,3,22373.88,67121.64
O01907,2025-05-03,C0804,Yuvraj  Yohannan,918131052599,tara64@gmail.com,P0150,Carry,Electronics,3,48970.24,146910.72
O01907,2025-05-03,C0804,Yuvraj  Yohannan,918131052599,tara64@gmail.com,P0185,Soldier,Electronics,3,15224.0,45672.0
O01907,2025-05-03,C0804,Yuvraj  Yohannan,918131052599,tara64@gmail.com,P0059,American,Grocery,2,5222.22,10444.44
O01907,2025-05-03,C0804,Yuvraj  Yohannan,918131052599,tara64@gmail.com,P0180,Section,Electronics,1,15179.3,15179.3
O01907,2025-05-03,C0804,Yuvraj  Yohannan,918131052599,tara64@gmail.com,P0389,Can,Grocery,2,2990.09,5980.18
O01908,2025-08-06,C0758,Anahi Balay,916566186935,bshankar@gmail.com,P0421,Human,Home,3,37593.63,112780.89
O01909,2025-07-13,C0726,Madhup Krishnamurthy,918279055347,pihurajagopal@gmail.com,P0337,Voice,Electronics,2,4887.85,9775.7
O01910,2025-09-03,C0475,Rasha Tripathi,917236970182,vanya22@gmail.com,P0165,Still,Grocery,1,37256.63,37256.63
O01910,2025-09-03,C0475,Rasha Tripathi,917236970182,vanya22@gmail.com,P0452,Gun,Books,1,28509.16,28509.16
O01910,2025-09-03,C0475,Rasha Tripathi,917236970182,vanya22@gmail.com,P0334,Let,Fashion,2,11112.43,22224.86
O01911,2025-04-08,C0539,Elakshi Trivedi,919995382635,vigarmaan@gmail.com,P0155,Live,Electronics,2,7171.57,14343.14
O01912,2025-02-02,C0350,Kabir Vohra,917516634548,kadegokul@gmail.com,P0373,Especially,Electronics,2,6461.93,12923.86
O01912,2025-02-02,C0350,Kabir Vohra,917516634548,kadegokul@gmail.com,P0366,Whether,Grocery,2,7198.86,14397.72
O01912,2025-02-02,C0350,Kabir Vohra,917516634548,kadegokul@gmail.com,P0059,American,Grocery,1,5222.22,5222.22
O01912,2025-02-02,C0350,Kabir Vohra,917516634548,kadegokul@gmail.com,P0040,Practice,Home,2,27945.65,55891.3
O01913,2025-08-28,C0600,Lagan Sarna,917736173448,arnav61@gmail.com,P0216,Smile,Books,3,5257.39,15772.17
O01913,2025-08-28,C0600,Lagan Sarna,917736173448,arnav61@gmail.com,P0346,Manage,Electronics,3,13256.96,39770.88
O01914,2025-05-10,C0686,Rasha Bhargava,917289684829,farhan60@gmail.com,P0201,Month,Toys,1,38270.76,38270.76
O01914,2025-05-10,C0686,Rasha Bhargava,917289684829,farhan60@gmail.com,P0038,School,Grocery,1,13156.01,13156.01
O01914,2025-05-10,C0686,Rasha Bhargava,917289684829,farhan60@gmail.com,P0265,Write,Grocery,2,30863.16,61726.32
O01914,2025-05-10,C0686,Rasha Bhargava,917289684829,farhan60@gmail.com,P0490,They,Home,2,2217.14,4434.28
O01915,2024-12-21,C0160,Anay Halder,919847005429,nitya72@gmail.com,P0093,Improve,Books,1,43974.96,43974.96
O01915,2024-12-21,C0160,Anay Halder,919847005429,nitya72@gmail.com,P0041,Tend,Toys,2,6624.75,13249.5
O01915,2024-12-21,C0160,Anay Halder,919847005429,nitya72@gmail.com,P0338,Such,Books,3,38071.08,114213.24
O01915,2024-12-21,C0160,Anay Halder,919847005429,nitya72@gmail.com,P0380,Go,Electronics,2,8354.83,16709.66
O01916,2025-02-11,C0919,Urvi Anne,917850210864,handapihu@gmail.com,P0326,Live,Grocery,3,18953.49,56860.47
O01916,2025-02-11,C0919,Urvi Anne,917850210864,handapihu@gmail.com,P0016,Weight,Grocery,1,45838.51,45838.51
O01916,2025-02-11,C0919,Urvi Anne,917850210864,handapihu@gmail.com,P0193,Whole,Home,1,2379.84,2379.84
O01916,2025-02-11,C0919,Urvi Anne,917850210864,handapihu@gmail.com,P0431,Huge,Grocery,2,3972.53,7945.06
O01916,2025-02-11,C0919,Urvi Anne,917850210864,handapihu@gmail.com,P0291,Church,Home,3,38797.98,116393.94
O01917,2025-07-28,C0704,Samaira Batra,919823544047,xkalita@gmail.com,P0063,Bad,Home,2,1796.02,3592.04
O01917,2025-07-28,C0704,Samaira Batra,919823544047,xkalita@gmail.com,P0243,Although,Electronics,3,39529.4,118588.2
O01918,2024-11-16,C0761,Jayesh Sarkar,919043287491,ganeshbhamini@gmail.com,P0418,Health,Toys,3,11635.18,34905.54
O01918,2024-11-16,C0761,Jayesh Sarkar,919043287491,ganeshbhamini@gmail.com,P0322,Plant,Fashion,2,37337.54,74675.08
O01918,2024-11-16,C0761,Jayesh Sarkar,919043287491,ganeshbhamini@gmail.com,P0114,Office,Toys,1,11898.15,11898.15
O01918,2024-11-16,C0761,Jayesh Sarkar,919043287491,ganeshbhamini@gmail.com,P0467,Music,Home,3,6015.2,18045.6
O01918,2024-11-16,C0761,Jayesh Sarkar,919043287491,ganeshbhamini@gmail.com,P0113,Near,Toys,1,7688.42,7688.42
O01919,2025-06-10,C0554,Suhana Wali,917983409099,manjaridoctor@gmail.com,P0459,Still,Toys,3,5875.98,17627.94
O01919,2025-06-10,C0554,Suhana Wali,917983409099,manjaridoctor@gmail.com,P0317,Less,Fashion,2,48728.05,97456.1
O01919,2025-06-10,C0554,Suhana Wali,917983409099,manjaridoctor@gmail.com,P0205,Low,Books,1,3894.6,3894.6
O01919,2025-06-10,C0554,Suhana Wali,917983409099,manjaridoctor@gmail.com,P0165,Still,Grocery,3,37256.63,111769.89
O01920,2025-02-01,C0029,Saksham Bassi,919946378380,kondayuvaan@gmail.com,P0379,Without,Electronics,1,13525.07,13525.07
O01921,2025-08-16,C0424,Prerak Toor,918611083537,indrans50@gmail.com,P0170,She,Books,1,26961.11,26961.11
O01921,2025-08-16,C0424,Prerak Toor,918611083537,indrans50@gmail.com,P0041,Tend,Toys,1,6624.75,6624.75
O01922,2025-04-16,C0527,Adira Kadakia,917235300947,ranbirboase@gmail.com,P0004,Strong,Electronics,2,14763.61,29527.22
O01922,2025-04-16,C0527,Adira Kadakia,917235300947,ranbirboase@gmail.com,P0114,Office,Toys,1,11898.15,11898.15
O01922,2025-04-16,C0527,Adira Kadakia,917235300947,ranbirboase@gmail.com,P0371,Writer,Grocery,2,15840.23,31680.46
O01922,2025-04-16,C0527,Adira Kadakia,917235300947,ranbirboase@gmail.com,P0467,Music,Home,2,6015.2,12030.4
O01923,2024-10-17,C0452,Navya Sidhu,918682103263,raghav31@gmail.com,P0101,Decision,Books,3,11437.75,34313.25
O01924,2025-06-16,C0891,Anaya Chaudhari,916726008460,krishnansuhana@gmail.com,P0285,Play,Fashion,1,49168.83,49168.83
O01925,2025-02-02,C0645,Ira Rajagopal,916775948767,smahal@gmail.com,P0096,Need,Home,1,5167.74,5167.74
O01926,2024-12-15,C0805,Darshit Chakraborty,919109803697,bhamini35@gmail.com,P0095,Four,Grocery,3,43421.39,130264.17
O01926,2024-12-15,C0805,Darshit Chakraborty,919109803697,bhamini35@gmail.com,P0385,Southern,Fashion,1,5603.28,5603.28
O01926,2024-12-15,C0805,Darshit Chakraborty,919109803697,bhamini35@gmail.com,P0229,Goal,Electronics,1,18497.07,18497.07
O01927,2024-10-18,C0350,Kabir Vohra,917516634548,kadegokul@gmail.com,P0107,According,Fashion,2,35187.46,70374.92
O01927,2024-10-18,C0350,Kabir Vohra,917516634548,kadegokul@gmail.com,P0426,Machine,Toys,1,33161.16,33161.16
O01927,2024-10-18,C0350,Kabir Vohra,917516634548,kadegokul@gmail.com,P0135,Plan,Fashion,3,27769.28,83307.84
O01927,2024-10-18,C0350,Kabir Vohra,917516634548,kadegokul@gmail.com,P0221,The,Home,1,25026.69,25026.69
O01927,2024-10-18,C0350,Kabir Vohra,917516634548,kadegokul@gmail.com,P0471,Far,Toys,2,4287.8,8575.6
O01928,2024-12-24,C0381,Tejas Choudhury,919908122130,amirabarad@gmail.com,P0047,Become,Toys,3,18552.11,55656.33
O01928,2024-12-24,C0381,Tejas Choudhury,919908122130,amirabarad@gmail.com,P0278,Tonight,Electronics,3,20228.38,60685.14
O01929,2025-01-02,C0189,Aniruddh Lad,917888338028,baradriya@gmail.com,P0147,Finish,Grocery,1,3515.25,3515.25
O01929,2025-01-02,C0189,Aniruddh Lad,917888338028,baradriya@gmail.com,P0035,Almost,Electronics,2,44323.81,88647.62
O01930,2025-03-18,C0131,Zaina Kumar,919698382544,sarafmiraan@gmail.com,P0195,Difficult,Toys,2,38374.95,76749.9
O01930,2025-03-18,C0131,Zaina Kumar,919698382544,sarafmiraan@gmail.com,P0394,Strategy,Fashion,3,24240.67,72722.01
O01931,2024-11-04,C0501,Hansh Raju,919019213592,shaanbhargava@gmail.com,P0482,Prove,Fashion,1,36394.17,36394.17
O01931,2024-11-04,C0501,Hansh Raju,919019213592,shaanbhargava@gmail.com,P0459,Still,Toys,3,5875.98,17627.94
O01931,2024-11-04,C0501,Hansh Raju,919019213592,shaanbhargava@gmail.com,P0071,Next,Toys,2,31890.26,63780.52
O01932,2025-06-15,C0046,Tarini Iyengar,916926842565,kairakeer@gmail.com,P0090,Create,Electronics,2,4541.22,9082.44
O01932,2025-06-15,C0046,Tarini Iyengar,916926842565,kairakeer@gmail.com,P0157,Establish,Home,1,159.01,159.01
O01932,2025-06-15,C0046,Tarini Iyengar,916926842565,kairakeer@gmail.com,P0359,Bill,Home,2,17296.21,34592.42
O01932,2025-06-15,C0046,Tarini Iyengar,916926842565,kairakeer@gmail.com,P0024,Officer,Grocery,2,25649.5,51299.0
O01932,2025-06-15,C0046,Tarini Iyengar,916926842565,kairakeer@gmail.com,P0332,Defense,Electronics,3,47413.18,142239.54
O01933,2024-11-24,C0548,Tarini Chandra,919622941365,indrans64@gmail.com,P0031,Strategy,Toys,3,3707.32,11121.96
O01933,2024-11-24,C0548,Tarini Chandra,919622941365,indrans64@gmail.com,P0301,Everything,Toys,1,17437.95,17437.95
O01933,2024-11-24,C0548,Tarini Chandra,919622941365,indrans64@gmail.com,P0466,Know,Home,1,32070.74,32070.74
O01933,2024-11-24,C0548,Tarini Chandra,919622941365,indrans64@gmail.com,P0401,Reveal,Fashion,1,4209.04,4209.04
O01934,2025-07-01,C0797,Jivin Wason,916036884004,gyogi@gmail.com,P0003,Cell,Electronics,3,48147.23,144441.69
O01934,2025-07-01,C0797,Jivin Wason,916036884004,gyogi@gmail.com,P0089,Mission,Home,2,47776.2,95552.4
O01934,2025-07-01,C0797,Jivin Wason,916036884004,gyogi@gmail.com,P0093,Improve,Books,3,43974.96,131924.88
O01935,2025-01-04,C0789,Keya Wable,916667768255,wbal@gmail.com,P0197,Wear,Electronics,2,11828.38,23656.76
O01935,2025-01-04,C0789,Keya Wable,916667768255,wbal@gmail.com,P0189,Take,Books,3,21117.14,63351.42
O01935,2025-01-04,C0789,Keya Wable,916667768255,wbal@gmail.com,P0494,Technology,Fashion,1,26389.15,26389.15
O01936,2024-10-14,C0363,Eshani Sharaf,916263392414,nsastry@gmail.com,P0128,West,Electronics,1,14179.39,14179.39
O01936,2024-10-14,C0363,Eshani Sharaf,916263392414,nsastry@gmail.com,P0226,Close,Fashion,3,22025.27,66075.81
O01936,2024-10-14,C0363,Eshani Sharaf,916263392414,nsastry@gmail.com,P0276,All,Books,1,17066.13,17066.13
O01937,2025-03-30,C0670,Urvi Warrior,917865944094,kanav32@gmail.com,P0254,Main,Books,2,31781.67,63563.34
O01937,2025-03-30,C0670,Urvi Warrior,917865944094,kanav32@gmail.com,P0371,Writer,Grocery,3,15840.23,47520.69
O01937,2025-03-30,C0670,Urvi Warrior,917865944094,kanav32@gmail.com,P0485,Economic,Fashion,3,47504.24,142512.72
O01938,2024-09-27,C0050,Manjari Kota,919759622143,ryanvenkatesh@gmail.com,P0308,Somebody,Grocery,2,7191.81,14383.62
O01938,2024-09-27,C0050,Manjari Kota,919759622143,ryanvenkatesh@gmail.com,P0371,Writer,Grocery,3,15840.23,47520.69
O01938,2024-09-27,C0050,Manjari Kota,919759622143,ryanvenkatesh@gmail.com,P0359,Bill,Home,3,17296.21,51888.63
O01939,2025-06-21,C0073,Lakshit Kaur,916774939044,zdey@gmail.com,P0324,Culture,Books,2,19384.0,38768.0
O01939,2025-06-21,C0073,Lakshit Kaur,916774939044,zdey@gmail.com,P0414,Material,Home,3,29478.81,88436.43
O01939,2025-06-21,C0073,Lakshit Kaur,916774939044,zdey@gmail.com,P0434,Foot,Home,3,5572.57,16717.71
O01939,2025-06-21,C0073,Lakshit Kaur,916774939044,zdey@gmail.com,P0169,Truth,Home,3,9805.16,29415.48
O01939,2025-06-21,C0073,Lakshit Kaur,916774939044,zdey@gmail.com,P0206,Other,Home,3,16417.86,49253.58
O01940,2025-06-25,C0175,Ivan Ramanathan,919359070355,okrishna@gmail.com,P0431,Huge,Grocery,2,3972.53,7945.06
O01940,2025-06-25,C0175,Ivan Ramanathan,919359070355,okrishna@gmail.com,P0091,Land,Toys,1,19236.54,19236.54
O01941,2024-12-17,C0097,Manjari Bala,917833561452,dasmiraan@gmail.com,P0211,Run,Home,3,42595.97,127787.91
O01941,2024-12-17,C0097,Manjari Bala,917833561452,dasmiraan@gmail.com,P0405,Number,Books,3,36701.41,110104.23
O01941,2024-12-17,C0097,Manjari Bala,917833561452,dasmiraan@gmail.com,P0011,Task,Electronics,3,12639.93,37919.79
O01941,2024-12-17,C0097,Manjari Bala,917833561452,dasmiraan@gmail.com,P0122,Girl,Grocery,3,25630.56,76891.68
O01941,2024-12-17,C0097,Manjari Bala,917833561452,dasmiraan@gmail.com,P0465,Tough,Toys,3,38414.53,115243.59
O01942,2025-07-13,C0233,Amani Banik,918789113212,nayantarashere@gmail.com,P0191,Again,Electronics,2,4114.1,8228.2
O01942,2025-07-13,C0233,Amani Banik,918789113212,nayantarashere@gmail.com,P0108,Onto,Toys,1,30794.61,30794.61
O01943,2025-06-09,C0586,Emir Bandi,916711319242,bkonda@gmail.com,P0003,Cell,Electronics,1,48147.23,48147.23
O01943,2025-06-09,C0586,Emir Bandi,916711319242,bkonda@gmail.com,P0489,Treat,Home,2,30157.74,60315.48
O01943,2025-06-09,C0586,Emir Bandi,916711319242,bkonda@gmail.com,P0437,Card,Fashion,1,16672.54,16672.54
O01943,2025-06-09,C0586,Emir Bandi,916711319242,bkonda@gmail.com,P0151,Artist,Home,3,33499.86,100499.58
O01943,2025-06-09,C0586,Emir Bandi,916711319242,bkonda@gmail.com,P0073,Pull,Grocery,1,29600.94,29600.94
O01944,2024-10-29,C0621,Vanya Swaminathan,916633272577,prerakvarghese@gmail.com,P0184,Service,Grocery,3,40592.32,121776.96
O01944,2024-10-29,C0621,Vanya Swaminathan,916633272577,prerakvarghese@gmail.com,P0442,Line,Grocery,3,48049.73,144149.19
O01945,2025-04-14,C0712,Amira Arya,918531395617,trishasuresh@gmail.com,P0364,Owner,Home,1,28432.83,28432.83
O01945,2025-04-14,C0712,Amira Arya,918531395617,trishasuresh@gmail.com,P0184,Service,Grocery,3,40592.32,121776.96
O01945,2025-04-14,C0712,Amira Arya,918531395617,trishasuresh@gmail.com,P0178,Alone,Electronics,2,6742.5,13485.0
O01945,2025-04-14,C0712,Amira Arya,918531395617,trishasuresh@gmail.com,P0022,Husband,Electronics,1,33123.51,33123.51
O01945,2025-04-14,C0712,Amira Arya,918531395617,trishasuresh@gmail.com,P0211,Run,Home,2,42595.97,85191.94
O01946,2025-05-12,C0934,Pranay Korpal,919285276906,neelofarcontractor@gmail.com,P0276,All,Books,3,17066.13,51198.39
O01946,2025-05-12,C0934,Pranay Korpal,919285276906,neelofarcontractor@gmail.com,P0194,Better,Books,1,49657.42,49657.42
O01947,2025-08-22,C0971,Mamooty Gade,917637545829,skata@gmail.com,P0262,The,Home,1,17889.61,17889.61
O01947,2025-08-22,C0971,Mamooty Gade,917637545829,skata@gmail.com,P0048,Probably,Toys,1,15969.26,15969.26
O01947,2025-08-22,C0971,Mamooty Gade,917637545829,skata@gmail.com,P0243,Although,Electronics,1,39529.4,39529.4
O01947,2025-08-22,C0971,Mamooty Gade,917637545829,skata@gmail.com,P0424,Suffer,Home,3,13776.75,41330.25
O01947,2025-08-22,C0971,Mamooty Gade,917637545829,skata@gmail.com,P0233,Resource,Home,3,5535.26,16605.78
O01948,2025-02-12,C0914,Ela Kurian,918099394790,aarav14@gmail.com,P0003,Cell,Electronics,2,48147.23,96294.46
O01948,2025-02-12,C0914,Ela Kurian,918099394790,aarav14@gmail.com,P0176,Young,Grocery,2,30664.46,61328.92
O01948,2025-02-12,C0914,Ela Kurian,918099394790,aarav14@gmail.com,P0250,Sea,Electronics,1,16084.33,16084.33
O01949,2025-03-07,C0874,Darshit Kothari,918003187709,jayaramangokul@gmail.com,P0108,Onto,Toys,1,30794.61,30794.61
O01949,2025-03-07,C0874,Darshit Kothari,918003187709,jayaramangokul@gmail.com,P0261,Movie,Toys,2,34647.61,69295.22
O01949,2025-03-07,C0874,Darshit Kothari,918003187709,jayaramangokul@gmail.com,P0102,Forget,Books,3,41702.42,125107.26
O01950,2025-08-05,C0289,Dhanuk Mangat,916373098623,divansaanvi@gmail.com,P0063,Bad,Home,2,1796.02,3592.04
O01950,2025-08-05,C0289,Dhanuk Mangat,916373098623,divansaanvi@gmail.com,P0321,Right,Fashion,2,41419.14,82838.28
O01950,2025-08-05,C0289,Dhanuk Mangat,916373098623,divansaanvi@gmail.com,P0379,Without,Electronics,2,13525.07,27050.14
O01950,2025-08-05,C0289,Dhanuk Mangat,916373098623,divansaanvi@gmail.com,P0069,Film,Toys,1,43872.1,43872.1
O01950,2025-08-05,C0289,Dhanuk Mangat,916373098623,divansaanvi@gmail.com,P0371,Writer,Grocery,2,15840.23,31680.46
O01951,2024-12-15,C0592,Nitara Koshy,918783215855,tarini42@gmail.com,P0254,Main,Books,3,31781.67,95345.01
O01951,2024-12-15,C0592,Nitara Koshy,918783215855,tarini42@gmail.com,P0423,New,Books,1,36902.07,36902.07
