Department,Designation,Experience,CollegeTier,Salary
IT,Lead,6,Tier 1,1310795
Finance,Senior Dev,14,Tier 2,1608343
Support,Manager,6,Tier 2,1362265
IT,Lead,18,Tier 1,2232194
Finance,Director,10,Tier 2,1997191
IT,Associate,3,Tier 2,624023
IT,Senior Dev,2,Tier 3,691685
Marketing,Analyst,1,Tier 2,425735
Finance,Senior Dev,11,Tier 2,1412101
Sales,Intern,1,Tier 2,261311
Support,Intern,0,Tier 1,273707
HR,Director,11,Tier 2,2043480
Sales,Director,16,Tier 3,2171434
Operations,Intern,9,Tier 3,728431
Support,Lead,15,Tier 3,1629150
Finance,Associate,14,Tier 3,1245773
Operations,Analyst,18,Tier 2,1489899
Finance,Senior Dev,19,Tier 1,2176551
HR,Lead,2,Tier 3,793556
Finance,Lead,18,Tier 3,1791606
HR,Senior Dev,8,Tier 1,1334502
Marketing,Intern,17,Tier 3,1200627
Operations,Intern,13,Tier 3,958433
Support,Analyst,8,Tier 2,851897
HR,Associate,1,Tier 2,534707
HR,Manager,14,Tier 2,1907483
Marketing,Lead,6,Tier 2,1184555
Support,Lead,7,Tier 3,1134974
Operations,Lead,2,Tier 1,1009541
Sales,Associate,16,Tier 3,1356531
Support,Director,17,Tier 2,2415943
IT,Analyst,3,Tier 2,517457
Sales,Associate,5,Tier 1,888573
Operations,Lead,9,Tier 3,1262995
Operations,Lead,17,Tier 3,1696873
Finance,Senior Dev,11,Tier 2,1356161
HR,Director,9,Tier 3,1736557
Sales,Associate,3,Tier 3,582606
Sales,Lead,15,Tier 2,1741534
Finance,Intern,7,Tier 2,692397
Sales,Lead,7,Tier 1,1394276
Marketing,Director,15,Tier 3,2094300
Finance,Senior Dev,17,Tier 1,2012262
Operations,Analyst,12,Tier 3,1029976
Marketing,Senior Dev,14,Tier 1,1819216
Finance,Intern,6,Tier 3,532568
Marketing,Associate,0,Tier 2,412027
Operations,Associate,7,Tier 1,1053839
Sales,Associate,10,Tier 1,1242002
IT,Associate,16,Tier 2,1499159
Sales,Senior Dev,2,Tier 3,702666
HR,Analyst,4,Tier 2,567561
Support,Manager,6,Tier 1,1583952
HR,Analyst,6,Tier 2,704392
Operations,Associate,7,Tier 1,1008067
Operations,Lead,1,Tier 1,972256
HR,Senior Dev,15,Tier 2,1655222
Support,Associate,4,Tier 3,640818
Sales,Senior Dev,11,Tier 2,1366965
HR,Manager,2,Tier 1,1250056
Marketing,Associate,2,Tier 1,667716
Marketing,Analyst,14,Tier 2,1237773
HR,Senior Dev,2,Tier 2,814992
Support,Senior Dev,4,Tier 1,1076537
Marketing,Senior Dev,13,Tier 3,1375446
Finance,Intern,8,Tier 3,650206
Operations,Associate,14,Tier 3,1232361
IT,Senior Dev,9,Tier 2,1247419
Support,Director,12,Tier 3,1947010
HR,Senior Dev,6,Tier 2,1082560
Marketing,Associate,19,Tier 2,1718268
Support,Intern,3,Tier 3,368141
IT,Associate,4,Tier 3,650342
IT,Lead,6,Tier 1,1351044
Marketing,Intern,14,Tier 2,1166394
Support,Senior Dev,3,Tier 3,805820
HR,Manager,6,Tier 1,1554914
HR,Analyst,18,Tier 1,1747309
Marketing,Intern,1,Tier 1,338689
HR,Manager,12,Tier 2,1794557
Finance,Intern,5,Tier 2,549467
Support,Intern,11,Tier 3,833627
Operations,Analyst,19,Tier 3,1458925
Marketing,Associate,10,Tier 1,1238047
Marketing,Director,6,Tier 2,1745581
HR,Intern,0,Tier 1,250080
IT,Senior Dev,19,Tier 2,1939016
Marketing,Associate,2,Tier 1,660294
Operations,Analyst,5,Tier 3,591959
Operations,Manager,8,Tier 1,1748565
Finance,Lead,4,Tier 3,941968
Support,Manager,18,Tier 3,1963545
Support,Intern,11,Tier 2,916663
HR,Intern,14,Tier 1,1277994
Marketing,Senior Dev,8,Tier 2,1210915
Finance,Director,16,Tier 1,2721005
Operations,Analyst,16,Tier 3,1269353
Operations,Intern,19,Tier 2,1461675
Support,Senior Dev,6,Tier 1,1214417
HR,Senior Dev,2,Tier 2,785664
Sales,Director,4,Tier 1,1790080
Sales,Analyst,16,Tier 1,1594850
Marketing,Lead,16,Tier 3,1658673
Support,Manager,1,Tier 2,1073323
IT,Lead,4,Tier 2,1042623
IT,Director,0,Tier 1,1525680
Finance,Lead,18,Tier 2,1974717
Sales,Senior Dev,1,Tier 3,651556
Operations,Associate,11,Tier 3,1068559
IT,Intern,5,Tier 3,491919
Marketing,Lead,3,Tier 2,990662
Marketing,Associate,10,Tier 3,1014215
Support,Analyst,16,Tier 2,1381342
Support,Senior Dev,5,Tier 1,1097327
Sales,Intern,4,Tier 2,506083
Marketing,Analyst,1,Tier 1,420197
IT,Lead,10,Tier 3,1314542
Sales,Senior Dev,15,Tier 1,1867671
Operations,Intern,0,Tier 1,247848
Support,Director,5,Tier 1,1896663
Marketing,Senior Dev,2,Tier 1,919811
Operations,Senior Dev,3,Tier 3,756546
Finance,Analyst,2,Tier 3,420206
HR,Manager,18,Tier 1,2456411
Marketing,Analyst,6,Tier 1,813227
Finance,Intern,8,Tier 1,839360
IT,Associate,7,Tier 1,1000759
Finance,Intern,6,Tier 2,621153
Support,Intern,7,Tier 1,782504
Operations,Intern,10,Tier 2,858155
Finance,Director,17,Tier 3,2237254
Marketing,Lead,9,Tier 2,1364306
IT,Analyst,6,Tier 3,676843
Operations,Intern,15,Tier 3,1101065
Support,Lead,15,Tier 2,1771976
Operations,Manager,19,Tier 1,2531835
Finance,Director,16,Tier 1,2672049
Marketing,Lead,0,Tier 1,883191
Support,Manager,11,Tier 1,1940932
IT,Senior Dev,4,Tier 3,839855
IT,Intern,8,Tier 3,657400
Support,Lead,2,Tier 2,914642
HR,Manager,15,Tier 1,2271407
Sales,Manager,2,Tier 2,1096499
HR,Associate,0,Tier 2,422183
Marketing,Manager,19,Tier 3,2022874
Support,Lead,16,Tier 2,1828711
Finance,Associate,3,Tier 1,737405
Operations,Senior Dev,7,Tier 3,1047597
IT,Manager,2,Tier 3,992557
Support,Lead,2,Tier 1,997200
Operations,Director,17,Tier 2,2458975
Operations,Director,13,Tier 3,2003585
Marketing,Director,1,Tier 3,1232869
Operations,Intern,2,Tier 1,420108
Finance,Manager,8,Tier 1,1723643
Marketing,Director,0,Tier 3,1208467
Operations,Manager,0,Tier 3,923645
HR,Manager,15,Tier 1,2223987
Finance,Manager,7,Tier 2,1468214
Finance,Analyst,2,Tier 3,410880
HR,Intern,0,Tier 2,194555
Operations,Senior Dev,18,Tier 2,1863525
Marketing,Intern,13,Tier 2,1098845
Finance,Analyst,5,Tier 2,677333
HR,Associate,12,Tier 2,1210754
Finance,Lead,7,Tier 3,1109738
Marketing,Associate,1,Tier 1,593404
IT,Analyst,0,Tier 2,339790
IT,Manager,0,Tier 2,989124
Operations,Senior Dev,15,Tier 3,1515714
Operations,Senior Dev,3,Tier 2,865410
Support,Manager,16,Tier 1,2335447
IT,Intern,16,Tier 1,1476491
Support,Associate,13,Tier 2,1304212
IT,Lead,5,Tier 2,1117202
IT,Associate,8,Tier 3,883828
Sales,Lead,16,Tier 3,1630301
Sales,Analyst,2,Tier 3,390699
Operations,Senior Dev,0,Tier 2,688483
Sales,Analyst,0,Tier 2,352479
Finance,Director,2,Tier 1,1677471
HR,Analyst,17,Tier 2,1456584
Operations,Intern,9,Tier 3,765006
HR,Intern,2,Tier 2,356663
Support,Senior Dev,13,Tier 2,1524631
HR,Intern,17,Tier 3,1197455
Finance,Analyst,14,Tier 1,1406093
IT,Manager,1,Tier 2,1082958
IT,Associate,9,Tier 1,1179177
Sales,Director,16,Tier 3,2157751
Support,Intern,0,Tier 1,260328
Sales,Manager,10,Tier 1,1857533
Finance,Director,15,Tier 1,2634974
Operations,Analyst,9,Tier 2,913190
Support,Intern,2,Tier 3,340993
Operations,Analyst,12,Tier 3,1013355
IT,Lead,6,Tier 3,1054376
Sales,Associate,3,Tier 3,554780
Marketing,Manager,19,Tier 1,2522368
HR,Manager,7,Tier 1,1626655
Operations,Associate,13,Tier 2,1272495
HR,Senior Dev,13,Tier 2,1513547
Support,Manager,18,Tier 3,2005766
Sales,Senior Dev,14,Tier 1,1783403
Marketing,Senior Dev,1,Tier 1,808121
Support,Associate,18,Tier 3,1478312
Operations,Intern,16,Tier 2,1288675
IT,Director,9,Tier 2,1937006
Finance,Associate,10,Tier 1,1222491
Support,Lead,4,Tier 3,958096
Finance,Manager,7,Tier 1,1639508
IT,Director,11,Tier 1,2343747
HR,Analyst,4,Tier 1,666606
Sales,Director,3,Tier 1,1749021
Sales,Lead,12,Tier 3,1448335
Operations,Intern,19,Tier 1,1677093
Operations,Lead,14,Tier 1,1910202
Finance,Intern,7,Tier 2,659987
IT,Associate,15,Tier 3,1298940
Support,Analyst,17,Tier 1,1637019
Support,Manager,9,Tier 1,1788077
Sales,Lead,18,Tier 2,1949136
Operations,Associate,18,Tier 2,1626251
Finance,Associate,4,Tier 3,642217
Operations,Lead,8,Tier 1,1479699
Finance,Senior Dev,0,Tier 3,571081
Marketing,Senior Dev,0,Tier 2,676175
Support,Manager,15,Tier 1,2240056
Sales,Director,7,Tier 3,1646556
Sales,Analyst,0,Tier 2,303343
Sales,Director,6,Tier 3,1559375
Support,Analyst,4,Tier 1,692893
Marketing,Manager,2,Tier 3,1009531
Marketing,Director,15,Tier 2,2283506
Sales,Lead,4,Tier 1,1152253
Support,Associate,13,Tier 3,1159435
Operations,Associate,4,Tier 2,718078
Operations,Analyst,16,Tier 2,1407293
Marketing,Analyst,13,Tier 2,1171245
Operations,Manager,19,Tier 3,2039124
Marketing,Intern,11,Tier 2,959919
Finance,Manager,15,Tier 3,1825636
Marketing,Senior Dev,6,Tier 3,956211
Operations,Manager,0,Tier 3,926573
IT,Manager,4,Tier 2,1250646
Marketing,Manager,9,Tier 2,1568069
Finance,Associate,4,Tier 1,801843
Marketing,Senior Dev,1,Tier 1,835158
Finance,Intern,9,Tier 2,807289
Marketing,Associate,18,Tier 1,1855257
IT,Associate,0,Tier 3,411975
Operations,Intern,4,Tier 3,426364
HR,Intern,3,Tier 2,415663
Operations,Intern,15,Tier 3,1108646
IT,Associate,1,Tier 3,459168
Finance,Lead,19,Tier 2,2012071
HR,Analyst,11,Tier 3,936833
Marketing,Senior Dev,2,Tier 1,905195
IT,Analyst,0,Tier 3,274000
HR,Director,18,Tier 2,2506074
Support,Associate,4,Tier 3,648155
Support,Director,2,Tier 3,1322320
Support,Analyst,0,Tier 2,346247
Support,Analyst,9,Tier 3,827450
Support,Manager,11,Tier 1,1940764
Sales,Intern,12,Tier 2,1002491
Operations,Manager,13,Tier 1,2082161
Sales,Lead,18,Tier 1,2253097
Sales,Associate,2,Tier 1,647350
Sales,Associate,16,Tier 1,1698761
Support,Director,7,Tier 1,2018132
HR,Manager,9,Tier 3,1419817
Finance,Lead,1,Tier 3,787458
Operations,Associate,8,Tier 2,958358
Marketing,Analyst,3,Tier 1,587209
Marketing,Senior Dev,17,Tier 1,2021092
HR,Analyst,10,Tier 2,960412
Marketing,Intern,3,Tier 2,421496
Marketing,Director,3,Tier 2,1532425
Finance,Associate,4,Tier 2,692888
Finance,Intern,2,Tier 1,418816
Operations,Associate,2,Tier 1,640463
Support,Intern,3,Tier 3,387841
HR,Director,16,Tier 2,2380911
IT,Intern,4,Tier 2,498811
Sales,Lead,16,Tier 3,1650150
IT,Senior Dev,12,Tier 1,1663286
Operations,Manager,2,Tier 3,1011352
Marketing,Senior Dev,16,Tier 3,1574912
HR,Manager,19,Tier 2,2260959
Finance,Lead,12,Tier 2,1532698
Finance,Associate,18,Tier 2,1645280
IT,Intern,3,Tier 3,366779
Marketing,Manager,8,Tier 2,1512466
IT,Director,11,Tier 2,2020360
Support,Director,6,Tier 2,1745163
IT,Senior Dev,13,Tier 1,1746934
Finance,Director,19,Tier 1,2949098
Finance,Analyst,14,Tier 2,1232335
Operations,Senior Dev,4,Tier 2,950418
Marketing,Associate,11,Tier 1,1318576
Sales,Senior Dev,19,Tier 3,1721130
HR,Lead,3,Tier 1,1122788
Support,Associate,15,Tier 2,1427192
Marketing,Associate,6,Tier 2,824540
IT,Analyst,9,Tier 2,915689
Operations,Lead,6,Tier 3,1052925
IT,Senior Dev,4,Tier 3,833714
Support,Senior Dev,10,Tier 3,1194394
Finance,Manager,17,Tier 1,2407614
Finance,Intern,11,Tier 2,964136
Marketing,Manager,9,Tier 1,1787337
Marketing,Director,11,Tier 3,1837056
Sales,Associate,5,Tier 2,741542
Finance,Manager,13,Tier 2,1864732
Marketing,Manager,7,Tier 1,1659081
Marketing,Lead,8,Tier 2,1295569
Support,Manager,1,Tier 1,1187924
Sales,Manager,4,Tier 3,1164693
Marketing,Senior Dev,18,Tier 1,2098295
Operations,Senior Dev,15,Tier 2,1662348
Finance,Director,0,Tier 1,1487749
HR,Senior Dev,19,Tier 3,1736256
Operations,Associate,6,Tier 1,957080
Finance,Analyst,12,Tier 2,1117731
Sales,Associate,3,Tier 1,730909
Finance,Intern,18,Tier 1,1576588
Marketing,Manager,11,Tier 1,1958069
IT,Manager,6,Tier 1,1598338
Sales,Intern,9,Tier 3,765129
Sales,Intern,18,Tier 2,1406710
Finance,Manager,2,Tier 3,1010652
Marketing,Senior Dev,12,Tier 3,1311233
Finance,Analyst,19,Tier 1,1825771
Finance,Manager,7,Tier 2,1435116
IT,Manager,8,Tier 2,1530918
HR,Intern,0,Tier 1,259298
IT,Intern,12,Tier 1,1134683
IT,Lead,16,Tier 1,2068960
Support,Lead,0,Tier 2,777797
Marketing,Lead,5,Tier 1,1222105
Finance,Manager,11,Tier 1,1965740
Operations,Senior Dev,12,Tier 3,1324620
Finance,Director,14,Tier 3,2030559
HR,Manager,10,Tier 3,1481003
IT,Associate,4,Tier 1,795826
IT,Manager,18,Tier 2,2161843
Sales,Senior Dev,17,Tier 2,1758190
Finance,Senior Dev,8,Tier 3,1102528
Finance,Senior Dev,13,Tier 3,1402638
Marketing,Associate,0,Tier 1,512356
Marketing,Director,2,Tier 2,1441087
Sales,Associate,10,Tier 2,1083323
Marketing,Intern,9,Tier 2,794975
HR,Associate,15,Tier 3,1291447
Operations,Intern,5,Tier 1,618959
IT,Senior Dev,7,Tier 3,999337
IT,Director,3,Tier 3,1386487
Finance,Lead,17,Tier 1,2153307
HR,Director,4,Tier 1,1774835
Support,Lead,16,Tier 2,1834088
Sales,Director,0,Tier 3,1225284
Support,Senior Dev,19,Tier 2,1943852
Marketing,Intern,15,Tier 2,1197308
HR,Director,12,Tier 3,1924349
Support,Intern,2,Tier 3,342476
Sales,Manager,5,Tier 2,1295713
IT,Associate,18,Tier 1,1869407
IT,Director,4,Tier 2,1604990
IT,Associate,1,Tier 1,545009
HR,Lead,17,Tier 2,1918570
IT,Associate,12,Tier 1,1407892
Marketing,Senior Dev,0,Tier 1,747712
Support,Associate,17,Tier 3,1398415
IT,Analyst,14,Tier 2,1271280
Support,Lead,10,Tier 2,1423833
Support,Intern,16,Tier 3,1176540
HR,Intern,0,Tier 3,188017
Sales,Intern,8,Tier 2,758034
HR,Manager,0,Tier 1,1095404
Operations,Senior Dev,15,Tier 1,1892926
Finance,Senior Dev,5,Tier 1,1107763
HR,Manager,16,Tier 1,2327606
Sales,Senior Dev,4,Tier 3,848757
Support,Senior Dev,2,Tier 2,812612
Marketing,Senior Dev,4,Tier 1,1023636
HR,Analyst,4,Tier 1,649809
Finance,Manager,9,Tier 1,1823330
Finance,Analyst,16,Tier 2,1404212
Finance,Analyst,13,Tier 3,1105752
HR,Lead,13,Tier 2,1632816
Support,Lead,18,Tier 2,1981932
Marketing,Associate,12,Tier 3,1147091
Operations,Lead,0,Tier 2,777744
Finance,Director,7,Tier 3,1632783
HR,Analyst,1,Tier 1,456187
Sales,Analyst,7,Tier 2,820918
HR,Lead,1,Tier 1,963125
Operations,Intern,2,Tier 2,350538
Marketing,Associate,17,Tier 3,1427131
Operations,Lead,0,Tier 1,895229
Operations,Analyst,11,Tier 3,971348
HR,Senior Dev,16,Tier 1,1973871
Sales,Associate,14,Tier 2,1349254
IT,Lead,14,Tier 3,1511252
Support,Manager,13,Tier 3,1687441
IT,Associate,10,Tier 1,1273682
Marketing,Director,6,Tier 2,1701781
IT,Senior Dev,1,Tier 3,636949
Finance,Senior Dev,17,Tier 2,1807393
Support,Associate,17,Tier 1,1751941
IT,Analyst,14,Tier 3,1133386
Marketing,Senior Dev,18,Tier 2,1828209
HR,Lead,19,Tier 1,2298920
Marketing,Associate,5,Tier 3,726800
Marketing,Director,14,Tier 1,2574267
Marketing,Manager,9,Tier 3,1466882
Marketing,Senior Dev,16,Tier 3,1581332
HR,Intern,3,Tier 3,399289
Support,Senior Dev,16,Tier 3,1551833
HR,Manager,16,Tier 2,2035963
Support,Analyst,19,Tier 2,1590932
Sales,Associate,1,Tier 2,483941
Sales,Lead,1,Tier 1,924300
IT,Intern,10,Tier 2,862015
IT,Associate,10,Tier 2,1121058
Finance,Lead,14,Tier 2,1681144
IT,Intern,15,Tier 1,1351238
Sales,Manager,10,Tier 2,1631637
IT,Lead,15,Tier 1,1994071
HR,Intern,3,Tier 3,395415
Operations,Director,3,Tier 2,1530679
Finance,Intern,2,Tier 3,308271
Marketing,Associate,2,Tier 1,653434
Finance,Manager,17,Tier 1,2398732
Finance,Analyst,18,Tier 1,1718954
Sales,Senior Dev,4,Tier 1,1041969
Operations,Senior Dev,9,Tier 2,1260668
Sales,Director,5,Tier 3,1509144
Finance,Senior Dev,11,Tier 1,1563777
Support,Director,13,Tier 3,2001745
IT,Analyst,16,Tier 1,1571329
Operations,Associate,12,Tier 2,1218282
Finance,Senior Dev,8,Tier 1,1343321
Support,Analyst,14,Tier 1,1400240
Operations,Analyst,14,Tier 2,1279645
Support,Associate,10,Tier 1,1239262
Finance,Intern,15,Tier 2,1232796
HR,Lead,16,Tier 2,1825721
Operations,Associate,3,Tier 3,563568
Marketing,Director,7,Tier 1,2009178
IT,Lead,19,Tier 2,1994302
IT,Lead,13,Tier 1,1848699
Finance,Senior Dev,13,Tier 1,1739247
HR,Director,1,Tier 2,1372748
Sales,Associate,13,Tier 3,1165034
Support,Analyst,18,Tier 3,1355126
Marketing,Senior Dev,2,Tier 2,780030
Marketing,Intern,13,Tier 3,1005658
Finance,Associate,14,Tier 1,1521531
HR,Director,12,Tier 2,2134497
Support,Lead,5,Tier 1,1259650
Marketing,Director,18,Tier 3,2285854
Operations,Intern,4,Tier 2,464267
Marketing,Analyst,9,Tier 2,895062
HR,Associate,16,Tier 3,1359926
Finance,Director,11,Tier 1,2299632
Marketing,Director,16,Tier 1,2673596
Sales,Analyst,19,Tier 1,1776168
Finance,Intern,3,Tier 2,395561
Finance,Lead,2,Tier 3,806616
Support,Intern,12,Tier 3,948513
Support,Intern,14,Tier 2,1120371
IT,Analyst,14,Tier 1,1421069
Marketing,Manager,1,Tier 2,1038910
IT,Analyst,7,Tier 2,774199
IT,Associate,16,Tier 1,1693275
IT,Analyst,18,Tier 1,1710913
IT,Senior Dev,8,Tier 1,1339123
Marketing,Senior Dev,1,Tier 3,640167
HR,Director,12,Tier 3,1937045
Support,Lead,4,Tier 1,1173024
HR,Lead,0,Tier 1,895612
HR,Lead,5,Tier 2,1071605
Finance,Director,15,Tier 1,2622139
Operations,Lead,10,Tier 3,1322669
Sales,Senior Dev,8,Tier 1,1333046
Marketing,Lead,2,Tier 2,896818
Support,Associate,7,Tier 2,876324
IT,Associate,3,Tier 2,617111
IT,Analyst,5,Tier 3,626641
Finance,Senior Dev,19,Tier 1,2159043
IT,Senior Dev,10,Tier 3,1227347
HR,Lead,14,Tier 2,1705605
IT,Intern,16,Tier 2,1292685
Support,Lead,5,Tier 3,983234
Sales,Manager,1,Tier 3,930846
HR,Senior Dev,10,Tier 2,1303703
HR,Analyst,18,Tier 1,1717700
Marketing,Intern,11,Tier 1,1051469
Operations,Manager,3,Tier 2,1184386
IT,Analyst,19,Tier 1,1819376
Support,Senior Dev,19,Tier 3,1746976
IT,Intern,11,Tier 3,832048
Operations,Lead,13,Tier 3,1495375
HR,Manager,5,Tier 1,1471828
Finance,Associate,10,Tier 2,1102254
IT,Analyst,3,Tier 3,489756
Finance,Director,10,Tier 3,1817362
Support,Associate,0,Tier 2,468245
HR,Director,17,Tier 3,2249383
Operations,Associate,9,Tier 1,1161644
IT,Senior Dev,9,Tier 1,1397219
Operations,Director,1,Tier 3,1281212
Operations,Director,7,Tier 3,1624387
Finance,Associate,0,Tier 2,411342
HR,Associate,4,Tier 3,653336
Finance,Lead,16,Tier 3,1681976
IT,Manager,10,Tier 3,1497534
IT,Lead,5,Tier 3,996614
Finance,Senior Dev,2,Tier 2,790253
Support,Analyst,16,Tier 3,1247988
HR,Analyst,11,Tier 1,1212929
IT,Director,13,Tier 1,2446908
Finance,Intern,10,Tier 1,975256
IT,Analyst,1,Tier 1,439019
Finance,Senior Dev,2,Tier 1,928914
Marketing,Analyst,0,Tier 1,350415
Support,Intern,7,Tier 1,786832
IT,Director,4,Tier 1,1825565
Marketing,Manager,2,Tier 1,1266204
HR,Senior Dev,4,Tier 1,1039282
Support,Manager,13,Tier 2,1858345
HR,Associate,3,Tier 2,624984
HR,Lead,12,Tier 2,1549449
Sales,Associate,17,Tier 2,1575303
Sales,Analyst,7,Tier 1,879510
Finance,Associate,7,Tier 3,818173
Sales,Senior Dev,18,Tier 3,1657804
Marketing,Lead,5,Tier 3,975984
Finance,Director,14,Tier 2,2223184
IT,Associate,16,Tier 2,1500016
Operations,Lead,14,Tier 1,1940558
Operations,Intern,1,Tier 1,313381
Support,Manager,7,Tier 1,1646727
Operations,Senior Dev,18,Tier 3,1661302
Support,Director,18,Tier 2,2519157
Support,Manager,5,Tier 3,1197202
Operations,Director,6,Tier 3,1547586
Finance,Senior Dev,7,Tier 1,1276273
Finance,Associate,19,Tier 1,1910374
Marketing,Manager,14,Tier 1,2150788
Support,Manager,0,Tier 3,929379
Marketing,Analyst,6,Tier 1,795922
Finance,Analyst,3,Tier 3,501356
IT,Lead,5,Tier 3,1002184
HR,Associate,0,Tier 3,414028
Support,Director,4,Tier 1,1802154
Operations,Manager,0,Tier 3,908141
Finance,Analyst,3,Tier 2,517029
Marketing,Lead,1,Tier 1,952265
Finance,Lead,4,Tier 2,1050714
Marketing,Analyst,9,Tier 1,1063872
IT,Director,5,Tier 2,1675180
Marketing,Manager,14,Tier 3,1716371
Support,Associate,12,Tier 1,1376359
Marketing,Lead,19,Tier 1,2310631
HR,Manager,14,Tier 1,2180996
Operations,Director,7,Tier 1,2009382
IT,Director,3,Tier 3,1385659
Operations,Lead,12,Tier 3,1410609
Marketing,Lead,18,Tier 2,1967666
Marketing,Lead,3,Tier 2,971561
Finance,Director,10,Tier 3,1804884
Finance,Associate,19,Tier 1,1907298
Marketing,Manager,9,Tier 2,1597879
Sales,Associate,5,Tier 1,889165
Marketing,Director,7,Tier 1,2050318
Finance,Associate,14,Tier 2,1383497
IT,Senior Dev,13,Tier 1,1719938
Sales,Associate,11,Tier 1,1305457
Finance,Lead,12,Tier 3,1397783
HR,Analyst,17,Tier 2,1439368
Operations,Director,0,Tier 2,1346942
HR,Lead,7,Tier 2,1235595
Support,Director,10,Tier 1,2239915
HR,Senior Dev,11,Tier 1,1582219
Support,Senior Dev,15,Tier 3,1516403
IT,Lead,4,Tier 1,1198028
IT,Intern,7,Tier 3,590126
HR,Analyst,9,Tier 1,1047632
Marketing,Manager,8,Tier 2,1542261
Sales,Analyst,18,Tier 2,1527964
Operations,Manager,13,Tier 1,2114327
HR,Director,8,Tier 1,2073797
Support,Manager,10,Tier 2,1633718
Operations,Manager,0,Tier 3,881053
Marketing,Senior Dev,4,Tier 2,930244
HR,Senior Dev,13,Tier 1,1742523
Marketing,Senior Dev,0,Tier 3,604622
IT,Analyst,18,Tier 2,1542183
HR,Associate,14,Tier 3,1212708
Sales,Analyst,14,Tier 3,1166264
Marketing,Director,8,Tier 2,1875545
Support,Analyst,19,Tier 3,1449224
Sales,Associate,8,Tier 1,1110738
Finance,Senior Dev,19,Tier 1,2194688
Support,Lead,10,Tier 2,1407973
IT,Manager,1,Tier 2,1034070
Sales,Manager,17,Tier 2,2090666
Support,Intern,1,Tier 3,285642
Finance,Associate,16,Tier 2,1472783
IT,Director,10,Tier 1,2261914
Support,Director,11,Tier 2,2029490
IT,Senior Dev,6,Tier 1,1175299
IT,Manager,5,Tier 1,1489956
Support,Senior Dev,0,Tier 1,775472
Support,Associate,10,Tier 2,1074757
Marketing,Intern,17,Tier 1,1533356
IT,Director,16,Tier 3,2180118
Marketing,Senior Dev,16,Tier 2,1732163
Sales,Associate,8,Tier 2,987840
HR,Senior Dev,19,Tier 1,2197853
Marketing,Director,7,Tier 1,2050856
IT,Associate,6,Tier 1,929984
IT,Analyst,12,Tier 1,1286949
Operations,Intern,18,Tier 1,1594442
Sales,Director,18,Tier 2,2505965
Operations,Senior Dev,16,Tier 1,1940908
Operations,Intern,15,Tier 1,1373071
Marketing,Senior Dev,18,Tier 3,1668449
Marketing,Lead,0,Tier 1,883258
Support,Lead,14,Tier 3,1538865
Sales,Lead,16,Tier 1,2071737
Marketing,Analyst,5,Tier 1,745522
IT,Lead,3,Tier 3,905168
Support,Senior Dev,7,Tier 3,1002342
IT,Senior Dev,6,Tier 2,1074770
Operations,Manager,9,Tier 2,1588249
Marketing,Lead,18,Tier 1,2205093
HR,Senior Dev,1,Tier 1,847603
Finance,Analyst,0,Tier 2,347190
Support,Lead,17,Tier 2,1881846
Marketing,Intern,7,Tier 3,639984
Support,Analyst,2,Tier 3,437063
Sales,Senior Dev,7,Tier 1,1301373
Sales,Manager,14,Tier 2,1887300
HR,Intern,2,Tier 2,361986
Sales,Director,0,Tier 1,1490059
Support,Associate,14,Tier 2,1347575
Support,Manager,1,Tier 2,1033970
Support,Senior Dev,13,Tier 3,1359503
Support,Manager,13,Tier 3,1668922
HR,Manager,15,Tier 2,2003699
Support,Director,19,Tier 3,2351124
Marketing,Analyst,13,Tier 1,1367838
HR,Associate,15,Tier 2,1447057
Operations,Intern,6,Tier 1,674425
Finance,Analyst,6,Tier 3,646032
Operations,Lead,18,Tier 1,2215079
Sales,Lead,18,Tier 1,2208859
IT,Manager,17,Tier 3,1898705
Finance,Intern,0,Tier 2,213236
IT,Associate,19,Tier 3,1529978
Operations,Intern,9,Tier 1,910358
Sales,Manager,1,Tier 3,959378
Operations,Lead,11,Tier 1,1720707
Sales,Director,4,Tier 2,1587572
HR,Senior Dev,5,Tier 1,1096279
Support,Manager,8,Tier 2,1495083
HR,Intern,2,Tier 2,376771
HR,Lead,11,Tier 3,1359975
HR,Intern,16,Tier 3,1178285
Support,Analyst,13,Tier 1,1368854
IT,Analyst,16,Tier 1,1573529
Finance,Director,18,Tier 3,2277856
Support,Analyst,13,Tier 1,1332808
Sales,Manager,7,Tier 1,1656801
Finance,Director,12,Tier 3,1924072
IT,Associate,6,Tier 1,943752
Finance,Associate,10,Tier 2,1121693
Operations,Intern,3,Tier 1,500961
IT,Intern,12,Tier 2,990996
Marketing,Director,10,Tier 3,1826133
Sales,Lead,17,Tier 3,1749519
Marketing,Manager,9,Tier 2,1592243
HR,Intern,8,Tier 2,749653
HR,Analyst,1,Tier 3,369952
Support,Intern,4,Tier 3,441896
HR,Intern,5,Tier 2,532875
Sales,Senior Dev,9,Tier 2,1240725
IT,Associate,5,Tier 3,699402
Marketing,Manager,7,Tier 2,1479953
Sales,Analyst,11,Tier 2,1072828
Finance,Lead,6,Tier 3,1057529
Operations,Manager,12,Tier 1,2006664
Operations,Lead,13,Tier 2,1618609
Finance,Lead,10,Tier 1,1614250
Marketing,Associate,3,Tier 2,629874
Operations,Analyst,10,Tier 3,924567
HR,Analyst,10,Tier 2,984063
Support,Associate,3,Tier 2,633712
IT,Director,6,Tier 3,1561463
Sales,Senior Dev,2,Tier 2,812485
Operations,Director,1,Tier 3,1283302
Operations,Director,14,Tier 2,2216711
HR,Manager,4,Tier 3,1133863
Finance,Manager,0,Tier 2,1019129
HR,Director,3,Tier 2,1496942
Sales,Associate,19,Tier 3,1558594
IT,Associate,2,Tier 1,651987
HR,Lead,10,Tier 2,1412112
HR,Senior Dev,12,Tier 3,1328890
Finance,Manager,1,Tier 3,977304
Marketing,Manager,1,Tier 3,931524
IT,Analyst,8,Tier 1,960048
Sales,Analyst,7,Tier 3,727904
Support,Associate,0,Tier 1,504008
Marketing,Intern,10,Tier 1,988023
IT,Senior Dev,9,Tier 3,1155080
Sales,Director,6,Tier 1,1944354
Support,Intern,2,Tier 3,318145
Support,Lead,4,Tier 1,1165587
Marketing,Senior Dev,11,Tier 2,1365650
Finance,Director,5,Tier 1,1868393
Marketing,Lead,11,Tier 2,1517474
HR,Intern,4,Tier 1,569082
Marketing,Associate,16,Tier 1,1705772
HR,Senior Dev,16,Tier 3,1579481
Finance,Director,16,Tier 3,2187134
IT,Manager,11,Tier 1,1921341
Marketing,Intern,15,Tier 3,1094791
IT,Associate,18,Tier 1,1825895
Support,Associate,16,Tier 1,1671750
Sales,Intern,4,Tier 2,456421
Finance,Manager,15,Tier 2,2008053
IT,Lead,7,Tier 1,1385896
Marketing,Senior Dev,17,Tier 2,1806539
IT,Associate,14,Tier 2,1387145
HR,Lead,8,Tier 3,1207196
Operations,Lead,14,Tier 2,1691935
Finance,Analyst,9,Tier 1,1049711
IT,Manager,6,Tier 1,1586360
Marketing,Intern,6,Tier 2,630813
Finance,Analyst,14,Tier 2,1232820
Marketing,Analyst,6,Tier 1,799232
Operations,Analyst,18,Tier 3,1365023
Operations,Analyst,7,Tier 2,779905
Sales,Director,17,Tier 1,2781062
Marketing,Senior Dev,19,Tier 3,1735510
Finance,Senior Dev,2,Tier 3,727265
Marketing,Intern,9,Tier 1,895614
HR,Director,16,Tier 3,2154077
Operations,Analyst,2,Tier 2,467435
Marketing,Manager,12,Tier 3,1603409
Operations,Senior Dev,2,Tier 1,899866
Finance,Intern,7,Tier 3,621705
Support,Intern,11,Tier 2,956998
Sales,Analyst,14,Tier 2,1252535
Marketing,Senior Dev,16,Tier 2,1730547
Support,Intern,12,Tier 2,1009345
HR,Intern,0,Tier 1,248687
Operations,Lead,12,Tier 1,1758737
HR,Lead,11,Tier 1,1685229
Operations,Manager,1,Tier 2,1034502
Operations,Intern,2,Tier 2,374393
IT,Senior Dev,1,Tier 3,689805
Marketing,Director,12,Tier 2,2109788
Finance,Lead,17,Tier 1,2168543
Finance,Manager,2,Tier 2,1122586
Operations,Analyst,6,Tier 2,737773
Sales,Intern,19,Tier 3,1355084
Operations,Director,16,Tier 3,2138436
Operations,Senior Dev,11,Tier 1,1557984
Marketing,Lead,15,Tier 2,1749895
Sales,Lead,11,Tier 3,1388606
Marketing,Analyst,9,Tier 3,849837
Operations,Associate,6,Tier 2,859587
Marketing,Analyst,4,Tier 2,574816
Support,Lead,16,Tier 2,1798050
Marketing,Associate,12,Tier 2,1235933
IT,Analyst,17,Tier 2,1477619
Marketing,Director,17,Tier 1,2792037
Operations,Analyst,4,Tier 3,550600
HR,Manager,15,Tier 1,2245280
Support,Intern,13,Tier 1,1242054
Operations,Analyst,8,Tier 1,949494
Sales,Lead,16,Tier 2,1853208
Sales,Manager,3,Tier 1,1351883
Finance,Analyst,4,Tier 1,704452
Finance,Analyst,4,Tier 1,686898
Support,Senior Dev,5,Tier 2,960806
Sales,Senior Dev,13,Tier 2,1528970
HR,Associate,12,Tier 1,1384561
Marketing,Director,6,Tier 2,1700899
IT,Senior Dev,3,Tier 1,999842
Sales,Intern,7,Tier 2,708979
Finance,Manager,18,Tier 1,2481332
IT,Manager,13,Tier 2,1829593
HR,Associate,10,Tier 3,1019976
HR,Senior Dev,8,Tier 1,1347376
IT,Manager,2,Tier 3,1004199
HR,Analyst,5,Tier 1,735876
Finance,Associate,4,Tier 1,778245
HR,Intern,14,Tier 1,1270726
Marketing,Lead,16,Tier 2,1842600
Marketing,Associate,2,Tier 3,508297
Operations,Senior Dev,16,Tier 3,1556172
Support,Associate,9,Tier 2,1022850
Finance,Lead,17,Tier 2,1887425
IT,Director,16,Tier 3,2177319
Support,Intern,2,Tier 3,318831
HR,Senior Dev,2,Tier 3,744028
Support,Lead,14,Tier 2,1723720
HR,Analyst,3,Tier 2,532701
Finance,Director,4,Tier 3,1454641
Sales,Intern,10,Tier 3,788024
Marketing,Director,2,Tier 3,1333642
Support,Analyst,8,Tier 2,845602
Marketing,Analyst,1,Tier 1,445931
Finance,Manager,9,Tier 3,1439192
HR,Senior Dev,14,Tier 1,1812520
Operations,Senior Dev,4,Tier 2,952762
Marketing,Analyst,1,Tier 1,445559
Finance,Intern,14,Tier 2,1118133
Finance,Analyst,7,Tier 1,891754
Marketing,Manager,4,Tier 1,1400295
Marketing,Director,17,Tier 2,2441125
Marketing,Director,4,Tier 3,1419903
Marketing,Lead,12,Tier 1,1786755
Operations,Senior Dev,4,Tier 1,1041452
Support,Director,16,Tier 2,2384001
Marketing,Director,7,Tier 3,1599516
Support,Director,18,Tier 2,2497129
Marketing,Intern,2,Tier 3,291591
Support,Director,7,Tier 3,1620561
Finance,Intern,7,Tier 2,705082
Sales,Manager,12,Tier 1,2029080
IT,Lead,5,Tier 3,990695
Sales,Director,18,Tier 1,2871535
Sales,Analyst,7,Tier 3,692139
Support,Director,0,Tier 2,1321290
Support,Director,15,Tier 2,2298088
Support,Lead,12,Tier 3,1423130
Sales,Lead,12,Tier 2,1564088
Support,Director,9,Tier 2,1904670
Sales,Senior Dev,5,Tier 1,1148947
Finance,Lead,6,Tier 1,1343874
Finance,Manager,12,Tier 1,2004017
Finance,Senior Dev,18,Tier 3,1704302
IT,Director,9,Tier 2,1924329
Operations,Senior Dev,10,Tier 1,1481700
IT,Manager,6,Tier 1,1581766
HR,Analyst,17,Tier 1,1638787
IT,Analyst,1,Tier 3,378845
Operations,Manager,12,Tier 1,2021588
Sales,Manager,11,Tier 2,1719062
Sales,Analyst,1,Tier 1,441727
IT,Intern,12,Tier 2,991882
Support,Intern,16,Tier 1,1454832
Operations,Intern,7,Tier 2,683966
Support,Intern,1,Tier 2,268987
Support,Senior Dev,12,Tier 2,1423007
Support,Analyst,5,Tier 3,580706
Finance,Lead,6,Tier 2,1165257
Support,Manager,8,Tier 1,1737207
Operations,Manager,1,Tier 1,1171435
Support,Lead,14,Tier 3,1535821
Sales,Director,4,Tier 2,1559084
HR,Senior Dev,3,Tier 2,835059
Finance,Manager,3,Tier 2,1208417
HR,Analyst,3,Tier 3,497295
Operations,Lead,16,Tier 3,1644859
Marketing,Manager,16,Tier 3,1838073
HR,Director,0,Tier 2,1347365
IT,Associate,17,Tier 1,1747353
Finance,Analyst,13,Tier 3,1087567
Operations,Director,14,Tier 2,2238860
IT,Intern,11,Tier 1,1056939
Marketing,Director,2,Tier 1,1641427
Marketing,Analyst,11,Tier 1,1191510
Marketing,Intern,10,Tier 2,894064
Finance,Associate,5,Tier 1,876598
Support,Associate,14,Tier 1,1547570
Support,Intern,10,Tier 3,799241
HR,Manager,1,Tier 2,1052029
Support,Intern,1,Tier 2,292124
Marketing,Director,3,Tier 1,1709288
Operations,Manager,2,Tier 1,1251540
Marketing,Associate,8,Tier 3,866422
Sales,Intern,14,Tier 3,1051846
Marketing,Lead,10,Tier 3,1293411
IT,Senior Dev,1,Tier 2,742766
HR,Director,13,Tier 1,2497307
Sales,Analyst,10,Tier 3,892042
Marketing,Associate,2,Tier 2,594048
IT,Intern,11,Tier 2,944087
HR,Intern,14,Tier 3,1026335
Sales,Associate,4,Tier 1,798602
Marketing,Analyst,19,Tier 1,1818901
Marketing,Associate,18,Tier 2,1630196
Marketing,Manager,2,Tier 2,1097626
Finance,Intern,0,Tier 2,202857
Finance,Senior Dev,5,Tier 2,979982
Finance,Associate,1,Tier 3,431980
Finance,Intern,2,Tier 3,316431
Finance,Lead,16,Tier 2,1837752
HR,Manager,11,Tier 1,1946385
IT,Analyst,14,Tier 3,1133019
Finance,Manager,15,Tier 1,2239994
Marketing,Manager,7,Tier 2,1443563
Support,Associate,13,Tier 2,1318136
Marketing,Intern,16,Tier 1,1456444
IT,Associate,7,Tier 3,798782
HR,Analyst,13,Tier 2,1178017
Sales,Manager,19,Tier 2,2253110
Sales,Intern,2,Tier 1,387343
Marketing,Intern,11,Tier 1,1086652
Support,Senior Dev,2,Tier 2,777251
Operations,Intern,13,Tier 2,1048526
HR,Intern,13,Tier 3,961536
Finance,Director,11,Tier 3,1881027
Finance,Manager,3,Tier 2,1166712
Sales,Director,5,Tier 2,1629208
IT,Associate,1,Tier 1,599615
Sales,Director,7,Tier 1,2052738
Finance,Senior Dev,12,Tier 3,1326935
Operations,Director,17,Tier 1,2771589
Marketing,Senior Dev,17,Tier 3,1607773
Finance,Director,14,Tier 1,2561125
Sales,Manager,10,Tier 3,1491804
Finance,Associate,0,Tier 2,461195
HR,Director,5,Tier 3,1522648
IT,Director,7,Tier 3,1639930
Operations,Director,18,Tier 3,2296167
Sales,Manager,8,Tier 3,1393408
Support,Intern,11,Tier 1,1097269
Marketing,Director,14,Tier 2,2222783
Finance,Director,19,Tier 3,2345488
Support,Director,9,Tier 3,1719127
Marketing,Senior Dev,17,Tier 3,1647184
HR,Manager,1,Tier 1,1176368
Finance,Associate,0,Tier 1,516824
Marketing,Manager,12,Tier 3,1608333
Finance,Associate,0,Tier 3,393116
Marketing,Associate,19,Tier 3,1566985
IT,Senior Dev,6,Tier 2,1069201
IT,Senior Dev,5,Tier 3,893398
Marketing,Senior Dev,13,Tier 2,1498361
Operations,Associate,17,Tier 1,1748041
Marketing,Senior Dev,9,Tier 3,1119078
IT,Director,11,Tier 3,1881047
Marketing,Manager,10,Tier 3,1527660
Sales,Director,2,Tier 3,1339786
Support,Associate,5,Tier 3,688440
IT,Analyst,5,Tier 2,682296
HR,Senior Dev,6,Tier 2,1085614
HR,Senior Dev,8,Tier 2,1183291
Sales,Intern,7,Tier 3,626679
Operations,Manager,17,Tier 3,1893389
Support,Associate,19,Tier 3,1523629
Support,Analyst,14,Tier 2,1248826
Marketing,Manager,6,Tier 1,1578226
Support,Senior Dev,19,Tier 2,1916975
Operations,Director,3,Tier 2,1499653
Support,Associate,2,Tier 2,598446
Support,Senior Dev,8,Tier 1,1377019
Finance,Analyst,9,Tier 1,1056877
Marketing,Intern,10,Tier 2,865313
Operations,Associate,11,Tier 3,1040326
IT,Associate,11,Tier 3,1031560
Marketing,Lead,12,Tier 1,1762650
HR,Intern,18,Tier 2,1398022
Operations,Analyst,13,Tier 3,1102579
Marketing,Analyst,12,Tier 3,1008311
Finance,Manager,18,Tier 3,1974363
Finance,Lead,17,Tier 3,1700181
HR,Lead,17,Tier 1,2136082
HR,Analyst,4,Tier 2,612479
Sales,Analyst,8,Tier 3,775658
Operations,Manager,2,Tier 1,1259025
Marketing,Director,18,Tier 3,2278706
Sales,Director,14,Tier 3,2043120
Operations,Director,6,Tier 1,1950027
Support,Intern,16,Tier 2,1253005
HR,Manager,19,Tier 2,2261908
Sales,Associate,3,Tier 1,720963
Marketing,Analyst,19,Tier 1,1803723
Marketing,Analyst,17,Tier 2,1472864
Support,Analyst,18,Tier 2,1492703
Finance,Senior Dev,8,Tier 1,1326563
Support,Manager,1,Tier 3,952015
Sales,Manager,3,Tier 1,1363585
Operations,Manager,14,Tier 3,1736017
Finance,Manager,3,Tier 2,1217141
Support,Manager,6,Tier 3,1242201
Operations,Associate,18,Tier 1,1837778
Operations,Associate,11,Tier 1,1347866
Marketing,Lead,12,Tier 3,1423297
Support,Manager,7,Tier 3,1309342
Finance,Manager,0,Tier 3,897490
Support,Analyst,7,Tier 3,716723
HR,Lead,15,Tier 3,1582765
HR,Analyst,9,Tier 3,851899
HR,Director,13,Tier 3,1972861
Support,Analyst,1,Tier 2,399142
HR,Senior Dev,4,Tier 2,938965
Support,Analyst,12,Tier 2,1096648
IT,Lead,14,Tier 2,1696781
Finance,Intern,6,Tier 2,633064
Sales,Manager,19,Tier 2,2255089
Sales,Manager,6,Tier 2,1401893
Finance,Director,16,Tier 2,2372616
Operations,Lead,1,Tier 2,864596
Finance,Analyst,4,Tier 2,607006
IT,Manager,0,Tier 2,981927
Support,Analyst,11,Tier 2,1058419
Operations,Manager,12,Tier 1,2051214
Marketing,Director,14,Tier 2,2253198
HR,Analyst,10,Tier 3,922233
HR,Senior Dev,2,Tier 1,903397
Operations,Associate,13,Tier 3,1160831
Marketing,Intern,9,Tier 3,715724
Sales,Intern,9,Tier 2,795083
Operations,Intern,8,Tier 3,692240
Support,Lead,4,Tier 3,958403
Sales,Associate,7,Tier 1,1008994
Support,Intern,11,Tier 2,939040
Sales,Analyst,19,Tier 3,1452267
Sales,Lead,10,Tier 2,1455204
Finance,Director,14,Tier 1,2526116
HR,Manager,11,Tier 2,1712788
Support,Senior Dev,16,Tier 2,1722336
Finance,Intern,11,Tier 3,844135
Sales,Analyst,14,Tier 2,1225742
IT,Director,5,Tier 2,1620619
IT,Senior Dev,19,Tier 2,1904337
HR,Director,13,Tier 2,2164001
IT,Senior Dev,8,Tier 3,1097614
Support,Associate,4,Tier 3,635619
Finance,Manager,0,Tier 3,909030
IT,Analyst,2,Tier 3,410677
Operations,Senior Dev,4,Tier 1,1048404
Operations,Lead,4,Tier 1,1174856
Operations,Intern,16,Tier 2,1279997
Marketing,Director,11,Tier 1,2348737
Sales,Associate,19,Tier 2,1715892
Operations,Lead,17,Tier 3,1691239
HR,Intern,10,Tier 1,970125
Operations,Director,1,Tier 3,1275272
Operations,Associate,17,Tier 1,1803552
Sales,Associate,6,Tier 1,974494
IT,Lead,14,Tier 3,1516570
HR,Director,17,Tier 3,2199110
Support,Manager,11,Tier 1,1933605
Finance,Manager,19,Tier 2,2253062
HR,Lead,12,Tier 2,1544595
IT,Director,15,Tier 1,2596969
Marketing,Intern,9,Tier 1,912275
Support,Director,7,Tier 3,1600225
Sales,Manager,0,Tier 3,911974
Finance,Director,7,Tier 1,2018196
Operations,Analyst,5,Tier 3,607380
IT,Director,14,Tier 3,2055141
HR,Analyst,14,Tier 2,1272320
Marketing,Director,10,Tier 1,2242473
Marketing,Manager,17,Tier 2,2110625
Finance,Manager,16,Tier 1,2319089
HR,Intern,7,Tier 1,745302
Finance,Lead,7,Tier 3,1134912
IT,Senior Dev,11,Tier 3,1280138
Operations,Senior Dev,7,Tier 1,1282208
HR,Senior Dev,13,Tier 3,1380659
HR,Intern,0,Tier 1,255840
Finance,Associate,18,Tier 2,1611598
IT,Associate,15,Tier 1,1641733
IT,Associate,15,Tier 3,1283380
HR,Director,8,Tier 2,1862633
Support,Intern,1,Tier 1,332873
Marketing,Director,5,Tier 3,1519726
Finance,Associate,8,Tier 3,857848
Finance,Associate,15,Tier 1,1601924
HR,Manager,8,Tier 1,1747980
Operations,Associate,12,Tier 2,1221614
HR,Intern,8,Tier 2,757882
IT,Intern,3,Tier 2,436508
Finance,Lead,5,Tier 2,1099165
Finance,Lead,3,Tier 3,876213
Operations,Intern,18,Tier 1,1606321
Operations,Lead,17,Tier 2,1893116
Sales,Associate,8,Tier 1,1118406
HR,Lead,18,Tier 1,2212772
Finance,Senior Dev,10,Tier 3,1173712
Support,Analyst,6,Tier 2,722200
Support,Lead,14,Tier 2,1687616
Finance,Director,11,Tier 1,2332574
IT,Analyst,14,Tier 2,1233108
Marketing,Manager,18,Tier 1,2480643
Finance,Analyst,0,Tier 2,345360
Operations,Associate,16,Tier 2,1497010
Support,Director,11,Tier 3,1844437
Support,Intern,10,Tier 1,1009778
Finance,Senior Dev,7,Tier 1,1301269
Marketing,Director,9,Tier 3,1735537
Support,Director,13,Tier 1,2457040
Finance,Director,2,Tier 3,1312612
IT,Senior Dev,7,Tier 2,1127631
Support,Analyst,1,Tier 3,373461
Marketing,Analyst,11,Tier 2,1047636
Marketing,Manager,1,Tier 3,983551
IT,Manager,4,Tier 1,1422598
Finance,Director,11,Tier 3,1876819
HR,Lead,14,Tier 2,1672234
Marketing,Manager,15,Tier 2,1976966
Finance,Manager,5,Tier 1,1486173
Finance,Analyst,17,Tier 3,1316987
Operations,Associate,10,Tier 2,1128348
HR,Lead,10,Tier 3,1311974
IT,Associate,15,Tier 2,1459182
IT,Senior Dev,14,Tier 2,1610088
Finance,Lead,3,Tier 3,858906
Marketing,Analyst,18,Tier 2,1532814
Sales,Director,3,Tier 2,1501076
Operations,Associate,12,Tier 2,1239650
Operations,Lead,1,Tier 2,852413
Finance,Senior Dev,3,Tier 2,835151
IT,Associate,19,Tier 2,1691117
Operations,Associate,14,Tier 2,1347467
Support,Analyst,2,Tier 3,446463
IT,Lead,9,Tier 3,1264691
Marketing,Director,17,Tier 2,2424289
Finance,Manager,16,Tier 2,2059596
HR,Intern,3,Tier 2,422905
Sales,Analyst,10,Tier 2,994054
Operations,Lead,11,Tier 3,1378713
IT,Senior Dev,6,Tier 3,937052
IT,Analyst,6,Tier 3,653486
HR,Intern,16,Tier 2,1270489
IT,Intern,9,Tier 2,838199
HR,Analyst,3,Tier 3,504355
IT,Lead,3,Tier 2,950149
Finance,Senior Dev,6,Tier 3,989189
HR,Senior Dev,0,Tier 3,591675
Operations,Lead,12,Tier 3,1403673
Sales,Intern,14,Tier 3,1021130
Operations,Manager,12,Tier 2,1767222
IT,Analyst,8,Tier 1,997249
Finance,Director,8,Tier 1,2086393
Support,Analyst,9,Tier 3,869975
Finance,Manager,15,Tier 2,2000224
IT,Analyst,4,Tier 2,618851
Marketing,Analyst,17,Tier 1,1659575
Operations,Analyst,18,Tier 2,1524451
Support,Intern,6,Tier 1,706041
Marketing,Lead,17,Tier 1,2157778
Marketing,Associate,3,Tier 1,698040
HR,Lead,17,Tier 3,1716160
Finance,Lead,2,Tier 3,842331
Marketing,Intern,1,Tier 2,285344
Marketing,Lead,16,Tier 1,2086621
Support,Associate,15,Tier 3,1272852
Marketing,Analyst,14,Tier 1,1422042
Marketing,Intern,6,Tier 2,609711
HR,Associate,10,Tier 1,1277993
Operations,Associate,8,Tier 3,877213
HR,Intern,12,Tier 1,1159420
Finance,Intern,1,Tier 2,273727
HR,Intern,2,Tier 2,326358
Sales,Intern,17,Tier 1,1523482
Marketing,Director,9,Tier 2,1916117
Sales,Associate,6,Tier 2,838496
Finance,Director,10,Tier 2,1994311
IT,Intern,13,Tier 3,988467
HR,Associate,5,Tier 2,750793
Sales,Intern,6,Tier 3,569532
Support,Manager,13,Tier 1,2082323
Sales,Associate,7,Tier 1,1041820
IT,Director,0,Tier 2,1297843
Support,Intern,2,Tier 2,338456
Operations,Associate,7,Tier 2,926624
Finance,Lead,5,Tier 3,972472
Finance,Analyst,6,Tier 2,745859
Support,Intern,12,Tier 2,988704
Sales,Analyst,1,Tier 3,335051
HR,Director,4,Tier 3,1412475
Operations,Director,7,Tier 2,1808549
HR,Lead,7,Tier 3,1148929
HR,Senior Dev,2,Tier 3,730747
Operations,Manager,2,Tier 3,998533
Sales,Senior Dev,5,Tier 1,1100249
Operations,Associate,11,Tier 3,1049201
Marketing,Intern,5,Tier 2,578576
Marketing,Manager,2,Tier 2,1151745
Marketing,Manager,19,Tier 1,2552007
Sales,Manager,11,Tier 3,1560137
Support,Analyst,3,Tier 3,497556
IT,Lead,12,Tier 1,1793604
Finance,Senior Dev,14,Tier 2,1579592
Finance,Lead,15,Tier 2,1765433
Sales,Lead,15,Tier 3,1573083
Finance,Director,16,Tier 2,2392479
IT,Director,11,Tier 3,1850103
Finance,Intern,19,Tier 3,1320754
Operations,Manager,15,Tier 1,2235901
Support,Manager,12,Tier 3,1597446
Marketing,Senior Dev,18,Tier 2,1866231
Sales,Intern,4,Tier 1,575251
Operations,Intern,7,Tier 3,631323
Finance,Senior Dev,0,Tier 3,602376
HR,Lead,19,Tier 1,2290421
Finance,Associate,17,Tier 1,1771342
Sales,Director,0,Tier 2,1340164
Marketing,Director,15,Tier 1,2605699
Sales,Manager,5,Tier 1,1479715
Marketing,Manager,1,Tier 2,1085900
Sales,Senior Dev,13,Tier 3,1366163
IT,Director,0,Tier 1,1475782
HR,Director,17,Tier 2,2470945
HR,Manager,8,Tier 2,1537492
Finance,Senior Dev,1,Tier 1,825682
HR,Analyst,8,Tier 2,846880
HR,Associate,10,Tier 3,1008067
Support,Senior Dev,3,Tier 3,787174
HR,Director,5,Tier 3,1487826
IT,Director,10,Tier 2,1960382
HR,Manager,4,Tier 1,1419819
Marketing,Lead,9,Tier 2,1370875
Operations,Manager,14,Tier 1,2178328
HR,Manager,9,Tier 1,1795169
HR,Analyst,12,Tier 3,1024594
HR,Analyst,9,Tier 1,1027629
Sales,Lead,5,Tier 1,1272290
HR,Senior Dev,15,Tier 3,1501750
Finance,Director,19,Tier 2,2584461
IT,Lead,8,Tier 1,1457686
Marketing,Intern,2,Tier 1,376721
Support,Analyst,1,Tier 1,472130
IT,Intern,17,Tier 3,1197373
Sales,Senior Dev,19,Tier 3,1765249
Finance,Director,9,Tier 2,1889656
Support,Associate,1,Tier 1,553984
Operations,Lead,0,Tier 1,898411
Finance,Associate,13,Tier 3,1181552
IT,Senior Dev,13,Tier 3,1381055
Support,Intern,13,Tier 3,964716
HR,Lead,19,Tier 3,1821138
Operations,Manager,2,Tier 2,1143112
Support,Senior Dev,5,Tier 2,1010200
HR,Director,12,Tier 3,1938244
IT,Analyst,1,Tier 1,468519
HR,Intern,1,Tier 3,247347
Marketing,Senior Dev,14,Tier 3,1456659
IT,Director,12,Tier 3,1913563
IT,Manager,12,Tier 2,1760734
Sales,Analyst,13,Tier 1,1348179
IT,Director,17,Tier 2,2464188
IT,Manager,5,Tier 1,1521871
Marketing,Director,10,Tier 3,1790733
Operations,Manager,1,Tier 2,1063947
Support,Manager,18,Tier 3,1956430
IT,Manager,18,Tier 2,2161828
IT,Senior Dev,18,Tier 2,1860913
Operations,Analyst,9,Tier 2,933256
Operations,Manager,1,Tier 1,1225677
HR,Senior Dev,10,Tier 3,1219841
IT,Lead,14,Tier 3,1535032
Sales,Manager,18,Tier 3,1994936
Sales,Intern,2,Tier 3,295448
Finance,Lead,13,Tier 3,1459074
Operations,Manager,6,Tier 3,1261823
Finance,Senior Dev,15,Tier 3,1493291
Marketing,Intern,0,Tier 2,222003
Marketing,Lead,3,Tier 2,972406
HR,Lead,7,Tier 3,1113312
HR,Manager,4,Tier 1,1396382
Support,Analyst,19,Tier 2,1557292
Marketing,Senior Dev,19,Tier 1,2178187
Finance,Intern,5,Tier 2,572454
IT,Director,17,Tier 1,2760422
Sales,Lead,4,Tier 3,942371
Support,Analyst,2,Tier 1,526238
IT,Director,13,Tier 3,1981174
Support,Director,4,Tier 2,1592908
Support,Analyst,4,Tier 1,649481
IT,Director,5,Tier 2,1627758
Finance,Senior Dev,9,Tier 1,1419022
IT,Senior Dev,6,Tier 2,1051476
Support,Senior Dev,0,Tier 1,742740
Operations,Director,17,Tier 3,2237596
Marketing,Intern,17,Tier 1,1542076
Finance,Associate,12,Tier 1,1370671
Sales,Associate,3,Tier 1,736424
IT,Analyst,2,Tier 1,548744
IT,Intern,10,Tier 1,974798
HR,Director,19,Tier 3,2365039
Finance,Intern,3,Tier 1,470121
Sales,Manager,19,Tier 1,2557487
IT,Manager,17,Tier 2,2103223
Marketing,Director,2,Tier 3,1304056
Support,Senior Dev,19,Tier 3,1740620
Sales,Director,5,Tier 3,1529945
IT,Associate,9,Tier 1,1188404
HR,Intern,16,Tier 2,1299352
Finance,Senior Dev,16,Tier 3,1533191
Finance,Intern,8,Tier 1,845000
Sales,Analyst,0,Tier 2,349723
IT,Senior Dev,15,Tier 2,1626172
Marketing,Intern,0,Tier 3,193561
IT,Director,17,Tier 1,2765281
IT,Senior Dev,7,Tier 3,1015364
Sales,Director,10,Tier 3,1797425
Operations,Director,7,Tier 3,1618602
Finance,Director,7,Tier 3,1613472
IT,Analyst,14,Tier 1,1403080
Finance,Intern,12,Tier 3,921186
Marketing,Associate,4,Tier 2,704111
Support,Intern,11,Tier 3,852614
Finance,Associate,4,Tier 1,811991
HR,Manager,12,Tier 3,1642423
HR,Intern,10,Tier 1,1006224
HR,Intern,12,Tier 1,1148082
Sales,Director,2,Tier 2,1457479
Finance,Lead,16,Tier 3,1648052
Finance,Senior Dev,19,Tier 2,1906804
Marketing,Analyst,7,Tier 1,914857
IT,Director,13,Tier 3,1998355
Sales,Associate,10,Tier 3,974531
Sales,Intern,14,Tier 3,1048098
HR,Senior Dev,6,Tier 2,1085890
HR,Director,18,Tier 3,2278138
Operations,Manager,4,Tier 1,1436732
Operations,Manager,7,Tier 1,1625439
Marketing,Manager,9,Tier 2,1596533
Sales,Director,14,Tier 1,2533279
Sales,Associate,15,Tier 1,1639251
Sales,Lead,16,Tier 3,1647630
Support,Associate,7,Tier 1,1047991
Sales,Analyst,7,Tier 1,905144
Operations,Lead,1,Tier 2,837182
Finance,Associate,17,Tier 3,1415538
Sales,Director,16,Tier 1,2720979
Sales,Manager,3,Tier 3,1076189
Finance,Associate,8,Tier 3,909560
Marketing,Associate,17,Tier 1,1791857
HR,Associate,3,Tier 1,720227
HR,Director,7,Tier 1,2012153
Operations,Senior Dev,12,Tier 3,1332676
Marketing,Lead,15,Tier 3,1579503
Finance,Director,1,Tier 3,1287866
Finance,Intern,9,Tier 2,829838
Finance,Analyst,16,Tier 1,1603279
Operations,Analyst,17,Tier 3,1316806
Finance,Manager,8,Tier 2,1510168
Support,Associate,7,Tier 1,1033714
Operations,Associate,13,Tier 2,1323419
Support,Intern,17,Tier 1,1522413
Operations,Senior Dev,19,Tier 3,1712461
Operations,Senior Dev,19,Tier 1,2191804
Finance,Analyst,11,Tier 1,1197935
Operations,Senior Dev,18,Tier 2,1851453
Operations,Lead,16,Tier 1,2101183
HR,Senior Dev,2,Tier 2,792841
Support,Associate,6,Tier 3,740736
Support,Associate,11,Tier 3,1080408
IT,Senior Dev,14,Tier 3,1466849
Support,Associate,12,Tier 2,1241933
Operations,Manager,7,Tier 1,1653069
HR,Associate,7,Tier 1,1050533
Finance,Associate,6,Tier 1,949334
IT,Manager,11,Tier 2,1728719
Operations,Analyst,10,Tier 1,1123927
Finance,Director,10,Tier 2,2008712
Sales,Analyst,12,Tier 1,1264921
Support,Intern,1,Tier 1,340268
IT,Director,14,Tier 3,2065731
Sales,Analyst,17,Tier 2,1466638
Operations,Manager,14,Tier 2,1920850
Support,Lead,11,Tier 3,1387804
IT,Intern,10,Tier 2,877044
Support,Manager,0,Tier 2,968706
Operations,Associate,18,Tier 3,1466406
IT,Manager,6,Tier 1,1584019
Sales,Lead,14,Tier 2,1673496
Operations,Intern,4,Tier 1,549806
HR,Manager,7,Tier 2,1463321
Operations,Lead,15,Tier 3,1592656
IT,Senior Dev,11,Tier 1,1570860
HR,Analyst,2,Tier 2,448832
IT,Intern,3,Tier 2,436231
Operations,Analyst,2,Tier 1,516727
Marketing,Intern,9,Tier 1,952185
Sales,Manager,10,Tier 3,1472520
Operations,Lead,9,Tier 3,1244196
Support,Analyst,13,Tier 1,1334566
Marketing,Associate,1,Tier 3,461656
Support,Analyst,15,Tier 3,1207900
HR,Lead,8,Tier 1,1496699
Finance,Intern,3,Tier 3,397701
Support,Intern,9,Tier 2,803033
Sales,Associate,11,Tier 3,1056832
IT,Associate,13,Tier 3,1200189
Sales,Senior Dev,1,Tier 2,736372
Sales,Associate,19,Tier 1,1946786
Operations,Lead,15,Tier 2,1764546
IT,Senior Dev,5,Tier 1,1107087
Sales,Director,18,Tier 1,2870276
Operations,Intern,3,Tier 1,454596
Operations,Lead,3,Tier 1,1112003
Support,Intern,9,Tier 1,942639
IT,Manager,2,Tier 2,1115705
Support,Associate,4,Tier 3,617909
Operations,Senior Dev,7,Tier 3,1044118
HR,Senior Dev,9,Tier 1,1421661
IT,Manager,13,Tier 3,1688659
Support,Senior Dev,12,Tier 2,1437379
HR,Intern,16,Tier 3,1157766
Support,Lead,6,Tier 1,1297563
IT,Associate,13,Tier 1,1448586
IT,Senior Dev,4,Tier 1,1073583
Support,Lead,19,Tier 2,2021523
Marketing,Intern,1,Tier 1,311029
Marketing,Analyst,17,Tier 3,1304226
Finance,Lead,18,Tier 1,2239848
Marketing,Associate,13,Tier 1,1500506
Support,Intern,12,Tier 3,890541
HR,Lead,5,Tier 2,1083428
IT,Senior Dev,3,Tier 1,993831
Support,Director,18,Tier 1,2877775
Sales,Director,12,Tier 3,1919411
Operations,Manager,16,Tier 3,1888550
Finance,Associate,0,Tier 3,403937
Marketing,Intern,19,Tier 1,1695288
Finance,Director,14,Tier 1,2566026
Marketing,Senior Dev,12,Tier 2,1434448
Operations,Intern,16,Tier 1,1465253
Sales,Lead,3,Tier 1,1119811
IT,Associate,15,Tier 2,1418394
HR,Director,14,Tier 2,2248501
Operations,Director,14,Tier 2,2232509
Support,Associate,10,Tier 2,1118998
IT,Lead,8,Tier 3,1195657
Support,Lead,15,Tier 3,1611796
Marketing,Manager,19,Tier 1,2550268
Marketing,Associate,9,Tier 1,1179865
IT,Manager,2,Tier 2,1146220
Sales,Lead,10,Tier 2,1428272
IT,Senior Dev,12,Tier 3,1325525
Sales,Senior Dev,16,Tier 1,1944570
HR,Intern,12,Tier 2,1000994
Operations,Lead,18,Tier 2,1945833
Operations,Manager,2,Tier 2,1097017
Finance,Senior Dev,18,Tier 1,2099252
HR,Lead,4,Tier 1,1187963
Support,Manager,16,Tier 1,2343201
HR,Associate,4,Tier 3,653363
Operations,Analyst,5,Tier 3,596201
Operations,Associate,3,Tier 3,579309
IT,Manager,6,Tier 2,1412614
Operations,Lead,17,Tier 1,2172130
HR,Intern,0,Tier 1,222839
Marketing,Senior Dev,3,Tier 1,987821
Operations,Lead,8,Tier 2,1281493
IT,Associate,13,Tier 1,1491907
Marketing,Intern,11,Tier 3,867051
Support,Manager,19,Tier 2,2227975
Sales,Analyst,3,Tier 3,473252
Marketing,Associate,11,Tier 1,1332481
Finance,Director,6,Tier 2,1686162
Marketing,Analyst,13,Tier 2,1175015
IT,Manager,9,Tier 2,1586591
IT,Lead,15,Tier 3,1604782
Support,Lead,9,Tier 2,1341896
Support,Analyst,12,Tier 2,1141733
Marketing,Analyst,11,Tier 1,1211800
Support,Manager,12,Tier 3,1595347
Marketing,Manager,10,Tier 3,1472643
IT,Analyst,17,Tier 2,1440681
Marketing,Senior Dev,10,Tier 3,1208328
Finance,Director,3,Tier 3,1367073
IT,Intern,0,Tier 3,200682
HR,Intern,6,Tier 3,561358
HR,Analyst,14,Tier 1,1409289
IT,Director,10,Tier 2,1951171
Marketing,Lead,14,Tier 1,1936903
IT,Associate,6,Tier 1,970601
HR,Associate,11,Tier 3,1066727
Marketing,Senior Dev,13,Tier 2,1493432
Marketing,Manager,4,Tier 2,1242745
Marketing,Lead,17,Tier 3,1718228
Support,Director,2,Tier 3,1342822
Support,Associate,4,Tier 2,705703
Operations,Intern,16,Tier 3,1148322
IT,Manager,18,Tier 1,2467360
HR,Associate,11,Tier 1,1311376
HR,Lead,8,Tier 1,1451304
Marketing,Manager,17,Tier 3,1919300
Operations,Lead,3,Tier 3,875470
Finance,Manager,9,Tier 2,1569352
IT,Associate,6,Tier 1,953365
Operations,Director,0,Tier 3,1179879
Finance,Manager,1,Tier 2,1032171
Sales,Associate,10,Tier 2,1116760
Sales,Lead,6,Tier 3,1074629
Marketing,Director,16,Tier 2,2367008
HR,Senior Dev,1,Tier 2,746669
Operations,Analyst,5,Tier 1,763617
Marketing,Associate,0,Tier 2,457945
Finance,Lead,4,Tier 3,927921
HR,Analyst,15,Tier 1,1516136
Marketing,Lead,1,Tier 1,976137
Marketing,Intern,1,Tier 2,267407
Marketing,Senior Dev,15,Tier 1,1857722
IT,Director,6,Tier 3,1557733
IT,Manager,11,Tier 1,1928535
Finance,Analyst,14,Tier 3,1134487
IT,Lead,5,Tier 3,1000651
Sales,Director,9,Tier 3,1726994
Marketing,Manager,18,Tier 3,1984622
HR,Associate,16,Tier 3,1367823
Support,Senior Dev,6,Tier 1,1188708
Finance,Intern,19,Tier 3,1319369
Support,Intern,3,Tier 1,475573
HR,Intern,19,Tier 3,1340933
HR,Intern,14,Tier 3,1016519
Operations,Director,7,Tier 2,1782932
Finance,Manager,14,Tier 3,1728133
Finance,Lead,19,Tier 3,1824939
Support,Senior Dev,13,Tier 2,1537050
IT,Analyst,8,Tier 2,834823
IT,Manager,16,Tier 2,2045118
Sales,Manager,1,Tier 3,946280
Marketing,Lead,2,Tier 2,914951
Sales,Intern,11,Tier 1,1068648
Finance,Director,9,Tier 2,1925971
HR,Intern,2,Tier 1,391253
Finance,Intern,6,Tier 3,578563
Sales,Associate,17,Tier 3,1428314
HR,Senior Dev,18,Tier 2,1824852
HR,Manager,18,Tier 1,2474450
Sales,Lead,11,Tier 3,1379159
HR,Lead,8,Tier 2,1278403
Finance,Analyst,4,Tier 1,652239
Operations,Analyst,8,Tier 2,849038
Marketing,Director,14,Tier 1,2542447
HR,Senior Dev,13,Tier 1,1732991
Finance,Senior Dev,17,Tier 3,1637657
Sales,Senior Dev,19,Tier 1,2164909
HR,Director,11,Tier 2,2030721
Sales,Analyst,6,Tier 1,832711
IT,Analyst,2,Tier 1,506116
IT,Analyst,2,Tier 2,432282
IT,Senior Dev,17,Tier 1,1996898
Operations,Associate,7,Tier 3,796629
Finance,Senior Dev,0,Tier 1,779611
Operations,Analyst,0,Tier 3,324262
HR,Manager,7,Tier 3,1323380
Support,Lead,15,Tier 2,1750074
HR,Lead,4,Tier 2,1006307
IT,Associate,5,Tier 2,795661
Finance,Analyst,18,Tier 2,1490591
HR,Director,8,Tier 3,1665149
IT,Director,15,Tier 3,2124400
Support,Director,12,Tier 2,2124870
Marketing,Intern,12,Tier 2,1038481
Finance,Manager,3,Tier 1,1353691
Support,Intern,5,Tier 1,596529
Operations,Director,4,Tier 1,1779752
Support,Associate,2,Tier 1,663360
Support,Senior Dev,3,Tier 3,786632
Finance,Lead,19,Tier 2,2018217
Finance,Associate,4,Tier 2,706994
Sales,Intern,8,Tier 2,727587
Sales,Lead,5,Tier 3,1000129
Sales,Analyst,5,Tier 2,660930
HR,Intern,11,Tier 2,972696
Sales,Intern,10,Tier 2,871953
Finance,Intern,14,Tier 2,1160443
HR,Intern,11,Tier 2,934888
HR,Associate,1,Tier 1,591037
Support,Intern,2,Tier 1,370587
Marketing,Associate,15,Tier 2,1436116
Marketing,Director,0,Tier 1,1495556
Finance,Analyst,2,Tier 3,408099
Sales,Lead,1,Tier 3,775096
Support,Associate,18,Tier 2,1611230
Sales,Associate,17,Tier 1,1750433
Support,Lead,10,Tier 2,1439864
IT,Analyst,15,Tier 2,1331855
Operations,Manager,16,Tier 2,2022980
Sales,Associate,11,Tier 2,1154058
Marketing,Lead,14,Tier 3,1542602
Finance,Analyst,2,Tier 1,507576
Sales,Senior Dev,19,Tier 1,2172516
IT,Senior Dev,15,Tier 2,1642433
IT,Associate,1,Tier 2,513346
IT,Analyst,7,Tier 3,700487
Marketing,Analyst,14,Tier 1,1396958
Finance,Director,5,Tier 2,1659112
Operations,Intern,19,Tier 1,1673795
Sales,Lead,0,Tier 2,761447
Marketing,Manager,2,Tier 1,1300811
Finance,Lead,14,Tier 2,1719077
IT,Senior Dev,14,Tier 2,1610510
Sales,Intern,2,Tier 2,331528
HR,Associate,13,Tier 1,1453179
HR,Associate,13,Tier 3,1205267
Marketing,Intern,11,Tier 1,1068952
Support,Senior Dev,6,Tier 3,963160
Operations,Senior Dev,2,Tier 1,920939
Support,Associate,12,Tier 2,1258526
HR,Analyst,17,Tier 2,1472290
Finance,Analyst,0,Tier 3,291125
Support,Intern,1,Tier 3,245223
Marketing,Lead,13,Tier 3,1452597
Support,Lead,13,Tier 2,1600659
Operations,Associate,7,Tier 2,887037
Finance,Analyst,2,Tier 3,436738
Sales,Associate,13,Tier 3,1172010
HR,Senior Dev,19,Tier 3,1752864
Support,Associate,7,Tier 3,813383
Sales,Manager,13,Tier 1,2074249
Support,Lead,5,Tier 3,1004518
Marketing,Senior Dev,15,Tier 2,1624088
IT,Lead,18,Tier 2,1984941
Sales,Director,18,Tier 2,2497330
Support,Analyst,9,Tier 3,831778
Sales,Intern,8,Tier 3,709675
Sales,Director,19,Tier 2,2554412
Support,Associate,6,Tier 2,834365
Support,Associate,8,Tier 3,861002
HR,Director,18,Tier 3,2302142
Marketing,Manager,19,Tier 2,2218493
Support,Lead,5,Tier 1,1254228
Marketing,Associate,3,Tier 3,581655
HR,Manager,16,Tier 2,2065437
Finance,Manager,8,Tier 3,1409711
Operations,Manager,0,Tier 2,971639
HR,Intern,19,Tier 3,1357192
Operations,Lead,13,Tier 3,1479492
Marketing,Director,2,Tier 3,1301240
Finance,Senior Dev,13,Tier 2,1547613
Finance,Senior Dev,8,Tier 3,1055827
HR,Lead,3,Tier 3,900139
IT,Lead,7,Tier 3,1104849
Sales,Intern,8,Tier 3,690572
IT,Analyst,13,Tier 3,1104869
HR,Associate,8,Tier 2,990350
Sales,Associate,15,Tier 1,1630292
Finance,Analyst,16,Tier 2,1407631
Marketing,Analyst,11,Tier 2,1080306
Sales,Lead,10,Tier 1,1624165
Operations,Director,17,Tier 3,2191492
Finance,Manager,4,Tier 1,1408615
Marketing,Manager,19,Tier 2,2258900
Finance,Intern,2,Tier 3,297851
Support,Lead,0,Tier 2,747156
IT,Senior Dev,8,Tier 3,1069900
Marketing,Senior Dev,8,Tier 1,1366403
Marketing,Intern,2,Tier 3,299168
Support,Intern,1,Tier 1,344879
HR,Intern,0,Tier 2,236087
Marketing,Analyst,12,Tier 3,1023110
IT,Analyst,14,Tier 3,1144215
Finance,Director,11,Tier 2,2022581
Marketing,Director,11,Tier 3,1836317
HR,Senior Dev,14,Tier 2,1603678
IT,Senior Dev,8,Tier 2,1203714
Sales,Lead,19,Tier 3,1833132
Support,Intern,7,Tier 3,604868
Sales,Intern,18,Tier 2,1420533
Support,Intern,19,Tier 3,1362892
Marketing,Director,18,Tier 1,2848803
Marketing,Manager,6,Tier 1,1588355
Marketing,Analyst,3,Tier 1,591909
Marketing,Lead,11,Tier 1,1719068
Sales,Manager,2,Tier 2,1103093
IT,Senior Dev,11,Tier 2,1356193
Marketing,Associate,1,Tier 2,527546
Sales,Manager,8,Tier 2,1530752
HR,Associate,7,Tier 3,832070
Sales,Analyst,5,Tier 2,670197
HR,Analyst,17,Tier 2,1448512
HR,Lead,11,Tier 1,1698933
Marketing,Manager,7,Tier 2,1468546
IT,Senior Dev,9,Tier 3,1134000
HR,Intern,12,Tier 2,984800
Support,Analyst,2,Tier 1,525119
Operations,Director,13,Tier 2,2153410
Operations,Lead,15,Tier 2,1786044
Operations,Analyst,19,Tier 2,1584519
Sales,Intern,16,Tier 2,1252796
IT,Analyst,5,Tier 3,613056
HR,Manager,13,Tier 1,2124128
Sales,Senior Dev,7,Tier 1,1282418
HR,Director,19,Tier 3,2347755
Sales,Analyst,0,Tier 3,307465
Operations,Senior Dev,6,Tier 3,946724
IT,Senior Dev,16,Tier 3,1547087
Finance,Lead,9,Tier 2,1339482
Marketing,Associate,8,Tier 1,1120952
Sales,Intern,4,Tier 1,524912
HR,Senior Dev,8,Tier 2,1191623
Support,Analyst,18,Tier 2,1532602
Support,Analyst,6,Tier 1,844334
Finance,Intern,8,Tier 1,842054
IT,Senior Dev,12,Tier 2,1444207
Operations,Analyst,10,Tier 1,1129285
HR,Associate,18,Tier 3,1471386
Finance,Analyst,12,Tier 3,1049518
Operations,Analyst,13,Tier 1,1372780
IT,Associate,0,Tier 1,514199
Marketing,Intern,11,Tier 3,838210
Finance,Director,11,Tier 1,2340639
IT,Lead,7,Tier 2,1257284
Finance,Associate,12,Tier 3,1134299
Support,Associate,15,Tier 2,1422432
Operations,Intern,12,Tier 1,1175398
Marketing,Manager,4,Tier 1,1432383
Support,Manager,13,Tier 1,2083654
Sales,Manager,12,Tier 2,1807726
Support,Intern,16,Tier 2,1268190
Support,Associate,19,Tier 2,1687377
IT,Director,17,Tier 1,2749033
HR,Director,3,Tier 2,1505373
Marketing,Director,0,Tier 2,1314995
Sales,Analyst,17,Tier 1,1652402
Finance,Intern,14,Tier 3,1020651
Marketing,Senior Dev,7,Tier 1,1258395
Sales,Director,16,Tier 1,2706576
Support,Associate,11,Tier 2,1180409
Support,Associate,18,Tier 3,1469086
Marketing,Analyst,8,Tier 1,950889
IT,Analyst,8,Tier 1,994353
Marketing,Senior Dev,1,Tier 1,829610
Finance,Director,10,Tier 1,2279340
Finance,Manager,9,Tier 1,1779101
Sales,Associate,17,Tier 3,1394658
Finance,Director,8,Tier 1,2110312
Sales,Director,6,Tier 1,1966619
Operations,Senior Dev,2,Tier 3,709539
Marketing,Lead,5,Tier 2,1081777
Finance,Director,5,Tier 2,1653154
Support,Director,15,Tier 1,2622997
Operations,Senior Dev,7,Tier 2,1114785
Finance,Analyst,16,Tier 2,1409160
Support,Manager,11,Tier 3,1581618
Marketing,Senior Dev,10,Tier 3,1204624
IT,Senior Dev,12,Tier 3,1291998
HR,Lead,4,Tier 2,1013428
Operations,Intern,16,Tier 3,1139342
Operations,Lead,5,Tier 3,1004587
IT,Senior Dev,10,Tier 1,1525715
Operations,Lead,2,Tier 2,908268
Operations,Analyst,8,Tier 1,981788
Operations,Senior Dev,5,Tier 2,996027
Sales,Manager,11,Tier 2,1728849
Operations,Director,2,Tier 3,1308626
Finance,Senior Dev,11,Tier 2,1395758
IT,Intern,8,Tier 2,721134
Support,Intern,7,Tier 2,667434
HR,Analyst,15,Tier 2,1337775
Marketing,Analyst,3,Tier 2,518384
Marketing,Senior Dev,6,Tier 3,966129
HR,Lead,4,Tier 2,1020390
Support,Director,3,Tier 1,1734332
HR,Lead,0,Tier 1,872840
Support,Associate,14,Tier 2,1378179
Support,Senior Dev,18,Tier 1,2118796
HR,Lead,9,Tier 3,1250379
Sales,Senior Dev,17,Tier 1,1997011
IT,Lead,2,Tier 1,1049698
Operations,Intern,14,Tier 3,1056558
IT,Analyst,10,Tier 1,1106120
Support,Manager,5,Tier 2,1298767
Finance,Lead,4,Tier 3,923703
Finance,Senior Dev,1,Tier 2,707951
IT,Senior Dev,19,Tier 3,1736039
Support,Associate,11,Tier 3,1078613
Marketing,Director,0,Tier 2,1307438
IT,Manager,3,Tier 2,1163744
Support,Intern,12,Tier 2,1024417
Operations,Manager,4,Tier 1,1402069
IT,Associate,2,Tier 3,545370
Marketing,Director,12,Tier 3,1914323
IT,Analyst,13,Tier 1,1367093
IT,Associate,10,Tier 3,976591
Operations,Manager,9,Tier 3,1421826
Support,Director,17,Tier 3,2208693
Support,Analyst,14,Tier 1,1448492
HR,Lead,9,Tier 2,1389780
Operations,Lead,4,Tier 2,1010313
HR,Intern,4,Tier 2,485778
Operations,Manager,5,Tier 3,1200403
Sales,Senior Dev,17,Tier 1,2001139
HR,Intern,8,Tier 1,838800
Operations,Analyst,12,Tier 1,1265538
Sales,Lead,14,Tier 1,1909973
Support,Lead,19,Tier 1,2304704
Finance,Lead,12,Tier 2,1568575
Marketing,Senior Dev,15,Tier 3,1512261
IT,Manager,3,Tier 2,1185716
Sales,Analyst,4,Tier 2,579848
Support,Manager,16,Tier 1,2296932
Finance,Associate,1,Tier 3,438556
Support,Analyst,18,Tier 2,1534633
Operations,Lead,1,Tier 2,856591
Operations,Director,12,Tier 3,1946882
HR,Analyst,16,Tier 2,1356340
IT,Senior Dev,13,Tier 2,1504766
Operations,Lead,11,Tier 3,1356132
Marketing,Senior Dev,11,Tier 1,1545138
HR,Lead,6,Tier 2,1190083
Operations,Lead,18,Tier 3,1769840
Marketing,Intern,2,Tier 3,327772
Support,Analyst,14,Tier 2,1250762
Operations,Director,3,Tier 3,1389420
HR,Associate,16,Tier 3,1349554
Operations,Manager,17,Tier 1,2404919
Sales,Senior Dev,18,Tier 1,2082452
IT,Analyst,6,Tier 3,678980
Marketing,Director,7,Tier 2,1753307
Support,Associate,4,Tier 3,635232
Finance,Associate,4,Tier 3,653171
Operations,Manager,18,Tier 1,2455238
Operations,Manager,1,Tier 1,1194842
Sales,Lead,12,Tier 3,1393630
Support,Analyst,11,Tier 3,940485
Finance,Intern,10,Tier 3,796086
Operations,Senior Dev,4,Tier 3,835552
Marketing,Senior Dev,19,Tier 3,1711960
Finance,Associate,13,Tier 1,1474689
HR,Senior Dev,11,Tier 3,1243893
Operations,Analyst,16,Tier 1,1545882
IT,Senior Dev,18,Tier 3,1687529
IT,Associate,15,Tier 2,1438635
Marketing,Intern,19,Tier 3,1339535
Support,Intern,5,Tier 1,602166
Sales,Director,3,Tier 2,1495269
Operations,Intern,10,Tier 3,798064
Marketing,Associate,14,Tier 1,1571098
HR,Manager,10,Tier 2,1632991
Support,Director,18,Tier 3,2286593
Sales,Associate,16,Tier 2,1496386
IT,Manager,13,Tier 3,1653802
IT,Director,17,Tier 2,2433083
Marketing,Senior Dev,18,Tier 1,2092190
Marketing,Analyst,14,Tier 3,1161971
Marketing,Lead,6,Tier 2,1169132
Support,Lead,2,Tier 2,891503
Marketing,Manager,8,Tier 1,1729631
Marketing,Intern,19,Tier 3,1349852
Support,Manager,16,Tier 3,1832384
Sales,Analyst,16,Tier 1,1560072
IT,Associate,7,Tier 1,1009482
Marketing,Manager,5,Tier 3,1191826
Support,Manager,4,Tier 3,1156092
Support,Analyst,14,Tier 3,1134045
IT,Lead,15,Tier 1,2003905
IT,Associate,10,Tier 1,1256674
Finance,Intern,9,Tier 3,732313
Marketing,Lead,15,Tier 2,1747611
Support,Lead,1,Tier 2,817944
HR,Lead,2,Tier 3,839847
Finance,Director,14,Tier 3,2037810
Finance,Director,18,Tier 3,2306689
Finance,Manager,7,Tier 3,1309225
IT,Manager,16,Tier 1,2306590
Finance,Manager,6,Tier 1,1557866
Support,Senior Dev,0,Tier 2,633363
Sales,Manager,4,Tier 1,1450296
Operations,Manager,14,Tier 3,1764820
IT,Analyst,12,Tier 1,1287727
IT,Lead,7,Tier 1,1378068
Marketing,Lead,8,Tier 3,1161390
IT,Manager,0,Tier 2,980131
Marketing,Senior Dev,2,Tier 2,772433
IT,Manager,7,Tier 3,1318182
Support,Intern,8,Tier 1,841281
Marketing,Senior Dev,13,Tier 2,1536511
Support,Director,3,Tier 1,1703605
Finance,Manager,5,Tier 1,1471098
IT,Manager,2,Tier 2,1144807
HR,Senior Dev,2,Tier 3,731869
Marketing,Manager,12,Tier 3,1634716
Marketing,Analyst,1,Tier 3,332092
Marketing,Director,18,Tier 2,2516010
IT,Intern,5,Tier 3,492031
Sales,Manager,1,Tier 2,1041271
Operations,Manager,16,Tier 2,2075766
Operations,Intern,1,Tier 1,319297
Support,Lead,15,Tier 3,1585717
Marketing,Senior Dev,1,Tier 2,741505
Support,Associate,12,Tier 1,1380350
Support,Analyst,1,Tier 1,479686
IT,Manager,2,Tier 3,992951
Finance,Senior Dev,13,Tier 3,1354727
Finance,Manager,6,Tier 1,1595740
Operations,Director,6,Tier 1,1922368
Support,Lead,16,Tier 2,1811592
Finance,Senior Dev,12,Tier 2,1456324
Finance,Associate,18,Tier 3,1496132
HR,Analyst,18,Tier 3,1373864
Marketing,Lead,16,Tier 3,1646566
Support,Manager,9,Tier 2,1569369
Marketing,Director,3,Tier 2,1542727
Operations,Associate,19,Tier 1,1920235
Operations,Intern,17,Tier 3,1205373
Sales,Intern,17,Tier 2,1351323
Finance,Senior Dev,13,Tier 2,1529971
Support,Senior Dev,14,Tier 2,1600101
Marketing,Associate,3,Tier 1,728996
Sales,Intern,7,Tier 2,657585
Support,Analyst,11,Tier 2,1054278
Support,Intern,13,Tier 2,1063649
Finance,Lead,17,Tier 1,2127927
Marketing,Senior Dev,1,Tier 2,744766
Operations,Director,10,Tier 2,1957016
Sales,Director,11,Tier 3,1878688
Finance,Lead,14,Tier 3,1556520
HR,Analyst,16,Tier 2,1379545
Marketing,Analyst,17,Tier 2,1425167
Finance,Associate,5,Tier 3,692736
Finance,Senior Dev,17,Tier 2,1766087
Sales,Director,8,Tier 3,1685205
Support,Director,4,Tier 1,1785275
Operations,Manager,10,Tier 3,1507496
Support,Manager,0,Tier 3,875738
IT,Intern,18,Tier 3,1303384
Operations,Intern,1,Tier 3,267291
Operations,Senior Dev,3,Tier 1,976331
IT,Intern,17,Tier 3,1238014
HR,Lead,18,Tier 2,1971148
Operations,Intern,18,Tier 1,1572224
Finance,Analyst,5,Tier 2,678695
Support,Senior Dev,11,Tier 3,1274452
Sales,Lead,16,Tier 2,1828441
Support,Manager,0,Tier 2,1004859
Marketing,Senior Dev,9,Tier 3,1116318
Sales,Intern,10,Tier 3,785372
Sales,Manager,4,Tier 2,1282272
Sales,Manager,11,Tier 2,1719290
HR,Analyst,16,Tier 1,1573099
Support,Manager,14,Tier 3,1764040
IT,Lead,8,Tier 1,1457820
Marketing,Analyst,19,Tier 1,1809890
Marketing,Manager,18,Tier 3,1951316
Support,Manager,9,Tier 2,1599968
Operations,Director,4,Tier 1,1792005
HR,Manager,15,Tier 3,1785206
Support,Senior Dev,8,Tier 3,1051378
IT,Manager,14,Tier 3,1711519
IT,Analyst,17,Tier 1,1660703
Operations,Manager,13,Tier 2,1875570
Support,Director,11,Tier 2,2070120
Support,Director,6,Tier 2,1706456
IT,Associate,12,Tier 3,1092257
Marketing,Intern,4,Tier 2,478972
Finance,Manager,3,Tier 3,1076654
Marketing,Director,1,Tier 3,1245887
HR,Associate,8,Tier 3,870808
Marketing,Analyst,5,Tier 2,660154
Marketing,Analyst,0,Tier 1,372747
HR,Analyst,12,Tier 3,1032838
Operations,Analyst,12,Tier 2,1110156
Operations,Lead,1,Tier 1,940360
Operations,Director,7,Tier 2,1808582
HR,Associate,3,Tier 3,597377
IT,Director,2,Tier 3,1345621
Support,Director,11,Tier 2,2074283
HR,Intern,7,Tier 2,702613
Support,Analyst,0,Tier 1,353547
Operations,Intern,10,Tier 1,984562
HR,Intern,12,Tier 3,897480
Marketing,Director,16,Tier 3,2134213
Sales,Intern,9,Tier 2,839860
HR,Analyst,11,Tier 3,987134
IT,Analyst,9,Tier 2,922172
Marketing,Analyst,4,Tier 2,616325
Sales,Associate,1,Tier 2,518965
Finance,Manager,16,Tier 2,2055779
Marketing,Manager,13,Tier 3,1681881
HR,Analyst,2,Tier 3,414472
IT,Intern,2,Tier 1,404926
Marketing,Senior Dev,5,Tier 1,1129832
Marketing,Lead,11,Tier 2,1502021
Support,Associate,19,Tier 1,1919087
Finance,Associate,10,Tier 3,1001128
Sales,Analyst,3,Tier 2,499401
Support,Analyst,5,Tier 1,764864
Marketing,Associate,19,Tier 3,1546982
Sales,Director,15,Tier 2,2291950
Operations,Director,16,Tier 2,2389111
Finance,Associate,11,Tier 3,1033866
Finance,Senior Dev,9,Tier 1,1400818
Operations,Director,14,Tier 3,2058861
Operations,Analyst,8,Tier 2,887041
Operations,Manager,4,Tier 2,1239493
Sales,Intern,6,Tier 1,690447
Support,Senior Dev,0,Tier 1,775350
HR,Lead,6,Tier 3,1081955
Finance,Intern,11,Tier 3,876607
Sales,Analyst,15,Tier 3,1217658
IT,Director,3,Tier 3,1400124
Marketing,Senior Dev,6,Tier 2,1082547
Marketing,Lead,14,Tier 1,1948554
IT,Director,8,Tier 2,1869359
Support,Manager,10,Tier 3,1493303
Finance,Analyst,0,Tier 2,327606
HR,Lead,7,Tier 2,1213308
Operations,Director,3,Tier 1,1740671
Operations,Intern,2,Tier 1,398572
Support,Senior Dev,8,Tier 1,1322204
Sales,Analyst,1,Tier 3,351729
Sales,Senior Dev,12,Tier 2,1455870
Sales,Intern,11,Tier 2,974585
Finance,Manager,3,Tier 3,1096681
IT,Intern,7,Tier 2,676968
Support,Senior Dev,4,Tier 1,1046423
Sales,Director,19,Tier 1,2907721
Sales,Manager,10,Tier 1,1900835
Sales,Associate,8,Tier 1,1112512
Operations,Manager,11,Tier 1,1963369
HR,Senior Dev,9,Tier 3,1141226
Marketing,Senior Dev,12,Tier 1,1652082
HR,Director,10,Tier 1,2261420
Sales,Director,7,Tier 1,2008379
IT,Analyst,14,Tier 1,1402006
Operations,Analyst,10,Tier 3,878682
HR,Intern,0,Tier 3,203840
Operations,Lead,14,Tier 1,1918091
Sales,Lead,5,Tier 3,1002983
IT,Intern,14,Tier 2,1138734
Support,Manager,8,Tier 1,1748933
Operations,Senior Dev,17,Tier 1,2006033
HR,Intern,16,Tier 2,1262241
Operations,Lead,4,Tier 1,1201915
HR,Intern,19,Tier 2,1491464
Sales,Senior Dev,10,Tier 3,1205063
IT,Associate,0,Tier 2,421185
IT,Lead,5,Tier 3,1021098
Marketing,Associate,1,Tier 3,477118
Support,Analyst,13,Tier 1,1347076
Marketing,Intern,5,Tier 3,514605
Operations,Lead,17,Tier 1,2151433
IT,Manager,13,Tier 3,1651932
Finance,Senior Dev,2,Tier 3,727853
Sales,Analyst,5,Tier 2,631116
Marketing,Director,7,Tier 2,1763691
Marketing,Senior Dev,12,Tier 3,1317882
Operations,Senior Dev,11,Tier 3,1257808
Operations,Manager,16,Tier 3,1858399
Operations,Intern,10,Tier 1,996956
HR,Analyst,17,Tier 2,1464506
Support,Analyst,11,Tier 1,1212565
Finance,Manager,8,Tier 1,1742375
HR,Senior Dev,3,Tier 2,887234
Operations,Intern,15,Tier 1,1396895
IT,Intern,11,Tier 3,851642
Marketing,Intern,4,Tier 2,493954
HR,Analyst,5,Tier 1,778229
Finance,Associate,17,Tier 2,1562873
Operations,Senior Dev,5,Tier 2,1018627
Support,Director,11,Tier 2,2049650
Finance,Associate,1,Tier 3,464064
Marketing,Intern,10,Tier 3,784122
HR,Lead,15,Tier 2,1785745
Finance,Senior Dev,1,Tier 1,800366
Support,Manager,7,Tier 2,1441596
IT,Manager,9,Tier 3,1418199
Support,Director,3,Tier 1,1740550
Support,Lead,0,Tier 3,726746
Sales,Intern,6,Tier 3,561312
Finance,Analyst,19,Tier 3,1438247
Support,Director,17,Tier 2,2434357
Sales,Lead,11,Tier 3,1342424
Finance,Lead,4,Tier 1,1167601
Finance,Lead,3,Tier 1,1088020
Marketing,Lead,9,Tier 2,1353710
Finance,Manager,10,Tier 1,1869532
Finance,Senior Dev,9,Tier 1,1399967
Sales,Director,1,Tier 2,1376022
Finance,Manager,7,Tier 2,1431135
Finance,Analyst,4,Tier 1,660514
Operations,Manager,2,Tier 1,1265331
Support,Senior Dev,12,Tier 1,1621196
Finance,Analyst,9,Tier 3,812787
Finance,Manager,8,Tier 2,1546805
Finance,Manager,1,Tier 1,1172176
Sales,Analyst,6,Tier 3,650208
Sales,Associate,2,Tier 3,499171
Sales,Intern,19,Tier 2,1477396
Marketing,Director,2,Tier 1,1660546
Sales,Senior Dev,16,Tier 3,1550058
IT,Manager,13,Tier 3,1703521
Marketing,Intern,12,Tier 2,1023075
Sales,Lead,19,Tier 2,2011076
HR,Director,17,Tier 2,2464160
Marketing,Analyst,17,Tier 1,1635417
HR,Associate,12,Tier 1,1400099
Marketing,Associate,19,Tier 2,1696598
Sales,Manager,9,Tier 2,1566602
Marketing,Analyst,10,Tier 2,969256
Support,Senior Dev,8,Tier 2,1204980
HR,Associate,0,Tier 3,391904
HR,Analyst,1,Tier 2,400540
Operations,Analyst,8,Tier 2,847164
Operations,Director,3,Tier 2,1500996
Operations,Director,10,Tier 1,2222871
Operations,Director,18,Tier 2,2527812
Support,Analyst,2,Tier 2,491979
HR,Lead,18,Tier 1,2238410
Sales,Senior Dev,12,Tier 2,1455467
Support,Senior Dev,6,Tier 2,1049854
Sales,Intern,6,Tier 2,625065
IT,Manager,7,Tier 3,1297812
HR,Associate,13,Tier 2,1270179
IT,Analyst,9,Tier 3,818275
Support,Analyst,14,Tier 3,1157857
IT,Senior Dev,19,Tier 1,2180948
Support,Analyst,7,Tier 1,909464
Operations,Intern,15,Tier 3,1097794
Support,Associate,15,Tier 3,1286998
Marketing,Analyst,13,Tier 2,1202525
Finance,Lead,3,Tier 1,1086654
Marketing,Director,2,Tier 2,1457236
Finance,Manager,0,Tier 2,975042
Operations,Director,14,Tier 3,2058407
Sales,Intern,7,Tier 1,759270
Finance,Director,3,Tier 1,1742068
IT,Associate,9,Tier 1,1164459
HR,Senior Dev,2,Tier 2,778673
Support,Director,16,Tier 3,2136614
Finance,Senior Dev,19,Tier 3,1759430
IT,Intern,12,Tier 1,1136964
Finance,Manager,8,Tier 3,1399976
Operations,Analyst,5,Tier 3,604148
Marketing,Analyst,9,Tier 3,832918
HR,Director,6,Tier 2,1705540
HR,Director,19,Tier 3,2348402
Marketing,Manager,18,Tier 2,2172917
HR,Lead,14,Tier 1,1905179
IT,Senior Dev,11,Tier 3,1249493
Sales,Director,18,Tier 3,2280206
Support,Manager,3,Tier 2,1177624
Marketing,Director,4,Tier 2,1576412
Marketing,Intern,17,Tier 1,1530517
Finance,Associate,4,Tier 1,793064
HR,Lead,15,Tier 3,1600106
Sales,Lead,18,Tier 1,2211589
Operations,Lead,15,Tier 2,1766218
Finance,Lead,14,Tier 3,1540581
HR,Manager,3,Tier 3,1094582
Marketing,Director,15,Tier 3,2097127
Sales,Analyst,7,Tier 2,777088
Marketing,Senior Dev,15,Tier 3,1514602
IT,Director,9,Tier 2,1887273
Marketing,Associate,1,Tier 1,576486
Marketing,Manager,8,Tier 2,1497168
Finance,Analyst,10,Tier 2,963551
Marketing,Lead,9,Tier 3,1253733
HR,Senior Dev,16,Tier 1,1948483
Finance,Intern,15,Tier 2,1202963
HR,Analyst,14,Tier 2,1256920
Marketing,Manager,4,Tier 1,1426845
Finance,Manager,16,Tier 1,2333078
Finance,Manager,18,Tier 1,2457067
IT,Associate,16,Tier 2,1476728
Finance,Lead,1,Tier 3,750583
HR,Associate,14,Tier 2,1341263
Sales,Director,6,Tier 1,1921914
Finance,Lead,5,Tier 1,1239456
Operations,Analyst,14,Tier 3,1110406
Marketing,Intern,6,Tier 2,619276
Operations,Director,16,Tier 3,2149873
HR,Senior Dev,8,Tier 3,1068908
Support,Manager,8,Tier 3,1371644
IT,Associate,5,Tier 2,777125
IT,Manager,19,Tier 1,2562291
HR,Manager,2,Tier 2,1128176
Finance,Lead,16,Tier 3,1655675
Marketing,Intern,15,Tier 1,1345174
Finance,Lead,12,Tier 1,1779998
Operations,Associate,0,Tier 1,482112
Finance,Lead,2,Tier 2,881689
IT,Analyst,14,Tier 1,1414555
Sales,Intern,3,Tier 3,356033
Sales,Senior Dev,16,Tier 3,1534946
Support,Director,10,Tier 2,1984675
Operations,Senior Dev,2,Tier 2,780919
Sales,Intern,13,Tier 2,1091833
Finance,Director,0,Tier 3,1220445
Finance,Analyst,1,Tier 1,457564
IT,Intern,3,Tier 2,411255
Support,Director,18,Tier 2,2482997
Finance,Lead,0,Tier 1,885880
Sales,Director,7,Tier 1,2005578
Sales,Director,0,Tier 3,1220628
Sales,Analyst,15,Tier 3,1170389
IT,Director,7,Tier 1,2040580
Operations,Analyst,15,Tier 2,1291855
Sales,Director,2,Tier 2,1480002
Sales,Director,11,Tier 3,1882815
HR,Associate,10,Tier 2,1071481
HR,Associate,19,Tier 2,1720414
Marketing,Manager,3,Tier 1,1379819
Marketing,Manager,1,Tier 3,949477
Finance,Associate,18,Tier 1,1840792
Finance,Senior Dev,4,Tier 1,1063526
Support,Manager,13,Tier 2,1867079
HR,Intern,2,Tier 2,333889
Support,Associate,15,Tier 1,1606254
Finance,Intern,18,Tier 1,1581442
Support,Senior Dev,17,Tier 1,2048747
Finance,Associate,15,Tier 1,1611199
HR,Senior Dev,0,Tier 2,630112
HR,Manager,11,Tier 1,1939581
Support,Director,10,Tier 1,2246500
Sales,Senior Dev,11,Tier 2,1357424
Marketing,Senior Dev,5,Tier 1,1114552
HR,Lead,4,Tier 2,1014808
HR,Senior Dev,13,Tier 3,1373620
Support,Associate,0,Tier 1,500013
Support,Intern,17,Tier 1,1548103
Finance,Lead,8,Tier 1,1461402
Sales,Senior Dev,4,Tier 3,867210
Sales,Manager,1,Tier 3,942253
Sales,Analyst,14,Tier 3,1117846
HR,Senior Dev,3,Tier 1,984200
Sales,Intern,12,Tier 1,1166163
Operations,Manager,6,Tier 2,1371950
Support,Manager,13,Tier 2,1840742
Marketing,Director,18,Tier 2,2502703
IT,Manager,19,Tier 2,2237580
HR,Associate,17,Tier 1,1760166
Finance,Intern,9,Tier 3,763608
HR,Manager,7,Tier 2,1477513
Support,Manager,9,Tier 1,1825312
HR,Analyst,1,Tier 1,436901
Support,Intern,4,Tier 1,545917
Support,Director,8,Tier 3,1651988
Sales,Senior Dev,17,Tier 3,1634505
IT,Analyst,19,Tier 3,1424256
Support,Lead,16,Tier 1,2073230
Sales,Manager,2,Tier 3,1035833
Marketing,Senior Dev,1,Tier 3,662088
HR,Lead,2,Tier 1,1036167
Marketing,Analyst,1,Tier 1,425755
HR,Senior Dev,9,Tier 2,1246693
HR,Lead,10,Tier 3,1302182
Sales,Intern,6,Tier 2,614890
Support,Intern,14,Tier 3,1040949
Operations,Manager,19,Tier 2,2230346
Finance,Manager,8,Tier 3,1396005
Operations,Director,19,Tier 2,2573267
IT,Lead,2,Tier 1,1021990
HR,Manager,1,Tier 3,960109
Support,Analyst,1,Tier 1,468021
IT,Lead,2,Tier 3,824510
Support,Director,9,Tier 1,2157360
Finance,Lead,0,Tier 3,726671
Sales,Lead,15,Tier 3,1615800
Operations,Associate,3,Tier 1,749330
HR,Senior Dev,1,Tier 3,659084
IT,Associate,3,Tier 1,704280
Finance,Senior Dev,18,Tier 3,1692137
Support,Director,9,Tier 3,1725438
Operations,Director,18,Tier 1,2877903
IT,Associate,3,Tier 2,665953
IT,Lead,12,Tier 1,1786243
Support,Senior Dev,0,Tier 3,607164
HR,Lead,3,Tier 2,951318
IT,Manager,16,Tier 1,2351456
IT,Analyst,3,Tier 2,498082
Support,Lead,0,Tier 3,710585
Sales,Intern,3,Tier 2,399336
Sales,Analyst,12,Tier 3,992093
Marketing,Analyst,9,Tier 3,866223
Marketing,Manager,5,Tier 1,1478367
Operations,Manager,5,Tier 2,1333664
Sales,Manager,9,Tier 1,1786753
Marketing,Manager,17,Tier 2,2101874
Support,Intern,19,Tier 3,1317674
Finance,Lead,14,Tier 3,1539315
Operations,Manager,8,Tier 1,1719473
IT,Intern,18,Tier 2,1407943
Support,Intern,16,Tier 3,1134138
Operations,Intern,8,Tier 1,830409
Operations,Intern,17,Tier 1,1505451
Support,Intern,12,Tier 2,1010327
Sales,Director,6,Tier 3,1554944
Support,Senior Dev,14,Tier 3,1440131
Finance,Lead,14,Tier 2,1701887
Finance,Manager,0,Tier 2,982520
Finance,Manager,13,Tier 1,2106932
Operations,Lead,10,Tier 3,1275039
Sales,Associate,1,Tier 1,592399
IT,Analyst,10,Tier 3,878252
Operations,Senior Dev,17,Tier 2,1779586
IT,Senior Dev,0,Tier 1,740810
Operations,Associate,15,Tier 3,1282625
Support,Intern,15,Tier 3,1120678
Support,Analyst,9,Tier 2,895361
HR,Lead,5,Tier 2,1074370
Sales,Director,3,Tier 3,1357610
Support,Manager,12,Tier 3,1637607
HR,Analyst,13,Tier 1,1330626
HR,Intern,9,Tier 2,784869
Finance,Director,0,Tier 1,1471014
Support,Director,13,Tier 2,2178471
Marketing,Associate,18,Tier 3,1475069
Support,Senior Dev,9,Tier 3,1133248
Marketing,Lead,8,Tier 1,1488516
IT,Manager,5,Tier 2,1314170
Sales,Director,6,Tier 3,1568256
Marketing,Associate,0,Tier 3,396293
IT,Intern,4,Tier 2,475128
HR,Manager,17,Tier 3,1902855
Marketing,Lead,1,Tier 2,863788
HR,Manager,10,Tier 1,1850307
IT,Director,5,Tier 1,1863425
Support,Director,7,Tier 2,1795427
Support,Manager,17,Tier 1,2408506
HR,Lead,4,Tier 2,1029934
Operations,Director,17,Tier 1,2769417
Operations,Lead,10,Tier 3,1277352
Finance,Senior Dev,12,Tier 2,1445299
IT,Intern,6,Tier 2,622412
IT,Manager,10,Tier 3,1499493
Marketing,Senior Dev,3,Tier 3,781707
IT,Intern,14,Tier 2,1121296
IT,Lead,2,Tier 1,1008261
Support,Director,5,Tier 3,1500449
Support,Senior Dev,0,Tier 1,721637
IT,Manager,5,Tier 1,1483652
Operations,Manager,15,Tier 2,1975500
Sales,Manager,4,Tier 1,1429800
IT,Analyst,9,Tier 1,1067963
Finance,Director,17,Tier 2,2443174
Support,Lead,2,Tier 2,907436
HR,Manager,14,Tier 3,1725954
Sales,Lead,2,Tier 2,926211
Finance,Manager,4,Tier 3,1142963
Support,Lead,11,Tier 2,1477707
HR,Director,9,Tier 3,1713606
IT,Manager,19,Tier 2,2217927
Support,Senior Dev,12,Tier 3,1336390
Support,Lead,13,Tier 1,1822591
Operations,Lead,4,Tier 3,936147
IT,Lead,13,Tier 3,1488889
IT,Manager,16,Tier 3,1845721
Marketing,Senior Dev,6,Tier 3,941087
Sales,Associate,0,Tier 3,393408
Finance,Director,8,Tier 1,2087413
Finance,Manager,18,Tier 3,2009500
Operations,Manager,2,Tier 3,1046358
Marketing,Manager,8,Tier 3,1377253
Marketing,Senior Dev,4,Tier 1,1052854
Marketing,Analyst,16,Tier 3,1268987
HR,Director,15,Tier 3,2086322
Support,Associate,8,Tier 1,1116364
Sales,Intern,14,Tier 1,1271700
Marketing,Lead,12,Tier 1,1768199
HR,Director,13,Tier 3,1982115
Operations,Lead,14,Tier 2,1714799
Marketing,Analyst,12,Tier 2,1097520
Operations,Senior Dev,7,Tier 3,1039748
Operations,Analyst,1,Tier 2,423828
Sales,Senior Dev,5,Tier 3,884955
Sales,Associate,17,Tier 3,1403917
Finance,Senior Dev,0,Tier 3,611680
Support,Senior Dev,10,Tier 2,1321135
Operations,Lead,9,Tier 3,1251458
Support,Analyst,13,Tier 1,1341113
IT,Manager,9,Tier 3,1457086
HR,Senior Dev,18,Tier 1,2113939
HR,Analyst,1,Tier 3,389080
HR,Senior Dev,9,Tier 3,1154571
Sales,Analyst,10,Tier 1,1121829
Marketing,Associate,6,Tier 2,841062
HR,Analyst,14,Tier 1,1442861
Marketing,Senior Dev,18,Tier 3,1697221
Sales,Intern,14,Tier 1,1273453
IT,Analyst,7,Tier 3,733370
Operations,Lead,8,Tier 2,1283534
Sales,Manager,0,Tier 3,889389
Support,Associate,0,Tier 3,419170
HR,Analyst,2,Tier 2,446665
Marketing,Lead,7,Tier 1,1425470
Sales,Director,9,Tier 2,1892640
Support,Manager,17,Tier 2,2112049
IT,Senior Dev,18,Tier 3,1687004
Finance,Director,0,Tier 1,1513937
Operations,Intern,15,Tier 2,1180238
Support,Lead,12,Tier 2,1542799
Operations,Intern,16,Tier 3,1158916
Finance,Lead,6,Tier 2,1155071
HR,Director,16,Tier 3,2184540
HR,Manager,4,Tier 1,1410810
IT,Intern,6,Tier 3,560009
Support,Associate,16,Tier 3,1376182
Finance,Senior Dev,0,Tier 3,620928
IT,Intern,16,Tier 1,1459082
Finance,Senior Dev,2,Tier 1,910142
HR,Associate,10,Tier 3,980655
HR,Manager,15,Tier 1,2256661
Sales,Associate,8,Tier 2,989831
Support,Lead,0,Tier 2,796412
Finance,Senior Dev,15,Tier 1,1872048
Finance,Director,18,Tier 3,2275963
Marketing,Lead,18,Tier 2,1934773
IT,Director,8,Tier 2,1847894
Sales,Intern,13,Tier 2,1059676
IT,Intern,18,Tier 1,1619810
Finance,Senior Dev,1,Tier 2,749160
IT,Senior Dev,12,Tier 1,1624994
Marketing,Intern,10,Tier 1,973764
HR,Manager,13,Tier 2,1855405
Operations,Associate,7,Tier 3,813185
Marketing,Director,18,Tier 3,2307727
Support,Manager,15,Tier 3,1811153
Support,Director,7,Tier 1,1997581
HR,Director,5,Tier 1,1847763
Operations,Senior Dev,14,Tier 2,1609480
IT,Associate,7,Tier 2,882531
HR,Manager,14,Tier 2,1909307
Support,Associate,19,Tier 2,1675064
Operations,Analyst,16,Tier 3,1267548
Finance,Lead,17,Tier 1,2167937
Finance,Senior Dev,12,Tier 3,1341756
Operations,Senior Dev,14,Tier 2,1603683
IT,Analyst,9,Tier 2,938764
IT,Intern,2,Tier 1,384162
Support,Analyst,2,Tier 2,478773
Support,Associate,13,Tier 1,1467335
Sales,Associate,7,Tier 2,886394
Sales,Analyst,3,Tier 3,472010
IT,Senior Dev,19,Tier 3,1712890
Finance,Associate,10,Tier 1,1275391
IT,Director,10,Tier 3,1803665
Finance,Intern,16,Tier 3,1178008
IT,Director,1,Tier 3,1285612
Marketing,Manager,14,Tier 2,1938319
Sales,Senior Dev,3,Tier 3,771639
Support,Director,8,Tier 1,2086633
Support,Manager,4,Tier 2,1227439
Operations,Analyst,12,Tier 2,1151197
Sales,Analyst,6,Tier 3,688847
Support,Senior Dev,19,Tier 3,1730176
Finance,Manager,2,Tier 1,1299482
Marketing,Manager,11,Tier 1,1939996
HR,Director,6,Tier 2,1721931
Operations,Analyst,8,Tier 2,863710
IT,Intern,5,Tier 1,630740
Finance,Intern,16,Tier 1,1448047
HR,Analyst,2,Tier 3,440964
Finance,Analyst,3,Tier 1,570489
HR,Intern,4,Tier 1,542260
Support,Lead,9,Tier 1,1539275
Finance,Director,9,Tier 3,1746284
Operations,Senior Dev,12,Tier 3,1329178
Operations,Senior Dev,15,Tier 1,1861999
Support,Intern,7,Tier 3,630172
Marketing,Manager,1,Tier 1,1171629
Support,Director,11,Tier 2,2057609
Finance,Associate,11,Tier 2,1181450
IT,Manager,14,Tier 2,1905839
IT,Manager,16,Tier 1,2347953
Finance,Intern,1,Tier 2,262539
Marketing,Senior Dev,18,Tier 3,1683625
HR,Senior Dev,17,Tier 2,1759485
HR,Associate,16,Tier 3,1346767
Sales,Intern,5,Tier 1,605744
IT,Intern,14,Tier 2,1167442
Marketing,Director,5,Tier 3,1482226
HR,Lead,0,Tier 3,701709
Sales,Manager,12,Tier 2,1774495
Marketing,Associate,13,Tier 1,1493908
IT,Director,3,Tier 1,1722526
Marketing,Senior Dev,9,Tier 2,1276198
IT,Senior Dev,14,Tier 2,1587998
Sales,Manager,3,Tier 2,1182031
Sales,Lead,5,Tier 1,1267063
HR,Manager,19,Tier 2,2263145
Support,Intern,4,Tier 3,432867
HR,Associate,11,Tier 2,1152544
Support,Intern,7,Tier 3,615344
Operations,Senior Dev,4,Tier 1,1059486
Finance,Director,5,Tier 1,1860228
Marketing,Senior Dev,2,Tier 1,875710
Sales,Director,4,Tier 2,1573259
Finance,Analyst,13,Tier 2,1191457
Support,Intern,15,Tier 3,1072103
Marketing,Director,13,Tier 2,2194778
HR,Analyst,7,Tier 2,794510
IT,Analyst,6,Tier 1,807391
IT,Senior Dev,12,Tier 3,1318901
Marketing,Senior Dev,17,Tier 1,2027001
Marketing,Analyst,7,Tier 1,872378
Sales,Intern,0,Tier 1,270357
IT,Associate,5,Tier 1,880503
Marketing,Senior Dev,19,Tier 1,2154867
Sales,Associate,10,Tier 3,1003724
Operations,Associate,9,Tier 3,960626
Operations,Analyst,12,Tier 3,1013386
HR,Director,2,Tier 2,1467406
Finance,Lead,14,Tier 2,1719548
IT,Lead,12,Tier 1,1780618
Sales,Lead,19,Tier 3,1820698
Operations,Senior Dev,18,Tier 2,1843525
Sales,Senior Dev,10,Tier 3,1219053
Sales,Manager,15,Tier 1,2226644
Support,Lead,2,Tier 3,837701
IT,Lead,5,Tier 1,1263469
Marketing,Intern,17,Tier 3,1242656
HR,Intern,3,Tier 3,405199
Marketing,Lead,14,Tier 3,1546607
Support,Analyst,10,Tier 2,983993
Support,Intern,2,Tier 1,427858
Operations,Lead,15,Tier 2,1751188
Finance,Senior Dev,9,Tier 3,1120776
Finance,Intern,3,Tier 1,454788
Support,Senior Dev,18,Tier 2,1828922
Support,Associate,1,Tier 1,578340
Operations,Director,10,Tier 1,2276984
Finance,Senior Dev,19,Tier 3,1758175
Operations,Senior Dev,18,Tier 3,1661094
HR,Analyst,10,Tier 1,1100741
Finance,Manager,1,Tier 2,1032838
Sales,Analyst,4,Tier 3,513262
Operations,Lead,4,Tier 2,1048594
IT,Associate,11,Tier 2,1166257
Marketing,Analyst,3,Tier 1,600453
HR,Director,16,Tier 2,2348217
HR,Senior Dev,19,Tier 1,2169229
Finance,Associate,13,Tier 3,1164026
HR,Associate,10,Tier 1,1250908
IT,Analyst,17,Tier 1,1639610
Finance,Intern,17,Tier 2,1319031
Support,Senior Dev,10,Tier 1,1529668
Sales,Lead,11,Tier 1,1706484
Finance,Manager,8,Tier 2,1488570
Support,Senior Dev,8,Tier 3,1079877
Finance,Manager,9,Tier 2,1554917
Sales,Manager,18,Tier 3,1979504
Marketing,Intern,6,Tier 3,586579
IT,Lead,0,Tier 3,688062
HR,Analyst,7,Tier 2,771941
Marketing,Senior Dev,17,Tier 1,2018470
Finance,Manager,16,Tier 3,1875148
Finance,Associate,13,Tier 2,1289133
Sales,Manager,17,Tier 2,2126435
Finance,Manager,17,Tier 3,1907519
Support,Senior Dev,0,Tier 1,728566
Sales,Director,10,Tier 2,1999358
Marketing,Director,11,Tier 3,1864087
IT,Manager,19,Tier 3,2066541
HR,Lead,5,Tier 3,972690
Operations,Senior Dev,12,Tier 3,1309404
Support,Director,1,Tier 1,1570380
Marketing,Associate,16,Tier 2,1485173
Marketing,Associate,1,Tier 2,529027
Support,Intern,10,Tier 1,994519
IT,Manager,11,Tier 2,1708439
HR,Intern,10,Tier 1,981413
IT,Senior Dev,19,Tier 1,2168559
IT,Director,7,Tier 2,1775513
Operations,Associate,16,Tier 3,1351119
Marketing,Director,19,Tier 2,2573299
Operations,Lead,15,Tier 1,1995517
Support,Associate,10,Tier 3,988950
HR,Senior Dev,15,Tier 3,1493596
Support,Associate,14,Tier 2,1388199
IT,Analyst,15,Tier 1,1529546
HR,Director,8,Tier 2,1846850
IT,Lead,19,Tier 2,2036788
Support,Lead,9,Tier 1,1536848
Marketing,Analyst,14,Tier 1,1447446
Marketing,Associate,7,Tier 2,905998
Operations,Director,13,Tier 3,2005571
IT,Lead,6,Tier 3,1035750
Sales,Associate,11,Tier 1,1308232
Support,Senior Dev,16,Tier 3,1565903
Sales,Lead,9,Tier 1,1552093
IT,Manager,18,Tier 3,2003741
Marketing,Associate,10,Tier 3,1018225
Sales,Intern,17,Tier 2,1329478
Sales,Intern,11,Tier 3,881769
IT,Associate,1,Tier 3,455338
Marketing,Intern,19,Tier 1,1649145
Marketing,Analyst,5,Tier 2,632775
Sales,Lead,9,Tier 1,1551647
Marketing,Associate,19,Tier 2,1709838
Sales,Intern,4,Tier 3,429539
Finance,Director,2,Tier 3,1347124
IT,Analyst,7,Tier 3,715159
HR,Intern,7,Tier 2,689099
Finance,Manager,7,Tier 3,1345178
HR,Associate,13,Tier 2,1317343
IT,Lead,7,Tier 2,1248172
HR,Analyst,9,Tier 1,1056902
Sales,Lead,16,Tier 1,2101739
Sales,Senior Dev,12,Tier 2,1438351
IT,Analyst,3,Tier 3,501300
Marketing,Manager,3,Tier 3,1094254
IT,Lead,17,Tier 3,1728847
Marketing,Senior Dev,5,Tier 3,888814
Support,Analyst,1,Tier 3,353926
Operations,Analyst,10,Tier 2,994779
Sales,Manager,13,Tier 2,1828335
IT,Manager,4,Tier 2,1271295
IT,Lead,5,Tier 1,1254057
HR,Associate,7,Tier 3,809583
Sales,Lead,13,Tier 2,1657287
Sales,Associate,2,Tier 1,675211
Support,Senior Dev,15,Tier 3,1484139
Operations,Director,16,Tier 1,2689520
IT,Senior Dev,9,Tier 2,1261688
IT,Analyst,9,Tier 1,1075476
Support,Analyst,1,Tier 1,469928
Marketing,Manager,12,Tier 1,2000208
HR,Director,15,Tier 2,2329681
IT,Analyst,18,Tier 2,1542219
Operations,Intern,7,Tier 3,598080
Marketing,Intern,14,Tier 3,1061305
Operations,Intern,14,Tier 2,1152862
Sales,Intern,6,Tier 3,570460
Marketing,Manager,16,Tier 1,2330871
Operations,Lead,8,Tier 3,1170519
IT,Director,19,Tier 2,2572378
IT,Senior Dev,17,Tier 1,2044996
Finance,Analyst,15,Tier 2,1304536
Finance,Senior Dev,11,Tier 2,1404555
Finance,Lead,5,Tier 1,1237618
Finance,Intern,6,Tier 1,701480
Marketing,Senior Dev,2,Tier 1,890527
Sales,Manager,17,Tier 2,2093151
IT,Lead,6,Tier 2,1180739
Finance,Senior Dev,7,Tier 2,1126700
Support,Manager,12,Tier 1,2053192
HR,Senior Dev,16,Tier 1,1921252
Operations,Analyst,5,Tier 2,667842
Support,Intern,12,Tier 3,904523
IT,Senior Dev,13,Tier 2,1489630
HR,Associate,3,Tier 3,572523
HR,Manager,6,Tier 1,1591151
Sales,Director,12,Tier 2,2083695
HR,Director,5,Tier 2,1623262
HR,Associate,5,Tier 2,795415
Operations,Analyst,2,Tier 2,455963
Support,Associate,2,Tier 2,571932
HR,Senior Dev,1,Tier 1,828487
Finance,Manager,5,Tier 2,1296855
Operations,Manager,7,Tier 3,1337288
HR,Associate,5,Tier 1,870805
HR,Lead,2,Tier 3,817529
HR,Senior Dev,2,Tier 3,704079
Marketing,Associate,11,Tier 1,1324872
Marketing,Associate,4,Tier 2,731021
IT,Director,19,Tier 3,2329800
Finance,Senior Dev,8,Tier 3,1076910
IT,Analyst,19,Tier 3,1429942
HR,Analyst,3,Tier 2,551772
Support,Lead,12,Tier 2,1542878
Marketing,Associate,9,Tier 2,1036369
Support,Intern,16,Tier 1,1461235
Marketing,Intern,19,Tier 1,1672340
HR,Lead,16,Tier 2,1838933
Finance,Intern,3,Tier 1,490536
Marketing,Intern,0,Tier 1,253678
Marketing,Lead,12,Tier 2,1580400
Operations,Intern,7,Tier 2,690897
IT,Senior Dev,12,Tier 3,1330214
IT,Director,13,Tier 3,1958519
Finance,Director,7,Tier 3,1623082
Sales,Manager,14,Tier 1,2155938
Operations,Associate,12,Tier 1,1394486
Marketing,Manager,4,Tier 2,1250096
Sales,Manager,15,Tier 2,1967270
HR,Lead,1,Tier 2,816997
HR,Analyst,17,Tier 2,1478830
Sales,Associate,16,Tier 2,1518509
Support,Intern,6,Tier 3,558684
Marketing,Director,17,Tier 1,2779524
Finance,Intern,13,Tier 1,1228885
Marketing,Analyst,17,Tier 2,1457596
Finance,Intern,10,Tier 1,1000676
Finance,Director,15,Tier 1,2608878
HR,Director,16,Tier 2,2373559
Support,Lead,18,Tier 2,1934771
Support,Intern,14,Tier 2,1143896
IT,Senior Dev,19,Tier 3,1761913
HR,Director,11,Tier 2,2055390
HR,Lead,19,Tier 1,2326221
IT,Senior Dev,0,Tier 2,631848
Sales,Associate,19,Tier 3,1545464
IT,Senior Dev,14,Tier 3,1429456
Operations,Associate,11,Tier 2,1171554
HR,Lead,10,Tier 1,1608409
Finance,Director,15,Tier 3,2095864
IT,Senior Dev,14,Tier 2,1571888
Support,Associate,12,Tier 3,1113501
Support,Associate,7,Tier 1,1052415
Sales,Director,11,Tier 1,2320920
Support,Senior Dev,10,Tier 1,1506071
Sales,Director,9,Tier 2,1900061
Operations,Associate,18,Tier 1,1848810
Support,Intern,6,Tier 3,587002
Sales,Senior Dev,16,Tier 2,1736656
Support,Associate,7,Tier 2,900054
Marketing,Analyst,5,Tier 3,615397
Marketing,Analyst,17,Tier 1,1665669
HR,Lead,4,Tier 1,1170068
Support,Director,18,Tier 2,2482917
Finance,Associate,7,Tier 3,815832
Marketing,Manager,16,Tier 2,2036706
IT,Director,18,Tier 3,2276762
Finance,Director,16,Tier 2,2373796
Marketing,Senior Dev,18,Tier 3,1708817
Marketing,Intern,7,Tier 2,686642
Operations,Director,6,Tier 3,1567531
Operations,Associate,16,Tier 3,1339221
Operations,Senior Dev,18,Tier 1,2084519
Support,Lead,5,Tier 1,1221051
Finance,Analyst,1,Tier 2,375765
Sales,Manager,4,Tier 3,1166690
Sales,Associate,19,Tier 1,1927323
Sales,Associate,16,Tier 2,1477939
IT,Lead,12,Tier 2,1532307
IT,Associate,16,Tier 2,1501944
IT,Associate,3,Tier 2,646134
Sales,Intern,13,Tier 3,956226
IT,Director,2,Tier 1,1675021
Finance,Associate,7,Tier 3,820391
Operations,Analyst,0,Tier 1,346961
Sales,Lead,17,Tier 3,1742015
IT,Associate,7,Tier 3,800848
Finance,Intern,11,Tier 1,1058255
Operations,Manager,15,Tier 2,1989281
IT,Senior Dev,3,Tier 3,770389
Sales,Intern,11,Tier 2,974266
Operations,Director,8,Tier 2,1861919
Finance,Associate,11,Tier 2,1139358
Finance,Lead,13,Tier 3,1460988
Marketing,Director,1,Tier 2,1361698
IT,Senior Dev,9,Tier 3,1160248
IT,Director,19,Tier 1,2927703
Finance,Director,7,Tier 2,1796041
IT,Intern,18,Tier 3,1258002
Operations,Associate,4,Tier 3,631698
Marketing,Manager,15,Tier 1,2268240
HR,Associate,14,Tier 1,1537570
Operations,Lead,11,Tier 1,1682392
Operations,Associate,11,Tier 2,1151641
Finance,Analyst,14,Tier 2,1230305
Operations,Lead,17,Tier 3,1729763
Finance,Manager,11,Tier 2,1732550
Operations,Director,3,Tier 3,1370566
IT,Director,15,Tier 3,2072230
IT,Intern,15,Tier 3,1119280
HR,Manager,1,Tier 3,934765
Finance,Lead,2,Tier 2,895929
Finance,Director,19,Tier 1,2900552
IT,Manager,19,Tier 3,2021989
IT,Manager,0,Tier 1,1140939
HR,Manager,5,Tier 2,1328652
Sales,Analyst,14,Tier 3,1150953
Operations,Director,13,Tier 3,2004195
Marketing,Director,14,Tier 1,2545901
Operations,Analyst,4,Tier 1,704461
IT,Manager,16,Tier 3,1859546
Marketing,Director,15,Tier 1,2651683
Finance,Director,14,Tier 3,2051430
IT,Intern,3,Tier 3,399242
Operations,Analyst,17,Tier 3,1302948
Operations,Director,2,Tier 2,1424773
Operations,Lead,7,Tier 3,1099878
Marketing,Lead,2,Tier 2,928561
Finance,Associate,9,Tier 1,1198592
Finance,Director,19,Tier 1,2928776
Operations,Senior Dev,7,Tier 1,1300798
HR,Senior Dev,10,Tier 2,1294668
IT,Analyst,4,Tier 3,565161
Support,Senior Dev,12,Tier 2,1456484
Operations,Manager,4,Tier 2,1271159
Operations,Director,12,Tier 1,2415925
Marketing,Manager,4,Tier 2,1240968
HR,Senior Dev,15,Tier 2,1650209
Operations,Associate,0,Tier 3,427703
IT,Intern,18,Tier 2,1425133
HR,Analyst,10,Tier 1,1113395
Support,Intern,11,Tier 1,1082707
Finance,Lead,6,Tier 3,1064393
Support,Associate,12,Tier 3,1140042
Support,Associate,7,Tier 2,878078
Sales,Manager,8,Tier 2,1529574
Operations,Lead,14,Tier 1,1924345
Support,Intern,19,Tier 1,1701152
Support,Analyst,11,Tier 2,1076048
Sales,Manager,7,Tier 3,1316212
IT,Associate,14,Tier 2,1352816
Finance,Intern,0,Tier 2,219432
IT,Director,9,Tier 3,1716837
Sales,Director,9,Tier 2,1904884
Marketing,Analyst,14,Tier 1,1404424
Support,Intern,5,Tier 3,513618
HR,Manager,12,Tier 3,1637111
Finance,Associate,14,Tier 1,1575056
Support,Lead,16,Tier 1,2104381
HR,Lead,12,Tier 1,1753848
Sales,Analyst,5,Tier 3,583136
Finance,Lead,15,Tier 2,1730589
Finance,Lead,12,Tier 1,1796973
Finance,Intern,2,Tier 2,328509
HR,Manager,13,Tier 2,1860222
Marketing,Senior Dev,7,Tier 1,1289476
Marketing,Intern,14,Tier 1,1322732
IT,Senior Dev,12,Tier 1,1629968
IT,Analyst,2,Tier 2,441275
Marketing,Manager,5,Tier 2,1303269
Operations,Director,16,Tier 3,2130406
Finance,Senior Dev,1,Tier 3,652553
Operations,Senior Dev,14,Tier 2,1598036
HR,Senior Dev,19,Tier 1,2149485
Finance,Lead,5,Tier 1,1222618
HR,Associate,17,Tier 2,1554673
Finance,Analyst,3,Tier 1,609696
Finance,Associate,13,Tier 2,1326829
HR,Senior Dev,12,Tier 1,1634719
Finance,Intern,11,Tier 3,873894
Finance,Lead,14,Tier 3,1522306
HR,Lead,10,Tier 2,1415086
Marketing,Lead,11,Tier 1,1697042
Marketing,Manager,16,Tier 2,2067618
Finance,Manager,18,Tier 1,2463323
IT,Senior Dev,3,Tier 3,759890
Sales,Manager,15,Tier 1,2230283
HR,Director,7,Tier 1,2041999
IT,Manager,16,Tier 1,2342466
Support,Lead,17,Tier 3,1727952
Operations,Analyst,2,Tier 3,427663
Operations,Manager,3,Tier 2,1202172
Marketing,Analyst,5,Tier 2,677929
HR,Analyst,13,Tier 1,1354724
HR,Analyst,15,Tier 3,1199134
IT,Associate,14,Tier 3,1257101
Marketing,Director,3,Tier 1,1728575
Operations,Analyst,15,Tier 2,1294827
Sales,Senior Dev,15,Tier 2,1633699
Support,Analyst,12,Tier 3,1037961
Operations,Director,12,Tier 3,1895313
Marketing,Associate,2,Tier 1,669909
HR,Director,7,Tier 1,1999887
Finance,Senior Dev,14,Tier 1,1815226
IT,Analyst,8,Tier 2,831558
Marketing,Senior Dev,12,Tier 2,1472113
Support,Analyst,7,Tier 1,925878
IT,Senior Dev,11,Tier 2,1391186
Sales,Senior Dev,6,Tier 1,1203769
HR,Director,15,Tier 1,2648218
IT,Manager,9,Tier 2,1581877
Support,Director,17,Tier 3,2221601
Finance,Intern,4,Tier 1,536244
HR,Director,6,Tier 3,1553099
Sales,Director,1,Tier 3,1267034
Sales,Associate,12,Tier 1,1389094
Support,Intern,4,Tier 1,530589
IT,Lead,5,Tier 1,1279319
Operations,Associate,13,Tier 3,1189531
Support,Intern,3,Tier 2,391164
HR,Lead,5,Tier 3,1011247
Marketing,Intern,9,Tier 2,803601
HR,Lead,14,Tier 3,1560599
Sales,Intern,8,Tier 2,768916
Sales,Director,9,Tier 2,1942579
Marketing,Senior Dev,5,Tier 2,962671
Operations,Director,2,Tier 1,1672329
Operations,Manager,10,Tier 1,1849906
Marketing,Director,16,Tier 1,2710031
Operations,Director,3,Tier 2,1509438
IT,Intern,3,Tier 1,488856
IT,Associate,8,Tier 3,891938
Sales,Intern,4,Tier 2,513807
Finance,Director,5,Tier 3,1497938
IT,Manager,0,Tier 2,980435
HR,Associate,15,Tier 3,1289190
Finance,Senior Dev,10,Tier 2,1340124
Operations,Analyst,9,Tier 2,948786
Sales,Analyst,8,Tier 1,1001635
Marketing,Lead,11,Tier 3,1355174
Operations,Associate,13,Tier 3,1199376
IT,Intern,17,Tier 3,1237216
Marketing,Associate,8,Tier 2,963416
Sales,Senior Dev,9,Tier 1,1445258
Support,Lead,14,Tier 3,1523380
Marketing,Intern,14,Tier 3,1045699
Support,Lead,1,Tier 3,761980
Marketing,Analyst,15,Tier 3,1199166
IT,Analyst,9,Tier 1,1020717
IT,Associate,9,Tier 1,1170592
Sales,Analyst,13,Tier 3,1080009
Finance,Senior Dev,8,Tier 1,1353816
Marketing,Associate,13,Tier 3,1161618
Finance,Analyst,19,Tier 1,1796671
IT,Lead,1,Tier 1,962761
Support,Analyst,2,Tier 2,470346
Operations,Senior Dev,10,Tier 2,1340772
Operations,Senior Dev,12,Tier 1,1647526
Operations,Lead,16,Tier 3,1632941
Marketing,Analyst,1,Tier 1,467947
IT,Senior Dev,9,Tier 1,1420553
Support,Director,10,Tier 2,1975359
Operations,Director,16,Tier 2,2401026
Sales,Lead,17,Tier 3,1740164
Operations,Senior Dev,15,Tier 3,1517365
Finance,Director,11,Tier 2,2020586
Sales,Director,14,Tier 3,2051198
IT,Senior Dev,15,Tier 3,1505113
HR,Manager,11,Tier 3,1562443
Finance,Senior Dev,12,Tier 2,1452595
IT,Intern,6,Tier 2,591877
Operations,Analyst,1,Tier 1,468601
Operations,Lead,14,Tier 1,1927766
Support,Senior Dev,7,Tier 2,1124006
Marketing,Analyst,14,Tier 1,1407205
Support,Associate,7,Tier 3,835947
Finance,Analyst,11,Tier 2,1042524
IT,Intern,10,Tier 2,850016
Sales,Lead,16,Tier 1,2065855
Sales,Associate,3,Tier 1,720095
Operations,Associate,4,Tier 2,723241
Marketing,Director,15,Tier 2,2332003
Finance,Analyst,14,Tier 2,1252747
IT,Associate,4,Tier 1,828269
Support,Senior Dev,15,Tier 2,1675053
Operations,Analyst,9,Tier 3,811094
IT,Director,12,Tier 1,2426499
Support,Associate,4,Tier 1,793324
Finance,Lead,2,Tier 3,793982
Finance,Manager,3,Tier 1,1335790
HR,Analyst,13,Tier 1,1374707
Marketing,Senior Dev,18,Tier 3,1662748
Operations,Intern,9,Tier 3,713092
Operations,Lead,4,Tier 3,969418
IT,Analyst,19,Tier 3,1434860
IT,Senior Dev,19,Tier 2,1898616
Marketing,Associate,5,Tier 1,849926
Marketing,Intern,3,Tier 1,448969
Operations,Manager,15,Tier 1,2259876
HR,Senior Dev,3,Tier 2,844428
Finance,Analyst,18,Tier 1,1715950
HR,Manager,1,Tier 2,1067789
Operations,Associate,3,Tier 2,643349
Marketing,Associate,19,Tier 2,1694062
Support,Senior Dev,3,Tier 2,873896
Finance,Director,6,Tier 3,1561730
Operations,Analyst,18,Tier 1,1708861
Operations,Director,5,Tier 2,1668243
HR,Analyst,14,Tier 2,1260174
Finance,Manager,19,Tier 2,2264184
HR,Director,3,Tier 2,1491121
IT,Lead,17,Tier 3,1718164
Support,Senior Dev,19,Tier 1,2204222
HR,Intern,10,Tier 1,973748
Operations,Analyst,3,Tier 2,542331
Operations,Associate,1,Tier 1,576308
Support,Analyst,9,Tier 3,849560
Support,Analyst,9,Tier 1,1066686
IT,Associate,6,Tier 2,810675
Marketing,Associate,18,Tier 2,1639449
Operations,Associate,2,Tier 2,552680
Operations,Senior Dev,18,Tier 2,1844206
Support,Senior Dev,1,Tier 2,716666
Operations,Senior Dev,19,Tier 1,2146161
Support,Senior Dev,1,Tier 2,751489
Finance,Manager,16,Tier 2,2054751
Operations,Lead,15,Tier 3,1610975
Operations,Senior Dev,13,Tier 1,1709758
Support,Director,10,Tier 1,2251831
Marketing,Analyst,0,Tier 2,337770
HR,Manager,3,Tier 3,1102550
IT,Intern,14,Tier 1,1294881
IT,Senior Dev,11,Tier 1,1580422
Operations,Intern,16,Tier 3,1153776
Sales,Analyst,10,Tier 3,887755
Marketing,Associate,0,Tier 2,447422
IT,Senior Dev,9,Tier 3,1133238
Operations,Lead,1,Tier 3,760313
IT,Analyst,3,Tier 3,508475
HR,Associate,18,Tier 1,1859321
Sales,Intern,10,Tier 3,814327
IT,Manager,17,Tier 1,2416250
Sales,Lead,10,Tier 2,1439404
Finance,Lead,2,Tier 3,806395
HR,Manager,2,Tier 3,992537
Finance,Lead,16,Tier 1,2063613
Finance,Manager,1,Tier 2,1050368
Operations,Lead,15,Tier 1,1984209
IT,Manager,19,Tier 1,2576997
Sales,Associate,9,Tier 3,918635
Sales,Analyst,9,Tier 2,939863
Marketing,Senior Dev,0,Tier 2,671804
Marketing,Analyst,8,Tier 1,1003741
Marketing,Director,9,Tier 2,1935502
Operations,Director,4,Tier 3,1427653
HR,Director,15,Tier 1,2629028
Marketing,Intern,19,Tier 3,1366049
Marketing,Intern,10,Tier 1,999978
Finance,Senior Dev,8,Tier 1,1349007
Support,Analyst,1,Tier 3,378287
Operations,Analyst,1,Tier 1,475307
Marketing,Analyst,7,Tier 2,818392
Marketing,Intern,11,Tier 1,1096033
Sales,Lead,8,Tier 3,1175097
Marketing,Lead,1,Tier 1,942191
Marketing,Analyst,19,Tier 3,1417206
IT,Manager,1,Tier 2,1054992
IT,Associate,18,Tier 3,1465995
Finance,Intern,3,Tier 3,394439
Sales,Intern,1,Tier 3,256270
Finance,Associate,13,Tier 2,1316321
HR,Associate,14,Tier 1,1534859
IT,Lead,4,Tier 2,1035899
HR,Intern,19,Tier 3,1312172
Support,Intern,6,Tier 2,602663
Support,Associate,9,Tier 1,1164053
Sales,Lead,13,Tier 2,1628564
Marketing,Intern,17,Tier 3,1249095
Operations,Analyst,13,Tier 1,1341153
Sales,Director,11,Tier 2,2045845
HR,Manager,5,Tier 2,1343283
IT,Analyst,12,Tier 2,1105731
Sales,Lead,13,Tier 3,1493646
Marketing,Analyst,15,Tier 3,1216435
Marketing,Senior Dev,0,Tier 2,657564
Finance,Manager,3,Tier 1,1327697
Support,Associate,5,Tier 1,853386
IT,Director,12,Tier 2,2135370
Marketing,Analyst,15,Tier 2,1337802
Operations,Senior Dev,4,Tier 2,904900
Sales,Lead,7,Tier 2,1257026
IT,Analyst,13,Tier 1,1354782
Marketing,Intern,13,Tier 3,962997
Operations,Director,11,Tier 1,2353255
HR,Intern,16,Tier 3,1137148
HR,Lead,13,Tier 3,1468748
Marketing,Director,6,Tier 1,1940013
Support,Intern,14,Tier 2,1168827
Sales,Associate,16,Tier 2,1491256
Operations,Associate,14,Tier 2,1371419
HR,Manager,1,Tier 2,1066708
Sales,Lead,12,Tier 2,1568634
Support,Associate,19,Tier 2,1687382
HR,Lead,7,Tier 1,1426063
IT,Director,13,Tier 1,2482710
Marketing,Senior Dev,10,Tier 2,1290864
Operations,Analyst,2,Tier 2,490128
Support,Intern,18,Tier 3,1287997
Sales,Analyst,7,Tier 3,734940
Marketing,Manager,19,Tier 2,2257298
Sales,Analyst,4,Tier 1,693328
Finance,Senior Dev,5,Tier 3,879726
Finance,Manager,1,Tier 3,944252
Finance,Intern,4,Tier 3,447371
Marketing,Intern,7,Tier 3,632230
Finance,Senior Dev,0,Tier 2,662467
Finance,Analyst,11,Tier 1,1216934
Marketing,Analyst,10,Tier 3,917014
Sales,Manager,14,Tier 3,1722853
IT,Intern,10,Tier 3,819052
Marketing,Analyst,15,Tier 3,1209522
HR,Analyst,19,Tier 3,1460733
Support,Analyst,2,Tier 3,408624
Marketing,Manager,14,Tier 2,1908704
Finance,Analyst,16,Tier 3,1259377
IT,Analyst,19,Tier 2,1561493
Finance,Director,7,Tier 3,1624844
Operations,Associate,15,Tier 2,1402994
HR,Manager,0,Tier 1,1142234
Support,Intern,2,Tier 2,349332
Sales,Associate,11,Tier 3,1037371
Support,Associate,19,Tier 2,1682028
IT,Manager,19,Tier 2,2249912
Finance,Intern,6,Tier 2,632851
IT,Senior Dev,18,Tier 1,2090469
Marketing,Associate,18,Tier 2,1638037
Support,Intern,12,Tier 3,947514
Sales,Lead,12,Tier 2,1578988
Marketing,Manager,19,Tier 1,2538542
Finance,Lead,12,Tier 2,1586314
Operations,Lead,18,Tier 1,2215423
Finance,Director,19,Tier 2,2588231
HR,Associate,9,Tier 2,1021241
Operations,Lead,15,Tier 3,1593154
Sales,Intern,10,Tier 3,826396
Finance,Associate,8,Tier 3,863331
Marketing,Manager,18,Tier 3,1969183
HR,Analyst,6,Tier 1,834346
Sales,Associate,11,Tier 2,1190478
Marketing,Lead,13,Tier 1,1870954
HR,Analyst,9,Tier 2,909882
Operations,Associate,5,Tier 2,759041
Operations,Lead,10,Tier 1,1647498
Operations,Senior Dev,5,Tier 2,993709
Finance,Director,19,Tier 2,2548837
Support,Associate,16,Tier 3,1354489
Finance,Intern,0,Tier 2,238994
Operations,Senior Dev,7,Tier 3,1002615
Sales,Manager,19,Tier 2,2267109
IT,Associate,14,Tier 2,1334375
Operations,Director,6,Tier 1,1940746
Sales,Lead,6,Tier 2,1180348
Operations,Lead,3,Tier 1,1112904
IT,Associate,11,Tier 2,1143833
Marketing,Analyst,5,Tier 1,750573
Operations,Lead,11,Tier 3,1370874
HR,Lead,18,Tier 1,2229420
Support,Director,4,Tier 3,1463044
Marketing,Senior Dev,15,Tier 3,1521064
Finance,Intern,12,Tier 2,990792
IT,Analyst,19,Tier 3,1425989
Finance,Associate,3,Tier 3,559290
Marketing,Lead,16,Tier 2,1810342
HR,Director,13,Tier 1,2458945
HR,Senior Dev,10,Tier 1,1500133
Finance,Lead,8,Tier 2,1308150
Marketing,Associate,12,Tier 2,1243750
IT,Associate,17,Tier 1,1785475
HR,Senior Dev,10,Tier 2,1321086
Marketing,Manager,18,Tier 1,2452008
Operations,Director,3,Tier 2,1515405
Support,Director,13,Tier 2,2184386
Support,Senior Dev,16,Tier 2,1699007
IT,Analyst,13,Tier 3,1082157
Support,Lead,19,Tier 2,2029932
IT,Associate,12,Tier 1,1384414
HR,Lead,13,Tier 2,1612327
Finance,Analyst,18,Tier 2,1502693
Marketing,Director,9,Tier 2,1933658
Finance,Lead,14,Tier 2,1679540
Operations,Associate,19,Tier 3,1535081
Support,Associate,5,Tier 2,751350
HR,Manager,9,Tier 1,1806358
Finance,Associate,16,Tier 3,1358369
Finance,Intern,16,Tier 1,1437576
Support,Analyst,9,Tier 1,1037848
IT,Associate,6,Tier 3,751999
Operations,Lead,17,Tier 1,2133029
Sales,Senior Dev,19,Tier 2,1942016
Sales,Analyst,0,Tier 2,305867
IT,Intern,1,Tier 2,257539
Support,Associate,16,Tier 2,1483027
Support,Senior Dev,10,Tier 1,1478693
HR,Director,3,Tier 1,1751832
HR,Associate,6,Tier 2,862497
Support,Associate,8,Tier 1,1100908
Finance,Manager,2,Tier 2,1124263
Finance,Senior Dev,18,Tier 2,1869491
Support,Intern,17,Tier 1,1503947
HR,Manager,10,Tier 1,1883170
Finance,Associate,13,Tier 3,1198785
IT,Director,15,Tier 2,2291618
Marketing,Associate,14,Tier 1,1536122
Sales,Lead,3,Tier 3,870900
Operations,Analyst,16,Tier 1,1597774
Finance,Director,15,Tier 3,2075037
Sales,Lead,15,Tier 1,1985848
HR,Associate,3,Tier 2,655645
IT,Senior Dev,10,Tier 2,1344337
Marketing,Lead,11,Tier 1,1676411
Finance,Intern,3,Tier 1,475225
IT,Director,6,Tier 3,1569164
Finance,Analyst,0,Tier 2,343390
Support,Director,12,Tier 3,1896533
IT,Lead,5,Tier 2,1077211
Operations,Intern,7,Tier 3,601927
Finance,Analyst,18,Tier 1,1704316
Finance,Lead,17,Tier 1,2130846
Finance,Intern,4,Tier 3,456621
Support,Lead,9,Tier 1,1522080
HR,Intern,9,Tier 2,840548
IT,Analyst,11,Tier 1,1177797
Support,Lead,6,Tier 3,1063672
IT,Manager,11,Tier 3,1572742
Marketing,Lead,0,Tier 3,728090
IT,Lead,14,Tier 3,1555825
Sales,Associate,19,Tier 1,1900606
Marketing,Associate,11,Tier 3,1054849
Operations,Lead,2,Tier 1,1053502
HR,Senior Dev,10,Tier 2,1338849
Marketing,Intern,11,Tier 1,1078189
HR,Senior Dev,4,Tier 3,835785
Sales,Senior Dev,0,Tier 1,752698
Operations,Analyst,10,Tier 2,964675
IT,Intern,17,Tier 1,1522843
Sales,Intern,16,Tier 3,1159793
Finance,Lead,1,Tier 1,939627
Sales,Analyst,5,Tier 2,656025
Support,Intern,15,Tier 2,1202366
HR,Associate,13,Tier 1,1450798
HR,Intern,18,Tier 1,1612614
Sales,Director,16,Tier 3,2187608
Operations,Intern,12,Tier 2,988559
Support,Associate,4,Tier 2,693158
IT,Senior Dev,4,Tier 2,916057
Marketing,Associate,9,Tier 3,922070
Sales,Manager,14,Tier 2,1924902
Sales,Analyst,14,Tier 3,1115506
Finance,Analyst,18,Tier 3,1385163
Sales,Manager,14,Tier 3,1718226
Support,Associate,5,Tier 1,850515
HR,Manager,14,Tier 1,2181133
HR,Lead,12,Tier 3,1422092
Sales,Associate,18,Tier 1,1839522
IT,Intern,7,Tier 3,613047
Sales,Lead,19,Tier 3,1847038
Operations,Intern,3,Tier 3,392674
Sales,Associate,2,Tier 2,558940
Sales,Intern,7,Tier 1,802174
Finance,Associate,15,Tier 2,1438220
IT,Associate,2,Tier 1,672719
Marketing,Lead,8,Tier 1,1498051
Marketing,Senior Dev,13,Tier 3,1406652
IT,Analyst,6,Tier 2,698062
Finance,Intern,6,Tier 1,728981
IT,Manager,1,Tier 3,949880
Finance,Manager,16,Tier 3,1844308
Finance,Manager,11,Tier 2,1716720
Marketing,Manager,9,Tier 2,1563706
Finance,Analyst,15,Tier 3,1179837
HR,Analyst,7,Tier 1,922151
IT,Lead,16,Tier 2,1832824
Marketing,Lead,17,Tier 3,1737115
Support,Senior Dev,16,Tier 1,1946299
Sales,Intern,13,Tier 3,980063
Finance,Intern,13,Tier 1,1251232
Sales,Manager,3,Tier 2,1160936
Sales,Manager,10,Tier 1,1873805
Marketing,Director,14,Tier 1,2568068
Sales,Analyst,10,Tier 1,1122672
Sales,Lead,17,Tier 2,1914413
Finance,Associate,12,Tier 3,1149213
IT,Senior Dev,17,Tier 2,1800442
Marketing,Intern,18,Tier 3,1251079
Operations,Senior Dev,14,Tier 1,1825432
IT,Associate,7,Tier 2,887327
HR,Director,19,Tier 2,2603872
Sales,Analyst,3,Tier 2,515197
IT,Intern,1,Tier 2,258031
HR,Director,2,Tier 1,1661863
HR,Intern,5,Tier 2,534287
Operations,Lead,15,Tier 2,1762230
HR,Director,12,Tier 3,1893340
Support,Intern,4,Tier 3,458664
HR,Director,19,Tier 2,2545141
HR,Intern,17,Tier 3,1247710
Operations,Director,17,Tier 2,2454049
Operations,Associate,9,Tier 3,944806
Support,Manager,12,Tier 3,1622113
IT,Associate,14,Tier 1,1562814
Marketing,Lead,11,Tier 1,1719646
Finance,Lead,12,Tier 3,1419809
Operations,Senior Dev,14,Tier 2,1588552
Support,Intern,10,Tier 1,991650
HR,Lead,2,Tier 1,1004190
HR,Lead,13,Tier 2,1627709
Support,Director,12,Tier 2,2091643
Marketing,Senior Dev,8,Tier 2,1203760
IT,Lead,18,Tier 2,1984234
Finance,Senior Dev,18,Tier 1,2112833
HR,Senior Dev,11,Tier 3,1250918
Support,Senior Dev,0,Tier 2,632962
Support,Manager,19,Tier 2,2273644
Support,Associate,16,Tier 2,1522356
Operations,Manager,2,Tier 2,1105921
IT,Manager,2,Tier 2,1109575
Finance,Analyst,15,Tier 3,1215349
Operations,Intern,12,Tier 3,905997
Support,Lead,15,Tier 2,1753067
Sales,Associate,15,Tier 3,1290923
Sales,Lead,12,Tier 1,1747887
Sales,Intern,11,Tier 3,872422
HR,Director,7,Tier 3,1618756
HR,Associate,8,Tier 3,860304
Support,Senior Dev,5,Tier 3,874758
Sales,Director,18,Tier 3,2281658
Support,Senior Dev,10,Tier 1,1507782
HR,Associate,12,Tier 2,1202490
HR,Manager,17,Tier 3,1895974
Operations,Senior Dev,14,Tier 1,1789680
Operations,Senior Dev,6,Tier 2,1047398
IT,Manager,12,Tier 1,2030755
Operations,Director,17,Tier 2,2415159
Support,Associate,18,Tier 2,1627351
Finance,Senior Dev,18,Tier 3,1667065
Sales,Manager,6,Tier 3,1231073
HR,Associate,15,Tier 3,1288771
HR,Analyst,5,Tier 2,672330
IT,Senior Dev,8,Tier 2,1162340
Marketing,Analyst,12,Tier 2,1108184
Operations,Director,7,Tier 1,1997159
Finance,Associate,12,Tier 2,1215900
Operations,Associate,16,Tier 2,1480678
HR,Lead,19,Tier 1,2317204
Support,Director,16,Tier 3,2138219
Finance,Manager,8,Tier 2,1539137
Operations,Analyst,17,Tier 2,1430488
Support,Manager,5,Tier 1,1514362
IT,Senior Dev,5,Tier 3,870901
IT,Manager,12,Tier 1,2037058
Operations,Senior Dev,13,Tier 2,1490881
Finance,Intern,7,Tier 1,790826
Sales,Intern,2,Tier 1,387632
HR,Associate,18,Tier 3,1495201
Sales,Senior Dev,16,Tier 2,1745251
HR,Intern,12,Tier 3,940210
Support,Intern,0,Tier 1,242499
Operations,Analyst,12,Tier 1,1249603
Support,Intern,10,Tier 3,789937
Support,Analyst,15,Tier 1,1496337
Operations,Associate,18,Tier 2,1602818
Support,Associate,15,Tier 3,1277349
Finance,Associate,18,Tier 3,1477464
Sales,Lead,0,Tier 3,726361
Operations,Analyst,18,Tier 2,1525344
IT,Senior Dev,1,Tier 1,813255
Sales,Senior Dev,11,Tier 3,1277975
HR,Director,17,Tier 2,2427905
Operations,Lead,12,Tier 2,1572581
Finance,Director,5,Tier 2,1634175
Marketing,Intern,8,Tier 1,826191
HR,Senior Dev,10,Tier 2,1308982
Operations,Analyst,9,Tier 1,1070185
Support,Lead,19,Tier 2,2051617
HR,Manager,19,Tier 3,2047244
Operations,Associate,8,Tier 2,987630
Support,Associate,14,Tier 3,1210515
Operations,Associate,7,Tier 2,904264
IT,Senior Dev,12,Tier 3,1336216
Operations,Director,3,Tier 3,1377856
Finance,Manager,15,Tier 3,1778334
Marketing,Senior Dev,2,Tier 3,696008
Finance,Manager,19,Tier 1,2550966
Support,Associate,4,Tier 1,770787
Operations,Manager,14,Tier 3,1719873
Finance,Analyst,14,Tier 1,1415225
HR,Senior Dev,12,Tier 3,1329683
Finance,Senior Dev,9,Tier 2,1231788
IT,Lead,9,Tier 3,1254220
Operations,Intern,8,Tier 3,679703
IT,Intern,2,Tier 3,338623
Sales,Intern,13,Tier 3,965103
Operations,Associate,8,Tier 1,1116045
Marketing,Lead,10,Tier 2,1438498
IT,Director,4,Tier 3,1421772
Support,Senior Dev,9,Tier 1,1444036
Marketing,Director,3,Tier 3,1403623
HR,Manager,12,Tier 3,1642491
Marketing,Intern,4,Tier 3,439769
Marketing,Manager,8,Tier 3,1397411
HR,Analyst,6,Tier 3,657777
HR,Intern,6,Tier 3,589175
Marketing,Lead,6,Tier 2,1153558
Sales,Lead,13,Tier 3,1450178
Marketing,Analyst,4,Tier 3,530470
Support,Senior Dev,17,Tier 2,1777363
Sales,Analyst,11,Tier 1,1201926
Finance,Intern,16,Tier 3,1167356
Operations,Senior Dev,1,Tier 2,699084
Marketing,Senior Dev,6,Tier 3,930731
IT,Director,9,Tier 2,1912022
HR,Director,5,Tier 1,1856970
IT,Intern,2,Tier 1,399265
Marketing,Senior Dev,10,Tier 2,1292933
Marketing,Senior Dev,19,Tier 1,2170791
Operations,Manager,4,Tier 2,1229074
Marketing,Senior Dev,18,Tier 1,2070893
Finance,Manager,14,Tier 2,1903773
Marketing,Intern,15,Tier 1,1365863
Sales,Associate,8,Tier 1,1105139
Finance,Intern,14,Tier 2,1167464
IT,Associate,11,Tier 3,1061670
Operations,Lead,2,Tier 2,911094
HR,Lead,13,Tier 3,1506240
IT,Senior Dev,18,Tier 3,1685685
Marketing,Manager,3,Tier 2,1214838
Finance,Director,18,Tier 2,2504928
Sales,Associate,15,Tier 2,1457454
HR,Intern,7,Tier 3,644962
IT,Director,7,Tier 1,2031561
Finance,Director,15,Tier 2,2295859
Support,Intern,18,Tier 1,1571577
IT,Manager,16,Tier 3,1858350
Sales,Director,12,Tier 1,2411932
IT,Associate,6,Tier 2,837898
Finance,Senior Dev,9,Tier 1,1405785
Support,Associate,3,Tier 3,603144
Operations,Associate,5,Tier 3,687297
Sales,Director,5,Tier 2,1639581
Operations,Lead,16,Tier 2,1811511
Operations,Manager,10,Tier 1,1893665
Marketing,Intern,18,Tier 2,1385037
Support,Intern,1,Tier 2,298267
HR,Lead,2,Tier 1,1008386
IT,Manager,5,Tier 2,1344460
Finance,Associate,13,Tier 3,1173474
Finance,Intern,15,Tier 1,1392124
IT,Senior Dev,6,Tier 2,1066157
IT,Analyst,7,Tier 3,712706
Operations,Director,19,Tier 3,2362335
Operations,Associate,6,Tier 1,935240
Sales,Intern,12,Tier 1,1156736
Finance,Manager,7,Tier 1,1637719
Marketing,Analyst,3,Tier 1,614066
Sales,Manager,2,Tier 1,1265213
HR,Lead,12,Tier 1,1745615
Support,Manager,6,Tier 2,1407482
HR,Associate,0,Tier 2,460906
HR,Senior Dev,15,Tier 2,1651973
Finance,Manager,6,Tier 2,1376651
Finance,Lead,8,Tier 2,1314202
Marketing,Lead,10,Tier 2,1438185
Marketing,Manager,0,Tier 3,878881
Support,Lead,3,Tier 2,972980
Finance,Manager,8,Tier 3,1404970
IT,Analyst,16,Tier 1,1573386
IT,Senior Dev,15,Tier 1,1862796
Operations,Associate,15,Tier 1,1609559
HR,Manager,2,Tier 1,1278139
Marketing,Analyst,14,Tier 2,1262333
HR,Senior Dev,2,Tier 3,698307
Operations,Intern,13,Tier 1,1228214
Support,Associate,15,Tier 1,1606516
IT,Manager,16,Tier 1,2347091
Sales,Analyst,19,Tier 3,1457766
Marketing,Director,17,Tier 3,2199265
Finance,Senior Dev,13,Tier 2,1540721
Finance,Lead,14,Tier 2,1699918
IT,Analyst,5,Tier 3,585386
IT,Director,14,Tier 1,2557425
IT,Intern,3,Tier 2,431254
HR,Lead,7,Tier 1,1422814
HR,Director,2,Tier 2,1443181
Sales,Analyst,14,Tier 3,1131452
Finance,Director,8,Tier 3,1690801
Operations,Associate,7,Tier 2,913311
Sales,Senior Dev,19,Tier 1,2174424
Finance,Senior Dev,12,Tier 3,1331984
Support,Intern,1,Tier 3,276525
Sales,Intern,14,Tier 1,1296957
Finance,Senior Dev,1,Tier 2,738065
IT,Associate,6,Tier 2,811596
Marketing,Senior Dev,5,Tier 2,978445
Marketing,Intern,7,Tier 2,700474
Finance,Associate,1,Tier 3,443668
Finance,Associate,13,Tier 1,1460960
IT,Associate,19,Tier 3,1561796
Marketing,Lead,2,Tier 3,818132
Marketing,Associate,15,Tier 1,1601449
HR,Associate,16,Tier 1,1679130
IT,Director,16,Tier 1,2711401
Marketing,Senior Dev,1,Tier 3,661875
Finance,Manager,6,Tier 3,1264273
HR,Lead,5,Tier 3,980832
Marketing,Associate,6,Tier 2,855112
Finance,Associate,4,Tier 1,793620
Sales,Associate,19,Tier 2,1711551
HR,Senior Dev,15,Tier 1,1892922
Finance,Lead,8,Tier 3,1177812
Marketing,Analyst,7,Tier 2,788312
Sales,Senior Dev,4,Tier 2,895449
Sales,Intern,1,Tier 2,313608
Operations,Lead,10,Tier 3,1305427
Operations,Director,1,Tier 2,1414806
Support,Intern,5,Tier 1,638258
Finance,Senior Dev,13,Tier 3,1359824
Sales,Intern,17,Tier 3,1216950
Sales,Director,0,Tier 2,1329008
Operations,Director,0,Tier 2,1290215
Sales,Analyst,3,Tier 2,509523
Finance,Associate,17,Tier 1,1768834
Support,Manager,10,Tier 1,1888066
Sales,Associate,0,Tier 2,469675
Sales,Senior Dev,9,Tier 2,1257896
HR,Lead,3,Tier 1,1110635
Marketing,Director,5,Tier 1,1896517
Operations,Manager,15,Tier 1,2224897
Finance,Intern,17,Tier 3,1233881
Operations,Intern,16,Tier 1,1467116
Support,Manager,17,Tier 2,2117509
Sales,Lead,12,Tier 1,1751256
Finance,Associate,4,Tier 2,698746
Operations,Analyst,6,Tier 1,832052
Finance,Analyst,9,Tier 3,856032
Operations,Associate,14,Tier 3,1233185
Sales,Manager,18,Tier 3,1952809
Operations,Associate,1,Tier 1,586785
IT,Analyst,3,Tier 1,612818
Finance,Lead,6,Tier 1,1301391
Support,Analyst,17,Tier 2,1435929
Operations,Manager,6,Tier 3,1259991
IT,Manager,5,Tier 1,1507333
Finance,Analyst,0,Tier 3,324339
Support,Senior Dev,13,Tier 3,1378464
Marketing,Senior Dev,19,Tier 1,2176601
IT,Analyst,10,Tier 1,1096820
Support,Associate,13,Tier 1,1496720
Support,Senior Dev,14,Tier 3,1444635
HR,Senior Dev,9,Tier 1,1451754
Finance,Associate,18,Tier 3,1494229
Finance,Associate,19,Tier 3,1548871
HR,Director,5,Tier 2,1649511
HR,Associate,0,Tier 2,458821
Operations,Intern,16,Tier 1,1472592
Marketing,Director,14,Tier 1,2544658
Sales,Associate,2,Tier 2,571245
Marketing,Intern,10,Tier 1,1014243
Operations,Senior Dev,18,Tier 1,2076568
Support,Manager,9,Tier 1,1789041
IT,Intern,0,Tier 2,203854
Marketing,Senior Dev,15,Tier 2,1647025
IT,Analyst,16,Tier 3,1264085
Operations,Associate,13,Tier 2,1295094
Operations,Intern,14,Tier 2,1131517
IT,Analyst,2,Tier 1,510927
Support,Associate,18,Tier 2,1612904
IT,Lead,11,Tier 1,1696081
Marketing,Senior Dev,2,Tier 3,717761
HR,Intern,0,Tier 2,219491
IT,Director,5,Tier 3,1496532
Operations,Lead,0,Tier 1,861562
Marketing,Senior Dev,0,Tier 2,685514
Support,Associate,15,Tier 1,1603683
IT,Intern,7,Tier 2,675065
Marketing,Lead,15,Tier 3,1585323
HR,Associate,0,Tier 1,514643
Operations,Lead,9,Tier 3,1248591
Marketing,Senior Dev,10,Tier 2,1322016
Marketing,Manager,6,Tier 1,1549011
Sales,Senior Dev,6,Tier 2,1028155
Marketing,Director,14,Tier 2,2270481
Sales,Director,13,Tier 2,2157196
HR,Manager,3,Tier 2,1179709
Support,Senior Dev,13,Tier 3,1363327
HR,Associate,6,Tier 1,973855
Finance,Lead,18,Tier 2,1960769
IT,Manager,9,Tier 1,1829825
IT,Analyst,16,Tier 2,1370820
Finance,Lead,11,Tier 3,1364629
Sales,Senior Dev,8,Tier 1,1368467
Support,Senior Dev,0,Tier 2,679589
Support,Analyst,14,Tier 3,1120740
HR,Lead,5,Tier 1,1250930
Finance,Analyst,17,Tier 3,1307285
HR,Associate,12,Tier 3,1101360
IT,Senior Dev,12,Tier 3,1319062
IT,Lead,14,Tier 3,1527451
Finance,Associate,0,Tier 3,409886
Marketing,Lead,3,Tier 1,1080860
Operations,Analyst,4,Tier 1,685764
Support,Associate,1,Tier 2,526742
IT,Associate,0,Tier 1,507711
Marketing,Director,5,Tier 2,1660566
Operations,Director,15,Tier 1,2645509
Operations,Director,2,Tier 1,1679470
Sales,Senior Dev,2,Tier 1,905228
Finance,Associate,1,Tier 1,591688
Operations,Analyst,8,Tier 1,996880
IT,Lead,6,Tier 2,1146754
Sales,Associate,17,Tier 2,1535114
Finance,Senior Dev,6,Tier 3,979768
IT,Associate,0,Tier 3,390028
IT,Senior Dev,13,Tier 3,1367587
Marketing,Lead,5,Tier 3,973174
Sales,Manager,9,Tier 3,1445398
Support,Associate,1,Tier 3,488013
Operations,Director,3,Tier 1,1740972
Support,Director,16,Tier 3,2141360
Finance,Associate,9,Tier 3,956270
IT,Manager,14,Tier 1,2150801
IT,Senior Dev,18,Tier 2,1832271
Marketing,Analyst,11,Tier 3,966919
Operations,Associate,15,Tier 2,1418984
IT,Senior Dev,14,Tier 1,1782861
IT,Manager,16,Tier 3,1833565
HR,Senior Dev,17,Tier 1,2045617
Marketing,Senior Dev,1,Tier 2,717118
Sales,Lead,3,Tier 3,872641
Sales,Associate,6,Tier 3,756636
Support,Analyst,14,Tier 2,1244056
IT,Analyst,0,Tier 3,276858
Finance,Associate,9,Tier 1,1172160
Support,Director,4,Tier 3,1461375
Operations,Intern,10,Tier 3,789572
Finance,Director,5,Tier 2,1624136
Operations,Intern,12,Tier 3,906727
Operations,Manager,7,Tier 1,1665421
Sales,Analyst,0,Tier 1,376376
HR,Lead,4,Tier 3,914920
Sales,Senior Dev,1,Tier 3,668239
HR,Senior Dev,8,Tier 2,1177267
Support,Intern,16,Tier 1,1449968
IT,Associate,17,Tier 3,1441567
Marketing,Analyst,7,Tier 1,889385
Operations,Director,10,Tier 2,1951364
Support,Intern,17,Tier 2,1324982
Finance,Associate,9,Tier 2,1061196
Operations,Lead,16,Tier 2,1831089
Support,Intern,9,Tier 2,784495
Sales,Director,19,Tier 2,2546148
Sales,Associate,12,Tier 1,1383393
Marketing,Intern,16,Tier 1,1471272
Sales,Director,13,Tier 1,2497656
Finance,Associate,3,Tier 2,631889
HR,Associate,19,Tier 1,1951695
Finance,Associate,14,Tier 3,1232634
HR,Associate,11,Tier 2,1147468
Finance,Lead,14,Tier 1,1927922
Operations,Intern,14,Tier 2,1162091
Support,Manager,4,Tier 1,1421870
Sales,Associate,18,Tier 1,1872057
Sales,Manager,19,Tier 2,2228873
Finance,Director,13,Tier 1,2457379
HR,Analyst,16,Tier 3,1285633
Finance,Manager,2,Tier 1,1292553
HR,Director,0,Tier 1,1481049
Marketing,Lead,18,Tier 1,2199368
IT,Lead,11,Tier 1,1727248
Support,Manager,11,Tier 3,1567040
Finance,Senior Dev,2,Tier 1,908762
Operations,Intern,16,Tier 1,1449238
Finance,Intern,2,Tier 1,390167
Finance,Analyst,19,Tier 2,1593779
HR,Director,6,Tier 1,1929261
Support,Analyst,13,Tier 2,1197779
IT,Intern,15,Tier 2,1209079
IT,Intern,0,Tier 3,209472
Sales,Intern,9,Tier 2,813813
IT,Manager,15,Tier 2,1950143
Support,Intern,7,Tier 1,748228
Marketing,Manager,6,Tier 1,1558147
Operations,Director,5,Tier 2,1658799
HR,Intern,19,Tier 3,1323647
Finance,Manager,6,Tier 2,1400264
HR,Associate,13,Tier 3,1197914
Finance,Intern,13,Tier 2,1093254
Support,Director,0,Tier 3,1223785
Support,Manager,12,Tier 3,1607107
Finance,Manager,2,Tier 2,1097555
Sales,Manager,3,Tier 3,1078412
Finance,Associate,10,Tier 3,1004305
Support,Senior Dev,13,Tier 1,1706549
IT,Manager,16,Tier 1,2320739
Operations,Intern,11,Tier 1,1067432
Sales,Lead,12,Tier 1,1765045
IT,Lead,1,Tier 2,832905
Sales,Manager,15,Tier 3,1824243
Support,Director,7,Tier 2,1769985
Marketing,Lead,9,Tier 3,1227864
Support,Director,14,Tier 3,2062428
Sales,Director,16,Tier 3,2145613
Support,Analyst,15,Tier 1,1475499
Operations,Lead,1,Tier 1,951315
IT,Manager,19,Tier 1,2574970
Finance,Analyst,13,Tier 2,1162994
Finance,Manager,11,Tier 1,1927489
Support,Director,3,Tier 3,1358269
IT,Manager,15,Tier 2,1994370
HR,Associate,1,Tier 3,441819
Finance,Lead,13,Tier 3,1471637
Operations,Manager,12,Tier 1,2049463
Operations,Intern,3,Tier 1,494429
HR,Lead,17,Tier 3,1723291
Marketing,Senior Dev,19,Tier 1,2190178
Sales,Intern,18,Tier 3,1290935
Operations,Intern,6,Tier 2,590575
Support,Lead,15,Tier 1,2018146
HR,Associate,5,Tier 1,879899
HR,Lead,10,Tier 2,1422884
Finance,Intern,15,Tier 2,1237786
Marketing,Intern,4,Tier 3,449434
IT,Analyst,14,Tier 1,1407479
Marketing,Analyst,2,Tier 2,444665
Sales,Senior Dev,4,Tier 3,810534
Marketing,Senior Dev,4,Tier 3,860184
Support,Intern,14,Tier 2,1172754
Sales,Manager,5,Tier 2,1336233
HR,Intern,7,Tier 3,591172
Operations,Analyst,10,Tier 3,890901
HR,Director,7,Tier 3,1624409
Marketing,Associate,2,Tier 1,657494
Sales,Analyst,13,Tier 3,1074054
HR,Manager,13,Tier 3,1693785
HR,Senior Dev,11,Tier 1,1545363
Finance,Lead,13,Tier 2,1647697
Finance,Lead,8,Tier 1,1451665
IT,Intern,16,Tier 3,1176736
IT,Lead,2,Tier 2,915965
Marketing,Analyst,18,Tier 3,1370224
Marketing,Lead,11,Tier 2,1524214
HR,Lead,3,Tier 1,1116476
Sales,Manager,1,Tier 1,1200825
Sales,Senior Dev,3,Tier 1,947244
Marketing,Analyst,18,Tier 1,1744793
HR,Lead,11,Tier 3,1351584
HR,Intern,9,Tier 3,760017
Operations,Associate,5,Tier 1,874063
IT,Intern,18,Tier 3,1302670
Sales,Director,11,Tier 1,2334752
Support,Intern,1,Tier 1,297567
Support,Lead,10,Tier 1,1605875
Sales,Intern,3,Tier 3,351545
HR,Manager,19,Tier 2,2223327
Finance,Lead,7,Tier 2,1225331
Sales,Lead,9,Tier 3,1263707
Operations,Director,13,Tier 3,2008095
Operations,Director,17,Tier 1,2768508
Sales,Lead,11,Tier 2,1475521
Sales,Analyst,6,Tier 1,806283
Support,Lead,6,Tier 2,1167624
IT,Intern,0,Tier 2,235465
IT,Lead,5,Tier 1,1241797
Sales,Lead,11,Tier 1,1682373
Sales,Lead,11,Tier 3,1368729
Finance,Manager,5,Tier 3,1188064
Finance,Analyst,18,Tier 3,1358433
Sales,Director,5,Tier 3,1479111
Marketing,Analyst,18,Tier 1,1743247
Sales,Director,7,Tier 2,1760084
Finance,Intern,5,Tier 1,615308
Sales,Manager,6,Tier 1,1579775
Operations,Senior Dev,0,Tier 2,678570
Operations,Intern,17,Tier 2,1336503
HR,Analyst,19,Tier 1,1809263
Support,Associate,11,Tier 3,1085087
Support,Associate,9,Tier 1,1196482
IT,Lead,9,Tier 3,1267453
Marketing,Senior Dev,19,Tier 1,2159249
Marketing,Senior Dev,9,Tier 1,1439825
Marketing,Intern,10,Tier 1,989222
HR,Lead,1,Tier 2,844968
Support,Director,19,Tier 3,2359383
Sales,Associate,6,Tier 3,743543
Support,Analyst,0,Tier 2,322785
Sales,Intern,17,Tier 2,1343406
Support,Senior Dev,0,Tier 1,771428
HR,Intern,1,Tier 1,352939
HR,Senior Dev,2,Tier 3,710914
Finance,Associate,17,Tier 1,1768548
Finance,Senior Dev,17,Tier 1,2035701
Operations,Senior Dev,7,Tier 2,1136924
IT,Lead,11,Tier 1,1686692
Support,Manager,9,Tier 1,1794918
Sales,Director,19,Tier 1,2936136
IT,Analyst,10,Tier 1,1144345
Support,Director,3,Tier 2,1534240
Marketing,Senior Dev,14,Tier 3,1447388
Marketing,Lead,7,Tier 1,1424872
Finance,Associate,3,Tier 1,722689
Sales,Senior Dev,18,Tier 1,2109121
Sales,Lead,4,Tier 2,1025341
Operations,Associate,18,Tier 1,1829145
Marketing,Senior Dev,15,Tier 3,1472880
Support,Intern,11,Tier 3,851271
Operations,Lead,1,Tier 2,852900
Operations,Lead,7,Tier 3,1120225
Marketing,Lead,15,Tier 2,1779156
HR,Intern,12,Tier 3,915938
Support,Intern,2,Tier 2,377385
Support,Intern,7,Tier 2,699801
Marketing,Manager,11,Tier 3,1557594
Sales,Director,11,Tier 2,2020763
Sales,Lead,17,Tier 2,1872828
Sales,Director,4,Tier 2,1565221
IT,Analyst,11,Tier 1,1183569
Sales,Manager,4,Tier 1,1401022
Sales,Intern,11,Tier 1,1051159
Support,Manager,7,Tier 3,1331213
Finance,Analyst,8,Tier 2,887935
IT,Intern,14,Tier 3,1013044
Marketing,Manager,12,Tier 2,1757636
Finance,Analyst,10,Tier 3,881593
Marketing,Associate,19,Tier 2,1666892
Sales,Senior Dev,8,Tier 2,1163812
Finance,Director,13,Tier 3,1950654
Sales,Director,9,Tier 3,1727143
Finance,Senior Dev,6,Tier 3,967927
Marketing,Intern,2,Tier 1,378446
Marketing,Manager,14,Tier 1,2181591
Operations,Senior Dev,3,Tier 1,996028
Marketing,Intern,5,Tier 2,547200
Operations,Director,3,Tier 2,1510538
Operations,Senior Dev,11,Tier 3,1273964
Support,Director,4,Tier 1,1822886
Operations,Senior Dev,15,Tier 1,1899508
Support,Associate,12,Tier 1,1387392
Operations,Senior Dev,6,Tier 2,1052535
Marketing,Senior Dev,12,Tier 1,1673910
Marketing,Director,15,Tier 3,2103757
Operations,Intern,3,Tier 2,392711
Marketing,Lead,15,Tier 3,1601390
Marketing,Associate,9,Tier 1,1177152
IT,Intern,11,Tier 3,870843
Marketing,Manager,4,Tier 3,1134831
Support,Lead,15,Tier 1,2025648
Finance,Manager,8,Tier 1,1705763
Operations,Associate,4,Tier 3,637573
Marketing,Analyst,19,Tier 3,1421957
IT,Senior Dev,2,Tier 1,927540
Operations,Manager,1,Tier 2,1026877
Support,Associate,1,Tier 3,448252
Operations,Associate,6,Tier 2,825049
Operations,Director,12,Tier 2,2133567
IT,Senior Dev,13,Tier 1,1702242
HR,Director,9,Tier 2,1925381
Operations,Manager,3,Tier 1,1353972
Operations,Associate,0,Tier 1,498742
Marketing,Intern,8,Tier 1,870375
IT,Director,4,Tier 2,1579343
IT,Intern,18,Tier 1,1616762
Operations,Director,14,Tier 3,2033205
Operations,Associate,14,Tier 2,1389044
Support,Lead,18,Tier 1,2232045
Support,Associate,18,Tier 1,1871721
HR,Senior Dev,11,Tier 2,1397973
Marketing,Senior Dev,3,Tier 2,843198
Marketing,Intern,17,Tier 3,1235903
Support,Senior Dev,7,Tier 1,1274475
Sales,Lead,11,Tier 3,1333681
Finance,Director,3,Tier 3,1403348
HR,Associate,2,Tier 3,539724
Support,Director,17,Tier 1,2784850
IT,Senior Dev,2,Tier 3,695629
Sales,Intern,1,Tier 3,283352
Marketing,Lead,13,Tier 1,1828963
Sales,Senior Dev,8,Tier 1,1376574
Marketing,Senior Dev,12,Tier 2,1447009
HR,Associate,14,Tier 3,1237675
IT,Intern,9,Tier 2,820175
Marketing,Director,11,Tier 1,2335563
IT,Senior Dev,4,Tier 2,952209
Finance,Lead,9,Tier 1,1543718
Operations,Senior Dev,16,Tier 1,1938799
Operations,Lead,2,Tier 3,818333
Sales,Lead,9,Tier 1,1568885
IT,Senior Dev,6,Tier 3,986409
IT,Senior Dev,16,Tier 3,1535565
Support,Intern,5,Tier 2,545494
Sales,Lead,3,Tier 2,946624
Marketing,Lead,8,Tier 2,1268835
IT,Manager,6,Tier 3,1248646
Support,Manager,1,Tier 2,1037824
IT,Analyst,7,Tier 2,811398
Support,Associate,14,Tier 2,1375886
Support,Manager,14,Tier 1,2199439
IT,Manager,15,Tier 1,2245650
Sales,Analyst,10,Tier 1,1127353
Operations,Lead,16,Tier 3,1661099
Sales,Senior Dev,15,Tier 3,1501416
HR,Manager,14,Tier 3,1715580
Finance,Senior Dev,14,Tier 1,1794090
IT,Director,3,Tier 1,1710823
Finance,Analyst,11,Tier 3,933491
Operations,Senior Dev,2,Tier 2,793957
Marketing,Manager,16,Tier 3,1836997
Support,Manager,17,Tier 3,1948097
Sales,Senior Dev,16,Tier 3,1555163
Support,Senior Dev,3,Tier 1,957126
HR,Manager,11,Tier 1,1960633
Operations,Manager,19,Tier 1,2563158
Marketing,Analyst,15,Tier 2,1339316
Sales,Director,14,Tier 3,2025504
Marketing,Lead,17,Tier 1,2146660
Marketing,Manager,12,Tier 1,1995402
Sales,Associate,12,Tier 3,1105761
IT,Associate,13,Tier 2,1321309
Sales,Senior Dev,3,Tier 3,783635
IT,Director,19,Tier 1,2910155
Operations,Intern,18,Tier 3,1283132
IT,Manager,11,Tier 1,1935366
Operations,Director,11,Tier 3,1879731
Support,Director,1,Tier 2,1370017
Operations,Associate,4,Tier 2,678150
Sales,Manager,9,Tier 3,1429423
Operations,Senior Dev,9,Tier 2,1253992
Support,Director,12,Tier 3,1918902
Marketing,Manager,4,Tier 3,1154921
HR,Analyst,9,Tier 2,907833
IT,Associate,5,Tier 2,748154
Operations,Director,18,Tier 1,2843956
Support,Senior Dev,7,Tier 3,1048560
Marketing,Associate,16,Tier 1,1714774
Finance,Manager,13,Tier 2,1842660
Sales,Director,16,Tier 2,2394904
Marketing,Senior Dev,16,Tier 2,1731124
Support,Director,19,Tier 3,2313516
IT,Lead,7,Tier 2,1232373
Marketing,Analyst,10,Tier 3,900270
Finance,Director,18,Tier 3,2286323
Support,Senior Dev,17,Tier 2,1800780
HR,Senior Dev,13,Tier 2,1525879
Sales,Intern,0,Tier 3,219597
HR,Senior Dev,10,Tier 2,1310400
Support,Lead,3,Tier 2,976265
IT,Senior Dev,11,Tier 2,1367529
Sales,Lead,5,Tier 3,996424
Sales,Analyst,0,Tier 3,283382
Operations,Director,15,Tier 1,2625519
Operations,Associate,13,Tier 1,1454174
Sales,Analyst,19,Tier 3,1431395
Finance,Associate,5,Tier 1,878461
Marketing,Analyst,4,Tier 1,676351
Sales,Manager,17,Tier 3,1904254
Support,Associate,5,Tier 3,716136
Support,Lead,18,Tier 2,1929407
Marketing,Manager,0,Tier 1,1153560
Finance,Senior Dev,12,Tier 3,1307794
Finance,Manager,9,Tier 2,1574756
Operations,Senior Dev,2,Tier 3,719416
Marketing,Analyst,7,Tier 2,806354
Marketing,Senior Dev,12,Tier 1,1653765
Support,Intern,12,Tier 1,1134390
HR,Lead,19,Tier 3,1831939
Marketing,Lead,11,Tier 2,1496828
Sales,Lead,1,Tier 1,973204
IT,Director,15,Tier 1,2617486
Marketing,Director,5,Tier 3,1508258
HR,Intern,12,Tier 3,928384
Support,Director,8,Tier 3,1667232
IT,Lead,1,Tier 2,816514
HR,Director,18,Tier 2,2486695
Marketing,Analyst,6,Tier 1,822765
Sales,Intern,9,Tier 1,925761
Sales,Senior Dev,19,Tier 2,1919144
HR,Director,16,Tier 3,2167146
Marketing,Analyst,14,Tier 2,1248833
Finance,Lead,3,Tier 1,1116098
Operations,Director,16,Tier 3,2161556
Support,Senior Dev,6,Tier 2,1047969
IT,Lead,6,Tier 3,1088448
HR,Analyst,6,Tier 2,720099
Finance,Associate,7,Tier 1,1007716
IT,Associate,3,Tier 3,588885
IT,Senior Dev,4,Tier 2,901837
Sales,Intern,11,Tier 2,963299
Marketing,Senior Dev,8,Tier 1,1371395
Sales,Intern,18,Tier 1,1620839
Sales,Senior Dev,13,Tier 2,1539012
IT,Lead,17,Tier 3,1749305
HR,Senior Dev,18,Tier 3,1708123
Operations,Associate,17,Tier 1,1753720
Marketing,Intern,10,Tier 3,798258
HR,Director,16,Tier 3,2151120
Support,Manager,14,Tier 3,1768655
Sales,Director,8,Tier 2,1865374
Marketing,Senior Dev,2,Tier 1,920901
IT,Senior Dev,18,Tier 3,1700251
Marketing,Lead,19,Tier 3,1846160
Support,Senior Dev,16,Tier 2,1700444
IT,Manager,0,Tier 3,887929
Sales,Senior Dev,14,Tier 3,1432906
Sales,Senior Dev,6,Tier 2,1028939
Finance,Intern,17,Tier 1,1537863
Finance,Manager,13,Tier 1,2077194
Marketing,Senior Dev,17,Tier 3,1606378
Marketing,Senior Dev,6,Tier 2,1056640
Marketing,Lead,17,Tier 3,1749819
Sales,Intern,7,Tier 1,772445
IT,Intern,1,Tier 3,246198
Finance,Manager,3,Tier 2,1208577
Finance,Senior Dev,5,Tier 2,974266
Support,Lead,8,Tier 2,1311002
Sales,Associate,8,Tier 1,1101213
Finance,Senior Dev,7,Tier 2,1150622
IT,Senior Dev,18,Tier 2,1853362
Operations,Senior Dev,17,Tier 3,1641588
Sales,Director,13,Tier 3,2009549
IT,Analyst,3,Tier 1,576310
HR,Analyst,19,Tier 1,1799631
IT,Analyst,11,Tier 3,948625
Finance,Senior Dev,10,Tier 1,1489149
Sales,Lead,15,Tier 2,1763171
Marketing,Lead,5,Tier 3,1022534
Marketing,Manager,3,Tier 3,1074014
HR,Director,0,Tier 2,1348502
IT,Lead,11,Tier 3,1344953
Support,Associate,4,Tier 1,808507
Operations,Intern,17,Tier 2,1339433
Support,Senior Dev,5,Tier 2,966523
HR,Intern,11,Tier 1,1102190
HR,Senior Dev,17,Tier 1,2026169
Operations,Intern,9,Tier 1,917990
Operations,Analyst,11,Tier 1,1184457
HR,Director,16,Tier 2,2384083
Operations,Lead,6,Tier 1,1328085
Marketing,Associate,8,Tier 3,900654
Marketing,Manager,18,Tier 1,2485187
IT,Associate,6,Tier 1,952886
Operations,Intern,1,Tier 1,328477
Operations,Lead,17,Tier 3,1742709
Sales,Director,12,Tier 1,2382601
IT,Associate,18,Tier 3,1458061
Finance,Senior Dev,1,Tier 3,665371
Support,Lead,14,Tier 2,1681485
Finance,Senior Dev,5,Tier 3,877857
Operations,Associate,4,Tier 1,778177
Finance,Intern,2,Tier 3,313042
IT,Senior Dev,9,Tier 3,1121826
Sales,Intern,2,Tier 3,306892
Finance,Intern,11,Tier 1,1103031
Support,Associate,16,Tier 3,1376598
Sales,Associate,12,Tier 1,1375495
Operations,Manager,1,Tier 3,941267
Finance,Senior Dev,9,Tier 3,1150166
Marketing,Senior Dev,16,Tier 2,1723939
Support,Senior Dev,5,Tier 1,1152042
Sales,Analyst,4,Tier 2,590569
Operations,Senior Dev,8,Tier 3,1095772
HR,Lead,18,Tier 1,2223948
Support,Intern,5,Tier 1,598587
Finance,Director,2,Tier 2,1475506
Sales,Intern,3,Tier 1,468544
Support,Lead,4,Tier 3,968535
HR,Intern,15,Tier 3,1111269
IT,Director,2,Tier 3,1332462
Operations,Manager,11,Tier 3,1575528
HR,Senior Dev,7,Tier 1,1292564
Operations,Analyst,3,Tier 2,523389
IT,Senior Dev,13,Tier 2,1521932
IT,Manager,5,Tier 2,1328672
Operations,Lead,3,Tier 2,997111
Finance,Analyst,16,Tier 3,1263122
Operations,Senior Dev,16,Tier 1,1971176
Marketing,Analyst,1,Tier 1,423832
IT,Intern,12,Tier 2,994467
Marketing,Lead,1,Tier 1,933107
Sales,Analyst,10,Tier 3,898666
IT,Lead,14,Tier 1,1953474
Operations,Intern,2,Tier 1,378418
Operations,Associate,11,Tier 2,1194071
Finance,Associate,4,Tier 3,624419
Finance,Senior Dev,6,Tier 3,941814
Operations,Director,12,Tier 2,2092024
Support,Senior Dev,12,Tier 3,1297435
IT,Associate,12,Tier 3,1148487
HR,Senior Dev,9,Tier 3,1132880
IT,Director,7,Tier 2,1805109
HR,Analyst,15,Tier 2,1323407
Support,Manager,12,Tier 2,1757666
Marketing,Director,2,Tier 1,1673111
Sales,Director,4,Tier 2,1611866
Operations,Manager,6,Tier 1,1579932
HR,Lead,9,Tier 1,1556713
Operations,Analyst,19,Tier 2,1597169
Finance,Intern,2,Tier 1,381975
Marketing,Senior Dev,10,Tier 2,1305596
HR,Lead,6,Tier 1,1348228
IT,Lead,1,Tier 1,953861
Support,Lead,8,Tier 2,1311454
Finance,Analyst,19,Tier 3,1453448
IT,Intern,1,Tier 1,317449
Sales,Intern,15,Tier 3,1119048
Support,Intern,11,Tier 2,966726
HR,Director,16,Tier 3,2184828
Support,Senior Dev,10,Tier 1,1513333
Sales,Associate,13,Tier 1,1503437
Finance,Lead,5,Tier 2,1089073
HR,Analyst,19,Tier 3,1466920
HR,Analyst,14,Tier 2,1233979
Operations,Analyst,16,Tier 1,1565316
Marketing,Senior Dev,7,Tier 2,1120324
Operations,Senior Dev,16,Tier 2,1724176
Support,Associate,17,Tier 1,1768790
Support,Director,4,Tier 2,1556833
Marketing,Intern,5,Tier 2,529589
IT,Senior Dev,4,Tier 1,1027645
Finance,Lead,18,Tier 1,2224150
Marketing,Associate,9,Tier 3,940286
HR,Director,9,Tier 2,1899994
Marketing,Senior Dev,15,Tier 3,1516379
Support,Senior Dev,17,Tier 2,1776662
Marketing,Director,0,Tier 2,1316639
Marketing,Analyst,5,Tier 1,752930
HR,Lead,1,Tier 3,758315
Support,Director,1,Tier 3,1256973
Support,Associate,12,Tier 2,1229304
Marketing,Senior Dev,15,Tier 3,1500522
Support,Manager,4,Tier 1,1414830
IT,Analyst,6,Tier 3,649091
Operations,Senior Dev,12,Tier 2,1455690
Marketing,Analyst,6,Tier 2,742505
Finance,Associate,14,Tier 2,1367332
Support,Lead,5,Tier 1,1255268
Sales,Analyst,1,Tier 2,402404
Operations,Senior Dev,14,Tier 2,1586991
HR,Lead,15,Tier 3,1570350
Finance,Intern,18,Tier 2,1396312
HR,Senior Dev,18,Tier 1,2093590
Finance,Director,3,Tier 3,1397997
Support,Associate,2,Tier 1,633303
Sales,Director,19,Tier 2,2550240
Finance,Intern,5,Tier 2,533753
Marketing,Lead,10,Tier 2,1411232
Support,Senior Dev,6,Tier 3,986030
Sales,Lead,5,Tier 1,1223117
Finance,Associate,1,Tier 2,524291
Sales,Lead,10,Tier 1,1632201
Sales,Manager,0,Tier 1,1120022
Operations,Lead,2,Tier 1,1022938
Operations,Intern,6,Tier 2,621712
Sales,Associate,10,Tier 1,1276805
IT,Senior Dev,19,Tier 2,1885986
HR,Analyst,18,Tier 2,1500161
IT,Associate,17,Tier 2,1561163
Finance,Associate,9,Tier 2,1012772
Marketing,Associate,8,Tier 3,851211
Sales,Associate,5,Tier 2,793436
HR,Senior Dev,9,Tier 2,1259953
Sales,Director,11,Tier 2,2063779
Operations,Associate,16,Tier 2,1485950
Support,Senior Dev,5,Tier 2,1012207
IT,Manager,16,Tier 1,2344538
Marketing,Intern,9,Tier 3,738036
Operations,Intern,13,Tier 2,1095321
Operations,Lead,12,Tier 3,1434377
HR,Lead,5,Tier 3,972302
Marketing,Analyst,11,Tier 3,978153
IT,Intern,7,Tier 1,760620
Marketing,Senior Dev,14,Tier 1,1802890
Finance,Intern,15,Tier 2,1189472
HR,Director,15,Tier 1,2641500
Support,Director,2,Tier 2,1447523
IT,Analyst,14,Tier 3,1147726
Support,Analyst,12,Tier 1,1254079
Finance,Lead,15,Tier 3,1597370
Support,Manager,1,Tier 1,1186821
Operations,Intern,5,Tier 1,606353
Finance,Analyst,5,Tier 3,581437
Marketing,Director,10,Tier 2,1954551
Marketing,Senior Dev,7,Tier 1,1299880
Support,Lead,6,Tier 1,1310167
Support,Senior Dev,5,Tier 2,1007636
Marketing,Analyst,7,Tier 3,702658
HR,Director,19,Tier 3,2312311
Operations,Associate,13,Tier 1,1488038
Operations,Senior Dev,17,Tier 2,1765560
Sales,Analyst,15,Tier 3,1218733
Finance,Senior Dev,9,Tier 3,1140492
Finance,Intern,15,Tier 2,1192067
HR,Intern,19,Tier 2,1467916
Finance,Associate,4,Tier 3,656421
HR,Senior Dev,6,Tier 3,933815
Finance,Associate,15,Tier 3,1307477
Operations,Intern,15,Tier 2,1184773
HR,Lead,13,Tier 3,1503620
Finance,Senior Dev,0,Tier 3,618632
Marketing,Intern,8,Tier 1,823320
Marketing,Intern,12,Tier 3,942825
HR,Manager,18,Tier 2,2198992
Operations,Intern,10,Tier 3,793515
Support,Senior Dev,7,Tier 2,1092726
Finance,Lead,4,Tier 1,1151697
Support,Analyst,6,Tier 2,738025
Sales,Director,3,Tier 3,1399434
Marketing,Director,13,Tier 1,2497033
Finance,Lead,8,Tier 2,1282196
Operations,Analyst,0,Tier 2,315958
Sales,Manager,9,Tier 2,1565689
Support,Director,19,Tier 3,2347528
Support,Intern,2,Tier 3,320725
IT,Lead,5,Tier 3,1003332
Operations,Senior Dev,1,Tier 2,721401
Sales,Associate,17,Tier 2,1535670
Support,Intern,1,Tier 2,258251
Sales,Senior Dev,4,Tier 3,837027
Sales,Lead,6,Tier 2,1157015
IT,Senior Dev,15,Tier 2,1670387
HR,Analyst,0,Tier 3,282224
HR,Manager,16,Tier 2,2072058
Support,Senior Dev,0,Tier 2,660836
Sales,Associate,19,Tier 1,1908036
HR,Analyst,8,Tier 2,835938
Marketing,Lead,13,Tier 2,1621350
Marketing,Associate,10,Tier 3,975335
HR,Director,11,Tier 1,2354180
Support,Senior Dev,12,Tier 3,1349840
Marketing,Intern,9,Tier 2,804002
Operations,Analyst,3,Tier 3,499103
Finance,Intern,7,Tier 1,779831
Finance,Associate,16,Tier 1,1700962
Support,Lead,14,Tier 2,1693583
Operations,Manager,14,Tier 3,1725096
HR,Manager,1,Tier 2,1072858
Sales,Intern,0,Tier 3,194398
Marketing,Director,18,Tier 1,2870755
HR,Analyst,10,Tier 1,1117340
Operations,Senior Dev,2,Tier 2,780825
Sales,Manager,10,Tier 2,1674225
Support,Associate,1,Tier 2,485318
Sales,Associate,8,Tier 1,1114009
Support,Director,17,Tier 2,2427574
IT,Director,6,Tier 3,1544650
IT,Associate,6,Tier 3,758930
Finance,Director,11,Tier 1,2329864
Operations,Senior Dev,0,Tier 3,592372
Support,Intern,15,Tier 2,1212334
Sales,Lead,1,Tier 2,819288
HR,Associate,6,Tier 3,742191
IT,Associate,3,Tier 3,560737
Operations,Senior Dev,3,Tier 2,878975
Support,Associate,12,Tier 3,1142224
Sales,Manager,2,Tier 1,1282999
Finance,Associate,3,Tier 1,729808
Operations,Senior Dev,15,Tier 3,1471849
Support,Director,18,Tier 1,2821600
IT,Lead,4,Tier 2,1050719
Finance,Lead,18,Tier 1,2239565
IT,Associate,10,Tier 3,971132
HR,Associate,19,Tier 3,1541076
HR,Manager,3,Tier 2,1196563
HR,Associate,3,Tier 1,738299
Finance,Associate,19,Tier 2,1671633
Finance,Intern,17,Tier 3,1240639
Marketing,Lead,8,Tier 3,1187777
Operations,Associate,1,Tier 2,477044
Finance,Director,3,Tier 3,1385199
Support,Senior Dev,11,Tier 2,1402694
Sales,Lead,14,Tier 3,1524374
Operations,Lead,16,Tier 1,2101655
Operations,Senior Dev,18,Tier 2,1855960
Support,Manager,13,Tier 2,1873856
Operations,Associate,4,Tier 2,729809
Finance,Lead,19,Tier 3,1830655
Marketing,Senior Dev,13,Tier 2,1519629
Finance,Senior Dev,0,Tier 2,651602
HR,Lead,6,Tier 3,1036073
HR,Intern,14,Tier 2,1129282
IT,Intern,19,Tier 3,1311537
Sales,Associate,18,Tier 3,1494328
Marketing,Intern,18,Tier 3,1296202
Operations,Manager,4,Tier 1,1419207
Marketing,Manager,3,Tier 3,1070619
IT,Director,6,Tier 1,1944845
Marketing,Manager,11,Tier 2,1716562
Sales,Manager,4,Tier 3,1118697
Support,Analyst,9,Tier 3,853039
IT,Manager,9,Tier 1,1797818
Sales,Director,16,Tier 1,2683100
Support,Lead,9,Tier 3,1230104
Marketing,Lead,16,Tier 2,1800067
Operations,Associate,3,Tier 2,667025
Operations,Analyst,8,Tier 3,782317
IT,Lead,17,Tier 1,2122509
HR,Senior Dev,14,Tier 3,1416533
Finance,Manager,9,Tier 1,1784670
Finance,Intern,3,Tier 3,409473
Sales,Analyst,17,Tier 2,1460328
Sales,Lead,16,Tier 1,2068723
Marketing,Director,6,Tier 1,1920719
Finance,Senior Dev,10,Tier 3,1228637
Marketing,Associate,2,Tier 3,521345
Operations,Analyst,9,Tier 3,867663
IT,Manager,5,Tier 2,1316028
Finance,Associate,9,Tier 2,1018033
Operations,Manager,19,Tier 2,2237097
HR,Associate,15,Tier 3,1297608
IT,Manager,5,Tier 2,1347804
Support,Associate,3,Tier 2,649846
Finance,Analyst,13,Tier 3,1086704
HR,Director,19,Tier 1,2948028
Operations,Senior Dev,7,Tier 2,1121483
Support,Lead,1,Tier 1,942763
Finance,Manager,4,Tier 2,1239733
Sales,Senior Dev,4,Tier 1,1045502
Operations,Associate,12,Tier 2,1257944
Support,Intern,9,Tier 2,793247
Marketing,Lead,0,Tier 1,866058
IT,Intern,17,Tier 3,1208635
HR,Associate,2,Tier 3,510953
IT,Intern,8,Tier 3,656041
Marketing,Manager,1,Tier 3,951059
Sales,Analyst,18,Tier 2,1505548
Operations,Intern,6,Tier 1,675419
Sales,Senior Dev,2,Tier 1,880550
Finance,Senior Dev,8,Tier 3,1080337
IT,Intern,8,Tier 2,742747
Support,Analyst,11,Tier 3,958718
IT,Lead,1,Tier 1,963359
IT,Associate,17,Tier 2,1540012
Operations,Analyst,13,Tier 1,1366660
Finance,Director,9,Tier 2,1931915
Finance,Senior Dev,9,Tier 3,1110767
Finance,Director,10,Tier 3,1822606
IT,Manager,1,Tier 2,1041332
Support,Lead,6,Tier 1,1313174
Support,Senior Dev,5,Tier 3,903653
Sales,Associate,2,Tier 3,527260
Marketing,Analyst,2,Tier 2,434073
IT,Senior Dev,5,Tier 2,977194
Sales,Lead,16,Tier 2,1839723
Marketing,Associate,16,Tier 1,1679699
Finance,Lead,1,Tier 1,930762
HR,Senior Dev,6,Tier 3,969897
Support,Analyst,17,Tier 1,1661556
Operations,Associate,3,Tier 1,728383
Finance,Analyst,19,Tier 3,1448445
Operations,Manager,11,Tier 1,1960634
HR,Manager,17,Tier 3,1906874
IT,Associate,7,Tier 2,881825
Operations,Analyst,14,Tier 3,1168696
Operations,Lead,18,Tier 3,1765635
Sales,Lead,7,Tier 3,1110760
IT,Director,18,Tier 2,2499252
HR,Director,10,Tier 1,2226862
Operations,Director,7,Tier 1,2005450
IT,Intern,7,Tier 1,785927
Marketing,Analyst,18,Tier 2,1530879
Marketing,Associate,17,Tier 3,1396825
Finance,Associate,6,Tier 1,944251
Support,Intern,8,Tier 3,690736
Support,Intern,18,Tier 2,1390516
HR,Analyst,18,Tier 1,1735544
Marketing,Manager,14,Tier 3,1718719
Sales,Intern,6,Tier 2,614185
Operations,Director,11,Tier 1,2316575
HR,Associate,4,Tier 2,717113
Finance,Director,4,Tier 3,1417856
HR,Manager,4,Tier 2,1259790
Marketing,Associate,12,Tier 3,1134443
Support,Analyst,0,Tier 3,308506
Support,Analyst,0,Tier 1,346770
IT,Director,17,Tier 3,2199969
IT,Director,15,Tier 1,2639748
Sales,Director,6,Tier 2,1705360
Operations,Analyst,15,Tier 3,1219904
Marketing,Associate,5,Tier 3,704160
Finance,Senior Dev,5,Tier 2,987181
Finance,Director,17,Tier 1,2762061
Operations,Lead,9,Tier 2,1378247
HR,Manager,17,Tier 3,1924714
HR,Manager,8,Tier 2,1538247
Marketing,Manager,9,Tier 3,1444550
Operations,Manager,5,Tier 2,1349341
HR,Analyst,5,Tier 1,770713
Marketing,Lead,6,Tier 2,1145867
Finance,Senior Dev,2,Tier 3,693981
Marketing,Associate,18,Tier 2,1603782
Sales,Associate,15,Tier 2,1453702
Operations,Lead,7,Tier 1,1411905
Finance,Analyst,12,Tier 2,1137780
Operations,Lead,8,Tier 3,1175993
Finance,Senior Dev,8,Tier 1,1320078
HR,Intern,19,Tier 1,1670473
IT,Director,12,Tier 2,2090417
IT,Intern,18,Tier 2,1379209
IT,Director,1,Tier 2,1360898
Operations,Associate,5,Tier 1,863562
IT,Senior Dev,9,Tier 1,1405871
Operations,Lead,5,Tier 3,997382
IT,Lead,15,Tier 3,1628047
IT,Senior Dev,16,Tier 3,1568290
Marketing,Analyst,2,Tier 2,451665
Finance,Intern,6,Tier 3,530328
IT,Analyst,19,Tier 3,1448347
HR,Manager,4,Tier 2,1269890
Operations,Associate,10,Tier 1,1252888
Finance,Analyst,3,Tier 2,548116
IT,Associate,0,Tier 1,485450
Marketing,Senior Dev,17,Tier 2,1790411
Sales,Lead,12,Tier 2,1543560
Marketing,Associate,1,Tier 2,526468
Operations,Associate,12,Tier 1,1402463
IT,Analyst,15,Tier 3,1218151
Marketing,Associate,2,Tier 1,678773
Finance,Senior Dev,3,Tier 3,778810
Finance,Manager,13,Tier 2,1818028
Support,Associate,2,Tier 3,537599
IT,Analyst,14,Tier 1,1436787
Marketing,Director,9,Tier 2,1886024
HR,Manager,10,Tier 3,1508607
HR,Manager,9,Tier 1,1783503
Support,Director,18,Tier 2,2503345
Operations,Senior Dev,1,Tier 1,854557
Support,Intern,18,Tier 2,1418167
Marketing,Senior Dev,2,Tier 3,743753
Support,Director,13,Tier 1,2457031
Sales,Analyst,15,Tier 1,1504228
Operations,Associate,2,Tier 1,676821
Support,Associate,17,Tier 1,1795568
Finance,Intern,5,Tier 2,527766
IT,Associate,0,Tier 1,520580
Operations,Associate,9,Tier 3,930858
Support,Senior Dev,5,Tier 1,1098071
HR,Director,11,Tier 2,2040931
IT,Director,12,Tier 3,1891040
Marketing,Manager,7,Tier 3,1325321
Support,Senior Dev,19,Tier 1,2158186
IT,Analyst,11,Tier 1,1190710
Support,Intern,11,Tier 2,921057
Marketing,Associate,13,Tier 3,1169157
Finance,Associate,4,Tier 3,659544
Support,Lead,10,Tier 3,1275188
Sales,Senior Dev,2,Tier 1,899680
Finance,Associate,1,Tier 2,512766
Support,Intern,0,Tier 1,275718
Support,Manager,13,Tier 1,2075796
HR,Manager,18,Tier 2,2187131
IT,Intern,10,Tier 1,1016422
IT,Lead,1,Tier 1,956839
Marketing,Lead,8,Tier 3,1152786
Support,Lead,1,Tier 1,953638
HR,Analyst,4,Tier 1,689564
Marketing,Manager,4,Tier 3,1145507
Finance,Intern,12,Tier 1,1153108
HR,Director,19,Tier 2,2567806
Sales,Intern,5,Tier 3,487043
Support,Analyst,17,Tier 3,1299752
Finance,Senior Dev,1,Tier 3,672616
Finance,Lead,5,Tier 2,1079896
HR,Analyst,2,Tier 1,505976
Marketing,Intern,0,Tier 1,253586
Finance,Associate,4,Tier 1,786396
Sales,Manager,18,Tier 2,2160171
Finance,Manager,15,Tier 3,1803688
IT,Intern,18,Tier 2,1420274
Finance,Senior Dev,11,Tier 1,1573253
Support,Intern,4,Tier 3,412017
Support,Intern,6,Tier 1,712188
HR,Analyst,14,Tier 2,1237237
Finance,Analyst,2,Tier 3,406251
IT,Senior Dev,19,Tier 3,1744206
Marketing,Intern,4,Tier 3,413543
Marketing,Manager,7,Tier 1,1670933
Support,Lead,0,Tier 2,779111
IT,Analyst,17,Tier 2,1422211
IT,Analyst,15,Tier 3,1216577
Finance,Associate,19,Tier 2,1664331
Operations,Associate,12,Tier 1,1427196
Finance,Intern,9,Tier 2,841894
IT,Lead,13,Tier 2,1612591
Finance,Director,15,Tier 2,2323822
Support,Lead,11,Tier 2,1515800
Operations,Senior Dev,7,Tier 2,1138577
IT,Manager,17,Tier 3,1904842
HR,Intern,17,Tier 2,1346318
Finance,Intern,3,Tier 3,378656
Support,Intern,4,Tier 2,499269
HR,Associate,15,Tier 3,1298840
Sales,Associate,9,Tier 2,1027831
Finance,Manager,17,Tier 1,2375424
IT,Analyst,17,Tier 3,1304086
Support,Intern,3,Tier 1,480929
Operations,Director,4,Tier 3,1430539
Finance,Manager,15,Tier 3,1797874
Sales,Associate,17,Tier 1,1767044
IT,Senior Dev,13,Tier 2,1517774
Operations,Director,16,Tier 3,2178928
IT,Director,16,Tier 2,2394406
Marketing,Lead,10,Tier 2,1432720
IT,Associate,13,Tier 1,1449700
HR,Director,19,Tier 2,2599058
HR,Senior Dev,6,Tier 2,1064327
HR,Senior Dev,12,Tier 2,1424513
Sales,Senior Dev,13,Tier 3,1406096
Operations,Analyst,6,Tier 2,711847
IT,Director,17,Tier 3,2240248
Operations,Manager,0,Tier 3,871951
Sales,Lead,16,Tier 2,1805746
IT,Analyst,5,Tier 3,611954
IT,Manager,4,Tier 2,1251169
Finance,Analyst,19,Tier 3,1439592
Finance,Analyst,3,Tier 2,556185
IT,Lead,9,Tier 3,1230823
Marketing,Associate,10,Tier 3,970858
Support,Associate,15,Tier 1,1618769
HR,Director,16,Tier 1,2682879
Finance,Lead,6,Tier 3,1072255
IT,Director,2,Tier 2,1468073
HR,Analyst,15,Tier 2,1291447
HR,Manager,11,Tier 1,1922850
Operations,Analyst,16,Tier 3,1289412
Sales,Lead,17,Tier 2,1902874
Support,Manager,3,Tier 2,1181535
HR,Lead,16,Tier 2,1805503
Finance,Manager,8,Tier 3,1365493
HR,Intern,19,Tier 3,1342408
HR,Director,1,Tier 3,1264440
Finance,Manager,5,Tier 1,1482546
IT,Associate,19,Tier 1,1901085
Operations,Lead,6,Tier 3,1043280
Finance,Intern,0,Tier 1,262084
HR,Intern,5,Tier 2,555628
Operations,Associate,1,Tier 2,503566
Operations,Intern,14,Tier 2,1155196
Finance,Director,13,Tier 2,2179225
HR,Manager,6,Tier 3,1253341
Sales,Lead,9,Tier 1,1562719
Finance,Senior Dev,16,Tier 2,1735037
Support,Manager,7,Tier 2,1466451
Operations,Intern,15,Tier 2,1193335
Finance,Associate,12,Tier 2,1240590
Finance,Lead,19,Tier 1,2311297
Finance,Senior Dev,13,Tier 1,1750185
Finance,Manager,4,Tier 1,1421393
Sales,Manager,8,Tier 1,1746707
Support,Lead,2,Tier 3,810799
Finance,Senior Dev,7,Tier 1,1254107
Support,Manager,9,Tier 1,1800805
Marketing,Lead,18,Tier 1,2232789
Sales,Analyst,2,Tier 1,541314
Marketing,Analyst,10,Tier 1,1148022
IT,Analyst,16,Tier 3,1274527
Finance,Manager,6,Tier 2,1382723
Operations,Associate,18,Tier 3,1466779
Marketing,Lead,14,Tier 3,1539086
Operations,Lead,10,Tier 2,1442596
Support,Lead,4,Tier 2,1039278
Finance,Senior Dev,17,Tier 3,1610074
Marketing,Lead,11,Tier 1,1705969
Support,Analyst,19,Tier 3,1438942
Finance,Senior Dev,19,Tier 2,1913059
Finance,Senior Dev,17,Tier 1,2047389
Finance,Manager,18,Tier 1,2466322
Finance,Lead,1,Tier 2,814314
HR,Senior Dev,7,Tier 3,999628
Operations,Senior Dev,10,Tier 2,1301492
Marketing,Lead,17,Tier 1,2171638
Sales,Lead,17,Tier 3,1710365
IT,Lead,9,Tier 2,1343096
IT,Intern,2,Tier 1,382682
Marketing,Lead,11,Tier 2,1510491
Finance,Lead,2,Tier 3,831894
Sales,Intern,13,Tier 1,1251247
Finance,Intern,10,Tier 1,970294
Sales,Analyst,9,Tier 1,1031434
HR,Analyst,14,Tier 3,1148098
Support,Manager,15,Tier 3,1787493
Sales,Director,19,Tier 2,2599275
Operations,Analyst,17,Tier 2,1439558
Support,Intern,12,Tier 1,1178436
HR,Intern,3,Tier 3,409355
Marketing,Lead,13,Tier 1,1846567
Operations,Intern,8,Tier 3,682376
HR,Analyst,18,Tier 2,1509922
IT,Lead,4,Tier 1,1174332
Finance,Associate,17,Tier 3,1413495
Marketing,Lead,18,Tier 1,2246952
Operations,Intern,16,Tier 3,1189946
Operations,Intern,1,Tier 1,296541
Marketing,Manager,13,Tier 3,1693074
IT,Intern,11,Tier 1,1074283
Operations,Manager,11,Tier 3,1584508
Operations,Manager,1,Tier 1,1170769
Support,Associate,14,Tier 2,1358982
IT,Manager,16,Tier 2,2054367
IT,Lead,6,Tier 1,1313653
Finance,Associate,13,Tier 1,1484339
HR,Lead,16,Tier 1,2087399
Support,Analyst,13,Tier 1,1352069
Finance,Manager,18,Tier 1,2483231
Support,Associate,5,Tier 2,780218
Operations,Intern,17,Tier 3,1201095
HR,Manager,4,Tier 2,1244343
HR,Associate,5,Tier 1,846313
Support,Analyst,7,Tier 2,812222
Support,Manager,14,Tier 2,1893930
HR,Associate,0,Tier 1,488705
Sales,Intern,11,Tier 2,937323
Sales,Senior Dev,10,Tier 1,1523915
Operations,Senior Dev,7,Tier 2,1102619
Finance,Lead,6,Tier 3,1072964
IT,Lead,1,Tier 3,789274
Finance,Analyst,9,Tier 1,1065730
HR,Manager,19,Tier 3,2057708
IT,Associate,9,Tier 3,963019
Support,Lead,17,Tier 2,1869373
Support,Lead,17,Tier 1,2140187
Marketing,Senior Dev,7,Tier 1,1286577
Sales,Intern,12,Tier 2,1021220
Sales,Analyst,7,Tier 1,927219
Sales,Manager,3,Tier 1,1375556
Marketing,Director,0,Tier 2,1328192
Support,Manager,1,Tier 3,934381
HR,Intern,7,Tier 1,764558
Sales,Intern,14,Tier 2,1139881
Support,Manager,4,Tier 2,1253409
Finance,Analyst,6,Tier 2,698983
Finance,Senior Dev,6,Tier 1,1201933
Support,Director,6,Tier 1,1922523
Support,Associate,13,Tier 2,1278292
Operations,Intern,17,Tier 3,1194581
Marketing,Senior Dev,3,Tier 1,950609
HR,Lead,17,Tier 3,1740539
HR,Senior Dev,15,Tier 2,1642936
Finance,Senior Dev,6,Tier 3,972725
Finance,Lead,4,Tier 2,1033506
Sales,Associate,11,Tier 3,1089758
Operations,Intern,9,Tier 2,796537
Support,Manager,19,Tier 1,2562578
HR,Director,15,Tier 1,2650675
IT,Intern,10,Tier 3,779063
Marketing,Lead,2,Tier 2,904214
Sales,Senior Dev,6,Tier 3,988262
Support,Analyst,6,Tier 1,797413
Operations,Manager,1,Tier 2,1081145
IT,Director,18,Tier 2,2480105
Operations,Associate,8,Tier 1,1112098
Finance,Senior Dev,17,Tier 3,1648408
Marketing,Analyst,15,Tier 1,1521372
Sales,Analyst,9,Tier 1,1053560
Marketing,Intern,19,Tier 3,1356669
Sales,Senior Dev,11,Tier 3,1245762
Support,Manager,6,Tier 1,1596318
Support,Senior Dev,14,Tier 3,1468703
Support,Director,7,Tier 2,1773577
Sales,Director,3,Tier 1,1743114
Marketing,Lead,18,Tier 2,1985627
Operations,Director,14,Tier 2,2260797
Finance,Intern,0,Tier 1,265807
Operations,Analyst,9,Tier 2,953730
Marketing,Manager,2,Tier 1,1283756
Sales,Lead,8,Tier 3,1163777
Support,Senior Dev,10,Tier 3,1224703
Finance,Intern,1,Tier 3,277819
IT,Manager,5,Tier 2,1334650
Support,Associate,7,Tier 2,902699
Marketing,Manager,1,Tier 2,1079960
Sales,Associate,14,Tier 2,1391089
IT,Senior Dev,0,Tier 3,570737
Sales,Manager,11,Tier 2,1698470
Sales,Lead,7,Tier 2,1224372
Marketing,Lead,0,Tier 1,874294
Support,Analyst,5,Tier 3,620411
Sales,Director,7,Tier 3,1639900
HR,Senior Dev,18,Tier 2,1837935
Operations,Senior Dev,0,Tier 1,743027
IT,Lead,0,Tier 1,902853
Marketing,Analyst,7,Tier 1,871823
Finance,Intern,4,Tier 3,423072
HR,Intern,7,Tier 1,777312
Sales,Manager,9,Tier 3,1434161
Operations,Intern,8,Tier 1,859287
HR,Senior Dev,2,Tier 3,691777
Sales,Manager,6,Tier 1,1569014
Marketing,Senior Dev,19,Tier 2,1902161
Support,Manager,2,Tier 3,1044011
Marketing,Intern,13,Tier 2,1089111
IT,Senior Dev,1,Tier 3,647709
Marketing,Director,10,Tier 2,2009055
Support,Associate,7,Tier 1,1003998
IT,Senior Dev,10,Tier 3,1205490
Support,Manager,16,Tier 3,1880477
Marketing,Analyst,5,Tier 1,745735
Marketing,Senior Dev,4,Tier 3,811242
IT,Senior Dev,7,Tier 3,1040721
IT,Associate,14,Tier 3,1241467
Marketing,Director,16,Tier 3,2133232
Finance,Director,14,Tier 1,2558765
Finance,Manager,19,Tier 3,2068741
Finance,Intern,15,Tier 1,1355972
Support,Director,8,Tier 3,1684592
Support,Senior Dev,16,Tier 2,1722828
IT,Associate,12,Tier 1,1403172
HR,Senior Dev,4,Tier 1,1031017
Support,Intern,5,Tier 2,540594
Marketing,Intern,12,Tier 2,998448
Support,Associate,19,Tier 3,1523112
Support,Manager,14,Tier 3,1741021
Support,Intern,7,Tier 2,696553
Marketing,Senior Dev,8,Tier 1,1320368
HR,Associate,8,Tier 2,973010
Operations,Senior Dev,10,Tier 1,1505851
Marketing,Analyst,9,Tier 3,835496
HR,Lead,16,Tier 2,1826936
Finance,Manager,10,Tier 1,1846469
Marketing,Manager,3,Tier 2,1194390
HR,Director,13,Tier 3,1967207
Sales,Senior Dev,7,Tier 1,1267912
Sales,Lead,3,Tier 3,906572
IT,Analyst,11,Tier 3,978119
Operations,Director,2,Tier 2,1441276
Sales,Analyst,19,Tier 1,1775534
Support,Senior Dev,5,Tier 2,996074
Finance,Senior Dev,3,Tier 3,782563
IT,Analyst,15,Tier 1,1506486
HR,Analyst,10,Tier 2,975799
Marketing,Senior Dev,0,Tier 2,633641
Marketing,Senior Dev,6,Tier 2,1034587
Sales,Director,6,Tier 1,1951359
Sales,Senior Dev,6,Tier 3,971833
Support,Intern,15,Tier 3,1094665
Operations,Senior Dev,7,Tier 1,1270032
Operations,Director,8,Tier 1,2082641
Sales,Senior Dev,12,Tier 2,1452028
IT,Manager,3,Tier 1,1328536
IT,Lead,11,Tier 1,1715712
Finance,Analyst,1,Tier 1,426284
HR,Lead,17,Tier 2,1890955
Support,Associate,14,Tier 1,1561182
HR,Intern,7,Tier 1,794614
IT,Associate,0,Tier 2,421539
HR,Senior Dev,9,Tier 3,1156219
HR,Manager,4,Tier 3,1128120
HR,Manager,7,Tier 2,1429903
HR,Analyst,15,Tier 2,1305629
HR,Manager,12,Tier 3,1623782
HR,Associate,12,Tier 1,1387438
Operations,Manager,4,Tier 2,1230009
Sales,Lead,10,Tier 3,1312372
Support,Manager,12,Tier 3,1623435
Support,Senior Dev,10,Tier 2,1328744
IT,Analyst,18,Tier 2,1545442
Support,Manager,14,Tier 3,1730454
HR,Senior Dev,6,Tier 3,971381
Sales,Analyst,2,Tier 3,435117
Operations,Manager,12,Tier 3,1632662
Marketing,Senior Dev,4,Tier 1,1023190
Sales,Senior Dev,17,Tier 3,1598789
HR,Senior Dev,7,Tier 3,1007459
HR,Senior Dev,0,Tier 1,767085
Marketing,Analyst,16,Tier 1,1594961
Finance,Senior Dev,11,Tier 1,1602199
Finance,Manager,13,Tier 2,1839885
HR,Lead,15,Tier 3,1620311
Operations,Associate,9,Tier 3,933932
Finance,Lead,16,Tier 3,1684847
Marketing,Director,17,Tier 1,2783931
Sales,Lead,15,Tier 2,1768032
IT,Intern,15,Tier 1,1360890
Finance,Lead,7,Tier 2,1255413
Support,Senior Dev,5,Tier 3,885540
Support,Manager,8,Tier 2,1543907
Marketing,Director,11,Tier 1,2314899
Sales,Intern,11,Tier 3,850982
HR,Manager,16,Tier 3,1852606
Sales,Manager,8,Tier 1,1705150
Operations,Director,9,Tier 3,1761887
IT,Intern,11,Tier 1,1091687
Support,Associate,6,Tier 1,928593
Operations,Lead,14,Tier 2,1680607
Finance,Lead,5,Tier 2,1125929
Support,Intern,11,Tier 2,944074
Finance,Lead,19,Tier 2,2038194
HR,Analyst,1,Tier 3,356853
Marketing,Associate,4,Tier 1,811169
Operations,Associate,15,Tier 3,1283703
Marketing,Analyst,19,Tier 1,1828453
HR,Lead,10,Tier 3,1303161
Sales,Intern,11,Tier 2,925716
Marketing,Director,5,Tier 2,1667098
Support,Senior Dev,19,Tier 3,1710132
Sales,Director,8,Tier 2,1821385
Finance,Intern,15,Tier 3,1110373
Marketing,Senior Dev,13,Tier 3,1409157
Support,Intern,7,Tier 3,592835
Operations,Director,18,Tier 3,2292317
IT,Analyst,6,Tier 1,820892
Finance,Lead,17,Tier 1,2128353
Finance,Intern,10,Tier 2,851909
IT,Associate,7,Tier 3,804496
Finance,Lead,11,Tier 2,1471153
Finance,Director,17,Tier 2,2445734
Operations,Lead,16,Tier 3,1649445
IT,Analyst,13,Tier 1,1343351
Marketing,Associate,6,Tier 1,964149
HR,Intern,2,Tier 1,381258
Marketing,Director,5,Tier 2,1643763
IT,Associate,1,Tier 1,585048
Marketing,Intern,11,Tier 1,1065607
Support,Associate,11,Tier 3,1039018
Finance,Director,9,Tier 3,1756946
Operations,Manager,19,Tier 1,2557375
HR,Analyst,17,Tier 2,1465052
HR,Manager,11,Tier 3,1577322
Finance,Intern,16,Tier 1,1459139
Sales,Manager,9,Tier 3,1418458
Finance,Senior Dev,5,Tier 3,887221
Sales,Lead,8,Tier 2,1285070
Sales,Senior Dev,1,Tier 1,844508
Finance,Senior Dev,16,Tier 1,1961831
Operations,Analyst,11,Tier 2,1074340
HR,Director,7,Tier 1,2037770
HR,Associate,2,Tier 2,585601
Finance,Lead,18,Tier 2,1947775
Finance,Associate,18,Tier 1,1863310
Operations,Director,5,Tier 2,1641263
HR,Director,7,Tier 3,1638367
HR,Director,17,Tier 3,2192739
Finance,Analyst,15,Tier 1,1512278
Support,Lead,16,Tier 3,1662624
Support,Director,11,Tier 1,2304964
Sales,Associate,9,Tier 1,1174510
Finance,Manager,13,Tier 1,2089254
Sales,Intern,0,Tier 3,182336
IT,Analyst,3,Tier 3,477412
IT,Analyst,4,Tier 3,519843
Marketing,Manager,6,Tier 2,1391454
Operations,Senior Dev,9,Tier 2,1251228
Support,Director,6,Tier 1,1922272
Finance,Associate,6,Tier 3,780041
Finance,Intern,10,Tier 2,853400
Marketing,Associate,11,Tier 3,1087378
Operations,Associate,3,Tier 2,626147
Sales,Associate,12,Tier 2,1236326
Marketing,Intern,18,Tier 3,1288889
Operations,Director,4,Tier 1,1814966
Operations,Lead,15,Tier 1,2010288
HR,Associate,11,Tier 3,1035409
Finance,Manager,6,Tier 3,1274874
Operations,Senior Dev,12,Tier 2,1478862
HR,Lead,1,Tier 2,831958
Sales,Lead,14,Tier 1,1914768
HR,Senior Dev,10,Tier 3,1196145
Operations,Senior Dev,6,Tier 2,1069203
HR,Senior Dev,10,Tier 1,1486412
IT,Director,1,Tier 2,1381596
Marketing,Lead,15,Tier 2,1772406
HR,Senior Dev,12,Tier 3,1313332
Support,Lead,16,Tier 1,2060764
Support,Senior Dev,11,Tier 2,1378139
IT,Senior Dev,18,Tier 3,1655062
Finance,Manager,5,Tier 1,1527223
HR,Manager,12,Tier 1,2001372
IT,Lead,1,Tier 1,939965
IT,Director,10,Tier 2,1994997
Marketing,Analyst,6,Tier 2,741048
Finance,Analyst,6,Tier 2,700050
Support,Associate,5,Tier 3,685722
Operations,Analyst,10,Tier 3,919510
IT,Director,1,Tier 2,1394674
Operations,Associate,3,Tier 2,642489
Marketing,Analyst,5,Tier 1,740080
Sales,Intern,4,Tier 3,468940
Operations,Associate,6,Tier 2,852232
Finance,Analyst,0,Tier 1,383014
Finance,Senior Dev,0,Tier 2,657250
Sales,Associate,5,Tier 1,896729
HR,Associate,9,Tier 3,926475
HR,Director,10,Tier 1,2277824
Sales,Manager,0,Tier 1,1141412
Finance,Manager,4,Tier 1,1424011
Marketing,Lead,0,Tier 3,720227
HR,Intern,2,Tier 1,388897
HR,Senior Dev,8,Tier 2,1164861
HR,Lead,16,Tier 2,1809750
Sales,Lead,13,Tier 2,1614988
HR,Lead,3,Tier 3,873524
Finance,Analyst,16,Tier 2,1389365
Operations,Analyst,1,Tier 2,371622
IT,Lead,4,Tier 3,938419
Marketing,Manager,3,Tier 2,1183605
Support,Associate,19,Tier 3,1532164
Operations,Associate,12,Tier 1,1416197
Operations,Manager,4,Tier 1,1431854
Support,Associate,6,Tier 3,752995
Sales,Lead,0,Tier 3,684605
Sales,Lead,3,Tier 3,897952
Support,Senior Dev,13,Tier 1,1700263
Finance,Manager,13,Tier 2,1858719
Sales,Manager,19,Tier 1,2557276
Support,Senior Dev,7,Tier 1,1299615
Marketing,Intern,2,Tier 1,414504
Sales,Lead,18,Tier 1,2242456
HR,Senior Dev,1,Tier 2,697102
IT,Intern,9,Tier 3,755009
Sales,Analyst,13,Tier 3,1056256
IT,Analyst,12,Tier 1,1274401
Finance,Manager,12,Tier 3,1596554
Sales,Analyst,13,Tier 1,1368279
Finance,Lead,2,Tier 1,999846
Support,Associate,18,Tier 1,1846205
Marketing,Manager,2,Tier 3,1020255
IT,Intern,13,Tier 2,1091019
Operations,Senior Dev,11,Tier 3,1275532
Finance,Associate,10,Tier 2,1070400
Sales,Senior Dev,7,Tier 3,1000416
Support,Associate,19,Tier 3,1563695
Operations,Manager,10,Tier 2,1656536
Operations,Associate,1,Tier 2,488489
IT,Director,9,Tier 1,2171986
Marketing,Manager,5,Tier 2,1304691
Support,Associate,11,Tier 2,1146794
Sales,Analyst,12,Tier 1,1294956
Finance,Senior Dev,5,Tier 2,980800
Marketing,Associate,5,Tier 1,902777
HR,Lead,8,Tier 3,1186439
Finance,Analyst,14,Tier 1,1418385
HR,Senior Dev,7,Tier 2,1110482
Operations,Director,15,Tier 2,2323877
HR,Associate,5,Tier 1,893373
Marketing,Manager,2,Tier 3,1032089
Operations,Manager,0,Tier 2,965435
Sales,Lead,13,Tier 1,1826691
Marketing,Lead,11,Tier 1,1690389
Sales,Analyst,10,Tier 1,1131009
Marketing,Manager,17,Tier 3,1906934
Operations,Analyst,6,Tier 1,833179
IT,Analyst,19,Tier 1,1812782
Finance,Associate,0,Tier 1,524412
Operations,Associate,17,Tier 2,1543688
IT,Manager,8,Tier 2,1514751
Support,Director,8,Tier 3,1662041
Support,Lead,1,Tier 3,766069
Operations,Associate,14,Tier 3,1236370
Support,Director,10,Tier 1,2279806
Sales,Director,5,Tier 3,1481586
Marketing,Manager,10,Tier 1,1858932
HR,Intern,19,Tier 2,1469179
Support,Associate,9,Tier 1,1191501
Finance,Analyst,14,Tier 3,1156136
Operations,Senior Dev,17,Tier 2,1763249
IT,Manager,6,Tier 1,1566390
Support,Manager,17,Tier 2,2094881
IT,Director,19,Tier 3,2338264
Operations,Senior Dev,1,Tier 2,718375
Sales,Associate,19,Tier 3,1552026
Support,Analyst,6,Tier 1,842013
Marketing,Lead,9,Tier 3,1225754
Finance,Intern,0,Tier 2,202577
Finance,Manager,0,Tier 2,995282
Operations,Manager,1,Tier 2,1078436
Sales,Lead,19,Tier 1,2294124
Operations,Analyst,3,Tier 1,601115
HR,Senior Dev,19,Tier 2,1895345
HR,Senior Dev,0,Tier 3,604077
HR,Senior Dev,0,Tier 2,642055
Marketing,Director,13,Tier 1,2464747
IT,Analyst,4,Tier 2,575978
Finance,Manager,12,Tier 1,2012615
Operations,Associate,12,Tier 2,1253863
Operations,Lead,1,Tier 1,950031
Operations,Analyst,5,Tier 2,672733
Operations,Associate,0,Tier 2,421760
Sales,Associate,10,Tier 2,1103714
Marketing,Director,2,Tier 2,1472986
Sales,Lead,4,Tier 3,914944
HR,Director,6,Tier 2,1728907
Marketing,Analyst,10,Tier 3,919538
Operations,Analyst,19,Tier 1,1828505
Sales,Manager,9,Tier 2,1585629
IT,Manager,11,Tier 2,1708958
Finance,Lead,7,Tier 3,1106940
HR,Manager,3,Tier 2,1190872
Support,Associate,17,Tier 3,1407257
IT,Director,10,Tier 3,1789622
Finance,Senior Dev,8,Tier 3,1058837
Marketing,Lead,18,Tier 1,2210407
IT,Senior Dev,14,Tier 3,1437654
Operations,Senior Dev,15,Tier 1,1900748
HR,Senior Dev,15,Tier 1,1866376
Finance,Analyst,18,Tier 2,1536676
Marketing,Analyst,6,Tier 1,818762
Finance,Associate,4,Tier 3,613196
Marketing,Intern,16,Tier 2,1299439
Finance,Director,7,Tier 3,1631916
Operations,Manager,0,Tier 3,898225
Finance,Analyst,14,Tier 3,1142275
Operations,Manager,17,Tier 1,2420538
Finance,Associate,9,Tier 2,1035639
Support,Manager,3,Tier 3,1078708
Marketing,Intern,3,Tier 3,406908
Marketing,Director,12,Tier 2,2083425
Sales,Associate,1,Tier 3,466015
Finance,Associate,0,Tier 3,404258
HR,Senior Dev,8,Tier 1,1371739
Operations,Intern,2,Tier 1,422216
Finance,Associate,6,Tier 3,786956
HR,Analyst,9,Tier 3,859984
IT,Manager,9,Tier 1,1782884
Sales,Analyst,8,Tier 2,865563
Sales,Intern,14,Tier 3,1026142
Support,Analyst,2,Tier 1,544592
Finance,Associate,4,Tier 2,687928
Sales,Manager,8,Tier 1,1722862
Operations,Senior Dev,6,Tier 3,934663
Finance,Intern,11,Tier 1,1103648
Support,Associate,8,Tier 2,966549
Marketing,Associate,1,Tier 3,433262
HR,Director,8,Tier 2,1869259
Finance,Associate,16,Tier 2,1519472
Operations,Associate,18,Tier 2,1617131
IT,Associate,5,Tier 3,677972
IT,Director,1,Tier 2,1393032
HR,Analyst,13,Tier 2,1176595
Support,Lead,3,Tier 2,984926
HR,Senior Dev,7,Tier 1,1279457
Finance,Intern,3,Tier 3,357727
Marketing,Lead,3,Tier 1,1123693
