EmployeeID,Department,Designation,Experience,CollegeTier,Salary
1,IT,Lead,6,Tier 1,1310795
2,Finance,Senior Dev,14,Tier 2,1608343
3,Support,Manager,6,Tier 2,1362265
4,IT,Lead,18,Tier 1,2232194
5,Finance,Director,10,Tier 2,1997191
6,IT,Associate,3,Tier 2,624023
7,IT,Senior Dev,2,Tier 3,691685
8,Marketing,Analyst,1,Tier 2,425735
9,Finance,Senior Dev,11,Tier 2,1412101
10,Sales,Intern,1,Tier 2,261311
11,Support,Intern,0,Tier 1,273707
12,HR,Director,11,Tier 2,2043480
13,Sales,Director,16,Tier 3,2171434
14,Operations,Intern,9,Tier 3,728431
15,Support,Lead,15,Tier 3,1629150
16,Finance,Associate,14,Tier 3,1245773
17,Operations,Analyst,18,Tier 2,1489899
18,Finance,Senior Dev,19,Tier 1,2176551
19,HR,Lead,2,Tier 3,793556
20,Finance,Lead,18,Tier 3,1791606
21,HR,Senior Dev,8,Tier 1,1334502
22,Marketing,Intern,17,Tier 3,1200627
23,Operations,Intern,13,Tier 3,958433
24,Support,Analyst,8,Tier 2,851897
25,HR,Associate,1,Tier 2,534707
26,HR,Manager,14,Tier 2,1907483
27,Marketing,Lead,6,Tier 2,1184555
28,Support,Lead,7,Tier 3,1134974
29,Operations,Lead,2,Tier 1,1009541
30,Sales,Associate,16,Tier 3,1356531
31,Support,Director,17,Tier 2,2415943
32,IT,Analyst,3,Tier 2,517457
33,Sales,Associate,5,Tier 1,888573
34,Operations,Lead,9,Tier 3,1262995
35,Operations,Lead,17,Tier 3,1696873
36,Finance,Senior Dev,11,Tier 2,1356161
37,HR,Director,9,Tier 3,1736557
38,Sales,Associate,3,Tier 3,582606
39,Sales,Lead,15,Tier 2,1741534
40,Finance,Intern,7,Tier 2,692397
41,Sales,Lead,7,Tier 1,1394276
42,Marketing,Director,15,Tier 3,2094300
43,Finance,Senior Dev,17,Tier 1,2012262
44,Operations,Analyst,12,Tier 3,1029976
45,Marketing,Senior Dev,14,Tier 1,1819216
46,Finance,Intern,6,Tier 3,532568
47,Marketing,Associate,0,Tier 2,412027
48,Operations,Associate,7,Tier 1,1053839
49,Sales,Associate,10,Tier 1,1242002
50,IT,Associate,16,Tier 2,1499159
51,Sales,Senior Dev,2,Tier 3,702666
52,HR,Analyst,4,Tier 2,567561
53,Support,Manager,6,Tier 1,1583952
54,HR,Analyst,6,Tier 2,704392
55,Operations,Associate,7,Tier 1,1008067
56,Operations,Lead,1,Tier 1,972256
57,HR,Senior Dev,15,Tier 2,1655222
58,Support,Associate,4,Tier 3,640818
59,Sales,Senior Dev,11,Tier 2,1366965
60,HR,Manager,2,Tier 1,1250056
61,Marketing,Associate,2,Tier 1,667716
62,Marketing,Analyst,14,Tier 2,1237773
63,HR,Senior Dev,2,Tier 2,814992
64,Support,Senior Dev,4,Tier 1,1076537
65,Marketing,Senior Dev,13,Tier 3,1375446
66,Finance,Intern,8,Tier 3,650206
67,Operations,Associate,14,Tier 3,1232361
68,IT,Senior Dev,9,Tier 2,1247419
69,Support,Director,12,Tier 3,1947010
70,HR,Senior Dev,6,Tier 2,1082560
71,Marketing,Associate,19,Tier 2,1718268
72,Support,Intern,3,Tier 3,368141
73,IT,Associate,4,Tier 3,650342
74,IT,Lead,6,Tier 1,1351044
75,Marketing,Intern,14,Tier 2,1166394
76,Support,Senior Dev,3,Tier 3,805820
77,HR,Manager,6,Tier 1,1554914
78,HR,Analyst,18,Tier 1,1747309
79,Marketing,Intern,1,Tier 1,338689
80,HR,Manager,12,Tier 2,1794557
81,Finance,Intern,5,Tier 2,549467
82,Support,Intern,11,Tier 3,833627
83,Operations,Analyst,19,Tier 3,1458925
84,Marketing,Associate,10,Tier 1,1238047
85,Marketing,Director,6,Tier 2,1745581
86,HR,Intern,0,Tier 1,250080
87,IT,Senior Dev,19,Tier 2,1939016
88,Marketing,Associate,2,Tier 1,660294
89,Operations,Analyst,5,Tier 3,591959
90,Operations,Manager,8,Tier 1,1748565
91,Finance,Lead,4,Tier 3,941968
92,Support,Manager,18,Tier 3,1963545
93,Support,Intern,11,Tier 2,916663
94,HR,Intern,14,Tier 1,1277994
95,Marketing,Senior Dev,8,Tier 2,1210915
96,Finance,Director,16,Tier 1,2721005
97,Operations,Analyst,16,Tier 3,1269353
98,Operations,Intern,19,Tier 2,1461675
99,Support,Senior Dev,6,Tier 1,1214417
100,HR,Senior Dev,2,Tier 2,785664
101,Sales,Director,4,Tier 1,1790080
102,Sales,Analyst,16,Tier 1,1594850
103,Marketing,Lead,16,Tier 3,1658673
104,Support,Manager,1,Tier 2,1073323
105,IT,Lead,4,Tier 2,1042623
106,IT,Director,0,Tier 1,1525680
107,Finance,Lead,18,Tier 2,1974717
108,Sales,Senior Dev,1,Tier 3,651556
109,Operations,Associate,11,Tier 3,1068559
110,IT,Intern,5,Tier 3,491919
111,Marketing,Lead,3,Tier 2,990662
112,Marketing,Associate,10,Tier 3,1014215
113,Support,Analyst,16,Tier 2,1381342
114,Support,Senior Dev,5,Tier 1,1097327
115,Sales,Intern,4,Tier 2,506083
116,Marketing,Analyst,1,Tier 1,420197
117,IT,Lead,10,Tier 3,1314542
118,Sales,Senior Dev,15,Tier 1,1867671
119,Operations,Intern,0,Tier 1,247848
120,Support,Director,5,Tier 1,1896663
121,Marketing,Senior Dev,2,Tier 1,919811
122,Operations,Senior Dev,3,Tier 3,756546
123,Finance,Analyst,2,Tier 3,420206
124,HR,Manager,18,Tier 1,2456411
125,Marketing,Analyst,6,Tier 1,813227
126,Finance,Intern,8,Tier 1,839360
127,IT,Associate,7,Tier 1,1000759
128,Finance,Intern,6,Tier 2,621153
129,Support,Intern,7,Tier 1,782504
130,Operations,Intern,10,Tier 2,858155
131,Finance,Director,17,Tier 3,2237254
132,Marketing,Lead,9,Tier 2,1364306
133,IT,Analyst,6,Tier 3,676843
134,Operations,Intern,15,Tier 3,1101065
135,Support,Lead,15,Tier 2,1771976
136,Operations,Manager,19,Tier 1,2531835
137,Finance,Director,16,Tier 1,2672049
138,Marketing,Lead,0,Tier 1,883191
139,Support,Manager,11,Tier 1,1940932
140,IT,Senior Dev,4,Tier 3,839855
141,IT,Intern,8,Tier 3,657400
142,Support,Lead,2,Tier 2,914642
143,HR,Manager,15,Tier 1,2271407
144,Sales,Manager,2,Tier 2,1096499
145,HR,Associate,0,Tier 2,422183
146,Marketing,Manager,19,Tier 3,2022874
147,Support,Lead,16,Tier 2,1828711
148,Finance,Associate,3,Tier 1,737405
149,Operations,Senior Dev,7,Tier 3,1047597
150,IT,Manager,2,Tier 3,992557
151,Support,Lead,2,Tier 1,997200
152,Operations,Director,17,Tier 2,2458975
153,Operations,Director,13,Tier 3,2003585
154,Marketing,Director,1,Tier 3,1232869
155,Operations,Intern,2,Tier 1,420108
156,Finance,Manager,8,Tier 1,1723643
157,Marketing,Director,0,Tier 3,1208467
158,Operations,Manager,0,Tier 3,923645
159,HR,Manager,15,Tier 1,2223987
160,Finance,Manager,7,Tier 2,1468214
161,Finance,Analyst,2,Tier 3,410880
162,HR,Intern,0,Tier 2,194555
163,Operations,Senior Dev,18,Tier 2,1863525
164,Marketing,Intern,13,Tier 2,1098845
165,Finance,Analyst,5,Tier 2,677333
166,HR,Associate,12,Tier 2,1210754
167,Finance,Lead,7,Tier 3,1109738
168,Marketing,Associate,1,Tier 1,593404
169,IT,Analyst,0,Tier 2,339790
170,IT,Manager,0,Tier 2,989124
171,Operations,Senior Dev,15,Tier 3,1515714
172,Operations,Senior Dev,3,Tier 2,865410
173,Support,Manager,16,Tier 1,2335447
174,IT,Intern,16,Tier 1,1476491
175,Support,Associate,13,Tier 2,1304212
176,IT,Lead,5,Tier 2,1117202
177,IT,Associate,8,Tier 3,883828
178,Sales,Lead,16,Tier 3,1630301
179,Sales,Analyst,2,Tier 3,390699
180,Operations,Senior Dev,0,Tier 2,688483
181,Sales,Analyst,0,Tier 2,352479
182,Finance,Director,2,Tier 1,1677471
183,HR,Analyst,17,Tier 2,1456584
184,Operations,Intern,9,Tier 3,765006
185,HR,Intern,2,Tier 2,356663
186,Support,Senior Dev,13,Tier 2,1524631
187,HR,Intern,17,Tier 3,1197455
188,Finance,Analyst,14,Tier 1,1406093
189,IT,Manager,1,Tier 2,1082958
190,IT,Associate,9,Tier 1,1179177
191,Sales,Director,16,Tier 3,2157751
192,Support,Intern,0,Tier 1,260328
193,Sales,Manager,10,Tier 1,1857533
194,Finance,Director,15,Tier 1,2634974
195,Operations,Analyst,9,Tier 2,913190
196,Support,Intern,2,Tier 3,340993
197,Operations,Analyst,12,Tier 3,1013355
198,IT,Lead,6,Tier 3,1054376
199,Sales,Associate,3,Tier 3,554780
200,Marketing,Manager,19,Tier 1,2522368
201,HR,Manager,7,Tier 1,1626655
202,Operations,Associate,13,Tier 2,1272495
203,HR,Senior Dev,13,Tier 2,1513547
204,Support,Manager,18,Tier 3,2005766
205,Sales,Senior Dev,14,Tier 1,1783403
206,Marketing,Senior Dev,1,Tier 1,808121
207,Support,Associate,18,Tier 3,1478312
208,Operations,Intern,16,Tier 2,1288675
209,IT,Director,9,Tier 2,1937006
210,Finance,Associate,10,Tier 1,1222491
211,Support,Lead,4,Tier 3,958096
212,Finance,Manager,7,Tier 1,1639508
213,IT,Director,11,Tier 1,2343747
214,HR,Analyst,4,Tier 1,666606
215,Sales,Director,3,Tier 1,1749021
216,Sales,Lead,12,Tier 3,1448335
217,Operations,Intern,19,Tier 1,1677093
218,Operations,Lead,14,Tier 1,1910202
219,Finance,Intern,7,Tier 2,659987
220,IT,Associate,15,Tier 3,1298940
221,Support,Analyst,17,Tier 1,1637019
222,Support,Manager,9,Tier 1,1788077
223,Sales,Lead,18,Tier 2,1949136
224,Operations,Associate,18,Tier 2,1626251
225,Finance,Associate,4,Tier 3,642217
226,Operations,Lead,8,Tier 1,1479699
227,Finance,Senior Dev,0,Tier 3,571081
228,Marketing,Senior Dev,0,Tier 2,676175
229,Support,Manager,15,Tier 1,2240056
230,Sales,Director,7,Tier 3,1646556
231,Sales,Analyst,0,Tier 2,303343
232,Sales,Director,6,Tier 3,1559375
233,Support,Analyst,4,Tier 1,692893
234,Marketing,Manager,2,Tier 3,1009531
235,Marketing,Director,15,Tier 2,2283506
236,Sales,Lead,4,Tier 1,1152253
237,Support,Associate,13,Tier 3,1159435
238,Operations,Associate,4,Tier 2,718078
239,Operations,Analyst,16,Tier 2,1407293
240,Marketing,Analyst,13,Tier 2,1171245
241,Operations,Manager,19,Tier 3,2039124
242,Marketing,Intern,11,Tier 2,959919
243,Finance,Manager,15,Tier 3,1825636
244,Marketing,Senior Dev,6,Tier 3,956211
245,Operations,Manager,0,Tier 3,926573
246,IT,Manager,4,Tier 2,1250646
247,Marketing,Manager,9,Tier 2,1568069
248,Finance,Associate,4,Tier 1,801843
249,Marketing,Senior Dev,1,Tier 1,835158
250,Finance,Intern,9,Tier 2,807289
251,Marketing,Associate,18,Tier 1,1855257
252,IT,Associate,0,Tier 3,411975
253,Operations,Intern,4,Tier 3,426364
254,HR,Intern,3,Tier 2,415663
255,Operations,Intern,15,Tier 3,1108646
256,IT,Associate,1,Tier 3,459168
257,Finance,Lead,19,Tier 2,2012071
258,HR,Analyst,11,Tier 3,936833
259,Marketing,Senior Dev,2,Tier 1,905195
260,IT,Analyst,0,Tier 3,274000
261,HR,Director,18,Tier 2,2506074
262,Support,Associate,4,Tier 3,648155
263,Support,Director,2,Tier 3,1322320
264,Support,Analyst,0,Tier 2,346247
265,Support,Analyst,9,Tier 3,827450
266,Support,Manager,11,Tier 1,1940764
267,Sales,Intern,12,Tier 2,1002491
268,Operations,Manager,13,Tier 1,2082161
269,Sales,Lead,18,Tier 1,2253097
270,Sales,Associate,2,Tier 1,647350
271,Sales,Associate,16,Tier 1,1698761
272,Support,Director,7,Tier 1,2018132
273,HR,Manager,9,Tier 3,1419817
274,Finance,Lead,1,Tier 3,787458
275,Operations,Associate,8,Tier 2,958358
276,Marketing,Analyst,3,Tier 1,587209
277,Marketing,Senior Dev,17,Tier 1,2021092
278,HR,Analyst,10,Tier 2,960412
279,Marketing,Intern,3,Tier 2,421496
280,Marketing,Director,3,Tier 2,1532425
281,Finance,Associate,4,Tier 2,692888
282,Finance,Intern,2,Tier 1,418816
283,Operations,Associate,2,Tier 1,640463
284,Support,Intern,3,Tier 3,387841
285,HR,Director,16,Tier 2,2380911
286,IT,Intern,4,Tier 2,498811
287,Sales,Lead,16,Tier 3,1650150
288,IT,Senior Dev,12,Tier 1,1663286
289,Operations,Manager,2,Tier 3,1011352
290,Marketing,Senior Dev,16,Tier 3,1574912
291,HR,Manager,19,Tier 2,2260959
292,Finance,Lead,12,Tier 2,1532698
293,Finance,Associate,18,Tier 2,1645280
294,IT,Intern,3,Tier 3,366779
295,Marketing,Manager,8,Tier 2,1512466
296,IT,Director,11,Tier 2,2020360
297,Support,Director,6,Tier 2,1745163
298,IT,Senior Dev,13,Tier 1,1746934
299,Finance,Director,19,Tier 1,2949098
300,Finance,Analyst,14,Tier 2,1232335
301,Operations,Senior Dev,4,Tier 2,950418
302,Marketing,Associate,11,Tier 1,1318576
303,Sales,Senior Dev,19,Tier 3,1721130
304,HR,Lead,3,Tier 1,1122788
305,Support,Associate,15,Tier 2,1427192
306,Marketing,Associate,6,Tier 2,824540
307,IT,Analyst,9,Tier 2,915689
308,Operations,Lead,6,Tier 3,1052925
309,IT,Senior Dev,4,Tier 3,833714
310,Support,Senior Dev,10,Tier 3,1194394
311,Finance,Manager,17,Tier 1,2407614
312,Finance,Intern,11,Tier 2,964136
313,Marketing,Manager,9,Tier 1,1787337
314,Marketing,Director,11,Tier 3,1837056
315,Sales,Associate,5,Tier 2,741542
316,Finance,Manager,13,Tier 2,1864732
317,Marketing,Manager,7,Tier 1,1659081
318,Marketing,Lead,8,Tier 2,1295569
319,Support,Manager,1,Tier 1,1187924
320,Sales,Manager,4,Tier 3,1164693
321,Marketing,Senior Dev,18,Tier 1,2098295
322,Operations,Senior Dev,15,Tier 2,1662348
323,Finance,Director,0,Tier 1,1487749
324,HR,Senior Dev,19,Tier 3,1736256
325,Operations,Associate,6,Tier 1,957080
326,Finance,Analyst,12,Tier 2,1117731
327,Sales,Associate,3,Tier 1,730909
328,Finance,Intern,18,Tier 1,1576588
329,Marketing,Manager,11,Tier 1,1958069
330,IT,Manager,6,Tier 1,1598338
331,Sales,Intern,9,Tier 3,765129
332,Sales,Intern,18,Tier 2,1406710
333,Finance,Manager,2,Tier 3,1010652
334,Marketing,Senior Dev,12,Tier 3,1311233
335,Finance,Analyst,19,Tier 1,1825771
336,Finance,Manager,7,Tier 2,1435116
337,IT,Manager,8,Tier 2,1530918
338,HR,Intern,0,Tier 1,259298
339,IT,Intern,12,Tier 1,1134683
340,IT,Lead,16,Tier 1,2068960
341,Support,Lead,0,Tier 2,777797
342,Marketing,Lead,5,Tier 1,1222105
343,Finance,Manager,11,Tier 1,1965740
344,Operations,Senior Dev,12,Tier 3,1324620
345,Finance,Director,14,Tier 3,2030559
346,HR,Manager,10,Tier 3,1481003
347,IT,Associate,4,Tier 1,795826
348,IT,Manager,18,Tier 2,2161843
349,Sales,Senior Dev,17,Tier 2,1758190
350,Finance,Senior Dev,8,Tier 3,1102528
351,Finance,Senior Dev,13,Tier 3,1402638
352,Marketing,Associate,0,Tier 1,512356
353,Marketing,Director,2,Tier 2,1441087
354,Sales,Associate,10,Tier 2,1083323
355,Marketing,Intern,9,Tier 2,794975
356,HR,Associate,15,Tier 3,1291447
357,Operations,Intern,5,Tier 1,618959
358,IT,Senior Dev,7,Tier 3,999337
359,IT,Director,3,Tier 3,1386487
360,Finance,Lead,17,Tier 1,2153307
361,HR,Director,4,Tier 1,1774835
362,Support,Lead,16,Tier 2,1834088
363,Sales,Director,0,Tier 3,1225284
364,Support,Senior Dev,19,Tier 2,1943852
365,Marketing,Intern,15,Tier 2,1197308
366,HR,Director,12,Tier 3,1924349
367,Support,Intern,2,Tier 3,342476
368,Sales,Manager,5,Tier 2,1295713
369,IT,Associate,18,Tier 1,1869407
370,IT,Director,4,Tier 2,1604990
371,IT,Associate,1,Tier 1,545009
372,HR,Lead,17,Tier 2,1918570
373,IT,Associate,12,Tier 1,1407892
374,Marketing,Senior Dev,0,Tier 1,747712
375,Support,Associate,17,Tier 3,1398415
376,IT,Analyst,14,Tier 2,1271280
377,Support,Lead,10,Tier 2,1423833
378,Support,Intern,16,Tier 3,1176540
379,HR,Intern,0,Tier 3,188017
380,Sales,Intern,8,Tier 2,758034
381,HR,Manager,0,Tier 1,1095404
382,Operations,Senior Dev,15,Tier 1,1892926
383,Finance,Senior Dev,5,Tier 1,1107763
384,HR,Manager,16,Tier 1,2327606
385,Sales,Senior Dev,4,Tier 3,848757
386,Support,Senior Dev,2,Tier 2,812612
387,Marketing,Senior Dev,4,Tier 1,1023636
388,HR,Analyst,4,Tier 1,649809
389,Finance,Manager,9,Tier 1,1823330
390,Finance,Analyst,16,Tier 2,1404212
391,Finance,Analyst,13,Tier 3,1105752
392,HR,Lead,13,Tier 2,1632816
393,Support,Lead,18,Tier 2,1981932
394,Marketing,Associate,12,Tier 3,1147091
395,Operations,Lead,0,Tier 2,777744
396,Finance,Director,7,Tier 3,1632783
397,HR,Analyst,1,Tier 1,456187
398,Sales,Analyst,7,Tier 2,820918
399,HR,Lead,1,Tier 1,963125
400,Operations,Intern,2,Tier 2,350538
401,Marketing,Associate,17,Tier 3,1427131
402,Operations,Lead,0,Tier 1,895229
403,Operations,Analyst,11,Tier 3,971348
404,HR,Senior Dev,16,Tier 1,1973871
405,Sales,Associate,14,Tier 2,1349254
406,IT,Lead,14,Tier 3,1511252
407,Support,Manager,13,Tier 3,1687441
408,IT,Associate,10,Tier 1,1273682
409,Marketing,Director,6,Tier 2,1701781
410,IT,Senior Dev,1,Tier 3,636949
411,Finance,Senior Dev,17,Tier 2,1807393
412,Support,Associate,17,Tier 1,1751941
413,IT,Analyst,14,Tier 3,1133386
414,Marketing,Senior Dev,18,Tier 2,1828209
415,HR,Lead,19,Tier 1,2298920
416,Marketing,Associate,5,Tier 3,726800
417,Marketing,Director,14,Tier 1,2574267
418,Marketing,Manager,9,Tier 3,1466882
419,Marketing,Senior Dev,16,Tier 3,1581332
420,HR,Intern,3,Tier 3,399289
421,Support,Senior Dev,16,Tier 3,1551833
422,HR,Manager,16,Tier 2,2035963
423,Support,Analyst,19,Tier 2,1590932
424,Sales,Associate,1,Tier 2,483941
425,Sales,Lead,1,Tier 1,924300
426,IT,Intern,10,Tier 2,862015
427,IT,Associate,10,Tier 2,1121058
428,Finance,Lead,14,Tier 2,1681144
429,IT,Intern,15,Tier 1,1351238
430,Sales,Manager,10,Tier 2,1631637
431,IT,Lead,15,Tier 1,1994071
432,HR,Intern,3,Tier 3,395415
433,Operations,Director,3,Tier 2,1530679
434,Finance,Intern,2,Tier 3,308271
435,Marketing,Associate,2,Tier 1,653434
436,Finance,Manager,17,Tier 1,2398732
437,Finance,Analyst,18,Tier 1,1718954
438,Sales,Senior Dev,4,Tier 1,1041969
439,Operations,Senior Dev,9,Tier 2,1260668
440,Sales,Director,5,Tier 3,1509144
441,Finance,Senior Dev,11,Tier 1,1563777
442,Support,Director,13,Tier 3,2001745
443,IT,Analyst,16,Tier 1,1571329
444,Operations,Associate,12,Tier 2,1218282
445,Finance,Senior Dev,8,Tier 1,1343321
446,Support,Analyst,14,Tier 1,1400240
447,Operations,Analyst,14,Tier 2,1279645
448,Support,Associate,10,Tier 1,1239262
449,Finance,Intern,15,Tier 2,1232796
450,HR,Lead,16,Tier 2,1825721
451,Operations,Associate,3,Tier 3,563568
452,Marketing,Director,7,Tier 1,2009178
453,IT,Lead,19,Tier 2,1994302
454,IT,Lead,13,Tier 1,1848699
455,Finance,Senior Dev,13,Tier 1,1739247
456,HR,Director,1,Tier 2,1372748
457,Sales,Associate,13,Tier 3,1165034
458,Support,Analyst,18,Tier 3,1355126
459,Marketing,Senior Dev,2,Tier 2,780030
460,Marketing,Intern,13,Tier 3,1005658
461,Finance,Associate,14,Tier 1,1521531
462,HR,Director,12,Tier 2,2134497
463,Support,Lead,5,Tier 1,1259650
464,Marketing,Director,18,Tier 3,2285854
465,Operations,Intern,4,Tier 2,464267
466,Marketing,Analyst,9,Tier 2,895062
467,HR,Associate,16,Tier 3,1359926
468,Finance,Director,11,Tier 1,2299632
469,Marketing,Director,16,Tier 1,2673596
470,Sales,Analyst,19,Tier 1,1776168
471,Finance,Intern,3,Tier 2,395561
472,Finance,Lead,2,Tier 3,806616
473,Support,Intern,12,Tier 3,948513
474,Support,Intern,14,Tier 2,1120371
475,IT,Analyst,14,Tier 1,1421069
476,Marketing,Manager,1,Tier 2,1038910
477,IT,Analyst,7,Tier 2,774199
478,IT,Associate,16,Tier 1,1693275
479,IT,Analyst,18,Tier 1,1710913
480,IT,Senior Dev,8,Tier 1,1339123
481,Marketing,Senior Dev,1,Tier 3,640167
482,HR,Director,12,Tier 3,1937045
483,Support,Lead,4,Tier 1,1173024
484,HR,Lead,0,Tier 1,895612
485,HR,Lead,5,Tier 2,1071605
486,Finance,Director,15,Tier 1,2622139
487,Operations,Lead,10,Tier 3,1322669
488,Sales,Senior Dev,8,Tier 1,1333046
489,Marketing,Lead,2,Tier 2,896818
490,Support,Associate,7,Tier 2,876324
491,IT,Associate,3,Tier 2,617111
492,IT,Analyst,5,Tier 3,626641
493,Finance,Senior Dev,19,Tier 1,2159043
494,IT,Senior Dev,10,Tier 3,1227347
495,HR,Lead,14,Tier 2,1705605
496,IT,Intern,16,Tier 2,1292685
497,Support,Lead,5,Tier 3,983234
498,Sales,Manager,1,Tier 3,930846
499,HR,Senior Dev,10,Tier 2,1303703
500,HR,Analyst,18,Tier 1,1717700
501,Marketing,Intern,11,Tier 1,1051469
502,Operations,Manager,3,Tier 2,1184386
503,IT,Analyst,19,Tier 1,1819376
504,Support,Senior Dev,19,Tier 3,1746976
505,IT,Intern,11,Tier 3,832048
506,Operations,Lead,13,Tier 3,1495375
507,HR,Manager,5,Tier 1,1471828
508,Finance,Associate,10,Tier 2,1102254
509,IT,Analyst,3,Tier 3,489756
510,Finance,Director,10,Tier 3,1817362
511,Support,Associate,0,Tier 2,468245
512,HR,Director,17,Tier 3,2249383
513,Operations,Associate,9,Tier 1,1161644
514,IT,Senior Dev,9,Tier 1,1397219
515,Operations,Director,1,Tier 3,1281212
516,Operations,Director,7,Tier 3,1624387
517,Finance,Associate,0,Tier 2,411342
518,HR,Associate,4,Tier 3,653336
519,Finance,Lead,16,Tier 3,1681976
520,IT,Manager,10,Tier 3,1497534
521,IT,Lead,5,Tier 3,996614
522,Finance,Senior Dev,2,Tier 2,790253
523,Support,Analyst,16,Tier 3,1247988
524,HR,Analyst,11,Tier 1,1212929
525,IT,Director,13,Tier 1,2446908
526,Finance,Intern,10,Tier 1,975256
527,IT,Analyst,1,Tier 1,439019
528,Finance,Senior Dev,2,Tier 1,928914
529,Marketing,Analyst,0,Tier 1,350415
530,Support,Intern,7,Tier 1,786832
531,IT,Director,4,Tier 1,1825565
532,Marketing,Manager,2,Tier 1,1266204
533,HR,Senior Dev,4,Tier 1,1039282
534,Support,Manager,13,Tier 2,1858345
535,HR,Associate,3,Tier 2,624984
536,HR,Lead,12,Tier 2,1549449
537,Sales,Associate,17,Tier 2,1575303
538,Sales,Analyst,7,Tier 1,879510
539,Finance,Associate,7,Tier 3,818173
540,Sales,Senior Dev,18,Tier 3,1657804
541,Marketing,Lead,5,Tier 3,975984
542,Finance,Director,14,Tier 2,2223184
543,IT,Associate,16,Tier 2,1500016
544,Operations,Lead,14,Tier 1,1940558
545,Operations,Intern,1,Tier 1,313381
546,Support,Manager,7,Tier 1,1646727
547,Operations,Senior Dev,18,Tier 3,1661302
548,Support,Director,18,Tier 2,2519157
549,Support,Manager,5,Tier 3,1197202
550,Operations,Director,6,Tier 3,1547586
551,Finance,Senior Dev,7,Tier 1,1276273
552,Finance,Associate,19,Tier 1,1910374
553,Marketing,Manager,14,Tier 1,2150788
554,Support,Manager,0,Tier 3,929379
555,Marketing,Analyst,6,Tier 1,795922
556,Finance,Analyst,3,Tier 3,501356
557,IT,Lead,5,Tier 3,1002184
558,HR,Associate,0,Tier 3,414028
559,Support,Director,4,Tier 1,1802154
560,Operations,Manager,0,Tier 3,908141
561,Finance,Analyst,3,Tier 2,517029
562,Marketing,Lead,1,Tier 1,952265
563,Finance,Lead,4,Tier 2,1050714
564,Marketing,Analyst,9,Tier 1,1063872
565,IT,Director,5,Tier 2,1675180
566,Marketing,Manager,14,Tier 3,1716371
567,Support,Associate,12,Tier 1,1376359
568,Marketing,Lead,19,Tier 1,2310631
569,HR,Manager,14,Tier 1,2180996
570,Operations,Director,7,Tier 1,2009382
571,IT,Director,3,Tier 3,1385659
572,Operations,Lead,12,Tier 3,1410609
573,Marketing,Lead,18,Tier 2,1967666
574,Marketing,Lead,3,Tier 2,971561
575,Finance,Director,10,Tier 3,1804884
576,Finance,Associate,19,Tier 1,1907298
577,Marketing,Manager,9,Tier 2,1597879
578,Sales,Associate,5,Tier 1,889165
579,Marketing,Director,7,Tier 1,2050318
580,Finance,Associate,14,Tier 2,1383497
581,IT,Senior Dev,13,Tier 1,1719938
582,Sales,Associate,11,Tier 1,1305457
583,Finance,Lead,12,Tier 3,1397783
584,HR,Analyst,17,Tier 2,1439368
585,Operations,Director,0,Tier 2,1346942
586,HR,Lead,7,Tier 2,1235595
587,Support,Director,10,Tier 1,2239915
588,HR,Senior Dev,11,Tier 1,1582219
589,Support,Senior Dev,15,Tier 3,1516403
590,IT,Lead,4,Tier 1,1198028
591,IT,Intern,7,Tier 3,590126
592,HR,Analyst,9,Tier 1,1047632
593,Marketing,Manager,8,Tier 2,1542261
594,Sales,Analyst,18,Tier 2,1527964
595,Operations,Manager,13,Tier 1,2114327
596,HR,Director,8,Tier 1,2073797
597,Support,Manager,10,Tier 2,1633718
598,Operations,Manager,0,Tier 3,881053
599,Marketing,Senior Dev,4,Tier 2,930244
600,HR,Senior Dev,13,Tier 1,1742523
601,Marketing,Senior Dev,0,Tier 3,604622
602,IT,Analyst,18,Tier 2,1542183
603,HR,Associate,14,Tier 3,1212708
604,Sales,Analyst,14,Tier 3,1166264
605,Marketing,Director,8,Tier 2,1875545
606,Support,Analyst,19,Tier 3,1449224
607,Sales,Associate,8,Tier 1,1110738
608,Finance,Senior Dev,19,Tier 1,2194688
609,Support,Lead,10,Tier 2,1407973
610,IT,Manager,1,Tier 2,1034070
611,Sales,Manager,17,Tier 2,2090666
612,Support,Intern,1,Tier 3,285642
613,Finance,Associate,16,Tier 2,1472783
614,IT,Director,10,Tier 1,2261914
615,Support,Director,11,Tier 2,2029490
616,IT,Senior Dev,6,Tier 1,1175299
617,IT,Manager,5,Tier 1,1489956
618,Support,Senior Dev,0,Tier 1,775472
619,Support,Associate,10,Tier 2,1074757
620,Marketing,Intern,17,Tier 1,1533356
621,IT,Director,16,Tier 3,2180118
622,Marketing,Senior Dev,16,Tier 2,1732163
623,Sales,Associate,8,Tier 2,987840
624,HR,Senior Dev,19,Tier 1,2197853
625,Marketing,Director,7,Tier 1,2050856
626,IT,Associate,6,Tier 1,929984
627,IT,Analyst,12,Tier 1,1286949
628,Operations,Intern,18,Tier 1,1594442
629,Sales,Director,18,Tier 2,2505965
630,Operations,Senior Dev,16,Tier 1,1940908
631,Operations,Intern,15,Tier 1,1373071
632,Marketing,Senior Dev,18,Tier 3,1668449
633,Marketing,Lead,0,Tier 1,883258
634,Support,Lead,14,Tier 3,1538865
635,Sales,Lead,16,Tier 1,2071737
636,Marketing,Analyst,5,Tier 1,745522
637,IT,Lead,3,Tier 3,905168
638,Support,Senior Dev,7,Tier 3,1002342
639,IT,Senior Dev,6,Tier 2,1074770
640,Operations,Manager,9,Tier 2,1588249
641,Marketing,Lead,18,Tier 1,2205093
642,HR,Senior Dev,1,Tier 1,847603
643,Finance,Analyst,0,Tier 2,347190
644,Support,Lead,17,Tier 2,1881846
645,Marketing,Intern,7,Tier 3,639984
646,Support,Analyst,2,Tier 3,437063
647,Sales,Senior Dev,7,Tier 1,1301373
648,Sales,Manager,14,Tier 2,1887300
649,HR,Intern,2,Tier 2,361986
650,Sales,Director,0,Tier 1,1490059
651,Support,Associate,14,Tier 2,1347575
652,Support,Manager,1,Tier 2,1033970
653,Support,Senior Dev,13,Tier 3,1359503
654,Support,Manager,13,Tier 3,1668922
655,HR,Manager,15,Tier 2,2003699
656,Support,Director,19,Tier 3,2351124
657,Marketing,Analyst,13,Tier 1,1367838
658,HR,Associate,15,Tier 2,1447057
659,Operations,Intern,6,Tier 1,674425
660,Finance,Analyst,6,Tier 3,646032
661,Operations,Lead,18,Tier 1,2215079
662,Sales,Lead,18,Tier 1,2208859
663,IT,Manager,17,Tier 3,1898705
664,Finance,Intern,0,Tier 2,213236
665,IT,Associate,19,Tier 3,1529978
666,Operations,Intern,9,Tier 1,910358
667,Sales,Manager,1,Tier 3,959378
668,Operations,Lead,11,Tier 1,1720707
669,Sales,Director,4,Tier 2,1587572
670,HR,Senior Dev,5,Tier 1,1096279
671,Support,Manager,8,Tier 2,1495083
672,HR,Intern,2,Tier 2,376771
673,HR,Lead,11,Tier 3,1359975
674,HR,Intern,16,Tier 3,1178285
675,Support,Analyst,13,Tier 1,1368854
676,IT,Analyst,16,Tier 1,1573529
677,Finance,Director,18,Tier 3,2277856
678,Support,Analyst,13,Tier 1,1332808
679,Sales,Manager,7,Tier 1,1656801
680,Finance,Director,12,Tier 3,1924072
681,IT,Associate,6,Tier 1,943752
682,Finance,Associate,10,Tier 2,1121693
683,Operations,Intern,3,Tier 1,500961
684,IT,Intern,12,Tier 2,990996
685,Marketing,Director,10,Tier 3,1826133
686,Sales,Lead,17,Tier 3,1749519
687,Marketing,Manager,9,Tier 2,1592243
688,HR,Intern,8,Tier 2,749653
689,HR,Analyst,1,Tier 3,369952
690,Support,Intern,4,Tier 3,441896
691,HR,Intern,5,Tier 2,532875
692,Sales,Senior Dev,9,Tier 2,1240725
693,IT,Associate,5,Tier 3,699402
694,Marketing,Manager,7,Tier 2,1479953
695,Sales,Analyst,11,Tier 2,1072828
696,Finance,Lead,6,Tier 3,1057529
697,Operations,Manager,12,Tier 1,2006664
698,Operations,Lead,13,Tier 2,1618609
699,Finance,Lead,10,Tier 1,1614250
700,Marketing,Associate,3,Tier 2,629874
701,Operations,Analyst,10,Tier 3,924567
702,HR,Analyst,10,Tier 2,984063
703,Support,Associate,3,Tier 2,633712
704,IT,Director,6,Tier 3,1561463
705,Sales,Senior Dev,2,Tier 2,812485
706,Operations,Director,1,Tier 3,1283302
707,Operations,Director,14,Tier 2,2216711
708,HR,Manager,4,Tier 3,1133863
709,Finance,Manager,0,Tier 2,1019129
710,HR,Director,3,Tier 2,1496942
711,Sales,Associate,19,Tier 3,1558594
712,IT,Associate,2,Tier 1,651987
713,HR,Lead,10,Tier 2,1412112
714,HR,Senior Dev,12,Tier 3,1328890
715,Finance,Manager,1,Tier 3,977304
716,Marketing,Manager,1,Tier 3,931524
717,IT,Analyst,8,Tier 1,960048
718,Sales,Analyst,7,Tier 3,727904
719,Support,Associate,0,Tier 1,504008
720,Marketing,Intern,10,Tier 1,988023
721,IT,Senior Dev,9,Tier 3,1155080
722,Sales,Director,6,Tier 1,1944354
723,Support,Intern,2,Tier 3,318145
724,Support,Lead,4,Tier 1,1165587
725,Marketing,Senior Dev,11,Tier 2,1365650
726,Finance,Director,5,Tier 1,1868393
727,Marketing,Lead,11,Tier 2,1517474
728,HR,Intern,4,Tier 1,569082
729,Marketing,Associate,16,Tier 1,1705772
730,HR,Senior Dev,16,Tier 3,1579481
731,Finance,Director,16,Tier 3,2187134
732,IT,Manager,11,Tier 1,1921341
733,Marketing,Intern,15,Tier 3,1094791
734,IT,Associate,18,Tier 1,1825895
735,Support,Associate,16,Tier 1,1671750
736,Sales,Intern,4,Tier 2,456421
737,Finance,Manager,15,Tier 2,2008053
738,IT,Lead,7,Tier 1,1385896
739,Marketing,Senior Dev,17,Tier 2,1806539
740,IT,Associate,14,Tier 2,1387145
741,HR,Lead,8,Tier 3,1207196
742,Operations,Lead,14,Tier 2,1691935
743,Finance,Analyst,9,Tier 1,1049711
744,IT,Manager,6,Tier 1,1586360
745,Marketing,Intern,6,Tier 2,630813
746,Finance,Analyst,14,Tier 2,1232820
747,Marketing,Analyst,6,Tier 1,799232
748,Operations,Analyst,18,Tier 3,1365023
749,Operations,Analyst,7,Tier 2,779905
750,Sales,Director,17,Tier 1,2781062
751,Marketing,Senior Dev,19,Tier 3,1735510
752,Finance,Senior Dev,2,Tier 3,727265
753,Marketing,Intern,9,Tier 1,895614
754,HR,Director,16,Tier 3,2154077
755,Operations,Analyst,2,Tier 2,467435
756,Marketing,Manager,12,Tier 3,1603409
757,Operations,Senior Dev,2,Tier 1,899866
758,Finance,Intern,7,Tier 3,621705
759,Support,Intern,11,Tier 2,956998
760,Sales,Analyst,14,Tier 2,1252535
761,Marketing,Senior Dev,16,Tier 2,1730547
762,Support,Intern,12,Tier 2,1009345
763,HR,Intern,0,Tier 1,248687
764,Operations,Lead,12,Tier 1,1758737
765,HR,Lead,11,Tier 1,1685229
766,Operations,Manager,1,Tier 2,1034502
767,Operations,Intern,2,Tier 2,374393
768,IT,Senior Dev,1,Tier 3,689805
769,Marketing,Director,12,Tier 2,2109788
770,Finance,Lead,17,Tier 1,2168543
771,Finance,Manager,2,Tier 2,1122586
772,Operations,Analyst,6,Tier 2,737773
773,Sales,Intern,19,Tier 3,1355084
774,Operations,Director,16,Tier 3,2138436
775,Operations,Senior Dev,11,Tier 1,1557984
776,Marketing,Lead,15,Tier 2,1749895
777,Sales,Lead,11,Tier 3,1388606
778,Marketing,Analyst,9,Tier 3,849837
779,Operations,Associate,6,Tier 2,859587
780,Marketing,Analyst,4,Tier 2,574816
781,Support,Lead,16,Tier 2,1798050
782,Marketing,Associate,12,Tier 2,1235933
783,IT,Analyst,17,Tier 2,1477619
784,Marketing,Director,17,Tier 1,2792037
785,Operations,Analyst,4,Tier 3,550600
786,HR,Manager,15,Tier 1,2245280
787,Support,Intern,13,Tier 1,1242054
788,Operations,Analyst,8,Tier 1,949494
789,Sales,Lead,16,Tier 2,1853208
790,Sales,Manager,3,Tier 1,1351883
791,Finance,Analyst,4,Tier 1,704452
792,Finance,Analyst,4,Tier 1,686898
793,Support,Senior Dev,5,Tier 2,960806
794,Sales,Senior Dev,13,Tier 2,1528970
795,HR,Associate,12,Tier 1,1384561
796,Marketing,Director,6,Tier 2,1700899
797,IT,Senior Dev,3,Tier 1,999842
798,Sales,Intern,7,Tier 2,708979
799,Finance,Manager,18,Tier 1,2481332
800,IT,Manager,13,Tier 2,1829593
801,HR,Associate,10,Tier 3,1019976
802,HR,Senior Dev,8,Tier 1,1347376
803,IT,Manager,2,Tier 3,1004199
804,HR,Analyst,5,Tier 1,735876
805,Finance,Associate,4,Tier 1,778245
806,HR,Intern,14,Tier 1,1270726
807,Marketing,Lead,16,Tier 2,1842600
808,Marketing,Associate,2,Tier 3,508297
809,Operations,Senior Dev,16,Tier 3,1556172
810,Support,Associate,9,Tier 2,1022850
811,Finance,Lead,17,Tier 2,1887425
812,IT,Director,16,Tier 3,2177319
813,Support,Intern,2,Tier 3,318831
814,HR,Senior Dev,2,Tier 3,744028
815,Support,Lead,14,Tier 2,1723720
816,HR,Analyst,3,Tier 2,532701
817,Finance,Director,4,Tier 3,1454641
818,Sales,Intern,10,Tier 3,788024
819,Marketing,Director,2,Tier 3,1333642
820,Support,Analyst,8,Tier 2,845602
821,Marketing,Analyst,1,Tier 1,445931
822,Finance,Manager,9,Tier 3,1439192
823,HR,Senior Dev,14,Tier 1,1812520
824,Operations,Senior Dev,4,Tier 2,952762
825,Marketing,Analyst,1,Tier 1,445559
826,Finance,Intern,14,Tier 2,1118133
827,Finance,Analyst,7,Tier 1,891754
828,Marketing,Manager,4,Tier 1,1400295
829,Marketing,Director,17,Tier 2,2441125
830,Marketing,Director,4,Tier 3,1419903
831,Marketing,Lead,12,Tier 1,1786755
832,Operations,Senior Dev,4,Tier 1,1041452
833,Support,Director,16,Tier 2,2384001
834,Marketing,Director,7,Tier 3,1599516
835,Support,Director,18,Tier 2,2497129
836,Marketing,Intern,2,Tier 3,291591
837,Support,Director,7,Tier 3,1620561
838,Finance,Intern,7,Tier 2,705082
839,Sales,Manager,12,Tier 1,2029080
840,IT,Lead,5,Tier 3,990695
841,Sales,Director,18,Tier 1,2871535
842,Sales,Analyst,7,Tier 3,692139
843,Support,Director,0,Tier 2,1321290
844,Support,Director,15,Tier 2,2298088
845,Support,Lead,12,Tier 3,1423130
846,Sales,Lead,12,Tier 2,1564088
847,Support,Director,9,Tier 2,1904670
848,Sales,Senior Dev,5,Tier 1,1148947
849,Finance,Lead,6,Tier 1,1343874
850,Finance,Manager,12,Tier 1,2004017
851,Finance,Senior Dev,18,Tier 3,1704302
852,IT,Director,9,Tier 2,1924329
853,Operations,Senior Dev,10,Tier 1,1481700
854,IT,Manager,6,Tier 1,1581766
855,HR,Analyst,17,Tier 1,1638787
856,IT,Analyst,1,Tier 3,378845
857,Operations,Manager,12,Tier 1,2021588
858,Sales,Manager,11,Tier 2,1719062
859,Sales,Analyst,1,Tier 1,441727
860,IT,Intern,12,Tier 2,991882
861,Support,Intern,16,Tier 1,1454832
862,Operations,Intern,7,Tier 2,683966
863,Support,Intern,1,Tier 2,268987
864,Support,Senior Dev,12,Tier 2,1423007
865,Support,Analyst,5,Tier 3,580706
866,Finance,Lead,6,Tier 2,1165257
867,Support,Manager,8,Tier 1,1737207
868,Operations,Manager,1,Tier 1,1171435
869,Support,Lead,14,Tier 3,1535821
870,Sales,Director,4,Tier 2,1559084
871,HR,Senior Dev,3,Tier 2,835059
872,Finance,Manager,3,Tier 2,1208417
873,HR,Analyst,3,Tier 3,497295
874,Operations,Lead,16,Tier 3,1644859
875,Marketing,Manager,16,Tier 3,1838073
876,HR,Director,0,Tier 2,1347365
877,IT,Associate,17,Tier 1,1747353
878,Finance,Analyst,13,Tier 3,1087567
879,Operations,Director,14,Tier 2,2238860
880,IT,Intern,11,Tier 1,1056939
881,Marketing,Director,2,Tier 1,1641427
882,Marketing,Analyst,11,Tier 1,1191510
883,Marketing,Intern,10,Tier 2,894064
884,Finance,Associate,5,Tier 1,876598
885,Support,Associate,14,Tier 1,1547570
886,Support,Intern,10,Tier 3,799241
887,HR,Manager,1,Tier 2,1052029
888,Support,Intern,1,Tier 2,292124
889,Marketing,Director,3,Tier 1,1709288
890,Operations,Manager,2,Tier 1,1251540
891,Marketing,Associate,8,Tier 3,866422
892,Sales,Intern,14,Tier 3,1051846
893,Marketing,Lead,10,Tier 3,1293411
894,IT,Senior Dev,1,Tier 2,742766
895,HR,Director,13,Tier 1,2497307
896,Sales,Analyst,10,Tier 3,892042
897,Marketing,Associate,2,Tier 2,594048
898,IT,Intern,11,Tier 2,944087
899,HR,Intern,14,Tier 3,1026335
900,Sales,Associate,4,Tier 1,798602
901,Marketing,Analyst,19,Tier 1,1818901
902,Marketing,Associate,18,Tier 2,1630196
903,Marketing,Manager,2,Tier 2,1097626
904,Finance,Intern,0,Tier 2,202857
905,Finance,Senior Dev,5,Tier 2,979982
906,Finance,Associate,1,Tier 3,431980
907,Finance,Intern,2,Tier 3,316431
908,Finance,Lead,16,Tier 2,1837752
909,HR,Manager,11,Tier 1,1946385
910,IT,Analyst,14,Tier 3,1133019
911,Finance,Manager,15,Tier 1,2239994
912,Marketing,Manager,7,Tier 2,1443563
913,Support,Associate,13,Tier 2,1318136
914,Marketing,Intern,16,Tier 1,1456444
915,IT,Associate,7,Tier 3,798782
916,HR,Analyst,13,Tier 2,1178017
917,Sales,Manager,19,Tier 2,2253110
918,Sales,Intern,2,Tier 1,387343
919,Marketing,Intern,11,Tier 1,1086652
920,Support,Senior Dev,2,Tier 2,777251
921,Operations,Intern,13,Tier 2,1048526
922,HR,Intern,13,Tier 3,961536
923,Finance,Director,11,Tier 3,1881027
924,Finance,Manager,3,Tier 2,1166712
925,Sales,Director,5,Tier 2,1629208
926,IT,Associate,1,Tier 1,599615
927,Sales,Director,7,Tier 1,2052738
928,Finance,Senior Dev,12,Tier 3,1326935
929,Operations,Director,17,Tier 1,2771589
930,Marketing,Senior Dev,17,Tier 3,1607773
931,Finance,Director,14,Tier 1,2561125
932,Sales,Manager,10,Tier 3,1491804
933,Finance,Associate,0,Tier 2,461195
934,HR,Director,5,Tier 3,1522648
935,IT,Director,7,Tier 3,1639930
936,Operations,Director,18,Tier 3,2296167
937,Sales,Manager,8,Tier 3,1393408
938,Support,Intern,11,Tier 1,1097269
939,Marketing,Director,14,Tier 2,2222783
940,Finance,Director,19,Tier 3,2345488
941,Support,Director,9,Tier 3,1719127
942,Marketing,Senior Dev,17,Tier 3,1647184
943,HR,Manager,1,Tier 1,1176368
944,Finance,Associate,0,Tier 1,516824
945,Marketing,Manager,12,Tier 3,1608333
946,Finance,Associate,0,Tier 3,393116
947,Marketing,Associate,19,Tier 3,1566985
948,IT,Senior Dev,6,Tier 2,1069201
949,IT,Senior Dev,5,Tier 3,893398
950,Marketing,Senior Dev,13,Tier 2,1498361
951,Operations,Associate,17,Tier 1,1748041
952,Marketing,Senior Dev,9,Tier 3,1119078
953,IT,Director,11,Tier 3,1881047
954,Marketing,Manager,10,Tier 3,1527660
955,Sales,Director,2,Tier 3,1339786
956,Support,Associate,5,Tier 3,688440
957,IT,Analyst,5,Tier 2,682296
958,HR,Senior Dev,6,Tier 2,1085614
959,HR,Senior Dev,8,Tier 2,1183291
960,Sales,Intern,7,Tier 3,626679
961,Operations,Manager,17,Tier 3,1893389
962,Support,Associate,19,Tier 3,1523629
963,Support,Analyst,14,Tier 2,1248826
964,Marketing,Manager,6,Tier 1,1578226
965,Support,Senior Dev,19,Tier 2,1916975
966,Operations,Director,3,Tier 2,1499653
967,Support,Associate,2,Tier 2,598446
968,Support,Senior Dev,8,Tier 1,1377019
969,Finance,Analyst,9,Tier 1,1056877
970,Marketing,Intern,10,Tier 2,865313
971,Operations,Associate,11,Tier 3,1040326
972,IT,Associate,11,Tier 3,1031560
973,Marketing,Lead,12,Tier 1,1762650
974,HR,Intern,18,Tier 2,1398022
975,Operations,Analyst,13,Tier 3,1102579
976,Marketing,Analyst,12,Tier 3,1008311
977,Finance,Manager,18,Tier 3,1974363
978,Finance,Lead,17,Tier 3,1700181
979,HR,Lead,17,Tier 1,2136082
980,HR,Analyst,4,Tier 2,612479
981,Sales,Analyst,8,Tier 3,775658
982,Operations,Manager,2,Tier 1,1259025
983,Marketing,Director,18,Tier 3,2278706
984,Sales,Director,14,Tier 3,2043120
985,Operations,Director,6,Tier 1,1950027
986,Support,Intern,16,Tier 2,1253005
987,HR,Manager,19,Tier 2,2261908
988,Sales,Associate,3,Tier 1,720963
989,Marketing,Analyst,19,Tier 1,1803723
990,Marketing,Analyst,17,Tier 2,1472864
991,Support,Analyst,18,Tier 2,1492703
992,Finance,Senior Dev,8,Tier 1,1326563
993,Support,Manager,1,Tier 3,952015
994,Sales,Manager,3,Tier 1,1363585
995,Operations,Manager,14,Tier 3,1736017
996,Finance,Manager,3,Tier 2,1217141
997,Support,Manager,6,Tier 3,1242201
998,Operations,Associate,18,Tier 1,1837778
999,Operations,Associate,11,Tier 1,1347866
1000,Marketing,Lead,12,Tier 3,1423297
1001,Support,Manager,7,Tier 3,1309342
1002,Finance,Manager,0,Tier 3,897490
1003,Support,Analyst,7,Tier 3,716723
1004,HR,Lead,15,Tier 3,1582765
1005,HR,Analyst,9,Tier 3,851899
1006,HR,Director,13,Tier 3,1972861
1007,Support,Analyst,1,Tier 2,399142
1008,HR,Senior Dev,4,Tier 2,938965
1009,Support,Analyst,12,Tier 2,1096648
1010,IT,Lead,14,Tier 2,1696781
1011,Finance,Intern,6,Tier 2,633064
1012,Sales,Manager,19,Tier 2,2255089
1013,Sales,Manager,6,Tier 2,1401893
1014,Finance,Director,16,Tier 2,2372616
1015,Operations,Lead,1,Tier 2,864596
1016,Finance,Analyst,4,Tier 2,607006
1017,IT,Manager,0,Tier 2,981927
1018,Support,Analyst,11,Tier 2,1058419
1019,Operations,Manager,12,Tier 1,2051214
1020,Marketing,Director,14,Tier 2,2253198
1021,HR,Analyst,10,Tier 3,922233
1022,HR,Senior Dev,2,Tier 1,903397
1023,Operations,Associate,13,Tier 3,1160831
1024,Marketing,Intern,9,Tier 3,715724
1025,Sales,Intern,9,Tier 2,795083
1026,Operations,Intern,8,Tier 3,692240
1027,Support,Lead,4,Tier 3,958403
1028,Sales,Associate,7,Tier 1,1008994
1029,Support,Intern,11,Tier 2,939040
1030,Sales,Analyst,19,Tier 3,1452267
1031,Sales,Lead,10,Tier 2,1455204
1032,Finance,Director,14,Tier 1,2526116
1033,HR,Manager,11,Tier 2,1712788
1034,Support,Senior Dev,16,Tier 2,1722336
1035,Finance,Intern,11,Tier 3,844135
1036,Sales,Analyst,14,Tier 2,1225742
1037,IT,Director,5,Tier 2,1620619
1038,IT,Senior Dev,19,Tier 2,1904337
1039,HR,Director,13,Tier 2,2164001
1040,IT,Senior Dev,8,Tier 3,1097614
1041,Support,Associate,4,Tier 3,635619
1042,Finance,Manager,0,Tier 3,909030
1043,IT,Analyst,2,Tier 3,410677
1044,Operations,Senior Dev,4,Tier 1,1048404
1045,Operations,Lead,4,Tier 1,1174856
1046,Operations,Intern,16,Tier 2,1279997
1047,Marketing,Director,11,Tier 1,2348737
1048,Sales,Associate,19,Tier 2,1715892
1049,Operations,Lead,17,Tier 3,1691239
1050,HR,Intern,10,Tier 1,970125
1051,Operations,Director,1,Tier 3,1275272
1052,Operations,Associate,17,Tier 1,1803552
1053,Sales,Associate,6,Tier 1,974494
1054,IT,Lead,14,Tier 3,1516570
1055,HR,Director,17,Tier 3,2199110
1056,Support,Manager,11,Tier 1,1933605
1057,Finance,Manager,19,Tier 2,2253062
1058,HR,Lead,12,Tier 2,1544595
1059,IT,Director,15,Tier 1,2596969
1060,Marketing,Intern,9,Tier 1,912275
1061,Support,Director,7,Tier 3,1600225
1062,Sales,Manager,0,Tier 3,911974
1063,Finance,Director,7,Tier 1,2018196
1064,Operations,Analyst,5,Tier 3,607380
1065,IT,Director,14,Tier 3,2055141
1066,HR,Analyst,14,Tier 2,1272320
1067,Marketing,Director,10,Tier 1,2242473
1068,Marketing,Manager,17,Tier 2,2110625
1069,Finance,Manager,16,Tier 1,2319089
1070,HR,Intern,7,Tier 1,745302
1071,Finance,Lead,7,Tier 3,1134912
1072,IT,Senior Dev,11,Tier 3,1280138
1073,Operations,Senior Dev,7,Tier 1,1282208
1074,HR,Senior Dev,13,Tier 3,1380659
1075,HR,Intern,0,Tier 1,255840
1076,Finance,Associate,18,Tier 2,1611598
1077,IT,Associate,15,Tier 1,1641733
1078,IT,Associate,15,Tier 3,1283380
1079,HR,Director,8,Tier 2,1862633
1080,Support,Intern,1,Tier 1,332873
1081,Marketing,Director,5,Tier 3,1519726
1082,Finance,Associate,8,Tier 3,857848
1083,Finance,Associate,15,Tier 1,1601924
1084,HR,Manager,8,Tier 1,1747980
1085,Operations,Associate,12,Tier 2,1221614
1086,HR,Intern,8,Tier 2,757882
1087,IT,Intern,3,Tier 2,436508
1088,Finance,Lead,5,Tier 2,1099165
1089,Finance,Lead,3,Tier 3,876213
1090,Operations,Intern,18,Tier 1,1606321
1091,Operations,Lead,17,Tier 2,1893116
1092,Sales,Associate,8,Tier 1,1118406
1093,HR,Lead,18,Tier 1,2212772
1094,Finance,Senior Dev,10,Tier 3,1173712
1095,Support,Analyst,6,Tier 2,722200
1096,Support,Lead,14,Tier 2,1687616
1097,Finance,Director,11,Tier 1,2332574
1098,IT,Analyst,14,Tier 2,1233108
1099,Marketing,Manager,18,Tier 1,2480643
1100,Finance,Analyst,0,Tier 2,345360
1101,Operations,Associate,16,Tier 2,1497010
1102,Support,Director,11,Tier 3,1844437
1103,Support,Intern,10,Tier 1,1009778
1104,Finance,Senior Dev,7,Tier 1,1301269
1105,Marketing,Director,9,Tier 3,1735537
1106,Support,Director,13,Tier 1,2457040
1107,Finance,Director,2,Tier 3,1312612
1108,IT,Senior Dev,7,Tier 2,1127631
1109,Support,Analyst,1,Tier 3,373461
1110,Marketing,Analyst,11,Tier 2,1047636
1111,Marketing,Manager,1,Tier 3,983551
1112,IT,Manager,4,Tier 1,1422598
1113,Finance,Director,11,Tier 3,1876819
1114,HR,Lead,14,Tier 2,1672234
1115,Marketing,Manager,15,Tier 2,1976966
1116,Finance,Manager,5,Tier 1,1486173
1117,Finance,Analyst,17,Tier 3,1316987
1118,Operations,Associate,10,Tier 2,1128348
1119,HR,Lead,10,Tier 3,1311974
1120,IT,Associate,15,Tier 2,1459182
1121,IT,Senior Dev,14,Tier 2,1610088
1122,Finance,Lead,3,Tier 3,858906
1123,Marketing,Analyst,18,Tier 2,1532814
1124,Sales,Director,3,Tier 2,1501076
1125,Operations,Associate,12,Tier 2,1239650
1126,Operations,Lead,1,Tier 2,852413
1127,Finance,Senior Dev,3,Tier 2,835151
1128,IT,Associate,19,Tier 2,1691117
1129,Operations,Associate,14,Tier 2,1347467
1130,Support,Analyst,2,Tier 3,446463
1131,IT,Lead,9,Tier 3,1264691
1132,Marketing,Director,17,Tier 2,2424289
1133,Finance,Manager,16,Tier 2,2059596
1134,HR,Intern,3,Tier 2,422905
1135,Sales,Analyst,10,Tier 2,994054
1136,Operations,Lead,11,Tier 3,1378713
1137,IT,Senior Dev,6,Tier 3,937052
1138,IT,Analyst,6,Tier 3,653486
1139,HR,Intern,16,Tier 2,1270489
1140,IT,Intern,9,Tier 2,838199
1141,HR,Analyst,3,Tier 3,504355
1142,IT,Lead,3,Tier 2,950149
1143,Finance,Senior Dev,6,Tier 3,989189
1144,HR,Senior Dev,0,Tier 3,591675
1145,Operations,Lead,12,Tier 3,1403673
1146,Sales,Intern,14,Tier 3,1021130
1147,Operations,Manager,12,Tier 2,1767222
1148,IT,Analyst,8,Tier 1,997249
1149,Finance,Director,8,Tier 1,2086393
1150,Support,Analyst,9,Tier 3,869975
1151,Finance,Manager,15,Tier 2,2000224
1152,IT,Analyst,4,Tier 2,618851
1153,Marketing,Analyst,17,Tier 1,1659575
1154,Operations,Analyst,18,Tier 2,1524451
1155,Support,Intern,6,Tier 1,706041
1156,Marketing,Lead,17,Tier 1,2157778
1157,Marketing,Associate,3,Tier 1,698040
1158,HR,Lead,17,Tier 3,1716160
1159,Finance,Lead,2,Tier 3,842331
1160,Marketing,Intern,1,Tier 2,285344
1161,Marketing,Lead,16,Tier 1,2086621
1162,Support,Associate,15,Tier 3,1272852
1163,Marketing,Analyst,14,Tier 1,1422042
1164,Marketing,Intern,6,Tier 2,609711
1165,HR,Associate,10,Tier 1,1277993
1166,Operations,Associate,8,Tier 3,877213
1167,HR,Intern,12,Tier 1,1159420
1168,Finance,Intern,1,Tier 2,273727
1169,HR,Intern,2,Tier 2,326358
1170,Sales,Intern,17,Tier 1,1523482
1171,Marketing,Director,9,Tier 2,1916117
1172,Sales,Associate,6,Tier 2,838496
1173,Finance,Director,10,Tier 2,1994311
1174,IT,Intern,13,Tier 3,988467
1175,HR,Associate,5,Tier 2,750793
1176,Sales,Intern,6,Tier 3,569532
1177,Support,Manager,13,Tier 1,2082323
1178,Sales,Associate,7,Tier 1,1041820
1179,IT,Director,0,Tier 2,1297843
1180,Support,Intern,2,Tier 2,338456
1181,Operations,Associate,7,Tier 2,926624
1182,Finance,Lead,5,Tier 3,972472
1183,Finance,Analyst,6,Tier 2,745859
1184,Support,Intern,12,Tier 2,988704
1185,Sales,Analyst,1,Tier 3,335051
1186,HR,Director,4,Tier 3,1412475
1187,Operations,Director,7,Tier 2,1808549
1188,HR,Lead,7,Tier 3,1148929
1189,HR,Senior Dev,2,Tier 3,730747
1190,Operations,Manager,2,Tier 3,998533
1191,Sales,Senior Dev,5,Tier 1,1100249
1192,Operations,Associate,11,Tier 3,1049201
1193,Marketing,Intern,5,Tier 2,578576
1194,Marketing,Manager,2,Tier 2,1151745
1195,Marketing,Manager,19,Tier 1,2552007
1196,Sales,Manager,11,Tier 3,1560137
1197,Support,Analyst,3,Tier 3,497556
1198,IT,Lead,12,Tier 1,1793604
1199,Finance,Senior Dev,14,Tier 2,1579592
1200,Finance,Lead,15,Tier 2,1765433
1201,Sales,Lead,15,Tier 3,1573083
1202,Finance,Director,16,Tier 2,2392479
1203,IT,Director,11,Tier 3,1850103
1204,Finance,Intern,19,Tier 3,1320754
1205,Operations,Manager,15,Tier 1,2235901
1206,Support,Manager,12,Tier 3,1597446
1207,Marketing,Senior Dev,18,Tier 2,1866231
1208,Sales,Intern,4,Tier 1,575251
1209,Operations,Intern,7,Tier 3,631323
1210,Finance,Senior Dev,0,Tier 3,602376
1211,HR,Lead,19,Tier 1,2290421
1212,Finance,Associate,17,Tier 1,1771342
1213,Sales,Director,0,Tier 2,1340164
1214,Marketing,Director,15,Tier 1,2605699
1215,Sales,Manager,5,Tier 1,1479715
1216,Marketing,Manager,1,Tier 2,1085900
1217,Sales,Senior Dev,13,Tier 3,1366163
1218,IT,Director,0,Tier 1,1475782
1219,HR,Director,17,Tier 2,2470945
1220,HR,Manager,8,Tier 2,1537492
1221,Finance,Senior Dev,1,Tier 1,825682
1222,HR,Analyst,8,Tier 2,846880
1223,HR,Associate,10,Tier 3,1008067
1224,Support,Senior Dev,3,Tier 3,787174
1225,HR,Director,5,Tier 3,1487826
1226,IT,Director,10,Tier 2,1960382
1227,HR,Manager,4,Tier 1,1419819
1228,Marketing,Lead,9,Tier 2,1370875
1229,Operations,Manager,14,Tier 1,2178328
1230,HR,Manager,9,Tier 1,1795169
1231,HR,Analyst,12,Tier 3,1024594
1232,HR,Analyst,9,Tier 1,1027629
1233,Sales,Lead,5,Tier 1,1272290
1234,HR,Senior Dev,15,Tier 3,1501750
1235,Finance,Director,19,Tier 2,2584461
1236,IT,Lead,8,Tier 1,1457686
1237,Marketing,Intern,2,Tier 1,376721
1238,Support,Analyst,1,Tier 1,472130
1239,IT,Intern,17,Tier 3,1197373
1240,Sales,Senior Dev,19,Tier 3,1765249
1241,Finance,Director,9,Tier 2,1889656
1242,Support,Associate,1,Tier 1,553984
1243,Operations,Lead,0,Tier 1,898411
1244,Finance,Associate,13,Tier 3,1181552
1245,IT,Senior Dev,13,Tier 3,1381055
1246,Support,Intern,13,Tier 3,964716
1247,HR,Lead,19,Tier 3,1821138
1248,Operations,Manager,2,Tier 2,1143112
1249,Support,Senior Dev,5,Tier 2,1010200
1250,HR,Director,12,Tier 3,1938244
1251,IT,Analyst,1,Tier 1,468519
1252,HR,Intern,1,Tier 3,247347
1253,Marketing,Senior Dev,14,Tier 3,1456659
1254,IT,Director,12,Tier 3,1913563
1255,IT,Manager,12,Tier 2,1760734
1256,Sales,Analyst,13,Tier 1,1348179
1257,IT,Director,17,Tier 2,2464188
1258,IT,Manager,5,Tier 1,1521871
1259,Marketing,Director,10,Tier 3,1790733
1260,Operations,Manager,1,Tier 2,1063947
1261,Support,Manager,18,Tier 3,1956430
1262,IT,Manager,18,Tier 2,2161828
1263,IT,Senior Dev,18,Tier 2,1860913
1264,Operations,Analyst,9,Tier 2,933256
1265,Operations,Manager,1,Tier 1,1225677
1266,HR,Senior Dev,10,Tier 3,1219841
1267,IT,Lead,14,Tier 3,1535032
1268,Sales,Manager,18,Tier 3,1994936
1269,Sales,Intern,2,Tier 3,295448
1270,Finance,Lead,13,Tier 3,1459074
1271,Operations,Manager,6,Tier 3,1261823
1272,Finance,Senior Dev,15,Tier 3,1493291
1273,Marketing,Intern,0,Tier 2,222003
1274,Marketing,Lead,3,Tier 2,972406
1275,HR,Lead,7,Tier 3,1113312
1276,HR,Manager,4,Tier 1,1396382
1277,Support,Analyst,19,Tier 2,1557292
1278,Marketing,Senior Dev,19,Tier 1,2178187
1279,Finance,Intern,5,Tier 2,572454
1280,IT,Director,17,Tier 1,2760422
1281,Sales,Lead,4,Tier 3,942371
1282,Support,Analyst,2,Tier 1,526238
1283,IT,Director,13,Tier 3,1981174
1284,Support,Director,4,Tier 2,1592908
1285,Support,Analyst,4,Tier 1,649481
1286,IT,Director,5,Tier 2,1627758
1287,Finance,Senior Dev,9,Tier 1,1419022
1288,IT,Senior Dev,6,Tier 2,1051476
1289,Support,Senior Dev,0,Tier 1,742740
1290,Operations,Director,17,Tier 3,2237596
1291,Marketing,Intern,17,Tier 1,1542076
1292,Finance,Associate,12,Tier 1,1370671
1293,Sales,Associate,3,Tier 1,736424
1294,IT,Analyst,2,Tier 1,548744
1295,IT,Intern,10,Tier 1,974798
1296,HR,Director,19,Tier 3,2365039
1297,Finance,Intern,3,Tier 1,470121
1298,Sales,Manager,19,Tier 1,2557487
1299,IT,Manager,17,Tier 2,2103223
1300,Marketing,Director,2,Tier 3,1304056
1301,Support,Senior Dev,19,Tier 3,1740620
1302,Sales,Director,5,Tier 3,1529945
1303,IT,Associate,9,Tier 1,1188404
1304,HR,Intern,16,Tier 2,1299352
1305,Finance,Senior Dev,16,Tier 3,1533191
1306,Finance,Intern,8,Tier 1,845000
1307,Sales,Analyst,0,Tier 2,349723
1308,IT,Senior Dev,15,Tier 2,1626172
1309,Marketing,Intern,0,Tier 3,193561
1310,IT,Director,17,Tier 1,2765281
1311,IT,Senior Dev,7,Tier 3,1015364
1312,Sales,Director,10,Tier 3,1797425
1313,Operations,Director,7,Tier 3,1618602
1314,Finance,Director,7,Tier 3,1613472
1315,IT,Analyst,14,Tier 1,1403080
1316,Finance,Intern,12,Tier 3,921186
1317,Marketing,Associate,4,Tier 2,704111
1318,Support,Intern,11,Tier 3,852614
1319,Finance,Associate,4,Tier 1,811991
1320,HR,Manager,12,Tier 3,1642423
1321,HR,Intern,10,Tier 1,1006224
1322,HR,Intern,12,Tier 1,1148082
1323,Sales,Director,2,Tier 2,1457479
1324,Finance,Lead,16,Tier 3,1648052
1325,Finance,Senior Dev,19,Tier 2,1906804
1326,Marketing,Analyst,7,Tier 1,914857
1327,IT,Director,13,Tier 3,1998355
1328,Sales,Associate,10,Tier 3,974531
1329,Sales,Intern,14,Tier 3,1048098
1330,HR,Senior Dev,6,Tier 2,1085890
1331,HR,Director,18,Tier 3,2278138
1332,Operations,Manager,4,Tier 1,1436732
1333,Operations,Manager,7,Tier 1,1625439
1334,Marketing,Manager,9,Tier 2,1596533
1335,Sales,Director,14,Tier 1,2533279
1336,Sales,Associate,15,Tier 1,1639251
1337,Sales,Lead,16,Tier 3,1647630
1338,Support,Associate,7,Tier 1,1047991
1339,Sales,Analyst,7,Tier 1,905144
1340,Operations,Lead,1,Tier 2,837182
1341,Finance,Associate,17,Tier 3,1415538
1342,Sales,Director,16,Tier 1,2720979
1343,Sales,Manager,3,Tier 3,1076189
1344,Finance,Associate,8,Tier 3,909560
1345,Marketing,Associate,17,Tier 1,1791857
1346,HR,Associate,3,Tier 1,720227
1347,HR,Director,7,Tier 1,2012153
1348,Operations,Senior Dev,12,Tier 3,1332676
1349,Marketing,Lead,15,Tier 3,1579503
1350,Finance,Director,1,Tier 3,1287866
1351,Finance,Intern,9,Tier 2,829838
1352,Finance,Analyst,16,Tier 1,1603279
1353,Operations,Analyst,17,Tier 3,1316806
1354,Finance,Manager,8,Tier 2,1510168
1355,Support,Associate,7,Tier 1,1033714
1356,Operations,Associate,13,Tier 2,1323419
1357,Support,Intern,17,Tier 1,1522413
1358,Operations,Senior Dev,19,Tier 3,1712461
1359,Operations,Senior Dev,19,Tier 1,2191804
1360,Finance,Analyst,11,Tier 1,1197935
1361,Operations,Senior Dev,18,Tier 2,1851453
1362,Operations,Lead,16,Tier 1,2101183
1363,HR,Senior Dev,2,Tier 2,792841
1364,Support,Associate,6,Tier 3,740736
1365,Support,Associate,11,Tier 3,1080408
1366,IT,Senior Dev,14,Tier 3,1466849
1367,Support,Associate,12,Tier 2,1241933
1368,Operations,Manager,7,Tier 1,1653069
1369,HR,Associate,7,Tier 1,1050533
1370,Finance,Associate,6,Tier 1,949334
1371,IT,Manager,11,Tier 2,1728719
1372,Operations,Analyst,10,Tier 1,1123927
1373,Finance,Director,10,Tier 2,2008712
1374,Sales,Analyst,12,Tier 1,1264921
1375,Support,Intern,1,Tier 1,340268
1376,IT,Director,14,Tier 3,2065731
1377,Sales,Analyst,17,Tier 2,1466638
1378,Operations,Manager,14,Tier 2,1920850
1379,Support,Lead,11,Tier 3,1387804
1380,IT,Intern,10,Tier 2,877044
1381,Support,Manager,0,Tier 2,968706
1382,Operations,Associate,18,Tier 3,1466406
1383,IT,Manager,6,Tier 1,1584019
1384,Sales,Lead,14,Tier 2,1673496
1385,Operations,Intern,4,Tier 1,549806
1386,HR,Manager,7,Tier 2,1463321
1387,Operations,Lead,15,Tier 3,1592656
1388,IT,Senior Dev,11,Tier 1,1570860
1389,HR,Analyst,2,Tier 2,448832
1390,IT,Intern,3,Tier 2,436231
1391,Operations,Analyst,2,Tier 1,516727
1392,Marketing,Intern,9,Tier 1,952185
1393,Sales,Manager,10,Tier 3,1472520
1394,Operations,Lead,9,Tier 3,1244196
1395,Support,Analyst,13,Tier 1,1334566
1396,Marketing,Associate,1,Tier 3,461656
1397,Support,Analyst,15,Tier 3,1207900
1398,HR,Lead,8,Tier 1,1496699
1399,Finance,Intern,3,Tier 3,397701
1400,Support,Intern,9,Tier 2,803033
1401,Sales,Associate,11,Tier 3,1056832
1402,IT,Associate,13,Tier 3,1200189
1403,Sales,Senior Dev,1,Tier 2,736372
1404,Sales,Associate,19,Tier 1,1946786
1405,Operations,Lead,15,Tier 2,1764546
1406,IT,Senior Dev,5,Tier 1,1107087
1407,Sales,Director,18,Tier 1,2870276
1408,Operations,Intern,3,Tier 1,454596
1409,Operations,Lead,3,Tier 1,1112003
1410,Support,Intern,9,Tier 1,942639
1411,IT,Manager,2,Tier 2,1115705
1412,Support,Associate,4,Tier 3,617909
1413,Operations,Senior Dev,7,Tier 3,1044118
1414,HR,Senior Dev,9,Tier 1,1421661
1415,IT,Manager,13,Tier 3,1688659
1416,Support,Senior Dev,12,Tier 2,1437379
1417,HR,Intern,16,Tier 3,1157766
1418,Support,Lead,6,Tier 1,1297563
1419,IT,Associate,13,Tier 1,1448586
1420,IT,Senior Dev,4,Tier 1,1073583
1421,Support,Lead,19,Tier 2,2021523
1422,Marketing,Intern,1,Tier 1,311029
1423,Marketing,Analyst,17,Tier 3,1304226
1424,Finance,Lead,18,Tier 1,2239848
1425,Marketing,Associate,13,Tier 1,1500506
1426,Support,Intern,12,Tier 3,890541
1427,HR,Lead,5,Tier 2,1083428
1428,IT,Senior Dev,3,Tier 1,993831
1429,Support,Director,18,Tier 1,2877775
1430,Sales,Director,12,Tier 3,1919411
1431,Operations,Manager,16,Tier 3,1888550
1432,Finance,Associate,0,Tier 3,403937
1433,Marketing,Intern,19,Tier 1,1695288
1434,Finance,Director,14,Tier 1,2566026
1435,Marketing,Senior Dev,12,Tier 2,1434448
1436,Operations,Intern,16,Tier 1,1465253
1437,Sales,Lead,3,Tier 1,1119811
1438,IT,Associate,15,Tier 2,1418394
1439,HR,Director,14,Tier 2,2248501
1440,Operations,Director,14,Tier 2,2232509
1441,Support,Associate,10,Tier 2,1118998
1442,IT,Lead,8,Tier 3,1195657
1443,Support,Lead,15,Tier 3,1611796
1444,Marketing,Manager,19,Tier 1,2550268
1445,Marketing,Associate,9,Tier 1,1179865
1446,IT,Manager,2,Tier 2,1146220
1447,Sales,Lead,10,Tier 2,1428272
1448,IT,Senior Dev,12,Tier 3,1325525
1449,Sales,Senior Dev,16,Tier 1,1944570
1450,HR,Intern,12,Tier 2,1000994
1451,Operations,Lead,18,Tier 2,1945833
1452,Operations,Manager,2,Tier 2,1097017
1453,Finance,Senior Dev,18,Tier 1,2099252
1454,HR,Lead,4,Tier 1,1187963
1455,Support,Manager,16,Tier 1,2343201
1456,HR,Associate,4,Tier 3,653363
1457,Operations,Analyst,5,Tier 3,596201
1458,Operations,Associate,3,Tier 3,579309
1459,IT,Manager,6,Tier 2,1412614
1460,Operations,Lead,17,Tier 1,2172130
1461,HR,Intern,0,Tier 1,222839
1462,Marketing,Senior Dev,3,Tier 1,987821
1463,Operations,Lead,8,Tier 2,1281493
1464,IT,Associate,13,Tier 1,1491907
1465,Marketing,Intern,11,Tier 3,867051
1466,Support,Manager,19,Tier 2,2227975
1467,Sales,Analyst,3,Tier 3,473252
1468,Marketing,Associate,11,Tier 1,1332481
1469,Finance,Director,6,Tier 2,1686162
1470,Marketing,Analyst,13,Tier 2,1175015
1471,IT,Manager,9,Tier 2,1586591
1472,IT,Lead,15,Tier 3,1604782
1473,Support,Lead,9,Tier 2,1341896
1474,Support,Analyst,12,Tier 2,1141733
1475,Marketing,Analyst,11,Tier 1,1211800
1476,Support,Manager,12,Tier 3,1595347
1477,Marketing,Manager,10,Tier 3,1472643
1478,IT,Analyst,17,Tier 2,1440681
1479,Marketing,Senior Dev,10,Tier 3,1208328
1480,Finance,Director,3,Tier 3,1367073
1481,IT,Intern,0,Tier 3,200682
1482,HR,Intern,6,Tier 3,561358
1483,HR,Analyst,14,Tier 1,1409289
1484,IT,Director,10,Tier 2,1951171
1485,Marketing,Lead,14,Tier 1,1936903
1486,IT,Associate,6,Tier 1,970601
1487,HR,Associate,11,Tier 3,1066727
1488,Marketing,Senior Dev,13,Tier 2,1493432
1489,Marketing,Manager,4,Tier 2,1242745
1490,Marketing,Lead,17,Tier 3,1718228
1491,Support,Director,2,Tier 3,1342822
1492,Support,Associate,4,Tier 2,705703
1493,Operations,Intern,16,Tier 3,1148322
1494,IT,Manager,18,Tier 1,2467360
1495,HR,Associate,11,Tier 1,1311376
1496,HR,Lead,8,Tier 1,1451304
1497,Marketing,Manager,17,Tier 3,1919300
1498,Operations,Lead,3,Tier 3,875470
1499,Finance,Manager,9,Tier 2,1569352
1500,IT,Associate,6,Tier 1,953365
1501,Operations,Director,0,Tier 3,1179879
1502,Finance,Manager,1,Tier 2,1032171
1503,Sales,Associate,10,Tier 2,1116760
1504,Sales,Lead,6,Tier 3,1074629
1505,Marketing,Director,16,Tier 2,2367008
1506,HR,Senior Dev,1,Tier 2,746669
1507,Operations,Analyst,5,Tier 1,763617
1508,Marketing,Associate,0,Tier 2,457945
1509,Finance,Lead,4,Tier 3,927921
1510,HR,Analyst,15,Tier 1,1516136
1511,Marketing,Lead,1,Tier 1,976137
1512,Marketing,Intern,1,Tier 2,267407
1513,Marketing,Senior Dev,15,Tier 1,1857722
1514,IT,Director,6,Tier 3,1557733
1515,IT,Manager,11,Tier 1,1928535
1516,Finance,Analyst,14,Tier 3,1134487
1517,IT,Lead,5,Tier 3,1000651
1518,Sales,Director,9,Tier 3,1726994
1519,Marketing,Manager,18,Tier 3,1984622
1520,HR,Associate,16,Tier 3,1367823
1521,Support,Senior Dev,6,Tier 1,1188708
1522,Finance,Intern,19,Tier 3,1319369
1523,Support,Intern,3,Tier 1,475573
1524,HR,Intern,19,Tier 3,1340933
1525,HR,Intern,14,Tier 3,1016519
1526,Operations,Director,7,Tier 2,1782932
1527,Finance,Manager,14,Tier 3,1728133
1528,Finance,Lead,19,Tier 3,1824939
1529,Support,Senior Dev,13,Tier 2,1537050
1530,IT,Analyst,8,Tier 2,834823
1531,IT,Manager,16,Tier 2,2045118
1532,Sales,Manager,1,Tier 3,946280
1533,Marketing,Lead,2,Tier 2,914951
1534,Sales,Intern,11,Tier 1,1068648
1535,Finance,Director,9,Tier 2,1925971
1536,HR,Intern,2,Tier 1,391253
1537,Finance,Intern,6,Tier 3,578563
1538,Sales,Associate,17,Tier 3,1428314
1539,HR,Senior Dev,18,Tier 2,1824852
1540,HR,Manager,18,Tier 1,2474450
1541,Sales,Lead,11,Tier 3,1379159
1542,HR,Lead,8,Tier 2,1278403
1543,Finance,Analyst,4,Tier 1,652239
1544,Operations,Analyst,8,Tier 2,849038
1545,Marketing,Director,14,Tier 1,2542447
1546,HR,Senior Dev,13,Tier 1,1732991
1547,Finance,Senior Dev,17,Tier 3,1637657
1548,Sales,Senior Dev,19,Tier 1,2164909
1549,HR,Director,11,Tier 2,2030721
1550,Sales,Analyst,6,Tier 1,832711
1551,IT,Analyst,2,Tier 1,506116
1552,IT,Analyst,2,Tier 2,432282
1553,IT,Senior Dev,17,Tier 1,1996898
1554,Operations,Associate,7,Tier 3,796629
1555,Finance,Senior Dev,0,Tier 1,779611
1556,Operations,Analyst,0,Tier 3,324262
1557,HR,Manager,7,Tier 3,1323380
1558,Support,Lead,15,Tier 2,1750074
1559,HR,Lead,4,Tier 2,1006307
1560,IT,Associate,5,Tier 2,795661
1561,Finance,Analyst,18,Tier 2,1490591
1562,HR,Director,8,Tier 3,1665149
1563,IT,Director,15,Tier 3,2124400
1564,Support,Director,12,Tier 2,2124870
1565,Marketing,Intern,12,Tier 2,1038481
1566,Finance,Manager,3,Tier 1,1353691
1567,Support,Intern,5,Tier 1,596529
1568,Operations,Director,4,Tier 1,1779752
1569,Support,Associate,2,Tier 1,663360
1570,Support,Senior Dev,3,Tier 3,786632
1571,Finance,Lead,19,Tier 2,2018217
1572,Finance,Associate,4,Tier 2,706994
1573,Sales,Intern,8,Tier 2,727587
1574,Sales,Lead,5,Tier 3,1000129
1575,Sales,Analyst,5,Tier 2,660930
1576,HR,Intern,11,Tier 2,972696
1577,Sales,Intern,10,Tier 2,871953
1578,Finance,Intern,14,Tier 2,1160443
1579,HR,Intern,11,Tier 2,934888
1580,HR,Associate,1,Tier 1,591037
1581,Support,Intern,2,Tier 1,370587
1582,Marketing,Associate,15,Tier 2,1436116
1583,Marketing,Director,0,Tier 1,1495556
1584,Finance,Analyst,2,Tier 3,408099
1585,Sales,Lead,1,Tier 3,775096
1586,Support,Associate,18,Tier 2,1611230
1587,Sales,Associate,17,Tier 1,1750433
1588,Support,Lead,10,Tier 2,1439864
1589,IT,Analyst,15,Tier 2,1331855
1590,Operations,Manager,16,Tier 2,2022980
1591,Sales,Associate,11,Tier 2,1154058
1592,Marketing,Lead,14,Tier 3,1542602
1593,Finance,Analyst,2,Tier 1,507576
1594,Sales,Senior Dev,19,Tier 1,2172516
1595,IT,Senior Dev,15,Tier 2,1642433
1596,IT,Associate,1,Tier 2,513346
1597,IT,Analyst,7,Tier 3,700487
1598,Marketing,Analyst,14,Tier 1,1396958
1599,Finance,Director,5,Tier 2,1659112
1600,Operations,Intern,19,Tier 1,1673795
1601,Sales,Lead,0,Tier 2,761447
1602,Marketing,Manager,2,Tier 1,1300811
1603,Finance,Lead,14,Tier 2,1719077
1604,IT,Senior Dev,14,Tier 2,1610510
1605,Sales,Intern,2,Tier 2,331528
1606,HR,Associate,13,Tier 1,1453179
1607,HR,Associate,13,Tier 3,1205267
1608,Marketing,Intern,11,Tier 1,1068952
1609,Support,Senior Dev,6,Tier 3,963160
1610,Operations,Senior Dev,2,Tier 1,920939
1611,Support,Associate,12,Tier 2,1258526
1612,HR,Analyst,17,Tier 2,1472290
1613,Finance,Analyst,0,Tier 3,291125
1614,Support,Intern,1,Tier 3,245223
1615,Marketing,Lead,13,Tier 3,1452597
1616,Support,Lead,13,Tier 2,1600659
1617,Operations,Associate,7,Tier 2,887037
1618,Finance,Analyst,2,Tier 3,436738
1619,Sales,Associate,13,Tier 3,1172010
1620,HR,Senior Dev,19,Tier 3,1752864
1621,Support,Associate,7,Tier 3,813383
1622,Sales,Manager,13,Tier 1,2074249
1623,Support,Lead,5,Tier 3,1004518
1624,Marketing,Senior Dev,15,Tier 2,1624088
1625,IT,Lead,18,Tier 2,1984941
1626,Sales,Director,18,Tier 2,2497330
1627,Support,Analyst,9,Tier 3,831778
1628,Sales,Intern,8,Tier 3,709675
1629,Sales,Director,19,Tier 2,2554412
1630,Support,Associate,6,Tier 2,834365
1631,Support,Associate,8,Tier 3,861002
1632,HR,Director,18,Tier 3,2302142
1633,Marketing,Manager,19,Tier 2,2218493
1634,Support,Lead,5,Tier 1,1254228
1635,Marketing,Associate,3,Tier 3,581655
1636,HR,Manager,16,Tier 2,2065437
1637,Finance,Manager,8,Tier 3,1409711
1638,Operations,Manager,0,Tier 2,971639
1639,HR,Intern,19,Tier 3,1357192
1640,Operations,Lead,13,Tier 3,1479492
1641,Marketing,Director,2,Tier 3,1301240
1642,Finance,Senior Dev,13,Tier 2,1547613
1643,Finance,Senior Dev,8,Tier 3,1055827
1644,HR,Lead,3,Tier 3,900139
1645,IT,Lead,7,Tier 3,1104849
1646,Sales,Intern,8,Tier 3,690572
1647,IT,Analyst,13,Tier 3,1104869
1648,HR,Associate,8,Tier 2,990350
1649,Sales,Associate,15,Tier 1,1630292
1650,Finance,Analyst,16,Tier 2,1407631
1651,Marketing,Analyst,11,Tier 2,1080306
1652,Sales,Lead,10,Tier 1,1624165
1653,Operations,Director,17,Tier 3,2191492
1654,Finance,Manager,4,Tier 1,1408615
1655,Marketing,Manager,19,Tier 2,2258900
1656,Finance,Intern,2,Tier 3,297851
1657,Support,Lead,0,Tier 2,747156
1658,IT,Senior Dev,8,Tier 3,1069900
1659,Marketing,Senior Dev,8,Tier 1,1366403
1660,Marketing,Intern,2,Tier 3,299168
1661,Support,Intern,1,Tier 1,344879
1662,HR,Intern,0,Tier 2,236087
1663,Marketing,Analyst,12,Tier 3,1023110
1664,IT,Analyst,14,Tier 3,1144215
1665,Finance,Director,11,Tier 2,2022581
1666,Marketing,Director,11,Tier 3,1836317
1667,HR,Senior Dev,14,Tier 2,1603678
1668,IT,Senior Dev,8,Tier 2,1203714
1669,Sales,Lead,19,Tier 3,1833132
1670,Support,Intern,7,Tier 3,604868
1671,Sales,Intern,18,Tier 2,1420533
1672,Support,Intern,19,Tier 3,1362892
1673,Marketing,Director,18,Tier 1,2848803
1674,Marketing,Manager,6,Tier 1,1588355
1675,Marketing,Analyst,3,Tier 1,591909
1676,Marketing,Lead,11,Tier 1,1719068
1677,Sales,Manager,2,Tier 2,1103093
1678,IT,Senior Dev,11,Tier 2,1356193
1679,Marketing,Associate,1,Tier 2,527546
1680,Sales,Manager,8,Tier 2,1530752
1681,HR,Associate,7,Tier 3,832070
1682,Sales,Analyst,5,Tier 2,670197
1683,HR,Analyst,17,Tier 2,1448512
1684,HR,Lead,11,Tier 1,1698933
1685,Marketing,Manager,7,Tier 2,1468546
1686,IT,Senior Dev,9,Tier 3,1134000
1687,HR,Intern,12,Tier 2,984800
1688,Support,Analyst,2,Tier 1,525119
1689,Operations,Director,13,Tier 2,2153410
1690,Operations,Lead,15,Tier 2,1786044
1691,Operations,Analyst,19,Tier 2,1584519
1692,Sales,Intern,16,Tier 2,1252796
1693,IT,Analyst,5,Tier 3,613056
1694,HR,Manager,13,Tier 1,2124128
1695,Sales,Senior Dev,7,Tier 1,1282418
1696,HR,Director,19,Tier 3,2347755
1697,Sales,Analyst,0,Tier 3,307465
1698,Operations,Senior Dev,6,Tier 3,946724
1699,IT,Senior Dev,16,Tier 3,1547087
1700,Finance,Lead,9,Tier 2,1339482
1701,Marketing,Associate,8,Tier 1,1120952
1702,Sales,Intern,4,Tier 1,524912
1703,HR,Senior Dev,8,Tier 2,1191623
1704,Support,Analyst,18,Tier 2,1532602
1705,Support,Analyst,6,Tier 1,844334
1706,Finance,Intern,8,Tier 1,842054
1707,IT,Senior Dev,12,Tier 2,1444207
1708,Operations,Analyst,10,Tier 1,1129285
1709,HR,Associate,18,Tier 3,1471386
1710,Finance,Analyst,12,Tier 3,1049518
1711,Operations,Analyst,13,Tier 1,1372780
1712,IT,Associate,0,Tier 1,514199
1713,Marketing,Intern,11,Tier 3,838210
1714,Finance,Director,11,Tier 1,2340639
1715,IT,Lead,7,Tier 2,1257284
1716,Finance,Associate,12,Tier 3,1134299
1717,Support,Associate,15,Tier 2,1422432
1718,Operations,Intern,12,Tier 1,1175398
1719,Marketing,Manager,4,Tier 1,1432383
1720,Support,Manager,13,Tier 1,2083654
1721,Sales,Manager,12,Tier 2,1807726
1722,Support,Intern,16,Tier 2,1268190
1723,Support,Associate,19,Tier 2,1687377
1724,IT,Director,17,Tier 1,2749033
1725,HR,Director,3,Tier 2,1505373
1726,Marketing,Director,0,Tier 2,1314995
1727,Sales,Analyst,17,Tier 1,1652402
1728,Finance,Intern,14,Tier 3,1020651
1729,Marketing,Senior Dev,7,Tier 1,1258395
1730,Sales,Director,16,Tier 1,2706576
1731,Support,Associate,11,Tier 2,1180409
1732,Support,Associate,18,Tier 3,1469086
1733,Marketing,Analyst,8,Tier 1,950889
1734,IT,Analyst,8,Tier 1,994353
1735,Marketing,Senior Dev,1,Tier 1,829610
1736,Finance,Director,10,Tier 1,2279340
1737,Finance,Manager,9,Tier 1,1779101
1738,Sales,Associate,17,Tier 3,1394658
1739,Finance,Director,8,Tier 1,2110312
1740,Sales,Director,6,Tier 1,1966619
1741,Operations,Senior Dev,2,Tier 3,709539
1742,Marketing,Lead,5,Tier 2,1081777
1743,Finance,Director,5,Tier 2,1653154
1744,Support,Director,15,Tier 1,2622997
1745,Operations,Senior Dev,7,Tier 2,1114785
1746,Finance,Analyst,16,Tier 2,1409160
1747,Support,Manager,11,Tier 3,1581618
1748,Marketing,Senior Dev,10,Tier 3,1204624
1749,IT,Senior Dev,12,Tier 3,1291998
1750,HR,Lead,4,Tier 2,1013428
1751,Operations,Intern,16,Tier 3,1139342
1752,Operations,Lead,5,Tier 3,1004587
1753,IT,Senior Dev,10,Tier 1,1525715
1754,Operations,Lead,2,Tier 2,908268
1755,Operations,Analyst,8,Tier 1,981788
1756,Operations,Senior Dev,5,Tier 2,996027
1757,Sales,Manager,11,Tier 2,1728849
1758,Operations,Director,2,Tier 3,1308626
1759,Finance,Senior Dev,11,Tier 2,1395758
1760,IT,Intern,8,Tier 2,721134
1761,Support,Intern,7,Tier 2,667434
1762,HR,Analyst,15,Tier 2,1337775
1763,Marketing,Analyst,3,Tier 2,518384
1764,Marketing,Senior Dev,6,Tier 3,966129
1765,HR,Lead,4,Tier 2,1020390
1766,Support,Director,3,Tier 1,1734332
1767,HR,Lead,0,Tier 1,872840
1768,Support,Associate,14,Tier 2,1378179
1769,Support,Senior Dev,18,Tier 1,2118796
1770,HR,Lead,9,Tier 3,1250379
1771,Sales,Senior Dev,17,Tier 1,1997011
1772,IT,Lead,2,Tier 1,1049698
1773,Operations,Intern,14,Tier 3,1056558
1774,IT,Analyst,10,Tier 1,1106120
1775,Support,Manager,5,Tier 2,1298767
1776,Finance,Lead,4,Tier 3,923703
1777,Finance,Senior Dev,1,Tier 2,707951
1778,IT,Senior Dev,19,Tier 3,1736039
1779,Support,Associate,11,Tier 3,1078613
1780,Marketing,Director,0,Tier 2,1307438
1781,IT,Manager,3,Tier 2,1163744
1782,Support,Intern,12,Tier 2,1024417
1783,Operations,Manager,4,Tier 1,1402069
1784,IT,Associate,2,Tier 3,545370
1785,Marketing,Director,12,Tier 3,1914323
1786,IT,Analyst,13,Tier 1,1367093
1787,IT,Associate,10,Tier 3,976591
1788,Operations,Manager,9,Tier 3,1421826
1789,Support,Director,17,Tier 3,2208693
1790,Support,Analyst,14,Tier 1,1448492
1791,HR,Lead,9,Tier 2,1389780
1792,Operations,Lead,4,Tier 2,1010313
1793,HR,Intern,4,Tier 2,485778
1794,Operations,Manager,5,Tier 3,1200403
1795,Sales,Senior Dev,17,Tier 1,2001139
1796,HR,Intern,8,Tier 1,838800
1797,Operations,Analyst,12,Tier 1,1265538
1798,Sales,Lead,14,Tier 1,1909973
1799,Support,Lead,19,Tier 1,2304704
1800,Finance,Lead,12,Tier 2,1568575
1801,Marketing,Senior Dev,15,Tier 3,1512261
1802,IT,Manager,3,Tier 2,1185716
1803,Sales,Analyst,4,Tier 2,579848
1804,Support,Manager,16,Tier 1,2296932
1805,Finance,Associate,1,Tier 3,438556
1806,Support,Analyst,18,Tier 2,1534633
1807,Operations,Lead,1,Tier 2,856591
1808,Operations,Director,12,Tier 3,1946882
1809,HR,Analyst,16,Tier 2,1356340
1810,IT,Senior Dev,13,Tier 2,1504766
1811,Operations,Lead,11,Tier 3,1356132
1812,Marketing,Senior Dev,11,Tier 1,1545138
1813,HR,Lead,6,Tier 2,1190083
1814,Operations,Lead,18,Tier 3,1769840
1815,Marketing,Intern,2,Tier 3,327772
1816,Support,Analyst,14,Tier 2,1250762
1817,Operations,Director,3,Tier 3,1389420
1818,HR,Associate,16,Tier 3,1349554
1819,Operations,Manager,17,Tier 1,2404919
1820,Sales,Senior Dev,18,Tier 1,2082452
1821,IT,Analyst,6,Tier 3,678980
1822,Marketing,Director,7,Tier 2,1753307
1823,Support,Associate,4,Tier 3,635232
1824,Finance,Associate,4,Tier 3,653171
1825,Operations,Manager,18,Tier 1,2455238
1826,Operations,Manager,1,Tier 1,1194842
1827,Sales,Lead,12,Tier 3,1393630
1828,Support,Analyst,11,Tier 3,940485
1829,Finance,Intern,10,Tier 3,796086
1830,Operations,Senior Dev,4,Tier 3,835552
1831,Marketing,Senior Dev,19,Tier 3,1711960
1832,Finance,Associate,13,Tier 1,1474689
1833,HR,Senior Dev,11,Tier 3,1243893
1834,Operations,Analyst,16,Tier 1,1545882
1835,IT,Senior Dev,18,Tier 3,1687529
1836,IT,Associate,15,Tier 2,1438635
1837,Marketing,Intern,19,Tier 3,1339535
1838,Support,Intern,5,Tier 1,602166
1839,Sales,Director,3,Tier 2,1495269
1840,Operations,Intern,10,Tier 3,798064
1841,Marketing,Associate,14,Tier 1,1571098
1842,HR,Manager,10,Tier 2,1632991
1843,Support,Director,18,Tier 3,2286593
1844,Sales,Associate,16,Tier 2,1496386
1845,IT,Manager,13,Tier 3,1653802
1846,IT,Director,17,Tier 2,2433083
1847,Marketing,Senior Dev,18,Tier 1,2092190
1848,Marketing,Analyst,14,Tier 3,1161971
1849,Marketing,Lead,6,Tier 2,1169132
1850,Support,Lead,2,Tier 2,891503
1851,Marketing,Manager,8,Tier 1,1729631
1852,Marketing,Intern,19,Tier 3,1349852
1853,Support,Manager,16,Tier 3,1832384
1854,Sales,Analyst,16,Tier 1,1560072
1855,IT,Associate,7,Tier 1,1009482
1856,Marketing,Manager,5,Tier 3,1191826
1857,Support,Manager,4,Tier 3,1156092
1858,Support,Analyst,14,Tier 3,1134045
1859,IT,Lead,15,Tier 1,2003905
1860,IT,Associate,10,Tier 1,1256674
1861,Finance,Intern,9,Tier 3,732313
1862,Marketing,Lead,15,Tier 2,1747611
1863,Support,Lead,1,Tier 2,817944
1864,HR,Lead,2,Tier 3,839847
1865,Finance,Director,14,Tier 3,2037810
1866,Finance,Director,18,Tier 3,2306689
1867,Finance,Manager,7,Tier 3,1309225
1868,IT,Manager,16,Tier 1,2306590
1869,Finance,Manager,6,Tier 1,1557866
1870,Support,Senior Dev,0,Tier 2,633363
1871,Sales,Manager,4,Tier 1,1450296
1872,Operations,Manager,14,Tier 3,1764820
1873,IT,Analyst,12,Tier 1,1287727
1874,IT,Lead,7,Tier 1,1378068
1875,Marketing,Lead,8,Tier 3,1161390
1876,IT,Manager,0,Tier 2,980131
1877,Marketing,Senior Dev,2,Tier 2,772433
1878,IT,Manager,7,Tier 3,1318182
1879,Support,Intern,8,Tier 1,841281
1880,Marketing,Senior Dev,13,Tier 2,1536511
1881,Support,Director,3,Tier 1,1703605
1882,Finance,Manager,5,Tier 1,1471098
1883,IT,Manager,2,Tier 2,1144807
1884,HR,Senior Dev,2,Tier 3,731869
1885,Marketing,Manager,12,Tier 3,1634716
1886,Marketing,Analyst,1,Tier 3,332092
1887,Marketing,Director,18,Tier 2,2516010
1888,IT,Intern,5,Tier 3,492031
1889,Sales,Manager,1,Tier 2,1041271
1890,Operations,Manager,16,Tier 2,2075766
1891,Operations,Intern,1,Tier 1,319297
1892,Support,Lead,15,Tier 3,1585717
1893,Marketing,Senior Dev,1,Tier 2,741505
1894,Support,Associate,12,Tier 1,1380350
1895,Support,Analyst,1,Tier 1,479686
1896,IT,Manager,2,Tier 3,992951
1897,Finance,Senior Dev,13,Tier 3,1354727
1898,Finance,Manager,6,Tier 1,1595740
1899,Operations,Director,6,Tier 1,1922368
1900,Support,Lead,16,Tier 2,1811592
1901,Finance,Senior Dev,12,Tier 2,1456324
1902,Finance,Associate,18,Tier 3,1496132
1903,HR,Analyst,18,Tier 3,1373864
1904,Marketing,Lead,16,Tier 3,1646566
1905,Support,Manager,9,Tier 2,1569369
1906,Marketing,Director,3,Tier 2,1542727
1907,Operations,Associate,19,Tier 1,1920235
1908,Operations,Intern,17,Tier 3,1205373
1909,Sales,Intern,17,Tier 2,1351323
1910,Finance,Senior Dev,13,Tier 2,1529971
1911,Support,Senior Dev,14,Tier 2,1600101
1912,Marketing,Associate,3,Tier 1,728996
1913,Sales,Intern,7,Tier 2,657585
1914,Support,Analyst,11,Tier 2,1054278
1915,Support,Intern,13,Tier 2,1063649
1916,Finance,Lead,17,Tier 1,2127927
1917,Marketing,Senior Dev,1,Tier 2,744766
1918,Operations,Director,10,Tier 2,1957016
1919,Sales,Director,11,Tier 3,1878688
1920,Finance,Lead,14,Tier 3,1556520
1921,HR,Analyst,16,Tier 2,1379545
1922,Marketing,Analyst,17,Tier 2,1425167
1923,Finance,Associate,5,Tier 3,692736
1924,Finance,Senior Dev,17,Tier 2,1766087
1925,Sales,Director,8,Tier 3,1685205
1926,Support,Director,4,Tier 1,1785275
1927,Operations,Manager,10,Tier 3,1507496
1928,Support,Manager,0,Tier 3,875738
1929,IT,Intern,18,Tier 3,1303384
1930,Operations,Intern,1,Tier 3,267291
1931,Operations,Senior Dev,3,Tier 1,976331
1932,IT,Intern,17,Tier 3,1238014
1933,HR,Lead,18,Tier 2,1971148
1934,Operations,Intern,18,Tier 1,1572224
1935,Finance,Analyst,5,Tier 2,678695
1936,Support,Senior Dev,11,Tier 3,1274452
1937,Sales,Lead,16,Tier 2,1828441
1938,Support,Manager,0,Tier 2,1004859
1939,Marketing,Senior Dev,9,Tier 3,1116318
1940,Sales,Intern,10,Tier 3,785372
1941,Sales,Manager,4,Tier 2,1282272
1942,Sales,Manager,11,Tier 2,1719290
1943,HR,Analyst,16,Tier 1,1573099
1944,Support,Manager,14,Tier 3,1764040
1945,IT,Lead,8,Tier 1,1457820
1946,Marketing,Analyst,19,Tier 1,1809890
1947,Marketing,Manager,18,Tier 3,1951316
1948,Support,Manager,9,Tier 2,1599968
1949,Operations,Director,4,Tier 1,1792005
1950,HR,Manager,15,Tier 3,1785206
1951,Support,Senior Dev,8,Tier 3,1051378
1952,IT,Manager,14,Tier 3,1711519
1953,IT,Analyst,17,Tier 1,1660703
1954,Operations,Manager,13,Tier 2,1875570
1955,Support,Director,11,Tier 2,2070120
1956,Support,Director,6,Tier 2,1706456
1957,IT,Associate,12,Tier 3,1092257
1958,Marketing,Intern,4,Tier 2,478972
1959,Finance,Manager,3,Tier 3,1076654
1960,Marketing,Director,1,Tier 3,1245887
1961,HR,Associate,8,Tier 3,870808
1962,Marketing,Analyst,5,Tier 2,660154
1963,Marketing,Analyst,0,Tier 1,372747
1964,HR,Analyst,12,Tier 3,1032838
1965,Operations,Analyst,12,Tier 2,1110156
1966,Operations,Lead,1,Tier 1,940360
1967,Operations,Director,7,Tier 2,1808582
1968,HR,Associate,3,Tier 3,597377
1969,IT,Director,2,Tier 3,1345621
1970,Support,Director,11,Tier 2,2074283
1971,HR,Intern,7,Tier 2,702613
1972,Support,Analyst,0,Tier 1,353547
1973,Operations,Intern,10,Tier 1,984562
1974,HR,Intern,12,Tier 3,897480
1975,Marketing,Director,16,Tier 3,2134213
1976,Sales,Intern,9,Tier 2,839860
1977,HR,Analyst,11,Tier 3,987134
1978,IT,Analyst,9,Tier 2,922172
1979,Marketing,Analyst,4,Tier 2,616325
1980,Sales,Associate,1,Tier 2,518965
1981,Finance,Manager,16,Tier 2,2055779
1982,Marketing,Manager,13,Tier 3,1681881
1983,HR,Analyst,2,Tier 3,414472
1984,IT,Intern,2,Tier 1,404926
1985,Marketing,Senior Dev,5,Tier 1,1129832
1986,Marketing,Lead,11,Tier 2,1502021
1987,Support,Associate,19,Tier 1,1919087
1988,Finance,Associate,10,Tier 3,1001128
1989,Sales,Analyst,3,Tier 2,499401
1990,Support,Analyst,5,Tier 1,764864
1991,Marketing,Associate,19,Tier 3,1546982
1992,Sales,Director,15,Tier 2,2291950
1993,Operations,Director,16,Tier 2,2389111
1994,Finance,Associate,11,Tier 3,1033866
1995,Finance,Senior Dev,9,Tier 1,1400818
1996,Operations,Director,14,Tier 3,2058861
1997,Operations,Analyst,8,Tier 2,887041
1998,Operations,Manager,4,Tier 2,1239493
1999,Sales,Intern,6,Tier 1,690447
2000,Support,Senior Dev,0,Tier 1,775350
2001,HR,Lead,6,Tier 3,1081955
2002,Finance,Intern,11,Tier 3,876607
2003,Sales,Analyst,15,Tier 3,1217658
2004,IT,Director,3,Tier 3,1400124
2005,Marketing,Senior Dev,6,Tier 2,1082547
2006,Marketing,Lead,14,Tier 1,1948554
2007,IT,Director,8,Tier 2,1869359
2008,Support,Manager,10,Tier 3,1493303
2009,Finance,Analyst,0,Tier 2,327606
2010,HR,Lead,7,Tier 2,1213308
2011,Operations,Director,3,Tier 1,1740671
2012,Operations,Intern,2,Tier 1,398572
2013,Support,Senior Dev,8,Tier 1,1322204
2014,Sales,Analyst,1,Tier 3,351729
2015,Sales,Senior Dev,12,Tier 2,1455870
2016,Sales,Intern,11,Tier 2,974585
2017,Finance,Manager,3,Tier 3,1096681
2018,IT,Intern,7,Tier 2,676968
2019,Support,Senior Dev,4,Tier 1,1046423
2020,Sales,Director,19,Tier 1,2907721
2021,Sales,Manager,10,Tier 1,1900835
2022,Sales,Associate,8,Tier 1,1112512
2023,Operations,Manager,11,Tier 1,1963369
2024,HR,Senior Dev,9,Tier 3,1141226
2025,Marketing,Senior Dev,12,Tier 1,1652082
2026,HR,Director,10,Tier 1,2261420
2027,Sales,Director,7,Tier 1,2008379
2028,IT,Analyst,14,Tier 1,1402006
2029,Operations,Analyst,10,Tier 3,878682
2030,HR,Intern,0,Tier 3,203840
2031,Operations,Lead,14,Tier 1,1918091
2032,Sales,Lead,5,Tier 3,1002983
2033,IT,Intern,14,Tier 2,1138734
2034,Support,Manager,8,Tier 1,1748933
2035,Operations,Senior Dev,17,Tier 1,2006033
2036,HR,Intern,16,Tier 2,1262241
2037,Operations,Lead,4,Tier 1,1201915
2038,HR,Intern,19,Tier 2,1491464
2039,Sales,Senior Dev,10,Tier 3,1205063
2040,IT,Associate,0,Tier 2,421185
2041,IT,Lead,5,Tier 3,1021098
2042,Marketing,Associate,1,Tier 3,477118
2043,Support,Analyst,13,Tier 1,1347076
2044,Marketing,Intern,5,Tier 3,514605
2045,Operations,Lead,17,Tier 1,2151433
2046,IT,Manager,13,Tier 3,1651932
2047,Finance,Senior Dev,2,Tier 3,727853
2048,Sales,Analyst,5,Tier 2,631116
2049,Marketing,Director,7,Tier 2,1763691
2050,Marketing,Senior Dev,12,Tier 3,1317882
2051,Operations,Senior Dev,11,Tier 3,1257808
2052,Operations,Manager,16,Tier 3,1858399
2053,Operations,Intern,10,Tier 1,996956
2054,HR,Analyst,17,Tier 2,1464506
2055,Support,Analyst,11,Tier 1,1212565
2056,Finance,Manager,8,Tier 1,1742375
2057,HR,Senior Dev,3,Tier 2,887234
2058,Operations,Intern,15,Tier 1,1396895
2059,IT,Intern,11,Tier 3,851642
2060,Marketing,Intern,4,Tier 2,493954
2061,HR,Analyst,5,Tier 1,778229
2062,Finance,Associate,17,Tier 2,1562873
2063,Operations,Senior Dev,5,Tier 2,1018627
2064,Support,Director,11,Tier 2,2049650
2065,Finance,Associate,1,Tier 3,464064
2066,Marketing,Intern,10,Tier 3,784122
2067,HR,Lead,15,Tier 2,1785745
2068,Finance,Senior Dev,1,Tier 1,800366
2069,Support,Manager,7,Tier 2,1441596
2070,IT,Manager,9,Tier 3,1418199
2071,Support,Director,3,Tier 1,1740550
2072,Support,Lead,0,Tier 3,726746
2073,Sales,Intern,6,Tier 3,561312
2074,Finance,Analyst,19,Tier 3,1438247
2075,Support,Director,17,Tier 2,2434357
2076,Sales,Lead,11,Tier 3,1342424
2077,Finance,Lead,4,Tier 1,1167601
2078,Finance,Lead,3,Tier 1,1088020
2079,Marketing,Lead,9,Tier 2,1353710
2080,Finance,Manager,10,Tier 1,1869532
2081,Finance,Senior Dev,9,Tier 1,1399967
2082,Sales,Director,1,Tier 2,1376022
2083,Finance,Manager,7,Tier 2,1431135
2084,Finance,Analyst,4,Tier 1,660514
2085,Operations,Manager,2,Tier 1,1265331
2086,Support,Senior Dev,12,Tier 1,1621196
2087,Finance,Analyst,9,Tier 3,812787
2088,Finance,Manager,8,Tier 2,1546805
2089,Finance,Manager,1,Tier 1,1172176
2090,Sales,Analyst,6,Tier 3,650208
2091,Sales,Associate,2,Tier 3,499171
2092,Sales,Intern,19,Tier 2,1477396
2093,Marketing,Director,2,Tier 1,1660546
2094,Sales,Senior Dev,16,Tier 3,1550058
2095,IT,Manager,13,Tier 3,1703521
2096,Marketing,Intern,12,Tier 2,1023075
2097,Sales,Lead,19,Tier 2,2011076
2098,HR,Director,17,Tier 2,2464160
2099,Marketing,Analyst,17,Tier 1,1635417
2100,HR,Associate,12,Tier 1,1400099
2101,Marketing,Associate,19,Tier 2,1696598
2102,Sales,Manager,9,Tier 2,1566602
2103,Marketing,Analyst,10,Tier 2,969256
2104,Support,Senior Dev,8,Tier 2,1204980
2105,HR,Associate,0,Tier 3,391904
2106,HR,Analyst,1,Tier 2,400540
2107,Operations,Analyst,8,Tier 2,847164
2108,Operations,Director,3,Tier 2,1500996
2109,Operations,Director,10,Tier 1,2222871
2110,Operations,Director,18,Tier 2,2527812
2111,Support,Analyst,2,Tier 2,491979
2112,HR,Lead,18,Tier 1,2238410
2113,Sales,Senior Dev,12,Tier 2,1455467
2114,Support,Senior Dev,6,Tier 2,1049854
2115,Sales,Intern,6,Tier 2,625065
2116,IT,Manager,7,Tier 3,1297812
2117,HR,Associate,13,Tier 2,1270179
2118,IT,Analyst,9,Tier 3,818275
2119,Support,Analyst,14,Tier 3,1157857
2120,IT,Senior Dev,19,Tier 1,2180948
2121,Support,Analyst,7,Tier 1,909464
2122,Operations,Intern,15,Tier 3,1097794
2123,Support,Associate,15,Tier 3,1286998
2124,Marketing,Analyst,13,Tier 2,1202525
2125,Finance,Lead,3,Tier 1,1086654
2126,Marketing,Director,2,Tier 2,1457236
2127,Finance,Manager,0,Tier 2,975042
2128,Operations,Director,14,Tier 3,2058407
2129,Sales,Intern,7,Tier 1,759270
2130,Finance,Director,3,Tier 1,1742068
2131,IT,Associate,9,Tier 1,1164459
2132,HR,Senior Dev,2,Tier 2,778673
2133,Support,Director,16,Tier 3,2136614
2134,Finance,Senior Dev,19,Tier 3,1759430
2135,IT,Intern,12,Tier 1,1136964
2136,Finance,Manager,8,Tier 3,1399976
2137,Operations,Analyst,5,Tier 3,604148
2138,Marketing,Analyst,9,Tier 3,832918
2139,HR,Director,6,Tier 2,1705540
2140,HR,Director,19,Tier 3,2348402
2141,Marketing,Manager,18,Tier 2,2172917
2142,HR,Lead,14,Tier 1,1905179
2143,IT,Senior Dev,11,Tier 3,1249493
2144,Sales,Director,18,Tier 3,2280206
2145,Support,Manager,3,Tier 2,1177624
2146,Marketing,Director,4,Tier 2,1576412
2147,Marketing,Intern,17,Tier 1,1530517
2148,Finance,Associate,4,Tier 1,793064
2149,HR,Lead,15,Tier 3,1600106
2150,Sales,Lead,18,Tier 1,2211589
2151,Operations,Lead,15,Tier 2,1766218
2152,Finance,Lead,14,Tier 3,1540581
2153,HR,Manager,3,Tier 3,1094582
2154,Marketing,Director,15,Tier 3,2097127
2155,Sales,Analyst,7,Tier 2,777088
2156,Marketing,Senior Dev,15,Tier 3,1514602
2157,IT,Director,9,Tier 2,1887273
2158,Marketing,Associate,1,Tier 1,576486
2159,Marketing,Manager,8,Tier 2,1497168
2160,Finance,Analyst,10,Tier 2,963551
2161,Marketing,Lead,9,Tier 3,1253733
2162,HR,Senior Dev,16,Tier 1,1948483
2163,Finance,Intern,15,Tier 2,1202963
2164,HR,Analyst,14,Tier 2,1256920
2165,Marketing,Manager,4,Tier 1,1426845
2166,Finance,Manager,16,Tier 1,2333078
2167,Finance,Manager,18,Tier 1,2457067
2168,IT,Associate,16,Tier 2,1476728
2169,Finance,Lead,1,Tier 3,750583
2170,HR,Associate,14,Tier 2,1341263
2171,Sales,Director,6,Tier 1,1921914
2172,Finance,Lead,5,Tier 1,1239456
2173,Operations,Analyst,14,Tier 3,1110406
2174,Marketing,Intern,6,Tier 2,619276
2175,Operations,Director,16,Tier 3,2149873
2176,HR,Senior Dev,8,Tier 3,1068908
2177,Support,Manager,8,Tier 3,1371644
2178,IT,Associate,5,Tier 2,777125
2179,IT,Manager,19,Tier 1,2562291
2180,HR,Manager,2,Tier 2,1128176
2181,Finance,Lead,16,Tier 3,1655675
2182,Marketing,Intern,15,Tier 1,1345174
2183,Finance,Lead,12,Tier 1,1779998
2184,Operations,Associate,0,Tier 1,482112
2185,Finance,Lead,2,Tier 2,881689
2186,IT,Analyst,14,Tier 1,1414555
2187,Sales,Intern,3,Tier 3,356033
2188,Sales,Senior Dev,16,Tier 3,1534946
2189,Support,Director,10,Tier 2,1984675
2190,Operations,Senior Dev,2,Tier 2,780919
2191,Sales,Intern,13,Tier 2,1091833
2192,Finance,Director,0,Tier 3,1220445
2193,Finance,Analyst,1,Tier 1,457564
2194,IT,Intern,3,Tier 2,411255
2195,Support,Director,18,Tier 2,2482997
2196,Finance,Lead,0,Tier 1,885880
2197,Sales,Director,7,Tier 1,2005578
2198,Sales,Director,0,Tier 3,1220628
2199,Sales,Analyst,15,Tier 3,1170389
2200,IT,Director,7,Tier 1,2040580
2201,Operations,Analyst,15,Tier 2,1291855
2202,Sales,Director,2,Tier 2,1480002
2203,Sales,Director,11,Tier 3,1882815
2204,HR,Associate,10,Tier 2,1071481
2205,HR,Associate,19,Tier 2,1720414
2206,Marketing,Manager,3,Tier 1,1379819
2207,Marketing,Manager,1,Tier 3,949477
2208,Finance,Associate,18,Tier 1,1840792
2209,Finance,Senior Dev,4,Tier 1,1063526
2210,Support,Manager,13,Tier 2,1867079
2211,HR,Intern,2,Tier 2,333889
2212,Support,Associate,15,Tier 1,1606254
2213,Finance,Intern,18,Tier 1,1581442
2214,Support,Senior Dev,17,Tier 1,2048747
2215,Finance,Associate,15,Tier 1,1611199
2216,HR,Senior Dev,0,Tier 2,630112
2217,HR,Manager,11,Tier 1,1939581
2218,Support,Director,10,Tier 1,2246500
2219,Sales,Senior Dev,11,Tier 2,1357424
2220,Marketing,Senior Dev,5,Tier 1,1114552
2221,HR,Lead,4,Tier 2,1014808
2222,HR,Senior Dev,13,Tier 3,1373620
2223,Support,Associate,0,Tier 1,500013
2224,Support,Intern,17,Tier 1,1548103
2225,Finance,Lead,8,Tier 1,1461402
2226,Sales,Senior Dev,4,Tier 3,867210
2227,Sales,Manager,1,Tier 3,942253
2228,Sales,Analyst,14,Tier 3,1117846
2229,HR,Senior Dev,3,Tier 1,984200
2230,Sales,Intern,12,Tier 1,1166163
2231,Operations,Manager,6,Tier 2,1371950
2232,Support,Manager,13,Tier 2,1840742
2233,Marketing,Director,18,Tier 2,2502703
2234,IT,Manager,19,Tier 2,2237580
2235,HR,Associate,17,Tier 1,1760166
2236,Finance,Intern,9,Tier 3,763608
2237,HR,Manager,7,Tier 2,1477513
2238,Support,Manager,9,Tier 1,1825312
2239,HR,Analyst,1,Tier 1,436901
2240,Support,Intern,4,Tier 1,545917
2241,Support,Director,8,Tier 3,1651988
2242,Sales,Senior Dev,17,Tier 3,1634505
2243,IT,Analyst,19,Tier 3,1424256
2244,Support,Lead,16,Tier 1,2073230
2245,Sales,Manager,2,Tier 3,1035833
2246,Marketing,Senior Dev,1,Tier 3,662088
2247,HR,Lead,2,Tier 1,1036167
2248,Marketing,Analyst,1,Tier 1,425755
2249,HR,Senior Dev,9,Tier 2,1246693
2250,HR,Lead,10,Tier 3,1302182
2251,Sales,Intern,6,Tier 2,614890
2252,Support,Intern,14,Tier 3,1040949
2253,Operations,Manager,19,Tier 2,2230346
2254,Finance,Manager,8,Tier 3,1396005
2255,Operations,Director,19,Tier 2,2573267
2256,IT,Lead,2,Tier 1,1021990
2257,HR,Manager,1,Tier 3,960109
2258,Support,Analyst,1,Tier 1,468021
2259,IT,Lead,2,Tier 3,824510
2260,Support,Director,9,Tier 1,2157360
2261,Finance,Lead,0,Tier 3,726671
2262,Sales,Lead,15,Tier 3,1615800
2263,Operations,Associate,3,Tier 1,749330
2264,HR,Senior Dev,1,Tier 3,659084
2265,IT,Associate,3,Tier 1,704280
2266,Finance,Senior Dev,18,Tier 3,1692137
2267,Support,Director,9,Tier 3,1725438
2268,Operations,Director,18,Tier 1,2877903
2269,IT,Associate,3,Tier 2,665953
2270,IT,Lead,12,Tier 1,1786243
2271,Support,Senior Dev,0,Tier 3,607164
2272,HR,Lead,3,Tier 2,951318
2273,IT,Manager,16,Tier 1,2351456
2274,IT,Analyst,3,Tier 2,498082
2275,Support,Lead,0,Tier 3,710585
2276,Sales,Intern,3,Tier 2,399336
2277,Sales,Analyst,12,Tier 3,992093
2278,Marketing,Analyst,9,Tier 3,866223
2279,Marketing,Manager,5,Tier 1,1478367
2280,Operations,Manager,5,Tier 2,1333664
2281,Sales,Manager,9,Tier 1,1786753
2282,Marketing,Manager,17,Tier 2,2101874
2283,Support,Intern,19,Tier 3,1317674
2284,Finance,Lead,14,Tier 3,1539315
2285,Operations,Manager,8,Tier 1,1719473
2286,IT,Intern,18,Tier 2,1407943
2287,Support,Intern,16,Tier 3,1134138
2288,Operations,Intern,8,Tier 1,830409
2289,Operations,Intern,17,Tier 1,1505451
2290,Support,Intern,12,Tier 2,1010327
2291,Sales,Director,6,Tier 3,1554944
2292,Support,Senior Dev,14,Tier 3,1440131
2293,Finance,Lead,14,Tier 2,1701887
2294,Finance,Manager,0,Tier 2,982520
2295,Finance,Manager,13,Tier 1,2106932
2296,Operations,Lead,10,Tier 3,1275039
2297,Sales,Associate,1,Tier 1,592399
2298,IT,Analyst,10,Tier 3,878252
2299,Operations,Senior Dev,17,Tier 2,1779586
2300,IT,Senior Dev,0,Tier 1,740810
2301,Operations,Associate,15,Tier 3,1282625
2302,Support,Intern,15,Tier 3,1120678
2303,Support,Analyst,9,Tier 2,895361
2304,HR,Lead,5,Tier 2,1074370
2305,Sales,Director,3,Tier 3,1357610
2306,Support,Manager,12,Tier 3,1637607
2307,HR,Analyst,13,Tier 1,1330626
2308,HR,Intern,9,Tier 2,784869
2309,Finance,Director,0,Tier 1,1471014
2310,Support,Director,13,Tier 2,2178471
2311,Marketing,Associate,18,Tier 3,1475069
2312,Support,Senior Dev,9,Tier 3,1133248
2313,Marketing,Lead,8,Tier 1,1488516
2314,IT,Manager,5,Tier 2,1314170
2315,Sales,Director,6,Tier 3,1568256
2316,Marketing,Associate,0,Tier 3,396293
2317,IT,Intern,4,Tier 2,475128
2318,HR,Manager,17,Tier 3,1902855
2319,Marketing,Lead,1,Tier 2,863788
2320,HR,Manager,10,Tier 1,1850307
2321,IT,Director,5,Tier 1,1863425
2322,Support,Director,7,Tier 2,1795427
2323,Support,Manager,17,Tier 1,2408506
2324,HR,Lead,4,Tier 2,1029934
2325,Operations,Director,17,Tier 1,2769417
2326,Operations,Lead,10,Tier 3,1277352
2327,Finance,Senior Dev,12,Tier 2,1445299
2328,IT,Intern,6,Tier 2,622412
2329,IT,Manager,10,Tier 3,1499493
2330,Marketing,Senior Dev,3,Tier 3,781707
2331,IT,Intern,14,Tier 2,1121296
2332,IT,Lead,2,Tier 1,1008261
2333,Support,Director,5,Tier 3,1500449
2334,Support,Senior Dev,0,Tier 1,721637
2335,IT,Manager,5,Tier 1,1483652
2336,Operations,Manager,15,Tier 2,1975500
2337,Sales,Manager,4,Tier 1,1429800
2338,IT,Analyst,9,Tier 1,1067963
2339,Finance,Director,17,Tier 2,2443174
2340,Support,Lead,2,Tier 2,907436
2341,HR,Manager,14,Tier 3,1725954
2342,Sales,Lead,2,Tier 2,926211
2343,Finance,Manager,4,Tier 3,1142963
2344,Support,Lead,11,Tier 2,1477707
2345,HR,Director,9,Tier 3,1713606
2346,IT,Manager,19,Tier 2,2217927
2347,Support,Senior Dev,12,Tier 3,1336390
2348,Support,Lead,13,Tier 1,1822591
2349,Operations,Lead,4,Tier 3,936147
2350,IT,Lead,13,Tier 3,1488889
2351,IT,Manager,16,Tier 3,1845721
2352,Marketing,Senior Dev,6,Tier 3,941087
2353,Sales,Associate,0,Tier 3,393408
2354,Finance,Director,8,Tier 1,2087413
2355,Finance,Manager,18,Tier 3,2009500
2356,Operations,Manager,2,Tier 3,1046358
2357,Marketing,Manager,8,Tier 3,1377253
2358,Marketing,Senior Dev,4,Tier 1,1052854
2359,Marketing,Analyst,16,Tier 3,1268987
2360,HR,Director,15,Tier 3,2086322
2361,Support,Associate,8,Tier 1,1116364
2362,Sales,Intern,14,Tier 1,1271700
2363,Marketing,Lead,12,Tier 1,1768199
2364,HR,Director,13,Tier 3,1982115
2365,Operations,Lead,14,Tier 2,1714799
2366,Marketing,Analyst,12,Tier 2,1097520
2367,Operations,Senior Dev,7,Tier 3,1039748
2368,Operations,Analyst,1,Tier 2,423828
2369,Sales,Senior Dev,5,Tier 3,884955
2370,Sales,Associate,17,Tier 3,1403917
2371,Finance,Senior Dev,0,Tier 3,611680
2372,Support,Senior Dev,10,Tier 2,1321135
2373,Operations,Lead,9,Tier 3,1251458
2374,Support,Analyst,13,Tier 1,1341113
2375,IT,Manager,9,Tier 3,1457086
2376,HR,Senior Dev,18,Tier 1,2113939
2377,HR,Analyst,1,Tier 3,389080
2378,HR,Senior Dev,9,Tier 3,1154571
2379,Sales,Analyst,10,Tier 1,1121829
2380,Marketing,Associate,6,Tier 2,841062
2381,HR,Analyst,14,Tier 1,1442861
2382,Marketing,Senior Dev,18,Tier 3,1697221
2383,Sales,Intern,14,Tier 1,1273453
2384,IT,Analyst,7,Tier 3,733370
2385,Operations,Lead,8,Tier 2,1283534
2386,Sales,Manager,0,Tier 3,889389
2387,Support,Associate,0,Tier 3,419170
2388,HR,Analyst,2,Tier 2,446665
2389,Marketing,Lead,7,Tier 1,1425470
2390,Sales,Director,9,Tier 2,1892640
2391,Support,Manager,17,Tier 2,2112049
2392,IT,Senior Dev,18,Tier 3,1687004
2393,Finance,Director,0,Tier 1,1513937
2394,Operations,Intern,15,Tier 2,1180238
2395,Support,Lead,12,Tier 2,1542799
2396,Operations,Intern,16,Tier 3,1158916
2397,Finance,Lead,6,Tier 2,1155071
2398,HR,Director,16,Tier 3,2184540
2399,HR,Manager,4,Tier 1,1410810
2400,IT,Intern,6,Tier 3,560009
2401,Support,Associate,16,Tier 3,1376182
2402,Finance,Senior Dev,0,Tier 3,620928
2403,IT,Intern,16,Tier 1,1459082
2404,Finance,Senior Dev,2,Tier 1,910142
2405,HR,Associate,10,Tier 3,980655
2406,HR,Manager,15,Tier 1,2256661
2407,Sales,Associate,8,Tier 2,989831
2408,Support,Lead,0,Tier 2,796412
2409,Finance,Senior Dev,15,Tier 1,1872048
2410,Finance,Director,18,Tier 3,2275963
2411,Marketing,Lead,18,Tier 2,1934773
2412,IT,Director,8,Tier 2,1847894
2413,Sales,Intern,13,Tier 2,1059676
2414,IT,Intern,18,Tier 1,1619810
2415,Finance,Senior Dev,1,Tier 2,749160
2416,IT,Senior Dev,12,Tier 1,1624994
2417,Marketing,Intern,10,Tier 1,973764
2418,HR,Manager,13,Tier 2,1855405
2419,Operations,Associate,7,Tier 3,813185
2420,Marketing,Director,18,Tier 3,2307727
2421,Support,Manager,15,Tier 3,1811153
2422,Support,Director,7,Tier 1,1997581
2423,HR,Director,5,Tier 1,1847763
2424,Operations,Senior Dev,14,Tier 2,1609480
2425,IT,Associate,7,Tier 2,882531
2426,HR,Manager,14,Tier 2,1909307
2427,Support,Associate,19,Tier 2,1675064
2428,Operations,Analyst,16,Tier 3,1267548
2429,Finance,Lead,17,Tier 1,2167937
2430,Finance,Senior Dev,12,Tier 3,1341756
2431,Operations,Senior Dev,14,Tier 2,1603683
2432,IT,Analyst,9,Tier 2,938764
2433,IT,Intern,2,Tier 1,384162
2434,Support,Analyst,2,Tier 2,478773
2435,Support,Associate,13,Tier 1,1467335
2436,Sales,Associate,7,Tier 2,886394
2437,Sales,Analyst,3,Tier 3,472010
2438,IT,Senior Dev,19,Tier 3,1712890
2439,Finance,Associate,10,Tier 1,1275391
2440,IT,Director,10,Tier 3,1803665
2441,Finance,Intern,16,Tier 3,1178008
2442,IT,Director,1,Tier 3,1285612
2443,Marketing,Manager,14,Tier 2,1938319
2444,Sales,Senior Dev,3,Tier 3,771639
2445,Support,Director,8,Tier 1,2086633
2446,Support,Manager,4,Tier 2,1227439
2447,Operations,Analyst,12,Tier 2,1151197
2448,Sales,Analyst,6,Tier 3,688847
2449,Support,Senior Dev,19,Tier 3,1730176
2450,Finance,Manager,2,Tier 1,1299482
2451,Marketing,Manager,11,Tier 1,1939996
2452,HR,Director,6,Tier 2,1721931
2453,Operations,Analyst,8,Tier 2,863710
2454,IT,Intern,5,Tier 1,630740
2455,Finance,Intern,16,Tier 1,1448047
2456,HR,Analyst,2,Tier 3,440964
2457,Finance,Analyst,3,Tier 1,570489
2458,HR,Intern,4,Tier 1,542260
2459,Support,Lead,9,Tier 1,1539275
2460,Finance,Director,9,Tier 3,1746284
2461,Operations,Senior Dev,12,Tier 3,1329178
2462,Operations,Senior Dev,15,Tier 1,1861999
2463,Support,Intern,7,Tier 3,630172
2464,Marketing,Manager,1,Tier 1,1171629
2465,Support,Director,11,Tier 2,2057609
2466,Finance,Associate,11,Tier 2,1181450
2467,IT,Manager,14,Tier 2,1905839
2468,IT,Manager,16,Tier 1,2347953
2469,Finance,Intern,1,Tier 2,262539
2470,Marketing,Senior Dev,18,Tier 3,1683625
2471,HR,Senior Dev,17,Tier 2,1759485
2472,HR,Associate,16,Tier 3,1346767
2473,Sales,Intern,5,Tier 1,605744
2474,IT,Intern,14,Tier 2,1167442
2475,Marketing,Director,5,Tier 3,1482226
2476,HR,Lead,0,Tier 3,701709
2477,Sales,Manager,12,Tier 2,1774495
2478,Marketing,Associate,13,Tier 1,1493908
2479,IT,Director,3,Tier 1,1722526
2480,Marketing,Senior Dev,9,Tier 2,1276198
2481,IT,Senior Dev,14,Tier 2,1587998
2482,Sales,Manager,3,Tier 2,1182031
2483,Sales,Lead,5,Tier 1,1267063
2484,HR,Manager,19,Tier 2,2263145
2485,Support,Intern,4,Tier 3,432867
2486,HR,Associate,11,Tier 2,1152544
2487,Support,Intern,7,Tier 3,615344
2488,Operations,Senior Dev,4,Tier 1,1059486
2489,Finance,Director,5,Tier 1,1860228
2490,Marketing,Senior Dev,2,Tier 1,875710
2491,Sales,Director,4,Tier 2,1573259
2492,Finance,Analyst,13,Tier 2,1191457
2493,Support,Intern,15,Tier 3,1072103
2494,Marketing,Director,13,Tier 2,2194778
2495,HR,Analyst,7,Tier 2,794510
2496,IT,Analyst,6,Tier 1,807391
2497,IT,Senior Dev,12,Tier 3,1318901
2498,Marketing,Senior Dev,17,Tier 1,2027001
2499,Marketing,Analyst,7,Tier 1,872378
2500,Sales,Intern,0,Tier 1,270357
2501,IT,Associate,5,Tier 1,880503
2502,Marketing,Senior Dev,19,Tier 1,2154867
2503,Sales,Associate,10,Tier 3,1003724
2504,Operations,Associate,9,Tier 3,960626
2505,Operations,Analyst,12,Tier 3,1013386
2506,HR,Director,2,Tier 2,1467406
2507,Finance,Lead,14,Tier 2,1719548
2508,IT,Lead,12,Tier 1,1780618
2509,Sales,Lead,19,Tier 3,1820698
2510,Operations,Senior Dev,18,Tier 2,1843525
2511,Sales,Senior Dev,10,Tier 3,1219053
2512,Sales,Manager,15,Tier 1,2226644
2513,Support,Lead,2,Tier 3,837701
2514,IT,Lead,5,Tier 1,1263469
2515,Marketing,Intern,17,Tier 3,1242656
2516,HR,Intern,3,Tier 3,405199
2517,Marketing,Lead,14,Tier 3,1546607
2518,Support,Analyst,10,Tier 2,983993
2519,Support,Intern,2,Tier 1,427858
2520,Operations,Lead,15,Tier 2,1751188
2521,Finance,Senior Dev,9,Tier 3,1120776
2522,Finance,Intern,3,Tier 1,454788
2523,Support,Senior Dev,18,Tier 2,1828922
2524,Support,Associate,1,Tier 1,578340
2525,Operations,Director,10,Tier 1,2276984
2526,Finance,Senior Dev,19,Tier 3,1758175
2527,Operations,Senior Dev,18,Tier 3,1661094
2528,HR,Analyst,10,Tier 1,1100741
2529,Finance,Manager,1,Tier 2,1032838
2530,Sales,Analyst,4,Tier 3,513262
2531,Operations,Lead,4,Tier 2,1048594
2532,IT,Associate,11,Tier 2,1166257
2533,Marketing,Analyst,3,Tier 1,600453
2534,HR,Director,16,Tier 2,2348217
2535,HR,Senior Dev,19,Tier 1,2169229
2536,Finance,Associate,13,Tier 3,1164026
2537,HR,Associate,10,Tier 1,1250908
2538,IT,Analyst,17,Tier 1,1639610
2539,Finance,Intern,17,Tier 2,1319031
2540,Support,Senior Dev,10,Tier 1,1529668
2541,Sales,Lead,11,Tier 1,1706484
2542,Finance,Manager,8,Tier 2,1488570
2543,Support,Senior Dev,8,Tier 3,1079877
2544,Finance,Manager,9,Tier 2,1554917
2545,Sales,Manager,18,Tier 3,1979504
2546,Marketing,Intern,6,Tier 3,586579
2547,IT,Lead,0,Tier 3,688062
2548,HR,Analyst,7,Tier 2,771941
2549,Marketing,Senior Dev,17,Tier 1,2018470
2550,Finance,Manager,16,Tier 3,1875148
2551,Finance,Associate,13,Tier 2,1289133
2552,Sales,Manager,17,Tier 2,2126435
2553,Finance,Manager,17,Tier 3,1907519
2554,Support,Senior Dev,0,Tier 1,728566
2555,Sales,Director,10,Tier 2,1999358
2556,Marketing,Director,11,Tier 3,1864087
2557,IT,Manager,19,Tier 3,2066541
2558,HR,Lead,5,Tier 3,972690
2559,Operations,Senior Dev,12,Tier 3,1309404
2560,Support,Director,1,Tier 1,1570380
2561,Marketing,Associate,16,Tier 2,1485173
2562,Marketing,Associate,1,Tier 2,529027
2563,Support,Intern,10,Tier 1,994519
2564,IT,Manager,11,Tier 2,1708439
2565,HR,Intern,10,Tier 1,981413
2566,IT,Senior Dev,19,Tier 1,2168559
2567,IT,Director,7,Tier 2,1775513
2568,Operations,Associate,16,Tier 3,1351119
2569,Marketing,Director,19,Tier 2,2573299
2570,Operations,Lead,15,Tier 1,1995517
2571,Support,Associate,10,Tier 3,988950
2572,HR,Senior Dev,15,Tier 3,1493596
2573,Support,Associate,14,Tier 2,1388199
2574,IT,Analyst,15,Tier 1,1529546
2575,HR,Director,8,Tier 2,1846850
2576,IT,Lead,19,Tier 2,2036788
2577,Support,Lead,9,Tier 1,1536848
2578,Marketing,Analyst,14,Tier 1,1447446
2579,Marketing,Associate,7,Tier 2,905998
2580,Operations,Director,13,Tier 3,2005571
2581,IT,Lead,6,Tier 3,1035750
2582,Sales,Associate,11,Tier 1,1308232
2583,Support,Senior Dev,16,Tier 3,1565903
2584,Sales,Lead,9,Tier 1,1552093
2585,IT,Manager,18,Tier 3,2003741
2586,Marketing,Associate,10,Tier 3,1018225
2587,Sales,Intern,17,Tier 2,1329478
2588,Sales,Intern,11,Tier 3,881769
2589,IT,Associate,1,Tier 3,455338
2590,Marketing,Intern,19,Tier 1,1649145
2591,Marketing,Analyst,5,Tier 2,632775
2592,Sales,Lead,9,Tier 1,1551647
2593,Marketing,Associate,19,Tier 2,1709838
2594,Sales,Intern,4,Tier 3,429539
2595,Finance,Director,2,Tier 3,1347124
2596,IT,Analyst,7,Tier 3,715159
2597,HR,Intern,7,Tier 2,689099
2598,Finance,Manager,7,Tier 3,1345178
2599,HR,Associate,13,Tier 2,1317343
2600,IT,Lead,7,Tier 2,1248172
2601,HR,Analyst,9,Tier 1,1056902
2602,Sales,Lead,16,Tier 1,2101739
2603,Sales,Senior Dev,12,Tier 2,1438351
2604,IT,Analyst,3,Tier 3,501300
2605,Marketing,Manager,3,Tier 3,1094254
2606,IT,Lead,17,Tier 3,1728847
2607,Marketing,Senior Dev,5,Tier 3,888814
2608,Support,Analyst,1,Tier 3,353926
2609,Operations,Analyst,10,Tier 2,994779
2610,Sales,Manager,13,Tier 2,1828335
2611,IT,Manager,4,Tier 2,1271295
2612,IT,Lead,5,Tier 1,1254057
2613,HR,Associate,7,Tier 3,809583
2614,Sales,Lead,13,Tier 2,1657287
2615,Sales,Associate,2,Tier 1,675211
2616,Support,Senior Dev,15,Tier 3,1484139
2617,Operations,Director,16,Tier 1,2689520
2618,IT,Senior Dev,9,Tier 2,1261688
2619,IT,Analyst,9,Tier 1,1075476
2620,Support,Analyst,1,Tier 1,469928
2621,Marketing,Manager,12,Tier 1,2000208
2622,HR,Director,15,Tier 2,2329681
2623,IT,Analyst,18,Tier 2,1542219
2624,Operations,Intern,7,Tier 3,598080
2625,Marketing,Intern,14,Tier 3,1061305
2626,Operations,Intern,14,Tier 2,1152862
2627,Sales,Intern,6,Tier 3,570460
2628,Marketing,Manager,16,Tier 1,2330871
2629,Operations,Lead,8,Tier 3,1170519
2630,IT,Director,19,Tier 2,2572378
2631,IT,Senior Dev,17,Tier 1,2044996
2632,Finance,Analyst,15,Tier 2,1304536
2633,Finance,Senior Dev,11,Tier 2,1404555
2634,Finance,Lead,5,Tier 1,1237618
2635,Finance,Intern,6,Tier 1,701480
2636,Marketing,Senior Dev,2,Tier 1,890527
2637,Sales,Manager,17,Tier 2,2093151
2638,IT,Lead,6,Tier 2,1180739
2639,Finance,Senior Dev,7,Tier 2,1126700
2640,Support,Manager,12,Tier 1,2053192
2641,HR,Senior Dev,16,Tier 1,1921252
2642,Operations,Analyst,5,Tier 2,667842
2643,Support,Intern,12,Tier 3,904523
2644,IT,Senior Dev,13,Tier 2,1489630
2645,HR,Associate,3,Tier 3,572523
2646,HR,Manager,6,Tier 1,1591151
2647,Sales,Director,12,Tier 2,2083695
2648,HR,Director,5,Tier 2,1623262
2649,HR,Associate,5,Tier 2,795415
2650,Operations,Analyst,2,Tier 2,455963
2651,Support,Associate,2,Tier 2,571932
2652,HR,Senior Dev,1,Tier 1,828487
2653,Finance,Manager,5,Tier 2,1296855
2654,Operations,Manager,7,Tier 3,1337288
2655,HR,Associate,5,Tier 1,870805
2656,HR,Lead,2,Tier 3,817529
2657,HR,Senior Dev,2,Tier 3,704079
2658,Marketing,Associate,11,Tier 1,1324872
2659,Marketing,Associate,4,Tier 2,731021
2660,IT,Director,19,Tier 3,2329800
2661,Finance,Senior Dev,8,Tier 3,1076910
2662,IT,Analyst,19,Tier 3,1429942
2663,HR,Analyst,3,Tier 2,551772
2664,Support,Lead,12,Tier 2,1542878
2665,Marketing,Associate,9,Tier 2,1036369
2666,Support,Intern,16,Tier 1,1461235
2667,Marketing,Intern,19,Tier 1,1672340
2668,HR,Lead,16,Tier 2,1838933
2669,Finance,Intern,3,Tier 1,490536
2670,Marketing,Intern,0,Tier 1,253678
2671,Marketing,Lead,12,Tier 2,1580400
2672,Operations,Intern,7,Tier 2,690897
2673,IT,Senior Dev,12,Tier 3,1330214
2674,IT,Director,13,Tier 3,1958519
2675,Finance,Director,7,Tier 3,1623082
2676,Sales,Manager,14,Tier 1,2155938
2677,Operations,Associate,12,Tier 1,1394486
2678,Marketing,Manager,4,Tier 2,1250096
2679,Sales,Manager,15,Tier 2,1967270
2680,HR,Lead,1,Tier 2,816997
2681,HR,Analyst,17,Tier 2,1478830
2682,Sales,Associate,16,Tier 2,1518509
2683,Support,Intern,6,Tier 3,558684
2684,Marketing,Director,17,Tier 1,2779524
2685,Finance,Intern,13,Tier 1,1228885
2686,Marketing,Analyst,17,Tier 2,1457596
2687,Finance,Intern,10,Tier 1,1000676
2688,Finance,Director,15,Tier 1,2608878
2689,HR,Director,16,Tier 2,2373559
2690,Support,Lead,18,Tier 2,1934771
2691,Support,Intern,14,Tier 2,1143896
2692,IT,Senior Dev,19,Tier 3,1761913
2693,HR,Director,11,Tier 2,2055390
2694,HR,Lead,19,Tier 1,2326221
2695,IT,Senior Dev,0,Tier 2,631848
2696,Sales,Associate,19,Tier 3,1545464
2697,IT,Senior Dev,14,Tier 3,1429456
2698,Operations,Associate,11,Tier 2,1171554
2699,HR,Lead,10,Tier 1,1608409
2700,Finance,Director,15,Tier 3,2095864
2701,IT,Senior Dev,14,Tier 2,1571888
2702,Support,Associate,12,Tier 3,1113501
2703,Support,Associate,7,Tier 1,1052415
2704,Sales,Director,11,Tier 1,2320920
2705,Support,Senior Dev,10,Tier 1,1506071
2706,Sales,Director,9,Tier 2,1900061
2707,Operations,Associate,18,Tier 1,1848810
2708,Support,Intern,6,Tier 3,587002
2709,Sales,Senior Dev,16,Tier 2,1736656
2710,Support,Associate,7,Tier 2,900054
2711,Marketing,Analyst,5,Tier 3,615397
2712,Marketing,Analyst,17,Tier 1,1665669
2713,HR,Lead,4,Tier 1,1170068
2714,Support,Director,18,Tier 2,2482917
2715,Finance,Associate,7,Tier 3,815832
2716,Marketing,Manager,16,Tier 2,2036706
2717,IT,Director,18,Tier 3,2276762
2718,Finance,Director,16,Tier 2,2373796
2719,Marketing,Senior Dev,18,Tier 3,1708817
2720,Marketing,Intern,7,Tier 2,686642
2721,Operations,Director,6,Tier 3,1567531
2722,Operations,Associate,16,Tier 3,1339221
2723,Operations,Senior Dev,18,Tier 1,2084519
2724,Support,Lead,5,Tier 1,1221051
2725,Finance,Analyst,1,Tier 2,375765
2726,Sales,Manager,4,Tier 3,1166690
2727,Sales,Associate,19,Tier 1,1927323
2728,Sales,Associate,16,Tier 2,1477939
2729,IT,Lead,12,Tier 2,1532307
2730,IT,Associate,16,Tier 2,1501944
2731,IT,Associate,3,Tier 2,646134
2732,Sales,Intern,13,Tier 3,956226
2733,IT,Director,2,Tier 1,1675021
2734,Finance,Associate,7,Tier 3,820391
2735,Operations,Analyst,0,Tier 1,346961
2736,Sales,Lead,17,Tier 3,1742015
2737,IT,Associate,7,Tier 3,800848
2738,Finance,Intern,11,Tier 1,1058255
2739,Operations,Manager,15,Tier 2,1989281
2740,IT,Senior Dev,3,Tier 3,770389
2741,Sales,Intern,11,Tier 2,974266
2742,Operations,Director,8,Tier 2,1861919
2743,Finance,Associate,11,Tier 2,1139358
2744,Finance,Lead,13,Tier 3,1460988
2745,Marketing,Director,1,Tier 2,1361698
2746,IT,Senior Dev,9,Tier 3,1160248
2747,IT,Director,19,Tier 1,2927703
2748,Finance,Director,7,Tier 2,1796041
2749,IT,Intern,18,Tier 3,1258002
2750,Operations,Associate,4,Tier 3,631698
2751,Marketing,Manager,15,Tier 1,2268240
2752,HR,Associate,14,Tier 1,1537570
2753,Operations,Lead,11,Tier 1,1682392
2754,Operations,Associate,11,Tier 2,1151641
2755,Finance,Analyst,14,Tier 2,1230305
2756,Operations,Lead,17,Tier 3,1729763
2757,Finance,Manager,11,Tier 2,1732550
2758,Operations,Director,3,Tier 3,1370566
2759,IT,Director,15,Tier 3,2072230
2760,IT,Intern,15,Tier 3,1119280
2761,HR,Manager,1,Tier 3,934765
2762,Finance,Lead,2,Tier 2,895929
2763,Finance,Director,19,Tier 1,2900552
2764,IT,Manager,19,Tier 3,2021989
2765,IT,Manager,0,Tier 1,1140939
2766,HR,Manager,5,Tier 2,1328652
2767,Sales,Analyst,14,Tier 3,1150953
2768,Operations,Director,13,Tier 3,2004195
2769,Marketing,Director,14,Tier 1,2545901
2770,Operations,Analyst,4,Tier 1,704461
2771,IT,Manager,16,Tier 3,1859546
2772,Marketing,Director,15,Tier 1,2651683
2773,Finance,Director,14,Tier 3,2051430
2774,IT,Intern,3,Tier 3,399242
2775,Operations,Analyst,17,Tier 3,1302948
2776,Operations,Director,2,Tier 2,1424773
2777,Operations,Lead,7,Tier 3,1099878
2778,Marketing,Lead,2,Tier 2,928561
2779,Finance,Associate,9,Tier 1,1198592
2780,Finance,Director,19,Tier 1,2928776
2781,Operations,Senior Dev,7,Tier 1,1300798
2782,HR,Senior Dev,10,Tier 2,1294668
2783,IT,Analyst,4,Tier 3,565161
2784,Support,Senior Dev,12,Tier 2,1456484
2785,Operations,Manager,4,Tier 2,1271159
2786,Operations,Director,12,Tier 1,2415925
2787,Marketing,Manager,4,Tier 2,1240968
2788,HR,Senior Dev,15,Tier 2,1650209
2789,Operations,Associate,0,Tier 3,427703
2790,IT,Intern,18,Tier 2,1425133
2791,HR,Analyst,10,Tier 1,1113395
2792,Support,Intern,11,Tier 1,1082707
2793,Finance,Lead,6,Tier 3,1064393
2794,Support,Associate,12,Tier 3,1140042
2795,Support,Associate,7,Tier 2,878078
2796,Sales,Manager,8,Tier 2,1529574
2797,Operations,Lead,14,Tier 1,1924345
2798,Support,Intern,19,Tier 1,1701152
2799,Support,Analyst,11,Tier 2,1076048
2800,Sales,Manager,7,Tier 3,1316212
2801,IT,Associate,14,Tier 2,1352816
2802,Finance,Intern,0,Tier 2,219432
2803,IT,Director,9,Tier 3,1716837
2804,Sales,Director,9,Tier 2,1904884
2805,Marketing,Analyst,14,Tier 1,1404424
2806,Support,Intern,5,Tier 3,513618
2807,HR,Manager,12,Tier 3,1637111
2808,Finance,Associate,14,Tier 1,1575056
2809,Support,Lead,16,Tier 1,2104381
2810,HR,Lead,12,Tier 1,1753848
2811,Sales,Analyst,5,Tier 3,583136
2812,Finance,Lead,15,Tier 2,1730589
2813,Finance,Lead,12,Tier 1,1796973
2814,Finance,Intern,2,Tier 2,328509
2815,HR,Manager,13,Tier 2,1860222
2816,Marketing,Senior Dev,7,Tier 1,1289476
2817,Marketing,Intern,14,Tier 1,1322732
2818,IT,Senior Dev,12,Tier 1,1629968
2819,IT,Analyst,2,Tier 2,441275
2820,Marketing,Manager,5,Tier 2,1303269
2821,Operations,Director,16,Tier 3,2130406
2822,Finance,Senior Dev,1,Tier 3,652553
2823,Operations,Senior Dev,14,Tier 2,1598036
2824,HR,Senior Dev,19,Tier 1,2149485
2825,Finance,Lead,5,Tier 1,1222618
2826,HR,Associate,17,Tier 2,1554673
2827,Finance,Analyst,3,Tier 1,609696
2828,Finance,Associate,13,Tier 2,1326829
2829,HR,Senior Dev,12,Tier 1,1634719
2830,Finance,Intern,11,Tier 3,873894
2831,Finance,Lead,14,Tier 3,1522306
2832,HR,Lead,10,Tier 2,1415086
2833,Marketing,Lead,11,Tier 1,1697042
2834,Marketing,Manager,16,Tier 2,2067618
2835,Finance,Manager,18,Tier 1,2463323
2836,IT,Senior Dev,3,Tier 3,759890
2837,Sales,Manager,15,Tier 1,2230283
2838,HR,Director,7,Tier 1,2041999
2839,IT,Manager,16,Tier 1,2342466
2840,Support,Lead,17,Tier 3,1727952
2841,Operations,Analyst,2,Tier 3,427663
2842,Operations,Manager,3,Tier 2,1202172
2843,Marketing,Analyst,5,Tier 2,677929
2844,HR,Analyst,13,Tier 1,1354724
2845,HR,Analyst,15,Tier 3,1199134
2846,IT,Associate,14,Tier 3,1257101
2847,Marketing,Director,3,Tier 1,1728575
2848,Operations,Analyst,15,Tier 2,1294827
2849,Sales,Senior Dev,15,Tier 2,1633699
2850,Support,Analyst,12,Tier 3,1037961
2851,Operations,Director,12,Tier 3,1895313
2852,Marketing,Associate,2,Tier 1,669909
2853,HR,Director,7,Tier 1,1999887
2854,Finance,Senior Dev,14,Tier 1,1815226
2855,IT,Analyst,8,Tier 2,831558
2856,Marketing,Senior Dev,12,Tier 2,1472113
2857,Support,Analyst,7,Tier 1,925878
2858,IT,Senior Dev,11,Tier 2,1391186
2859,Sales,Senior Dev,6,Tier 1,1203769
2860,HR,Director,15,Tier 1,2648218
2861,IT,Manager,9,Tier 2,1581877
2862,Support,Director,17,Tier 3,2221601
2863,Finance,Intern,4,Tier 1,536244
2864,HR,Director,6,Tier 3,1553099
2865,Sales,Director,1,Tier 3,1267034
2866,Sales,Associate,12,Tier 1,1389094
2867,Support,Intern,4,Tier 1,530589
2868,IT,Lead,5,Tier 1,1279319
2869,Operations,Associate,13,Tier 3,1189531
2870,Support,Intern,3,Tier 2,391164
2871,HR,Lead,5,Tier 3,1011247
2872,Marketing,Intern,9,Tier 2,803601
2873,HR,Lead,14,Tier 3,1560599
2874,Sales,Intern,8,Tier 2,768916
2875,Sales,Director,9,Tier 2,1942579
2876,Marketing,Senior Dev,5,Tier 2,962671
2877,Operations,Director,2,Tier 1,1672329
2878,Operations,Manager,10,Tier 1,1849906
2879,Marketing,Director,16,Tier 1,2710031
2880,Operations,Director,3,Tier 2,1509438
2881,IT,Intern,3,Tier 1,488856
2882,IT,Associate,8,Tier 3,891938
2883,Sales,Intern,4,Tier 2,513807
2884,Finance,Director,5,Tier 3,1497938
2885,IT,Manager,0,Tier 2,980435
2886,HR,Associate,15,Tier 3,1289190
2887,Finance,Senior Dev,10,Tier 2,1340124
2888,Operations,Analyst,9,Tier 2,948786
2889,Sales,Analyst,8,Tier 1,1001635
2890,Marketing,Lead,11,Tier 3,1355174
2891,Operations,Associate,13,Tier 3,1199376
2892,IT,Intern,17,Tier 3,1237216
2893,Marketing,Associate,8,Tier 2,963416
2894,Sales,Senior Dev,9,Tier 1,1445258
2895,Support,Lead,14,Tier 3,1523380
2896,Marketing,Intern,14,Tier 3,1045699
2897,Support,Lead,1,Tier 3,761980
2898,Marketing,Analyst,15,Tier 3,1199166
2899,IT,Analyst,9,Tier 1,1020717
2900,IT,Associate,9,Tier 1,1170592
2901,Sales,Analyst,13,Tier 3,1080009
2902,Finance,Senior Dev,8,Tier 1,1353816
2903,Marketing,Associate,13,Tier 3,1161618
2904,Finance,Analyst,19,Tier 1,1796671
2905,IT,Lead,1,Tier 1,962761
2906,Support,Analyst,2,Tier 2,470346
2907,Operations,Senior Dev,10,Tier 2,1340772
2908,Operations,Senior Dev,12,Tier 1,1647526
2909,Operations,Lead,16,Tier 3,1632941
2910,Marketing,Analyst,1,Tier 1,467947
2911,IT,Senior Dev,9,Tier 1,1420553
2912,Support,Director,10,Tier 2,1975359
2913,Operations,Director,16,Tier 2,2401026
2914,Sales,Lead,17,Tier 3,1740164
2915,Operations,Senior Dev,15,Tier 3,1517365
2916,Finance,Director,11,Tier 2,2020586
2917,Sales,Director,14,Tier 3,2051198
2918,IT,Senior Dev,15,Tier 3,1505113
2919,HR,Manager,11,Tier 3,1562443
2920,Finance,Senior Dev,12,Tier 2,1452595
2921,IT,Intern,6,Tier 2,591877
2922,Operations,Analyst,1,Tier 1,468601
2923,Operations,Lead,14,Tier 1,1927766
2924,Support,Senior Dev,7,Tier 2,1124006
2925,Marketing,Analyst,14,Tier 1,1407205
2926,Support,Associate,7,Tier 3,835947
2927,Finance,Analyst,11,Tier 2,1042524
2928,IT,Intern,10,Tier 2,850016
2929,Sales,Lead,16,Tier 1,2065855
2930,Sales,Associate,3,Tier 1,720095
2931,Operations,Associate,4,Tier 2,723241
2932,Marketing,Director,15,Tier 2,2332003
2933,Finance,Analyst,14,Tier 2,1252747
2934,IT,Associate,4,Tier 1,828269
2935,Support,Senior Dev,15,Tier 2,1675053
2936,Operations,Analyst,9,Tier 3,811094
2937,IT,Director,12,Tier 1,2426499
2938,Support,Associate,4,Tier 1,793324
2939,Finance,Lead,2,Tier 3,793982
2940,Finance,Manager,3,Tier 1,1335790
2941,HR,Analyst,13,Tier 1,1374707
2942,Marketing,Senior Dev,18,Tier 3,1662748
2943,Operations,Intern,9,Tier 3,713092
2944,Operations,Lead,4,Tier 3,969418
2945,IT,Analyst,19,Tier 3,1434860
2946,IT,Senior Dev,19,Tier 2,1898616
2947,Marketing,Associate,5,Tier 1,849926
2948,Marketing,Intern,3,Tier 1,448969
2949,Operations,Manager,15,Tier 1,2259876
2950,HR,Senior Dev,3,Tier 2,844428
2951,Finance,Analyst,18,Tier 1,1715950
2952,HR,Manager,1,Tier 2,1067789
2953,Operations,Associate,3,Tier 2,643349
2954,Marketing,Associate,19,Tier 2,1694062
2955,Support,Senior Dev,3,Tier 2,873896
2956,Finance,Director,6,Tier 3,1561730
2957,Operations,Analyst,18,Tier 1,1708861
2958,Operations,Director,5,Tier 2,1668243
2959,HR,Analyst,14,Tier 2,1260174
2960,Finance,Manager,19,Tier 2,2264184
2961,HR,Director,3,Tier 2,1491121
2962,IT,Lead,17,Tier 3,1718164
2963,Support,Senior Dev,19,Tier 1,2204222
2964,HR,Intern,10,Tier 1,973748
2965,Operations,Analyst,3,Tier 2,542331
2966,Operations,Associate,1,Tier 1,576308
2967,Support,Analyst,9,Tier 3,849560
2968,Support,Analyst,9,Tier 1,1066686
2969,IT,Associate,6,Tier 2,810675
2970,Marketing,Associate,18,Tier 2,1639449
2971,Operations,Associate,2,Tier 2,552680
2972,Operations,Senior Dev,18,Tier 2,1844206
2973,Support,Senior Dev,1,Tier 2,716666
2974,Operations,Senior Dev,19,Tier 1,2146161
2975,Support,Senior Dev,1,Tier 2,751489
2976,Finance,Manager,16,Tier 2,2054751
2977,Operations,Lead,15,Tier 3,1610975
2978,Operations,Senior Dev,13,Tier 1,1709758
2979,Support,Director,10,Tier 1,2251831
2980,Marketing,Analyst,0,Tier 2,337770
2981,HR,Manager,3,Tier 3,1102550
2982,IT,Intern,14,Tier 1,1294881
2983,IT,Senior Dev,11,Tier 1,1580422
2984,Operations,Intern,16,Tier 3,1153776
2985,Sales,Analyst,10,Tier 3,887755
2986,Marketing,Associate,0,Tier 2,447422
2987,IT,Senior Dev,9,Tier 3,1133238
2988,Operations,Lead,1,Tier 3,760313
2989,IT,Analyst,3,Tier 3,508475
2990,HR,Associate,18,Tier 1,1859321
2991,Sales,Intern,10,Tier 3,814327
2992,IT,Manager,17,Tier 1,2416250
2993,Sales,Lead,10,Tier 2,1439404
2994,Finance,Lead,2,Tier 3,806395
2995,HR,Manager,2,Tier 3,992537
2996,Finance,Lead,16,Tier 1,2063613
2997,Finance,Manager,1,Tier 2,1050368
2998,Operations,Lead,15,Tier 1,1984209
2999,IT,Manager,19,Tier 1,2576997
3000,Sales,Associate,9,Tier 3,918635
3001,Sales,Analyst,9,Tier 2,939863
3002,Marketing,Senior Dev,0,Tier 2,671804
3003,Marketing,Analyst,8,Tier 1,1003741
3004,Marketing,Director,9,Tier 2,1935502
3005,Operations,Director,4,Tier 3,1427653
3006,HR,Director,15,Tier 1,2629028
3007,Marketing,Intern,19,Tier 3,1366049
3008,Marketing,Intern,10,Tier 1,999978
3009,Finance,Senior Dev,8,Tier 1,1349007
3010,Support,Analyst,1,Tier 3,378287
3011,Operations,Analyst,1,Tier 1,475307
3012,Marketing,Analyst,7,Tier 2,818392
3013,Marketing,Intern,11,Tier 1,1096033
3014,Sales,Lead,8,Tier 3,1175097
3015,Marketing,Lead,1,Tier 1,942191
3016,Marketing,Analyst,19,Tier 3,1417206
3017,IT,Manager,1,Tier 2,1054992
3018,IT,Associate,18,Tier 3,1465995
3019,Finance,Intern,3,Tier 3,394439
3020,Sales,Intern,1,Tier 3,256270
3021,Finance,Associate,13,Tier 2,1316321
3022,HR,Associate,14,Tier 1,1534859
3023,IT,Lead,4,Tier 2,1035899
3024,HR,Intern,19,Tier 3,1312172
3025,Support,Intern,6,Tier 2,602663
3026,Support,Associate,9,Tier 1,1164053
3027,Sales,Lead,13,Tier 2,1628564
3028,Marketing,Intern,17,Tier 3,1249095
3029,Operations,Analyst,13,Tier 1,1341153
3030,Sales,Director,11,Tier 2,2045845
3031,HR,Manager,5,Tier 2,1343283
3032,IT,Analyst,12,Tier 2,1105731
3033,Sales,Lead,13,Tier 3,1493646
3034,Marketing,Analyst,15,Tier 3,1216435
3035,Marketing,Senior Dev,0,Tier 2,657564
3036,Finance,Manager,3,Tier 1,1327697
3037,Support,Associate,5,Tier 1,853386
3038,IT,Director,12,Tier 2,2135370
3039,Marketing,Analyst,15,Tier 2,1337802
3040,Operations,Senior Dev,4,Tier 2,904900
3041,Sales,Lead,7,Tier 2,1257026
3042,IT,Analyst,13,Tier 1,1354782
3043,Marketing,Intern,13,Tier 3,962997
3044,Operations,Director,11,Tier 1,2353255
3045,HR,Intern,16,Tier 3,1137148
3046,HR,Lead,13,Tier 3,1468748
3047,Marketing,Director,6,Tier 1,1940013
3048,Support,Intern,14,Tier 2,1168827
3049,Sales,Associate,16,Tier 2,1491256
3050,Operations,Associate,14,Tier 2,1371419
3051,HR,Manager,1,Tier 2,1066708
3052,Sales,Lead,12,Tier 2,1568634
3053,Support,Associate,19,Tier 2,1687382
3054,HR,Lead,7,Tier 1,1426063
3055,IT,Director,13,Tier 1,2482710
3056,Marketing,Senior Dev,10,Tier 2,1290864
3057,Operations,Analyst,2,Tier 2,490128
3058,Support,Intern,18,Tier 3,1287997
3059,Sales,Analyst,7,Tier 3,734940
3060,Marketing,Manager,19,Tier 2,2257298
3061,Sales,Analyst,4,Tier 1,693328
3062,Finance,Senior Dev,5,Tier 3,879726
3063,Finance,Manager,1,Tier 3,944252
3064,Finance,Intern,4,Tier 3,447371
3065,Marketing,Intern,7,Tier 3,632230
3066,Finance,Senior Dev,0,Tier 2,662467
3067,Finance,Analyst,11,Tier 1,1216934
3068,Marketing,Analyst,10,Tier 3,917014
3069,Sales,Manager,14,Tier 3,1722853
3070,IT,Intern,10,Tier 3,819052
3071,Marketing,Analyst,15,Tier 3,1209522
3072,HR,Analyst,19,Tier 3,1460733
3073,Support,Analyst,2,Tier 3,408624
3074,Marketing,Manager,14,Tier 2,1908704
3075,Finance,Analyst,16,Tier 3,1259377
3076,IT,Analyst,19,Tier 2,1561493
3077,Finance,Director,7,Tier 3,1624844
3078,Operations,Associate,15,Tier 2,1402994
3079,HR,Manager,0,Tier 1,1142234
3080,Support,Intern,2,Tier 2,349332
3081,Sales,Associate,11,Tier 3,1037371
3082,Support,Associate,19,Tier 2,1682028
3083,IT,Manager,19,Tier 2,2249912
3084,Finance,Intern,6,Tier 2,632851
3085,IT,Senior Dev,18,Tier 1,2090469
3086,Marketing,Associate,18,Tier 2,1638037
3087,Support,Intern,12,Tier 3,947514
3088,Sales,Lead,12,Tier 2,1578988
3089,Marketing,Manager,19,Tier 1,2538542
3090,Finance,Lead,12,Tier 2,1586314
3091,Operations,Lead,18,Tier 1,2215423
3092,Finance,Director,19,Tier 2,2588231
3093,HR,Associate,9,Tier 2,1021241
3094,Operations,Lead,15,Tier 3,1593154
3095,Sales,Intern,10,Tier 3,826396
3096,Finance,Associate,8,Tier 3,863331
3097,Marketing,Manager,18,Tier 3,1969183
3098,HR,Analyst,6,Tier 1,834346
3099,Sales,Associate,11,Tier 2,1190478
3100,Marketing,Lead,13,Tier 1,1870954
3101,HR,Analyst,9,Tier 2,909882
3102,Operations,Associate,5,Tier 2,759041
3103,Operations,Lead,10,Tier 1,1647498
3104,Operations,Senior Dev,5,Tier 2,993709
3105,Finance,Director,19,Tier 2,2548837
3106,Support,Associate,16,Tier 3,1354489
3107,Finance,Intern,0,Tier 2,238994
3108,Operations,Senior Dev,7,Tier 3,1002615
3109,Sales,Manager,19,Tier 2,2267109
3110,IT,Associate,14,Tier 2,1334375
3111,Operations,Director,6,Tier 1,1940746
3112,Sales,Lead,6,Tier 2,1180348
3113,Operations,Lead,3,Tier 1,1112904
3114,IT,Associate,11,Tier 2,1143833
3115,Marketing,Analyst,5,Tier 1,750573
3116,Operations,Lead,11,Tier 3,1370874
3117,HR,Lead,18,Tier 1,2229420
3118,Support,Director,4,Tier 3,1463044
3119,Marketing,Senior Dev,15,Tier 3,1521064
3120,Finance,Intern,12,Tier 2,990792
3121,IT,Analyst,19,Tier 3,1425989
3122,Finance,Associate,3,Tier 3,559290
3123,Marketing,Lead,16,Tier 2,1810342
3124,HR,Director,13,Tier 1,2458945
3125,HR,Senior Dev,10,Tier 1,1500133
3126,Finance,Lead,8,Tier 2,1308150
3127,Marketing,Associate,12,Tier 2,1243750
3128,IT,Associate,17,Tier 1,1785475
3129,HR,Senior Dev,10,Tier 2,1321086
3130,Marketing,Manager,18,Tier 1,2452008
3131,Operations,Director,3,Tier 2,1515405
3132,Support,Director,13,Tier 2,2184386
3133,Support,Senior Dev,16,Tier 2,1699007
3134,IT,Analyst,13,Tier 3,1082157
3135,Support,Lead,19,Tier 2,2029932
3136,IT,Associate,12,Tier 1,1384414
3137,HR,Lead,13,Tier 2,1612327
3138,Finance,Analyst,18,Tier 2,1502693
3139,Marketing,Director,9,Tier 2,1933658
3140,Finance,Lead,14,Tier 2,1679540
3141,Operations,Associate,19,Tier 3,1535081
3142,Support,Associate,5,Tier 2,751350
3143,HR,Manager,9,Tier 1,1806358
3144,Finance,Associate,16,Tier 3,1358369
3145,Finance,Intern,16,Tier 1,1437576
3146,Support,Analyst,9,Tier 1,1037848
3147,IT,Associate,6,Tier 3,751999
3148,Operations,Lead,17,Tier 1,2133029
3149,Sales,Senior Dev,19,Tier 2,1942016
3150,Sales,Analyst,0,Tier 2,305867
3151,IT,Intern,1,Tier 2,257539
3152,Support,Associate,16,Tier 2,1483027
3153,Support,Senior Dev,10,Tier 1,1478693
3154,HR,Director,3,Tier 1,1751832
3155,HR,Associate,6,Tier 2,862497
3156,Support,Associate,8,Tier 1,1100908
3157,Finance,Manager,2,Tier 2,1124263
3158,Finance,Senior Dev,18,Tier 2,1869491
3159,Support,Intern,17,Tier 1,1503947
3160,HR,Manager,10,Tier 1,1883170
3161,Finance,Associate,13,Tier 3,1198785
3162,IT,Director,15,Tier 2,2291618
3163,Marketing,Associate,14,Tier 1,1536122
3164,Sales,Lead,3,Tier 3,870900
3165,Operations,Analyst,16,Tier 1,1597774
3166,Finance,Director,15,Tier 3,2075037
3167,Sales,Lead,15,Tier 1,1985848
3168,HR,Associate,3,Tier 2,655645
3169,IT,Senior Dev,10,Tier 2,1344337
3170,Marketing,Lead,11,Tier 1,1676411
3171,Finance,Intern,3,Tier 1,475225
3172,IT,Director,6,Tier 3,1569164
3173,Finance,Analyst,0,Tier 2,343390
3174,Support,Director,12,Tier 3,1896533
3175,IT,Lead,5,Tier 2,1077211
3176,Operations,Intern,7,Tier 3,601927
3177,Finance,Analyst,18,Tier 1,1704316
3178,Finance,Lead,17,Tier 1,2130846
3179,Finance,Intern,4,Tier 3,456621
3180,Support,Lead,9,Tier 1,1522080
3181,HR,Intern,9,Tier 2,840548
3182,IT,Analyst,11,Tier 1,1177797
3183,Support,Lead,6,Tier 3,1063672
3184,IT,Manager,11,Tier 3,1572742
3185,Marketing,Lead,0,Tier 3,728090
3186,IT,Lead,14,Tier 3,1555825
3187,Sales,Associate,19,Tier 1,1900606
3188,Marketing,Associate,11,Tier 3,1054849
3189,Operations,Lead,2,Tier 1,1053502
3190,HR,Senior Dev,10,Tier 2,1338849
3191,Marketing,Intern,11,Tier 1,1078189
3192,HR,Senior Dev,4,Tier 3,835785
3193,Sales,Senior Dev,0,Tier 1,752698
3194,Operations,Analyst,10,Tier 2,964675
3195,IT,Intern,17,Tier 1,1522843
3196,Sales,Intern,16,Tier 3,1159793
3197,Finance,Lead,1,Tier 1,939627
3198,Sales,Analyst,5,Tier 2,656025
3199,Support,Intern,15,Tier 2,1202366
3200,HR,Associate,13,Tier 1,1450798
3201,HR,Intern,18,Tier 1,1612614
3202,Sales,Director,16,Tier 3,2187608
3203,Operations,Intern,12,Tier 2,988559
3204,Support,Associate,4,Tier 2,693158
3205,IT,Senior Dev,4,Tier 2,916057
3206,Marketing,Associate,9,Tier 3,922070
3207,Sales,Manager,14,Tier 2,1924902
3208,Sales,Analyst,14,Tier 3,1115506
3209,Finance,Analyst,18,Tier 3,1385163
3210,Sales,Manager,14,Tier 3,1718226
3211,Support,Associate,5,Tier 1,850515
3212,HR,Manager,14,Tier 1,2181133
3213,HR,Lead,12,Tier 3,1422092
3214,Sales,Associate,18,Tier 1,1839522
3215,IT,Intern,7,Tier 3,613047
3216,Sales,Lead,19,Tier 3,1847038
3217,Operations,Intern,3,Tier 3,392674
3218,Sales,Associate,2,Tier 2,558940
3219,Sales,Intern,7,Tier 1,802174
3220,Finance,Associate,15,Tier 2,1438220
3221,IT,Associate,2,Tier 1,672719
3222,Marketing,Lead,8,Tier 1,1498051
3223,Marketing,Senior Dev,13,Tier 3,1406652
3224,IT,Analyst,6,Tier 2,698062
3225,Finance,Intern,6,Tier 1,728981
3226,IT,Manager,1,Tier 3,949880
3227,Finance,Manager,16,Tier 3,1844308
3228,Finance,Manager,11,Tier 2,1716720
3229,Marketing,Manager,9,Tier 2,1563706
3230,Finance,Analyst,15,Tier 3,1179837
3231,HR,Analyst,7,Tier 1,922151
3232,IT,Lead,16,Tier 2,1832824
3233,Marketing,Lead,17,Tier 3,1737115
3234,Support,Senior Dev,16,Tier 1,1946299
3235,Sales,Intern,13,Tier 3,980063
3236,Finance,Intern,13,Tier 1,1251232
3237,Sales,Manager,3,Tier 2,1160936
3238,Sales,Manager,10,Tier 1,1873805
3239,Marketing,Director,14,Tier 1,2568068
3240,Sales,Analyst,10,Tier 1,1122672
3241,Sales,Lead,17,Tier 2,1914413
3242,Finance,Associate,12,Tier 3,1149213
3243,IT,Senior Dev,17,Tier 2,1800442
3244,Marketing,Intern,18,Tier 3,1251079
3245,Operations,Senior Dev,14,Tier 1,1825432
3246,IT,Associate,7,Tier 2,887327
3247,HR,Director,19,Tier 2,2603872
3248,Sales,Analyst,3,Tier 2,515197
3249,IT,Intern,1,Tier 2,258031
3250,HR,Director,2,Tier 1,1661863
3251,HR,Intern,5,Tier 2,534287
3252,Operations,Lead,15,Tier 2,1762230
3253,HR,Director,12,Tier 3,1893340
3254,Support,Intern,4,Tier 3,458664
3255,HR,Director,19,Tier 2,2545141
3256,HR,Intern,17,Tier 3,1247710
3257,Operations,Director,17,Tier 2,2454049
3258,Operations,Associate,9,Tier 3,944806
3259,Support,Manager,12,Tier 3,1622113
3260,IT,Associate,14,Tier 1,1562814
3261,Marketing,Lead,11,Tier 1,1719646
3262,Finance,Lead,12,Tier 3,1419809
3263,Operations,Senior Dev,14,Tier 2,1588552
3264,Support,Intern,10,Tier 1,991650
3265,HR,Lead,2,Tier 1,1004190
3266,HR,Lead,13,Tier 2,1627709
3267,Support,Director,12,Tier 2,2091643
3268,Marketing,Senior Dev,8,Tier 2,1203760
3269,IT,Lead,18,Tier 2,1984234
3270,Finance,Senior Dev,18,Tier 1,2112833
3271,HR,Senior Dev,11,Tier 3,1250918
3272,Support,Senior Dev,0,Tier 2,632962
3273,Support,Manager,19,Tier 2,2273644
3274,Support,Associate,16,Tier 2,1522356
3275,Operations,Manager,2,Tier 2,1105921
3276,IT,Manager,2,Tier 2,1109575
3277,Finance,Analyst,15,Tier 3,1215349
3278,Operations,Intern,12,Tier 3,905997
3279,Support,Lead,15,Tier 2,1753067
3280,Sales,Associate,15,Tier 3,1290923
3281,Sales,Lead,12,Tier 1,1747887
3282,Sales,Intern,11,Tier 3,872422
3283,HR,Director,7,Tier 3,1618756
3284,HR,Associate,8,Tier 3,860304
3285,Support,Senior Dev,5,Tier 3,874758
3286,Sales,Director,18,Tier 3,2281658
3287,Support,Senior Dev,10,Tier 1,1507782
3288,HR,Associate,12,Tier 2,1202490
3289,HR,Manager,17,Tier 3,1895974
3290,Operations,Senior Dev,14,Tier 1,1789680
3291,Operations,Senior Dev,6,Tier 2,1047398
3292,IT,Manager,12,Tier 1,2030755
3293,Operations,Director,17,Tier 2,2415159
3294,Support,Associate,18,Tier 2,1627351
3295,Finance,Senior Dev,18,Tier 3,1667065
3296,Sales,Manager,6,Tier 3,1231073
3297,HR,Associate,15,Tier 3,1288771
3298,HR,Analyst,5,Tier 2,672330
3299,IT,Senior Dev,8,Tier 2,1162340
3300,Marketing,Analyst,12,Tier 2,1108184
3301,Operations,Director,7,Tier 1,1997159
3302,Finance,Associate,12,Tier 2,1215900
3303,Operations,Associate,16,Tier 2,1480678
3304,HR,Lead,19,Tier 1,2317204
3305,Support,Director,16,Tier 3,2138219
3306,Finance,Manager,8,Tier 2,1539137
3307,Operations,Analyst,17,Tier 2,1430488
3308,Support,Manager,5,Tier 1,1514362
3309,IT,Senior Dev,5,Tier 3,870901
3310,IT,Manager,12,Tier 1,2037058
3311,Operations,Senior Dev,13,Tier 2,1490881
3312,Finance,Intern,7,Tier 1,790826
3313,Sales,Intern,2,Tier 1,387632
3314,HR,Associate,18,Tier 3,1495201
3315,Sales,Senior Dev,16,Tier 2,1745251
3316,HR,Intern,12,Tier 3,940210
3317,Support,Intern,0,Tier 1,242499
3318,Operations,Analyst,12,Tier 1,1249603
3319,Support,Intern,10,Tier 3,789937
3320,Support,Analyst,15,Tier 1,1496337
3321,Operations,Associate,18,Tier 2,1602818
3322,Support,Associate,15,Tier 3,1277349
3323,Finance,Associate,18,Tier 3,1477464
3324,Sales,Lead,0,Tier 3,726361
3325,Operations,Analyst,18,Tier 2,1525344
3326,IT,Senior Dev,1,Tier 1,813255
3327,Sales,Senior Dev,11,Tier 3,1277975
3328,HR,Director,17,Tier 2,2427905
3329,Operations,Lead,12,Tier 2,1572581
3330,Finance,Director,5,Tier 2,1634175
3331,Marketing,Intern,8,Tier 1,826191
3332,HR,Senior Dev,10,Tier 2,1308982
3333,Operations,Analyst,9,Tier 1,1070185
3334,Support,Lead,19,Tier 2,2051617
3335,HR,Manager,19,Tier 3,2047244
3336,Operations,Associate,8,Tier 2,987630
3337,Support,Associate,14,Tier 3,1210515
3338,Operations,Associate,7,Tier 2,904264
3339,IT,Senior Dev,12,Tier 3,1336216
3340,Operations,Director,3,Tier 3,1377856
3341,Finance,Manager,15,Tier 3,1778334
3342,Marketing,Senior Dev,2,Tier 3,696008
3343,Finance,Manager,19,Tier 1,2550966
3344,Support,Associate,4,Tier 1,770787
3345,Operations,Manager,14,Tier 3,1719873
3346,Finance,Analyst,14,Tier 1,1415225
3347,HR,Senior Dev,12,Tier 3,1329683
3348,Finance,Senior Dev,9,Tier 2,1231788
3349,IT,Lead,9,Tier 3,1254220
3350,Operations,Intern,8,Tier 3,679703
3351,IT,Intern,2,Tier 3,338623
3352,Sales,Intern,13,Tier 3,965103
3353,Operations,Associate,8,Tier 1,1116045
3354,Marketing,Lead,10,Tier 2,1438498
3355,IT,Director,4,Tier 3,1421772
3356,Support,Senior Dev,9,Tier 1,1444036
3357,Marketing,Director,3,Tier 3,1403623
3358,HR,Manager,12,Tier 3,1642491
3359,Marketing,Intern,4,Tier 3,439769
3360,Marketing,Manager,8,Tier 3,1397411
3361,HR,Analyst,6,Tier 3,657777
3362,HR,Intern,6,Tier 3,589175
3363,Marketing,Lead,6,Tier 2,1153558
3364,Sales,Lead,13,Tier 3,1450178
3365,Marketing,Analyst,4,Tier 3,530470
3366,Support,Senior Dev,17,Tier 2,1777363
3367,Sales,Analyst,11,Tier 1,1201926
3368,Finance,Intern,16,Tier 3,1167356
3369,Operations,Senior Dev,1,Tier 2,699084
3370,Marketing,Senior Dev,6,Tier 3,930731
3371,IT,Director,9,Tier 2,1912022
3372,HR,Director,5,Tier 1,1856970
3373,IT,Intern,2,Tier 1,399265
3374,Marketing,Senior Dev,10,Tier 2,1292933
3375,Marketing,Senior Dev,19,Tier 1,2170791
3376,Operations,Manager,4,Tier 2,1229074
3377,Marketing,Senior Dev,18,Tier 1,2070893
3378,Finance,Manager,14,Tier 2,1903773
3379,Marketing,Intern,15,Tier 1,1365863
3380,Sales,Associate,8,Tier 1,1105139
3381,Finance,Intern,14,Tier 2,1167464
3382,IT,Associate,11,Tier 3,1061670
3383,Operations,Lead,2,Tier 2,911094
3384,HR,Lead,13,Tier 3,1506240
3385,IT,Senior Dev,18,Tier 3,1685685
3386,Marketing,Manager,3,Tier 2,1214838
3387,Finance,Director,18,Tier 2,2504928
3388,Sales,Associate,15,Tier 2,1457454
3389,HR,Intern,7,Tier 3,644962
3390,IT,Director,7,Tier 1,2031561
3391,Finance,Director,15,Tier 2,2295859
3392,Support,Intern,18,Tier 1,1571577
3393,IT,Manager,16,Tier 3,1858350
3394,Sales,Director,12,Tier 1,2411932
3395,IT,Associate,6,Tier 2,837898
3396,Finance,Senior Dev,9,Tier 1,1405785
3397,Support,Associate,3,Tier 3,603144
3398,Operations,Associate,5,Tier 3,687297
3399,Sales,Director,5,Tier 2,1639581
3400,Operations,Lead,16,Tier 2,1811511
3401,Operations,Manager,10,Tier 1,1893665
3402,Marketing,Intern,18,Tier 2,1385037
3403,Support,Intern,1,Tier 2,298267
3404,HR,Lead,2,Tier 1,1008386
3405,IT,Manager,5,Tier 2,1344460
3406,Finance,Associate,13,Tier 3,1173474
3407,Finance,Intern,15,Tier 1,1392124
3408,IT,Senior Dev,6,Tier 2,1066157
3409,IT,Analyst,7,Tier 3,712706
3410,Operations,Director,19,Tier 3,2362335
3411,Operations,Associate,6,Tier 1,935240
3412,Sales,Intern,12,Tier 1,1156736
3413,Finance,Manager,7,Tier 1,1637719
3414,Marketing,Analyst,3,Tier 1,614066
3415,Sales,Manager,2,Tier 1,1265213
3416,HR,Lead,12,Tier 1,1745615
3417,Support,Manager,6,Tier 2,1407482
3418,HR,Associate,0,Tier 2,460906
3419,HR,Senior Dev,15,Tier 2,1651973
3420,Finance,Manager,6,Tier 2,1376651
3421,Finance,Lead,8,Tier 2,1314202
3422,Marketing,Lead,10,Tier 2,1438185
3423,Marketing,Manager,0,Tier 3,878881
3424,Support,Lead,3,Tier 2,972980
3425,Finance,Manager,8,Tier 3,1404970
3426,IT,Analyst,16,Tier 1,1573386
3427,IT,Senior Dev,15,Tier 1,1862796
3428,Operations,Associate,15,Tier 1,1609559
3429,HR,Manager,2,Tier 1,1278139
3430,Marketing,Analyst,14,Tier 2,1262333
3431,HR,Senior Dev,2,Tier 3,698307
3432,Operations,Intern,13,Tier 1,1228214
3433,Support,Associate,15,Tier 1,1606516
3434,IT,Manager,16,Tier 1,2347091
3435,Sales,Analyst,19,Tier 3,1457766
3436,Marketing,Director,17,Tier 3,2199265
3437,Finance,Senior Dev,13,Tier 2,1540721
3438,Finance,Lead,14,Tier 2,1699918
3439,IT,Analyst,5,Tier 3,585386
3440,IT,Director,14,Tier 1,2557425
3441,IT,Intern,3,Tier 2,431254
3442,HR,Lead,7,Tier 1,1422814
3443,HR,Director,2,Tier 2,1443181
3444,Sales,Analyst,14,Tier 3,1131452
3445,Finance,Director,8,Tier 3,1690801
3446,Operations,Associate,7,Tier 2,913311
3447,Sales,Senior Dev,19,Tier 1,2174424
3448,Finance,Senior Dev,12,Tier 3,1331984
3449,Support,Intern,1,Tier 3,276525
3450,Sales,Intern,14,Tier 1,1296957
3451,Finance,Senior Dev,1,Tier 2,738065
3452,IT,Associate,6,Tier 2,811596
3453,Marketing,Senior Dev,5,Tier 2,978445
3454,Marketing,Intern,7,Tier 2,700474
3455,Finance,Associate,1,Tier 3,443668
3456,Finance,Associate,13,Tier 1,1460960
3457,IT,Associate,19,Tier 3,1561796
3458,Marketing,Lead,2,Tier 3,818132
3459,Marketing,Associate,15,Tier 1,1601449
3460,HR,Associate,16,Tier 1,1679130
3461,IT,Director,16,Tier 1,2711401
3462,Marketing,Senior Dev,1,Tier 3,661875
3463,Finance,Manager,6,Tier 3,1264273
3464,HR,Lead,5,Tier 3,980832
3465,Marketing,Associate,6,Tier 2,855112
3466,Finance,Associate,4,Tier 1,793620
3467,Sales,Associate,19,Tier 2,1711551
3468,HR,Senior Dev,15,Tier 1,1892922
3469,Finance,Lead,8,Tier 3,1177812
3470,Marketing,Analyst,7,Tier 2,788312
3471,Sales,Senior Dev,4,Tier 2,895449
3472,Sales,Intern,1,Tier 2,313608
3473,Operations,Lead,10,Tier 3,1305427
3474,Operations,Director,1,Tier 2,1414806
3475,Support,Intern,5,Tier 1,638258
3476,Finance,Senior Dev,13,Tier 3,1359824
3477,Sales,Intern,17,Tier 3,1216950
3478,Sales,Director,0,Tier 2,1329008
3479,Operations,Director,0,Tier 2,1290215
3480,Sales,Analyst,3,Tier 2,509523
3481,Finance,Associate,17,Tier 1,1768834
3482,Support,Manager,10,Tier 1,1888066
3483,Sales,Associate,0,Tier 2,469675
3484,Sales,Senior Dev,9,Tier 2,1257896
3485,HR,Lead,3,Tier 1,1110635
3486,Marketing,Director,5,Tier 1,1896517
3487,Operations,Manager,15,Tier 1,2224897
3488,Finance,Intern,17,Tier 3,1233881
3489,Operations,Intern,16,Tier 1,1467116
3490,Support,Manager,17,Tier 2,2117509
3491,Sales,Lead,12,Tier 1,1751256
3492,Finance,Associate,4,Tier 2,698746
3493,Operations,Analyst,6,Tier 1,832052
3494,Finance,Analyst,9,Tier 3,856032
3495,Operations,Associate,14,Tier 3,1233185
3496,Sales,Manager,18,Tier 3,1952809
3497,Operations,Associate,1,Tier 1,586785
3498,IT,Analyst,3,Tier 1,612818
3499,Finance,Lead,6,Tier 1,1301391
3500,Support,Analyst,17,Tier 2,1435929
3501,Operations,Manager,6,Tier 3,1259991
3502,IT,Manager,5,Tier 1,1507333
3503,Finance,Analyst,0,Tier 3,324339
3504,Support,Senior Dev,13,Tier 3,1378464
3505,Marketing,Senior Dev,19,Tier 1,2176601
3506,IT,Analyst,10,Tier 1,1096820
3507,Support,Associate,13,Tier 1,1496720
3508,Support,Senior Dev,14,Tier 3,1444635
3509,HR,Senior Dev,9,Tier 1,1451754
3510,Finance,Associate,18,Tier 3,1494229
3511,Finance,Associate,19,Tier 3,1548871
3512,HR,Director,5,Tier 2,1649511
3513,HR,Associate,0,Tier 2,458821
3514,Operations,Intern,16,Tier 1,1472592
3515,Marketing,Director,14,Tier 1,2544658
3516,Sales,Associate,2,Tier 2,571245
3517,Marketing,Intern,10,Tier 1,1014243
3518,Operations,Senior Dev,18,Tier 1,2076568
3519,Support,Manager,9,Tier 1,1789041
3520,IT,Intern,0,Tier 2,203854
3521,Marketing,Senior Dev,15,Tier 2,1647025
3522,IT,Analyst,16,Tier 3,1264085
3523,Operations,Associate,13,Tier 2,1295094
3524,Operations,Intern,14,Tier 2,1131517
3525,IT,Analyst,2,Tier 1,510927
3526,Support,Associate,18,Tier 2,1612904
3527,IT,Lead,11,Tier 1,1696081
3528,Marketing,Senior Dev,2,Tier 3,717761
3529,HR,Intern,0,Tier 2,219491
3530,IT,Director,5,Tier 3,1496532
3531,Operations,Lead,0,Tier 1,861562
3532,Marketing,Senior Dev,0,Tier 2,685514
3533,Support,Associate,15,Tier 1,1603683
3534,IT,Intern,7,Tier 2,675065
3535,Marketing,Lead,15,Tier 3,1585323
3536,HR,Associate,0,Tier 1,514643
3537,Operations,Lead,9,Tier 3,1248591
3538,Marketing,Senior Dev,10,Tier 2,1322016
3539,Marketing,Manager,6,Tier 1,1549011
3540,Sales,Senior Dev,6,Tier 2,1028155
3541,Marketing,Director,14,Tier 2,2270481
3542,Sales,Director,13,Tier 2,2157196
3543,HR,Manager,3,Tier 2,1179709
3544,Support,Senior Dev,13,Tier 3,1363327
3545,HR,Associate,6,Tier 1,973855
3546,Finance,Lead,18,Tier 2,1960769
3547,IT,Manager,9,Tier 1,1829825
3548,IT,Analyst,16,Tier 2,1370820
3549,Finance,Lead,11,Tier 3,1364629
3550,Sales,Senior Dev,8,Tier 1,1368467
3551,Support,Senior Dev,0,Tier 2,679589
3552,Support,Analyst,14,Tier 3,1120740
3553,HR,Lead,5,Tier 1,1250930
3554,Finance,Analyst,17,Tier 3,1307285
3555,HR,Associate,12,Tier 3,1101360
3556,IT,Senior Dev,12,Tier 3,1319062
3557,IT,Lead,14,Tier 3,1527451
3558,Finance,Associate,0,Tier 3,409886
3559,Marketing,Lead,3,Tier 1,1080860
3560,Operations,Analyst,4,Tier 1,685764
3561,Support,Associate,1,Tier 2,526742
3562,IT,Associate,0,Tier 1,507711
3563,Marketing,Director,5,Tier 2,1660566
3564,Operations,Director,15,Tier 1,2645509
3565,Operations,Director,2,Tier 1,1679470
3566,Sales,Senior Dev,2,Tier 1,905228
3567,Finance,Associate,1,Tier 1,591688
3568,Operations,Analyst,8,Tier 1,996880
3569,IT,Lead,6,Tier 2,1146754
3570,Sales,Associate,17,Tier 2,1535114
3571,Finance,Senior Dev,6,Tier 3,979768
3572,IT,Associate,0,Tier 3,390028
3573,IT,Senior Dev,13,Tier 3,1367587
3574,Marketing,Lead,5,Tier 3,973174
3575,Sales,Manager,9,Tier 3,1445398
3576,Support,Associate,1,Tier 3,488013
3577,Operations,Director,3,Tier 1,1740972
3578,Support,Director,16,Tier 3,2141360
3579,Finance,Associate,9,Tier 3,956270
3580,IT,Manager,14,Tier 1,2150801
3581,IT,Senior Dev,18,Tier 2,1832271
3582,Marketing,Analyst,11,Tier 3,966919
3583,Operations,Associate,15,Tier 2,1418984
3584,IT,Senior Dev,14,Tier 1,1782861
3585,IT,Manager,16,Tier 3,1833565
3586,HR,Senior Dev,17,Tier 1,2045617
3587,Marketing,Senior Dev,1,Tier 2,717118
3588,Sales,Lead,3,Tier 3,872641
3589,Sales,Associate,6,Tier 3,756636
3590,Support,Analyst,14,Tier 2,1244056
3591,IT,Analyst,0,Tier 3,276858
3592,Finance,Associate,9,Tier 1,1172160
3593,Support,Director,4,Tier 3,1461375
3594,Operations,Intern,10,Tier 3,789572
3595,Finance,Director,5,Tier 2,1624136
3596,Operations,Intern,12,Tier 3,906727
3597,Operations,Manager,7,Tier 1,1665421
3598,Sales,Analyst,0,Tier 1,376376
3599,HR,Lead,4,Tier 3,914920
3600,Sales,Senior Dev,1,Tier 3,668239
3601,HR,Senior Dev,8,Tier 2,1177267
3602,Support,Intern,16,Tier 1,1449968
3603,IT,Associate,17,Tier 3,1441567
3604,Marketing,Analyst,7,Tier 1,889385
3605,Operations,Director,10,Tier 2,1951364
3606,Support,Intern,17,Tier 2,1324982
3607,Finance,Associate,9,Tier 2,1061196
3608,Operations,Lead,16,Tier 2,1831089
3609,Support,Intern,9,Tier 2,784495
3610,Sales,Director,19,Tier 2,2546148
3611,Sales,Associate,12,Tier 1,1383393
3612,Marketing,Intern,16,Tier 1,1471272
3613,Sales,Director,13,Tier 1,2497656
3614,Finance,Associate,3,Tier 2,631889
3615,HR,Associate,19,Tier 1,1951695
3616,Finance,Associate,14,Tier 3,1232634
3617,HR,Associate,11,Tier 2,1147468
3618,Finance,Lead,14,Tier 1,1927922
3619,Operations,Intern,14,Tier 2,1162091
3620,Support,Manager,4,Tier 1,1421870
3621,Sales,Associate,18,Tier 1,1872057
3622,Sales,Manager,19,Tier 2,2228873
3623,Finance,Director,13,Tier 1,2457379
3624,HR,Analyst,16,Tier 3,1285633
3625,Finance,Manager,2,Tier 1,1292553
3626,HR,Director,0,Tier 1,1481049
3627,Marketing,Lead,18,Tier 1,2199368
3628,IT,Lead,11,Tier 1,1727248
3629,Support,Manager,11,Tier 3,1567040
3630,Finance,Senior Dev,2,Tier 1,908762
3631,Operations,Intern,16,Tier 1,1449238
3632,Finance,Intern,2,Tier 1,390167
3633,Finance,Analyst,19,Tier 2,1593779
3634,HR,Director,6,Tier 1,1929261
3635,Support,Analyst,13,Tier 2,1197779
3636,IT,Intern,15,Tier 2,1209079
3637,IT,Intern,0,Tier 3,209472
3638,Sales,Intern,9,Tier 2,813813
3639,IT,Manager,15,Tier 2,1950143
3640,Support,Intern,7,Tier 1,748228
3641,Marketing,Manager,6,Tier 1,1558147
3642,Operations,Director,5,Tier 2,1658799
3643,HR,Intern,19,Tier 3,1323647
3644,Finance,Manager,6,Tier 2,1400264
3645,HR,Associate,13,Tier 3,1197914
3646,Finance,Intern,13,Tier 2,1093254
3647,Support,Director,0,Tier 3,1223785
3648,Support,Manager,12,Tier 3,1607107
3649,Finance,Manager,2,Tier 2,1097555
3650,Sales,Manager,3,Tier 3,1078412
3651,Finance,Associate,10,Tier 3,1004305
3652,Support,Senior Dev,13,Tier 1,1706549
3653,IT,Manager,16,Tier 1,2320739
3654,Operations,Intern,11,Tier 1,1067432
3655,Sales,Lead,12,Tier 1,1765045
3656,IT,Lead,1,Tier 2,832905
3657,Sales,Manager,15,Tier 3,1824243
3658,Support,Director,7,Tier 2,1769985
3659,Marketing,Lead,9,Tier 3,1227864
3660,Support,Director,14,Tier 3,2062428
3661,Sales,Director,16,Tier 3,2145613
3662,Support,Analyst,15,Tier 1,1475499
3663,Operations,Lead,1,Tier 1,951315
3664,IT,Manager,19,Tier 1,2574970
3665,Finance,Analyst,13,Tier 2,1162994
3666,Finance,Manager,11,Tier 1,1927489
3667,Support,Director,3,Tier 3,1358269
3668,IT,Manager,15,Tier 2,1994370
3669,HR,Associate,1,Tier 3,441819
3670,Finance,Lead,13,Tier 3,1471637
3671,Operations,Manager,12,Tier 1,2049463
3672,Operations,Intern,3,Tier 1,494429
3673,HR,Lead,17,Tier 3,1723291
3674,Marketing,Senior Dev,19,Tier 1,2190178
3675,Sales,Intern,18,Tier 3,1290935
3676,Operations,Intern,6,Tier 2,590575
3677,Support,Lead,15,Tier 1,2018146
3678,HR,Associate,5,Tier 1,879899
3679,HR,Lead,10,Tier 2,1422884
3680,Finance,Intern,15,Tier 2,1237786
3681,Marketing,Intern,4,Tier 3,449434
3682,IT,Analyst,14,Tier 1,1407479
3683,Marketing,Analyst,2,Tier 2,444665
3684,Sales,Senior Dev,4,Tier 3,810534
3685,Marketing,Senior Dev,4,Tier 3,860184
3686,Support,Intern,14,Tier 2,1172754
3687,Sales,Manager,5,Tier 2,1336233
3688,HR,Intern,7,Tier 3,591172
3689,Operations,Analyst,10,Tier 3,890901
3690,HR,Director,7,Tier 3,1624409
3691,Marketing,Associate,2,Tier 1,657494
3692,Sales,Analyst,13,Tier 3,1074054
3693,HR,Manager,13,Tier 3,1693785
3694,HR,Senior Dev,11,Tier 1,1545363
3695,Finance,Lead,13,Tier 2,1647697
3696,Finance,Lead,8,Tier 1,1451665
3697,IT,Intern,16,Tier 3,1176736
3698,IT,Lead,2,Tier 2,915965
3699,Marketing,Analyst,18,Tier 3,1370224
3700,Marketing,Lead,11,Tier 2,1524214
3701,HR,Lead,3,Tier 1,1116476
3702,Sales,Manager,1,Tier 1,1200825
3703,Sales,Senior Dev,3,Tier 1,947244
3704,Marketing,Analyst,18,Tier 1,1744793
3705,HR,Lead,11,Tier 3,1351584
3706,HR,Intern,9,Tier 3,760017
3707,Operations,Associate,5,Tier 1,874063
3708,IT,Intern,18,Tier 3,1302670
3709,Sales,Director,11,Tier 1,2334752
3710,Support,Intern,1,Tier 1,297567
3711,Support,Lead,10,Tier 1,1605875
3712,Sales,Intern,3,Tier 3,351545
3713,HR,Manager,19,Tier 2,2223327
3714,Finance,Lead,7,Tier 2,1225331
3715,Sales,Lead,9,Tier 3,1263707
3716,Operations,Director,13,Tier 3,2008095
3717,Operations,Director,17,Tier 1,2768508
3718,Sales,Lead,11,Tier 2,1475521
3719,Sales,Analyst,6,Tier 1,806283
3720,Support,Lead,6,Tier 2,1167624
3721,IT,Intern,0,Tier 2,235465
3722,IT,Lead,5,Tier 1,1241797
3723,Sales,Lead,11,Tier 1,1682373
3724,Sales,Lead,11,Tier 3,1368729
3725,Finance,Manager,5,Tier 3,1188064
3726,Finance,Analyst,18,Tier 3,1358433
3727,Sales,Director,5,Tier 3,1479111
3728,Marketing,Analyst,18,Tier 1,1743247
3729,Sales,Director,7,Tier 2,1760084
3730,Finance,Intern,5,Tier 1,615308
3731,Sales,Manager,6,Tier 1,1579775
3732,Operations,Senior Dev,0,Tier 2,678570
3733,Operations,Intern,17,Tier 2,1336503
3734,HR,Analyst,19,Tier 1,1809263
3735,Support,Associate,11,Tier 3,1085087
3736,Support,Associate,9,Tier 1,1196482
3737,IT,Lead,9,Tier 3,1267453
3738,Marketing,Senior Dev,19,Tier 1,2159249
3739,Marketing,Senior Dev,9,Tier 1,1439825
3740,Marketing,Intern,10,Tier 1,989222
3741,HR,Lead,1,Tier 2,844968
3742,Support,Director,19,Tier 3,2359383
3743,Sales,Associate,6,Tier 3,743543
3744,Support,Analyst,0,Tier 2,322785
3745,Sales,Intern,17,Tier 2,1343406
3746,Support,Senior Dev,0,Tier 1,771428
3747,HR,Intern,1,Tier 1,352939
3748,HR,Senior Dev,2,Tier 3,710914
3749,Finance,Associate,17,Tier 1,1768548
3750,Finance,Senior Dev,17,Tier 1,2035701
3751,Operations,Senior Dev,7,Tier 2,1136924
3752,IT,Lead,11,Tier 1,1686692
3753,Support,Manager,9,Tier 1,1794918
3754,Sales,Director,19,Tier 1,2936136
3755,IT,Analyst,10,Tier 1,1144345
3756,Support,Director,3,Tier 2,1534240
3757,Marketing,Senior Dev,14,Tier 3,1447388
3758,Marketing,Lead,7,Tier 1,1424872
3759,Finance,Associate,3,Tier 1,722689
3760,Sales,Senior Dev,18,Tier 1,2109121
3761,Sales,Lead,4,Tier 2,1025341
3762,Operations,Associate,18,Tier 1,1829145
3763,Marketing,Senior Dev,15,Tier 3,1472880
3764,Support,Intern,11,Tier 3,851271
3765,Operations,Lead,1,Tier 2,852900
3766,Operations,Lead,7,Tier 3,1120225
3767,Marketing,Lead,15,Tier 2,1779156
3768,HR,Intern,12,Tier 3,915938
3769,Support,Intern,2,Tier 2,377385
3770,Support,Intern,7,Tier 2,699801
3771,Marketing,Manager,11,Tier 3,1557594
3772,Sales,Director,11,Tier 2,2020763
3773,Sales,Lead,17,Tier 2,1872828
3774,Sales,Director,4,Tier 2,1565221
3775,IT,Analyst,11,Tier 1,1183569
3776,Sales,Manager,4,Tier 1,1401022
3777,Sales,Intern,11,Tier 1,1051159
3778,Support,Manager,7,Tier 3,1331213
3779,Finance,Analyst,8,Tier 2,887935
3780,IT,Intern,14,Tier 3,1013044
3781,Marketing,Manager,12,Tier 2,1757636
3782,Finance,Analyst,10,Tier 3,881593
3783,Marketing,Associate,19,Tier 2,1666892
3784,Sales,Senior Dev,8,Tier 2,1163812
3785,Finance,Director,13,Tier 3,1950654
3786,Sales,Director,9,Tier 3,1727143
3787,Finance,Senior Dev,6,Tier 3,967927
3788,Marketing,Intern,2,Tier 1,378446
3789,Marketing,Manager,14,Tier 1,2181591
3790,Operations,Senior Dev,3,Tier 1,996028
3791,Marketing,Intern,5,Tier 2,547200
3792,Operations,Director,3,Tier 2,1510538
3793,Operations,Senior Dev,11,Tier 3,1273964
3794,Support,Director,4,Tier 1,1822886
3795,Operations,Senior Dev,15,Tier 1,1899508
3796,Support,Associate,12,Tier 1,1387392
3797,Operations,Senior Dev,6,Tier 2,1052535
3798,Marketing,Senior Dev,12,Tier 1,1673910
3799,Marketing,Director,15,Tier 3,2103757
3800,Operations,Intern,3,Tier 2,392711
3801,Marketing,Lead,15,Tier 3,1601390
3802,Marketing,Associate,9,Tier 1,1177152
3803,IT,Intern,11,Tier 3,870843
3804,Marketing,Manager,4,Tier 3,1134831
3805,Support,Lead,15,Tier 1,2025648
3806,Finance,Manager,8,Tier 1,1705763
3807,Operations,Associate,4,Tier 3,637573
3808,Marketing,Analyst,19,Tier 3,1421957
3809,IT,Senior Dev,2,Tier 1,927540
3810,Operations,Manager,1,Tier 2,1026877
3811,Support,Associate,1,Tier 3,448252
3812,Operations,Associate,6,Tier 2,825049
3813,Operations,Director,12,Tier 2,2133567
3814,IT,Senior Dev,13,Tier 1,1702242
3815,HR,Director,9,Tier 2,1925381
3816,Operations,Manager,3,Tier 1,1353972
3817,Operations,Associate,0,Tier 1,498742
3818,Marketing,Intern,8,Tier 1,870375
3819,IT,Director,4,Tier 2,1579343
3820,IT,Intern,18,Tier 1,1616762
3821,Operations,Director,14,Tier 3,2033205
3822,Operations,Associate,14,Tier 2,1389044
3823,Support,Lead,18,Tier 1,2232045
3824,Support,Associate,18,Tier 1,1871721
3825,HR,Senior Dev,11,Tier 2,1397973
3826,Marketing,Senior Dev,3,Tier 2,843198
3827,Marketing,Intern,17,Tier 3,1235903
3828,Support,Senior Dev,7,Tier 1,1274475
3829,Sales,Lead,11,Tier 3,1333681
3830,Finance,Director,3,Tier 3,1403348
3831,HR,Associate,2,Tier 3,539724
3832,Support,Director,17,Tier 1,2784850
3833,IT,Senior Dev,2,Tier 3,695629
3834,Sales,Intern,1,Tier 3,283352
3835,Marketing,Lead,13,Tier 1,1828963
3836,Sales,Senior Dev,8,Tier 1,1376574
3837,Marketing,Senior Dev,12,Tier 2,1447009
3838,HR,Associate,14,Tier 3,1237675
3839,IT,Intern,9,Tier 2,820175
3840,Marketing,Director,11,Tier 1,2335563
3841,IT,Senior Dev,4,Tier 2,952209
3842,Finance,Lead,9,Tier 1,1543718
3843,Operations,Senior Dev,16,Tier 1,1938799
3844,Operations,Lead,2,Tier 3,818333
3845,Sales,Lead,9,Tier 1,1568885
3846,IT,Senior Dev,6,Tier 3,986409
3847,IT,Senior Dev,16,Tier 3,1535565
3848,Support,Intern,5,Tier 2,545494
3849,Sales,Lead,3,Tier 2,946624
3850,Marketing,Lead,8,Tier 2,1268835
3851,IT,Manager,6,Tier 3,1248646
3852,Support,Manager,1,Tier 2,1037824
3853,IT,Analyst,7,Tier 2,811398
3854,Support,Associate,14,Tier 2,1375886
3855,Support,Manager,14,Tier 1,2199439
3856,IT,Manager,15,Tier 1,2245650
3857,Sales,Analyst,10,Tier 1,1127353
3858,Operations,Lead,16,Tier 3,1661099
3859,Sales,Senior Dev,15,Tier 3,1501416
3860,HR,Manager,14,Tier 3,1715580
3861,Finance,Senior Dev,14,Tier 1,1794090
3862,IT,Director,3,Tier 1,1710823
3863,Finance,Analyst,11,Tier 3,933491
3864,Operations,Senior Dev,2,Tier 2,793957
3865,Marketing,Manager,16,Tier 3,1836997
3866,Support,Manager,17,Tier 3,1948097
3867,Sales,Senior Dev,16,Tier 3,1555163
3868,Support,Senior Dev,3,Tier 1,957126
3869,HR,Manager,11,Tier 1,1960633
3870,Operations,Manager,19,Tier 1,2563158
3871,Marketing,Analyst,15,Tier 2,1339316
3872,Sales,Director,14,Tier 3,2025504
3873,Marketing,Lead,17,Tier 1,2146660
3874,Marketing,Manager,12,Tier 1,1995402
3875,Sales,Associate,12,Tier 3,1105761
3876,IT,Associate,13,Tier 2,1321309
3877,Sales,Senior Dev,3,Tier 3,783635
3878,IT,Director,19,Tier 1,2910155
3879,Operations,Intern,18,Tier 3,1283132
3880,IT,Manager,11,Tier 1,1935366
3881,Operations,Director,11,Tier 3,1879731
3882,Support,Director,1,Tier 2,1370017
3883,Operations,Associate,4,Tier 2,678150
3884,Sales,Manager,9,Tier 3,1429423
3885,Operations,Senior Dev,9,Tier 2,1253992
3886,Support,Director,12,Tier 3,1918902
3887,Marketing,Manager,4,Tier 3,1154921
3888,HR,Analyst,9,Tier 2,907833
3889,IT,Associate,5,Tier 2,748154
3890,Operations,Director,18,Tier 1,2843956
3891,Support,Senior Dev,7,Tier 3,1048560
3892,Marketing,Associate,16,Tier 1,1714774
3893,Finance,Manager,13,Tier 2,1842660
3894,Sales,Director,16,Tier 2,2394904
3895,Marketing,Senior Dev,16,Tier 2,1731124
3896,Support,Director,19,Tier 3,2313516
3897,IT,Lead,7,Tier 2,1232373
3898,Marketing,Analyst,10,Tier 3,900270
3899,Finance,Director,18,Tier 3,2286323
3900,Support,Senior Dev,17,Tier 2,1800780
3901,HR,Senior Dev,13,Tier 2,1525879
3902,Sales,Intern,0,Tier 3,219597
3903,HR,Senior Dev,10,Tier 2,1310400
3904,Support,Lead,3,Tier 2,976265
3905,IT,Senior Dev,11,Tier 2,1367529
3906,Sales,Lead,5,Tier 3,996424
3907,Sales,Analyst,0,Tier 3,283382
3908,Operations,Director,15,Tier 1,2625519
3909,Operations,Associate,13,Tier 1,1454174
3910,Sales,Analyst,19,Tier 3,1431395
3911,Finance,Associate,5,Tier 1,878461
3912,Marketing,Analyst,4,Tier 1,676351
3913,Sales,Manager,17,Tier 3,1904254
3914,Support,Associate,5,Tier 3,716136
3915,Support,Lead,18,Tier 2,1929407
3916,Marketing,Manager,0,Tier 1,1153560
3917,Finance,Senior Dev,12,Tier 3,1307794
3918,Finance,Manager,9,Tier 2,1574756
3919,Operations,Senior Dev,2,Tier 3,719416
3920,Marketing,Analyst,7,Tier 2,806354
3921,Marketing,Senior Dev,12,Tier 1,1653765
3922,Support,Intern,12,Tier 1,1134390
3923,HR,Lead,19,Tier 3,1831939
3924,Marketing,Lead,11,Tier 2,1496828
3925,Sales,Lead,1,Tier 1,973204
3926,IT,Director,15,Tier 1,2617486
3927,Marketing,Director,5,Tier 3,1508258
3928,HR,Intern,12,Tier 3,928384
3929,Support,Director,8,Tier 3,1667232
3930,IT,Lead,1,Tier 2,816514
3931,HR,Director,18,Tier 2,2486695
3932,Marketing,Analyst,6,Tier 1,822765
3933,Sales,Intern,9,Tier 1,925761
3934,Sales,Senior Dev,19,Tier 2,1919144
3935,HR,Director,16,Tier 3,2167146
3936,Marketing,Analyst,14,Tier 2,1248833
3937,Finance,Lead,3,Tier 1,1116098
3938,Operations,Director,16,Tier 3,2161556
3939,Support,Senior Dev,6,Tier 2,1047969
3940,IT,Lead,6,Tier 3,1088448
3941,HR,Analyst,6,Tier 2,720099
3942,Finance,Associate,7,Tier 1,1007716
3943,IT,Associate,3,Tier 3,588885
3944,IT,Senior Dev,4,Tier 2,901837
3945,Sales,Intern,11,Tier 2,963299
3946,Marketing,Senior Dev,8,Tier 1,1371395
3947,Sales,Intern,18,Tier 1,1620839
3948,Sales,Senior Dev,13,Tier 2,1539012
3949,IT,Lead,17,Tier 3,1749305
3950,HR,Senior Dev,18,Tier 3,1708123
3951,Operations,Associate,17,Tier 1,1753720
3952,Marketing,Intern,10,Tier 3,798258
3953,HR,Director,16,Tier 3,2151120
3954,Support,Manager,14,Tier 3,1768655
3955,Sales,Director,8,Tier 2,1865374
3956,Marketing,Senior Dev,2,Tier 1,920901
3957,IT,Senior Dev,18,Tier 3,1700251
3958,Marketing,Lead,19,Tier 3,1846160
3959,Support,Senior Dev,16,Tier 2,1700444
3960,IT,Manager,0,Tier 3,887929
3961,Sales,Senior Dev,14,Tier 3,1432906
3962,Sales,Senior Dev,6,Tier 2,1028939
3963,Finance,Intern,17,Tier 1,1537863
3964,Finance,Manager,13,Tier 1,2077194
3965,Marketing,Senior Dev,17,Tier 3,1606378
3966,Marketing,Senior Dev,6,Tier 2,1056640
3967,Marketing,Lead,17,Tier 3,1749819
3968,Sales,Intern,7,Tier 1,772445
3969,IT,Intern,1,Tier 3,246198
3970,Finance,Manager,3,Tier 2,1208577
3971,Finance,Senior Dev,5,Tier 2,974266
3972,Support,Lead,8,Tier 2,1311002
3973,Sales,Associate,8,Tier 1,1101213
3974,Finance,Senior Dev,7,Tier 2,1150622
3975,IT,Senior Dev,18,Tier 2,1853362
3976,Operations,Senior Dev,17,Tier 3,1641588
3977,Sales,Director,13,Tier 3,2009549
3978,IT,Analyst,3,Tier 1,576310
3979,HR,Analyst,19,Tier 1,1799631
3980,IT,Analyst,11,Tier 3,948625
3981,Finance,Senior Dev,10,Tier 1,1489149
3982,Sales,Lead,15,Tier 2,1763171
3983,Marketing,Lead,5,Tier 3,1022534
3984,Marketing,Manager,3,Tier 3,1074014
3985,HR,Director,0,Tier 2,1348502
3986,IT,Lead,11,Tier 3,1344953
3987,Support,Associate,4,Tier 1,808507
3988,Operations,Intern,17,Tier 2,1339433
3989,Support,Senior Dev,5,Tier 2,966523
3990,HR,Intern,11,Tier 1,1102190
3991,HR,Senior Dev,17,Tier 1,2026169
3992,Operations,Intern,9,Tier 1,917990
3993,Operations,Analyst,11,Tier 1,1184457
3994,HR,Director,16,Tier 2,2384083
3995,Operations,Lead,6,Tier 1,1328085
3996,Marketing,Associate,8,Tier 3,900654
3997,Marketing,Manager,18,Tier 1,2485187
3998,IT,Associate,6,Tier 1,952886
3999,Operations,Intern,1,Tier 1,328477
4000,Operations,Lead,17,Tier 3,1742709
4001,Sales,Director,12,Tier 1,2382601
4002,IT,Associate,18,Tier 3,1458061
4003,Finance,Senior Dev,1,Tier 3,665371
4004,Support,Lead,14,Tier 2,1681485
4005,Finance,Senior Dev,5,Tier 3,877857
4006,Operations,Associate,4,Tier 1,778177
4007,Finance,Intern,2,Tier 3,313042
4008,IT,Senior Dev,9,Tier 3,1121826
4009,Sales,Intern,2,Tier 3,306892
4010,Finance,Intern,11,Tier 1,1103031
4011,Support,Associate,16,Tier 3,1376598
4012,Sales,Associate,12,Tier 1,1375495
4013,Operations,Manager,1,Tier 3,941267
4014,Finance,Senior Dev,9,Tier 3,1150166
4015,Marketing,Senior Dev,16,Tier 2,1723939
4016,Support,Senior Dev,5,Tier 1,1152042
4017,Sales,Analyst,4,Tier 2,590569
4018,Operations,Senior Dev,8,Tier 3,1095772
4019,HR,Lead,18,Tier 1,2223948
4020,Support,Intern,5,Tier 1,598587
4021,Finance,Director,2,Tier 2,1475506
4022,Sales,Intern,3,Tier 1,468544
4023,Support,Lead,4,Tier 3,968535
4024,HR,Intern,15,Tier 3,1111269
4025,IT,Director,2,Tier 3,1332462
4026,Operations,Manager,11,Tier 3,1575528
4027,HR,Senior Dev,7,Tier 1,1292564
4028,Operations,Analyst,3,Tier 2,523389
4029,IT,Senior Dev,13,Tier 2,1521932
4030,IT,Manager,5,Tier 2,1328672
4031,Operations,Lead,3,Tier 2,997111
4032,Finance,Analyst,16,Tier 3,1263122
4033,Operations,Senior Dev,16,Tier 1,1971176
4034,Marketing,Analyst,1,Tier 1,423832
4035,IT,Intern,12,Tier 2,994467
4036,Marketing,Lead,1,Tier 1,933107
4037,Sales,Analyst,10,Tier 3,898666
4038,IT,Lead,14,Tier 1,1953474
4039,Operations,Intern,2,Tier 1,378418
4040,Operations,Associate,11,Tier 2,1194071
4041,Finance,Associate,4,Tier 3,624419
4042,Finance,Senior Dev,6,Tier 3,941814
4043,Operations,Director,12,Tier 2,2092024
4044,Support,Senior Dev,12,Tier 3,1297435
4045,IT,Associate,12,Tier 3,1148487
4046,HR,Senior Dev,9,Tier 3,1132880
4047,IT,Director,7,Tier 2,1805109
4048,HR,Analyst,15,Tier 2,1323407
4049,Support,Manager,12,Tier 2,1757666
4050,Marketing,Director,2,Tier 1,1673111
4051,Sales,Director,4,Tier 2,1611866
4052,Operations,Manager,6,Tier 1,1579932
4053,HR,Lead,9,Tier 1,1556713
4054,Operations,Analyst,19,Tier 2,1597169
4055,Finance,Intern,2,Tier 1,381975
4056,Marketing,Senior Dev,10,Tier 2,1305596
4057,HR,Lead,6,Tier 1,1348228
4058,IT,Lead,1,Tier 1,953861
4059,Support,Lead,8,Tier 2,1311454
4060,Finance,Analyst,19,Tier 3,1453448
4061,IT,Intern,1,Tier 1,317449
4062,Sales,Intern,15,Tier 3,1119048
4063,Support,Intern,11,Tier 2,966726
4064,HR,Director,16,Tier 3,2184828
4065,Support,Senior Dev,10,Tier 1,1513333
4066,Sales,Associate,13,Tier 1,1503437
4067,Finance,Lead,5,Tier 2,1089073
4068,HR,Analyst,19,Tier 3,1466920
4069,HR,Analyst,14,Tier 2,1233979
4070,Operations,Analyst,16,Tier 1,1565316
4071,Marketing,Senior Dev,7,Tier 2,1120324
4072,Operations,Senior Dev,16,Tier 2,1724176
4073,Support,Associate,17,Tier 1,1768790
4074,Support,Director,4,Tier 2,1556833
4075,Marketing,Intern,5,Tier 2,529589
4076,IT,Senior Dev,4,Tier 1,1027645
4077,Finance,Lead,18,Tier 1,2224150
4078,Marketing,Associate,9,Tier 3,940286
4079,HR,Director,9,Tier 2,1899994
4080,Marketing,Senior Dev,15,Tier 3,1516379
4081,Support,Senior Dev,17,Tier 2,1776662
4082,Marketing,Director,0,Tier 2,1316639
4083,Marketing,Analyst,5,Tier 1,752930
4084,HR,Lead,1,Tier 3,758315
4085,Support,Director,1,Tier 3,1256973
4086,Support,Associate,12,Tier 2,1229304
4087,Marketing,Senior Dev,15,Tier 3,1500522
4088,Support,Manager,4,Tier 1,1414830
4089,IT,Analyst,6,Tier 3,649091
4090,Operations,Senior Dev,12,Tier 2,1455690
4091,Marketing,Analyst,6,Tier 2,742505
4092,Finance,Associate,14,Tier 2,1367332
4093,Support,Lead,5,Tier 1,1255268
4094,Sales,Analyst,1,Tier 2,402404
4095,Operations,Senior Dev,14,Tier 2,1586991
4096,HR,Lead,15,Tier 3,1570350
4097,Finance,Intern,18,Tier 2,1396312
4098,HR,Senior Dev,18,Tier 1,2093590
4099,Finance,Director,3,Tier 3,1397997
4100,Support,Associate,2,Tier 1,633303
4101,Sales,Director,19,Tier 2,2550240
4102,Finance,Intern,5,Tier 2,533753
4103,Marketing,Lead,10,Tier 2,1411232
4104,Support,Senior Dev,6,Tier 3,986030
4105,Sales,Lead,5,Tier 1,1223117
4106,Finance,Associate,1,Tier 2,524291
4107,Sales,Lead,10,Tier 1,1632201
4108,Sales,Manager,0,Tier 1,1120022
4109,Operations,Lead,2,Tier 1,1022938
4110,Operations,Intern,6,Tier 2,621712
4111,Sales,Associate,10,Tier 1,1276805
4112,IT,Senior Dev,19,Tier 2,1885986
4113,HR,Analyst,18,Tier 2,1500161
4114,IT,Associate,17,Tier 2,1561163
4115,Finance,Associate,9,Tier 2,1012772
4116,Marketing,Associate,8,Tier 3,851211
4117,Sales,Associate,5,Tier 2,793436
4118,HR,Senior Dev,9,Tier 2,1259953
4119,Sales,Director,11,Tier 2,2063779
4120,Operations,Associate,16,Tier 2,1485950
4121,Support,Senior Dev,5,Tier 2,1012207
4122,IT,Manager,16,Tier 1,2344538
4123,Marketing,Intern,9,Tier 3,738036
4124,Operations,Intern,13,Tier 2,1095321
4125,Operations,Lead,12,Tier 3,1434377
4126,HR,Lead,5,Tier 3,972302
4127,Marketing,Analyst,11,Tier 3,978153
4128,IT,Intern,7,Tier 1,760620
4129,Marketing,Senior Dev,14,Tier 1,1802890
4130,Finance,Intern,15,Tier 2,1189472
4131,HR,Director,15,Tier 1,2641500
4132,Support,Director,2,Tier 2,1447523
4133,IT,Analyst,14,Tier 3,1147726
4134,Support,Analyst,12,Tier 1,1254079
4135,Finance,Lead,15,Tier 3,1597370
4136,Support,Manager,1,Tier 1,1186821
4137,Operations,Intern,5,Tier 1,606353
4138,Finance,Analyst,5,Tier 3,581437
4139,Marketing,Director,10,Tier 2,1954551
4140,Marketing,Senior Dev,7,Tier 1,1299880
4141,Support,Lead,6,Tier 1,1310167
4142,Support,Senior Dev,5,Tier 2,1007636
4143,Marketing,Analyst,7,Tier 3,702658
4144,HR,Director,19,Tier 3,2312311
4145,Operations,Associate,13,Tier 1,1488038
4146,Operations,Senior Dev,17,Tier 2,1765560
4147,Sales,Analyst,15,Tier 3,1218733
4148,Finance,Senior Dev,9,Tier 3,1140492
4149,Finance,Intern,15,Tier 2,1192067
4150,HR,Intern,19,Tier 2,1467916
4151,Finance,Associate,4,Tier 3,656421
4152,HR,Senior Dev,6,Tier 3,933815
4153,Finance,Associate,15,Tier 3,1307477
4154,Operations,Intern,15,Tier 2,1184773
4155,HR,Lead,13,Tier 3,1503620
4156,Finance,Senior Dev,0,Tier 3,618632
4157,Marketing,Intern,8,Tier 1,823320
4158,Marketing,Intern,12,Tier 3,942825
4159,HR,Manager,18,Tier 2,2198992
4160,Operations,Intern,10,Tier 3,793515
4161,Support,Senior Dev,7,Tier 2,1092726
4162,Finance,Lead,4,Tier 1,1151697
4163,Support,Analyst,6,Tier 2,738025
4164,Sales,Director,3,Tier 3,1399434
4165,Marketing,Director,13,Tier 1,2497033
4166,Finance,Lead,8,Tier 2,1282196
4167,Operations,Analyst,0,Tier 2,315958
4168,Sales,Manager,9,Tier 2,1565689
4169,Support,Director,19,Tier 3,2347528
4170,Support,Intern,2,Tier 3,320725
4171,IT,Lead,5,Tier 3,1003332
4172,Operations,Senior Dev,1,Tier 2,721401
4173,Sales,Associate,17,Tier 2,1535670
4174,Support,Intern,1,Tier 2,258251
4175,Sales,Senior Dev,4,Tier 3,837027
4176,Sales,Lead,6,Tier 2,1157015
4177,IT,Senior Dev,15,Tier 2,1670387
4178,HR,Analyst,0,Tier 3,282224
4179,HR,Manager,16,Tier 2,2072058
4180,Support,Senior Dev,0,Tier 2,660836
4181,Sales,Associate,19,Tier 1,1908036
4182,HR,Analyst,8,Tier 2,835938
4183,Marketing,Lead,13,Tier 2,1621350
4184,Marketing,Associate,10,Tier 3,975335
4185,HR,Director,11,Tier 1,2354180
4186,Support,Senior Dev,12,Tier 3,1349840
4187,Marketing,Intern,9,Tier 2,804002
4188,Operations,Analyst,3,Tier 3,499103
4189,Finance,Intern,7,Tier 1,779831
4190,Finance,Associate,16,Tier 1,1700962
4191,Support,Lead,14,Tier 2,1693583
4192,Operations,Manager,14,Tier 3,1725096
4193,HR,Manager,1,Tier 2,1072858
4194,Sales,Intern,0,Tier 3,194398
4195,Marketing,Director,18,Tier 1,2870755
4196,HR,Analyst,10,Tier 1,1117340
4197,Operations,Senior Dev,2,Tier 2,780825
4198,Sales,Manager,10,Tier 2,1674225
4199,Support,Associate,1,Tier 2,485318
4200,Sales,Associate,8,Tier 1,1114009
4201,Support,Director,17,Tier 2,2427574
4202,IT,Director,6,Tier 3,1544650
4203,IT,Associate,6,Tier 3,758930
4204,Finance,Director,11,Tier 1,2329864
4205,Operations,Senior Dev,0,Tier 3,592372
4206,Support,Intern,15,Tier 2,1212334
4207,Sales,Lead,1,Tier 2,819288
4208,HR,Associate,6,Tier 3,742191
4209,IT,Associate,3,Tier 3,560737
4210,Operations,Senior Dev,3,Tier 2,878975
4211,Support,Associate,12,Tier 3,1142224
4212,Sales,Manager,2,Tier 1,1282999
4213,Finance,Associate,3,Tier 1,729808
4214,Operations,Senior Dev,15,Tier 3,1471849
4215,Support,Director,18,Tier 1,2821600
4216,IT,Lead,4,Tier 2,1050719
4217,Finance,Lead,18,Tier 1,2239565
4218,IT,Associate,10,Tier 3,971132
4219,HR,Associate,19,Tier 3,1541076
4220,HR,Manager,3,Tier 2,1196563
4221,HR,Associate,3,Tier 1,738299
4222,Finance,Associate,19,Tier 2,1671633
4223,Finance,Intern,17,Tier 3,1240639
4224,Marketing,Lead,8,Tier 3,1187777
4225,Operations,Associate,1,Tier 2,477044
4226,Finance,Director,3,Tier 3,1385199
4227,Support,Senior Dev,11,Tier 2,1402694
4228,Sales,Lead,14,Tier 3,1524374
4229,Operations,Lead,16,Tier 1,2101655
4230,Operations,Senior Dev,18,Tier 2,1855960
4231,Support,Manager,13,Tier 2,1873856
4232,Operations,Associate,4,Tier 2,729809
4233,Finance,Lead,19,Tier 3,1830655
4234,Marketing,Senior Dev,13,Tier 2,1519629
4235,Finance,Senior Dev,0,Tier 2,651602
4236,HR,Lead,6,Tier 3,1036073
4237,HR,Intern,14,Tier 2,1129282
4238,IT,Intern,19,Tier 3,1311537
4239,Sales,Associate,18,Tier 3,1494328
4240,Marketing,Intern,18,Tier 3,1296202
4241,Operations,Manager,4,Tier 1,1419207
4242,Marketing,Manager,3,Tier 3,1070619
4243,IT,Director,6,Tier 1,1944845
4244,Marketing,Manager,11,Tier 2,1716562
4245,Sales,Manager,4,Tier 3,1118697
4246,Support,Analyst,9,Tier 3,853039
4247,IT,Manager,9,Tier 1,1797818
4248,Sales,Director,16,Tier 1,2683100
4249,Support,Lead,9,Tier 3,1230104
4250,Marketing,Lead,16,Tier 2,1800067
4251,Operations,Associate,3,Tier 2,667025
4252,Operations,Analyst,8,Tier 3,782317
4253,IT,Lead,17,Tier 1,2122509
4254,HR,Senior Dev,14,Tier 3,1416533
4255,Finance,Manager,9,Tier 1,1784670
4256,Finance,Intern,3,Tier 3,409473
4257,Sales,Analyst,17,Tier 2,1460328
4258,Sales,Lead,16,Tier 1,2068723
4259,Marketing,Director,6,Tier 1,1920719
4260,Finance,Senior Dev,10,Tier 3,1228637
4261,Marketing,Associate,2,Tier 3,521345
4262,Operations,Analyst,9,Tier 3,867663
4263,IT,Manager,5,Tier 2,1316028
4264,Finance,Associate,9,Tier 2,1018033
4265,Operations,Manager,19,Tier 2,2237097
4266,HR,Associate,15,Tier 3,1297608
4267,IT,Manager,5,Tier 2,1347804
4268,Support,Associate,3,Tier 2,649846
4269,Finance,Analyst,13,Tier 3,1086704
4270,HR,Director,19,Tier 1,2948028
4271,Operations,Senior Dev,7,Tier 2,1121483
4272,Support,Lead,1,Tier 1,942763
4273,Finance,Manager,4,Tier 2,1239733
4274,Sales,Senior Dev,4,Tier 1,1045502
4275,Operations,Associate,12,Tier 2,1257944
4276,Support,Intern,9,Tier 2,793247
4277,Marketing,Lead,0,Tier 1,866058
4278,IT,Intern,17,Tier 3,1208635
4279,HR,Associate,2,Tier 3,510953
4280,IT,Intern,8,Tier 3,656041
4281,Marketing,Manager,1,Tier 3,951059
4282,Sales,Analyst,18,Tier 2,1505548
4283,Operations,Intern,6,Tier 1,675419
4284,Sales,Senior Dev,2,Tier 1,880550
4285,Finance,Senior Dev,8,Tier 3,1080337
4286,IT,Intern,8,Tier 2,742747
4287,Support,Analyst,11,Tier 3,958718
4288,IT,Lead,1,Tier 1,963359
4289,IT,Associate,17,Tier 2,1540012
4290,Operations,Analyst,13,Tier 1,1366660
4291,Finance,Director,9,Tier 2,1931915
4292,Finance,Senior Dev,9,Tier 3,1110767
4293,Finance,Director,10,Tier 3,1822606
4294,IT,Manager,1,Tier 2,1041332
4295,Support,Lead,6,Tier 1,1313174
4296,Support,Senior Dev,5,Tier 3,903653
4297,Sales,Associate,2,Tier 3,527260
4298,Marketing,Analyst,2,Tier 2,434073
4299,IT,Senior Dev,5,Tier 2,977194
4300,Sales,Lead,16,Tier 2,1839723
4301,Marketing,Associate,16,Tier 1,1679699
4302,Finance,Lead,1,Tier 1,930762
4303,HR,Senior Dev,6,Tier 3,969897
4304,Support,Analyst,17,Tier 1,1661556
4305,Operations,Associate,3,Tier 1,728383
4306,Finance,Analyst,19,Tier 3,1448445
4307,Operations,Manager,11,Tier 1,1960634
4308,HR,Manager,17,Tier 3,1906874
4309,IT,Associate,7,Tier 2,881825
4310,Operations,Analyst,14,Tier 3,1168696
4311,Operations,Lead,18,Tier 3,1765635
4312,Sales,Lead,7,Tier 3,1110760
4313,IT,Director,18,Tier 2,2499252
4314,HR,Director,10,Tier 1,2226862
4315,Operations,Director,7,Tier 1,2005450
4316,IT,Intern,7,Tier 1,785927
4317,Marketing,Analyst,18,Tier 2,1530879
4318,Marketing,Associate,17,Tier 3,1396825
4319,Finance,Associate,6,Tier 1,944251
4320,Support,Intern,8,Tier 3,690736
4321,Support,Intern,18,Tier 2,1390516
4322,HR,Analyst,18,Tier 1,1735544
4323,Marketing,Manager,14,Tier 3,1718719
4324,Sales,Intern,6,Tier 2,614185
4325,Operations,Director,11,Tier 1,2316575
4326,HR,Associate,4,Tier 2,717113
4327,Finance,Director,4,Tier 3,1417856
4328,HR,Manager,4,Tier 2,1259790
4329,Marketing,Associate,12,Tier 3,1134443
4330,Support,Analyst,0,Tier 3,308506
4331,Support,Analyst,0,Tier 1,346770
4332,IT,Director,17,Tier 3,2199969
4333,IT,Director,15,Tier 1,2639748
4334,Sales,Director,6,Tier 2,1705360
4335,Operations,Analyst,15,Tier 3,1219904
4336,Marketing,Associate,5,Tier 3,704160
4337,Finance,Senior Dev,5,Tier 2,987181
4338,Finance,Director,17,Tier 1,2762061
4339,Operations,Lead,9,Tier 2,1378247
4340,HR,Manager,17,Tier 3,1924714
4341,HR,Manager,8,Tier 2,1538247
4342,Marketing,Manager,9,Tier 3,1444550
4343,Operations,Manager,5,Tier 2,1349341
4344,HR,Analyst,5,Tier 1,770713
4345,Marketing,Lead,6,Tier 2,1145867
4346,Finance,Senior Dev,2,Tier 3,693981
4347,Marketing,Associate,18,Tier 2,1603782
4348,Sales,Associate,15,Tier 2,1453702
4349,Operations,Lead,7,Tier 1,1411905
4350,Finance,Analyst,12,Tier 2,1137780
4351,Operations,Lead,8,Tier 3,1175993
4352,Finance,Senior Dev,8,Tier 1,1320078
4353,HR,Intern,19,Tier 1,1670473
4354,IT,Director,12,Tier 2,2090417
4355,IT,Intern,18,Tier 2,1379209
4356,IT,Director,1,Tier 2,1360898
4357,Operations,Associate,5,Tier 1,863562
4358,IT,Senior Dev,9,Tier 1,1405871
4359,Operations,Lead,5,Tier 3,997382
4360,IT,Lead,15,Tier 3,1628047
4361,IT,Senior Dev,16,Tier 3,1568290
4362,Marketing,Analyst,2,Tier 2,451665
4363,Finance,Intern,6,Tier 3,530328
4364,IT,Analyst,19,Tier 3,1448347
4365,HR,Manager,4,Tier 2,1269890
4366,Operations,Associate,10,Tier 1,1252888
4367,Finance,Analyst,3,Tier 2,548116
4368,IT,Associate,0,Tier 1,485450
4369,Marketing,Senior Dev,17,Tier 2,1790411
4370,Sales,Lead,12,Tier 2,1543560
4371,Marketing,Associate,1,Tier 2,526468
4372,Operations,Associate,12,Tier 1,1402463
4373,IT,Analyst,15,Tier 3,1218151
4374,Marketing,Associate,2,Tier 1,678773
4375,Finance,Senior Dev,3,Tier 3,778810
4376,Finance,Manager,13,Tier 2,1818028
4377,Support,Associate,2,Tier 3,537599
4378,IT,Analyst,14,Tier 1,1436787
4379,Marketing,Director,9,Tier 2,1886024
4380,HR,Manager,10,Tier 3,1508607
4381,HR,Manager,9,Tier 1,1783503
4382,Support,Director,18,Tier 2,2503345
4383,Operations,Senior Dev,1,Tier 1,854557
4384,Support,Intern,18,Tier 2,1418167
4385,Marketing,Senior Dev,2,Tier 3,743753
4386,Support,Director,13,Tier 1,2457031
4387,Sales,Analyst,15,Tier 1,1504228
4388,Operations,Associate,2,Tier 1,676821
4389,Support,Associate,17,Tier 1,1795568
4390,Finance,Intern,5,Tier 2,527766
4391,IT,Associate,0,Tier 1,520580
4392,Operations,Associate,9,Tier 3,930858
4393,Support,Senior Dev,5,Tier 1,1098071
4394,HR,Director,11,Tier 2,2040931
4395,IT,Director,12,Tier 3,1891040
4396,Marketing,Manager,7,Tier 3,1325321
4397,Support,Senior Dev,19,Tier 1,2158186
4398,IT,Analyst,11,Tier 1,1190710
4399,Support,Intern,11,Tier 2,921057
4400,Marketing,Associate,13,Tier 3,1169157
4401,Finance,Associate,4,Tier 3,659544
4402,Support,Lead,10,Tier 3,1275188
4403,Sales,Senior Dev,2,Tier 1,899680
4404,Finance,Associate,1,Tier 2,512766
4405,Support,Intern,0,Tier 1,275718
4406,Support,Manager,13,Tier 1,2075796
4407,HR,Manager,18,Tier 2,2187131
4408,IT,Intern,10,Tier 1,1016422
4409,IT,Lead,1,Tier 1,956839
4410,Marketing,Lead,8,Tier 3,1152786
4411,Support,Lead,1,Tier 1,953638
4412,HR,Analyst,4,Tier 1,689564
4413,Marketing,Manager,4,Tier 3,1145507
4414,Finance,Intern,12,Tier 1,1153108
4415,HR,Director,19,Tier 2,2567806
4416,Sales,Intern,5,Tier 3,487043
4417,Support,Analyst,17,Tier 3,1299752
4418,Finance,Senior Dev,1,Tier 3,672616
4419,Finance,Lead,5,Tier 2,1079896
4420,HR,Analyst,2,Tier 1,505976
4421,Marketing,Intern,0,Tier 1,253586
4422,Finance,Associate,4,Tier 1,786396
4423,Sales,Manager,18,Tier 2,2160171
4424,Finance,Manager,15,Tier 3,1803688
4425,IT,Intern,18,Tier 2,1420274
4426,Finance,Senior Dev,11,Tier 1,1573253
4427,Support,Intern,4,Tier 3,412017
4428,Support,Intern,6,Tier 1,712188
4429,HR,Analyst,14,Tier 2,1237237
4430,Finance,Analyst,2,Tier 3,406251
4431,IT,Senior Dev,19,Tier 3,1744206
4432,Marketing,Intern,4,Tier 3,413543
4433,Marketing,Manager,7,Tier 1,1670933
4434,Support,Lead,0,Tier 2,779111
4435,IT,Analyst,17,Tier 2,1422211
4436,IT,Analyst,15,Tier 3,1216577
4437,Finance,Associate,19,Tier 2,1664331
4438,Operations,Associate,12,Tier 1,1427196
4439,Finance,Intern,9,Tier 2,841894
4440,IT,Lead,13,Tier 2,1612591
4441,Finance,Director,15,Tier 2,2323822
4442,Support,Lead,11,Tier 2,1515800
4443,Operations,Senior Dev,7,Tier 2,1138577
4444,IT,Manager,17,Tier 3,1904842
4445,HR,Intern,17,Tier 2,1346318
4446,Finance,Intern,3,Tier 3,378656
4447,Support,Intern,4,Tier 2,499269
4448,HR,Associate,15,Tier 3,1298840
4449,Sales,Associate,9,Tier 2,1027831
4450,Finance,Manager,17,Tier 1,2375424
4451,IT,Analyst,17,Tier 3,1304086
4452,Support,Intern,3,Tier 1,480929
4453,Operations,Director,4,Tier 3,1430539
4454,Finance,Manager,15,Tier 3,1797874
4455,Sales,Associate,17,Tier 1,1767044
4456,IT,Senior Dev,13,Tier 2,1517774
4457,Operations,Director,16,Tier 3,2178928
4458,IT,Director,16,Tier 2,2394406
4459,Marketing,Lead,10,Tier 2,1432720
4460,IT,Associate,13,Tier 1,1449700
4461,HR,Director,19,Tier 2,2599058
4462,HR,Senior Dev,6,Tier 2,1064327
4463,HR,Senior Dev,12,Tier 2,1424513
4464,Sales,Senior Dev,13,Tier 3,1406096
4465,Operations,Analyst,6,Tier 2,711847
4466,IT,Director,17,Tier 3,2240248
4467,Operations,Manager,0,Tier 3,871951
4468,Sales,Lead,16,Tier 2,1805746
4469,IT,Analyst,5,Tier 3,611954
4470,IT,Manager,4,Tier 2,1251169
4471,Finance,Analyst,19,Tier 3,1439592
4472,Finance,Analyst,3,Tier 2,556185
4473,IT,Lead,9,Tier 3,1230823
4474,Marketing,Associate,10,Tier 3,970858
4475,Support,Associate,15,Tier 1,1618769
4476,HR,Director,16,Tier 1,2682879
4477,Finance,Lead,6,Tier 3,1072255
4478,IT,Director,2,Tier 2,1468073
4479,HR,Analyst,15,Tier 2,1291447
4480,HR,Manager,11,Tier 1,1922850
4481,Operations,Analyst,16,Tier 3,1289412
4482,Sales,Lead,17,Tier 2,1902874
4483,Support,Manager,3,Tier 2,1181535
4484,HR,Lead,16,Tier 2,1805503
4485,Finance,Manager,8,Tier 3,1365493
4486,HR,Intern,19,Tier 3,1342408
4487,HR,Director,1,Tier 3,1264440
4488,Finance,Manager,5,Tier 1,1482546
4489,IT,Associate,19,Tier 1,1901085
4490,Operations,Lead,6,Tier 3,1043280
4491,Finance,Intern,0,Tier 1,262084
4492,HR,Intern,5,Tier 2,555628
4493,Operations,Associate,1,Tier 2,503566
4494,Operations,Intern,14,Tier 2,1155196
4495,Finance,Director,13,Tier 2,2179225
4496,HR,Manager,6,Tier 3,1253341
4497,Sales,Lead,9,Tier 1,1562719
4498,Finance,Senior Dev,16,Tier 2,1735037
4499,Support,Manager,7,Tier 2,1466451
4500,Operations,Intern,15,Tier 2,1193335
4501,Finance,Associate,12,Tier 2,1240590
4502,Finance,Lead,19,Tier 1,2311297
4503,Finance,Senior Dev,13,Tier 1,1750185
4504,Finance,Manager,4,Tier 1,1421393
4505,Sales,Manager,8,Tier 1,1746707
4506,Support,Lead,2,Tier 3,810799
4507,Finance,Senior Dev,7,Tier 1,1254107
4508,Support,Manager,9,Tier 1,1800805
4509,Marketing,Lead,18,Tier 1,2232789
4510,Sales,Analyst,2,Tier 1,541314
4511,Marketing,Analyst,10,Tier 1,1148022
4512,IT,Analyst,16,Tier 3,1274527
4513,Finance,Manager,6,Tier 2,1382723
4514,Operations,Associate,18,Tier 3,1466779
4515,Marketing,Lead,14,Tier 3,1539086
4516,Operations,Lead,10,Tier 2,1442596
4517,Support,Lead,4,Tier 2,1039278
4518,Finance,Senior Dev,17,Tier 3,1610074
4519,Marketing,Lead,11,Tier 1,1705969
4520,Support,Analyst,19,Tier 3,1438942
4521,Finance,Senior Dev,19,Tier 2,1913059
4522,Finance,Senior Dev,17,Tier 1,2047389
4523,Finance,Manager,18,Tier 1,2466322
4524,Finance,Lead,1,Tier 2,814314
4525,HR,Senior Dev,7,Tier 3,999628
4526,Operations,Senior Dev,10,Tier 2,1301492
4527,Marketing,Lead,17,Tier 1,2171638
4528,Sales,Lead,17,Tier 3,1710365
4529,IT,Lead,9,Tier 2,1343096
4530,IT,Intern,2,Tier 1,382682
4531,Marketing,Lead,11,Tier 2,1510491
4532,Finance,Lead,2,Tier 3,831894
4533,Sales,Intern,13,Tier 1,1251247
4534,Finance,Intern,10,Tier 1,970294
4535,Sales,Analyst,9,Tier 1,1031434
4536,HR,Analyst,14,Tier 3,1148098
4537,Support,Manager,15,Tier 3,1787493
4538,Sales,Director,19,Tier 2,2599275
4539,Operations,Analyst,17,Tier 2,1439558
4540,Support,Intern,12,Tier 1,1178436
4541,HR,Intern,3,Tier 3,409355
4542,Marketing,Lead,13,Tier 1,1846567
4543,Operations,Intern,8,Tier 3,682376
4544,HR,Analyst,18,Tier 2,1509922
4545,IT,Lead,4,Tier 1,1174332
4546,Finance,Associate,17,Tier 3,1413495
4547,Marketing,Lead,18,Tier 1,2246952
4548,Operations,Intern,16,Tier 3,1189946
4549,Operations,Intern,1,Tier 1,296541
4550,Marketing,Manager,13,Tier 3,1693074
4551,IT,Intern,11,Tier 1,1074283
4552,Operations,Manager,11,Tier 3,1584508
4553,Operations,Manager,1,Tier 1,1170769
4554,Support,Associate,14,Tier 2,1358982
4555,IT,Manager,16,Tier 2,2054367
4556,IT,Lead,6,Tier 1,1313653
4557,Finance,Associate,13,Tier 1,1484339
4558,HR,Lead,16,Tier 1,2087399
4559,Support,Analyst,13,Tier 1,1352069
4560,Finance,Manager,18,Tier 1,2483231
4561,Support,Associate,5,Tier 2,780218
4562,Operations,Intern,17,Tier 3,1201095
4563,HR,Manager,4,Tier 2,1244343
4564,HR,Associate,5,Tier 1,846313
4565,Support,Analyst,7,Tier 2,812222
4566,Support,Manager,14,Tier 2,1893930
4567,HR,Associate,0,Tier 1,488705
4568,Sales,Intern,11,Tier 2,937323
4569,Sales,Senior Dev,10,Tier 1,1523915
4570,Operations,Senior Dev,7,Tier 2,1102619
4571,Finance,Lead,6,Tier 3,1072964
4572,IT,Lead,1,Tier 3,789274
4573,Finance,Analyst,9,Tier 1,1065730
4574,HR,Manager,19,Tier 3,2057708
4575,IT,Associate,9,Tier 3,963019
4576,Support,Lead,17,Tier 2,1869373
4577,Support,Lead,17,Tier 1,2140187
4578,Marketing,Senior Dev,7,Tier 1,1286577
4579,Sales,Intern,12,Tier 2,1021220
4580,Sales,Analyst,7,Tier 1,927219
4581,Sales,Manager,3,Tier 1,1375556
4582,Marketing,Director,0,Tier 2,1328192
4583,Support,Manager,1,Tier 3,934381
4584,HR,Intern,7,Tier 1,764558
4585,Sales,Intern,14,Tier 2,1139881
4586,Support,Manager,4,Tier 2,1253409
4587,Finance,Analyst,6,Tier 2,698983
4588,Finance,Senior Dev,6,Tier 1,1201933
4589,Support,Director,6,Tier 1,1922523
4590,Support,Associate,13,Tier 2,1278292
4591,Operations,Intern,17,Tier 3,1194581
4592,Marketing,Senior Dev,3,Tier 1,950609
4593,HR,Lead,17,Tier 3,1740539
4594,HR,Senior Dev,15,Tier 2,1642936
4595,Finance,Senior Dev,6,Tier 3,972725
4596,Finance,Lead,4,Tier 2,1033506
4597,Sales,Associate,11,Tier 3,1089758
4598,Operations,Intern,9,Tier 2,796537
4599,Support,Manager,19,Tier 1,2562578
4600,HR,Director,15,Tier 1,2650675
4601,IT,Intern,10,Tier 3,779063
4602,Marketing,Lead,2,Tier 2,904214
4603,Sales,Senior Dev,6,Tier 3,988262
4604,Support,Analyst,6,Tier 1,797413
4605,Operations,Manager,1,Tier 2,1081145
4606,IT,Director,18,Tier 2,2480105
4607,Operations,Associate,8,Tier 1,1112098
4608,Finance,Senior Dev,17,Tier 3,1648408
4609,Marketing,Analyst,15,Tier 1,1521372
4610,Sales,Analyst,9,Tier 1,1053560
4611,Marketing,Intern,19,Tier 3,1356669
4612,Sales,Senior Dev,11,Tier 3,1245762
4613,Support,Manager,6,Tier 1,1596318
4614,Support,Senior Dev,14,Tier 3,1468703
4615,Support,Director,7,Tier 2,1773577
4616,Sales,Director,3,Tier 1,1743114
4617,Marketing,Lead,18,Tier 2,1985627
4618,Operations,Director,14,Tier 2,2260797
4619,Finance,Intern,0,Tier 1,265807
4620,Operations,Analyst,9,Tier 2,953730
4621,Marketing,Manager,2,Tier 1,1283756
4622,Sales,Lead,8,Tier 3,1163777
4623,Support,Senior Dev,10,Tier 3,1224703
4624,Finance,Intern,1,Tier 3,277819
4625,IT,Manager,5,Tier 2,1334650
4626,Support,Associate,7,Tier 2,902699
4627,Marketing,Manager,1,Tier 2,1079960
4628,Sales,Associate,14,Tier 2,1391089
4629,IT,Senior Dev,0,Tier 3,570737
4630,Sales,Manager,11,Tier 2,1698470
4631,Sales,Lead,7,Tier 2,1224372
4632,Marketing,Lead,0,Tier 1,874294
4633,Support,Analyst,5,Tier 3,620411
4634,Sales,Director,7,Tier 3,1639900
4635,HR,Senior Dev,18,Tier 2,1837935
4636,Operations,Senior Dev,0,Tier 1,743027
4637,IT,Lead,0,Tier 1,902853
4638,Marketing,Analyst,7,Tier 1,871823
4639,Finance,Intern,4,Tier 3,423072
4640,HR,Intern,7,Tier 1,777312
4641,Sales,Manager,9,Tier 3,1434161
4642,Operations,Intern,8,Tier 1,859287
4643,HR,Senior Dev,2,Tier 3,691777
4644,Sales,Manager,6,Tier 1,1569014
4645,Marketing,Senior Dev,19,Tier 2,1902161
4646,Support,Manager,2,Tier 3,1044011
4647,Marketing,Intern,13,Tier 2,1089111
4648,IT,Senior Dev,1,Tier 3,647709
4649,Marketing,Director,10,Tier 2,2009055
4650,Support,Associate,7,Tier 1,1003998
4651,IT,Senior Dev,10,Tier 3,1205490
4652,Support,Manager,16,Tier 3,1880477
4653,Marketing,Analyst,5,Tier 1,745735
4654,Marketing,Senior Dev,4,Tier 3,811242
4655,IT,Senior Dev,7,Tier 3,1040721
4656,IT,Associate,14,Tier 3,1241467
4657,Marketing,Director,16,Tier 3,2133232
4658,Finance,Director,14,Tier 1,2558765
4659,Finance,Manager,19,Tier 3,2068741
4660,Finance,Intern,15,Tier 1,1355972
4661,Support,Director,8,Tier 3,1684592
4662,Support,Senior Dev,16,Tier 2,1722828
4663,IT,Associate,12,Tier 1,1403172
4664,HR,Senior Dev,4,Tier 1,1031017
4665,Support,Intern,5,Tier 2,540594
4666,Marketing,Intern,12,Tier 2,998448
4667,Support,Associate,19,Tier 3,1523112
4668,Support,Manager,14,Tier 3,1741021
4669,Support,Intern,7,Tier 2,696553
4670,Marketing,Senior Dev,8,Tier 1,1320368
4671,HR,Associate,8,Tier 2,973010
4672,Operations,Senior Dev,10,Tier 1,1505851
4673,Marketing,Analyst,9,Tier 3,835496
4674,HR,Lead,16,Tier 2,1826936
4675,Finance,Manager,10,Tier 1,1846469
4676,Marketing,Manager,3,Tier 2,1194390
4677,HR,Director,13,Tier 3,1967207
4678,Sales,Senior Dev,7,Tier 1,1267912
4679,Sales,Lead,3,Tier 3,906572
4680,IT,Analyst,11,Tier 3,978119
4681,Operations,Director,2,Tier 2,1441276
4682,Sales,Analyst,19,Tier 1,1775534
4683,Support,Senior Dev,5,Tier 2,996074
4684,Finance,Senior Dev,3,Tier 3,782563
4685,IT,Analyst,15,Tier 1,1506486
4686,HR,Analyst,10,Tier 2,975799
4687,Marketing,Senior Dev,0,Tier 2,633641
4688,Marketing,Senior Dev,6,Tier 2,1034587
4689,Sales,Director,6,Tier 1,1951359
4690,Sales,Senior Dev,6,Tier 3,971833
4691,Support,Intern,15,Tier 3,1094665
4692,Operations,Senior Dev,7,Tier 1,1270032
4693,Operations,Director,8,Tier 1,2082641
4694,Sales,Senior Dev,12,Tier 2,1452028
4695,IT,Manager,3,Tier 1,1328536
4696,IT,Lead,11,Tier 1,1715712
4697,Finance,Analyst,1,Tier 1,426284
4698,HR,Lead,17,Tier 2,1890955
4699,Support,Associate,14,Tier 1,1561182
4700,HR,Intern,7,Tier 1,794614
4701,IT,Associate,0,Tier 2,421539
4702,HR,Senior Dev,9,Tier 3,1156219
4703,HR,Manager,4,Tier 3,1128120
4704,HR,Manager,7,Tier 2,1429903
4705,HR,Analyst,15,Tier 2,1305629
4706,HR,Manager,12,Tier 3,1623782
4707,HR,Associate,12,Tier 1,1387438
4708,Operations,Manager,4,Tier 2,1230009
4709,Sales,Lead,10,Tier 3,1312372
4710,Support,Manager,12,Tier 3,1623435
4711,Support,Senior Dev,10,Tier 2,1328744
4712,IT,Analyst,18,Tier 2,1545442
4713,Support,Manager,14,Tier 3,1730454
4714,HR,Senior Dev,6,Tier 3,971381
4715,Sales,Analyst,2,Tier 3,435117
4716,Operations,Manager,12,Tier 3,1632662
4717,Marketing,Senior Dev,4,Tier 1,1023190
4718,Sales,Senior Dev,17,Tier 3,1598789
4719,HR,Senior Dev,7,Tier 3,1007459
4720,HR,Senior Dev,0,Tier 1,767085
4721,Marketing,Analyst,16,Tier 1,1594961
4722,Finance,Senior Dev,11,Tier 1,1602199
4723,Finance,Manager,13,Tier 2,1839885
4724,HR,Lead,15,Tier 3,1620311
4725,Operations,Associate,9,Tier 3,933932
4726,Finance,Lead,16,Tier 3,1684847
4727,Marketing,Director,17,Tier 1,2783931
4728,Sales,Lead,15,Tier 2,1768032
4729,IT,Intern,15,Tier 1,1360890
4730,Finance,Lead,7,Tier 2,1255413
4731,Support,Senior Dev,5,Tier 3,885540
4732,Support,Manager,8,Tier 2,1543907
4733,Marketing,Director,11,Tier 1,2314899
4734,Sales,Intern,11,Tier 3,850982
4735,HR,Manager,16,Tier 3,1852606
4736,Sales,Manager,8,Tier 1,1705150
4737,Operations,Director,9,Tier 3,1761887
4738,IT,Intern,11,Tier 1,1091687
4739,Support,Associate,6,Tier 1,928593
4740,Operations,Lead,14,Tier 2,1680607
4741,Finance,Lead,5,Tier 2,1125929
4742,Support,Intern,11,Tier 2,944074
4743,Finance,Lead,19,Tier 2,2038194
4744,HR,Analyst,1,Tier 3,356853
4745,Marketing,Associate,4,Tier 1,811169
4746,Operations,Associate,15,Tier 3,1283703
4747,Marketing,Analyst,19,Tier 1,1828453
4748,HR,Lead,10,Tier 3,1303161
4749,Sales,Intern,11,Tier 2,925716
4750,Marketing,Director,5,Tier 2,1667098
4751,Support,Senior Dev,19,Tier 3,1710132
4752,Sales,Director,8,Tier 2,1821385
4753,Finance,Intern,15,Tier 3,1110373
4754,Marketing,Senior Dev,13,Tier 3,1409157
4755,Support,Intern,7,Tier 3,592835
4756,Operations,Director,18,Tier 3,2292317
4757,IT,Analyst,6,Tier 1,820892
4758,Finance,Lead,17,Tier 1,2128353
4759,Finance,Intern,10,Tier 2,851909
4760,IT,Associate,7,Tier 3,804496
4761,Finance,Lead,11,Tier 2,1471153
4762,Finance,Director,17,Tier 2,2445734
4763,Operations,Lead,16,Tier 3,1649445
4764,IT,Analyst,13,Tier 1,1343351
4765,Marketing,Associate,6,Tier 1,964149
4766,HR,Intern,2,Tier 1,381258
4767,Marketing,Director,5,Tier 2,1643763
4768,IT,Associate,1,Tier 1,585048
4769,Marketing,Intern,11,Tier 1,1065607
4770,Support,Associate,11,Tier 3,1039018
4771,Finance,Director,9,Tier 3,1756946
4772,Operations,Manager,19,Tier 1,2557375
4773,HR,Analyst,17,Tier 2,1465052
4774,HR,Manager,11,Tier 3,1577322
4775,Finance,Intern,16,Tier 1,1459139
4776,Sales,Manager,9,Tier 3,1418458
4777,Finance,Senior Dev,5,Tier 3,887221
4778,Sales,Lead,8,Tier 2,1285070
4779,Sales,Senior Dev,1,Tier 1,844508
4780,Finance,Senior Dev,16,Tier 1,1961831
4781,Operations,Analyst,11,Tier 2,1074340
4782,HR,Director,7,Tier 1,2037770
4783,HR,Associate,2,Tier 2,585601
4784,Finance,Lead,18,Tier 2,1947775
4785,Finance,Associate,18,Tier 1,1863310
4786,Operations,Director,5,Tier 2,1641263
4787,HR,Director,7,Tier 3,1638367
4788,HR,Director,17,Tier 3,2192739
4789,Finance,Analyst,15,Tier 1,1512278
4790,Support,Lead,16,Tier 3,1662624
4791,Support,Director,11,Tier 1,2304964
4792,Sales,Associate,9,Tier 1,1174510
4793,Finance,Manager,13,Tier 1,2089254
4794,Sales,Intern,0,Tier 3,182336
4795,IT,Analyst,3,Tier 3,477412
4796,IT,Analyst,4,Tier 3,519843
4797,Marketing,Manager,6,Tier 2,1391454
4798,Operations,Senior Dev,9,Tier 2,1251228
4799,Support,Director,6,Tier 1,1922272
4800,Finance,Associate,6,Tier 3,780041
4801,Finance,Intern,10,Tier 2,853400
4802,Marketing,Associate,11,Tier 3,1087378
4803,Operations,Associate,3,Tier 2,626147
4804,Sales,Associate,12,Tier 2,1236326
4805,Marketing,Intern,18,Tier 3,1288889
4806,Operations,Director,4,Tier 1,1814966
4807,Operations,Lead,15,Tier 1,2010288
4808,HR,Associate,11,Tier 3,1035409
4809,Finance,Manager,6,Tier 3,1274874
4810,Operations,Senior Dev,12,Tier 2,1478862
4811,HR,Lead,1,Tier 2,831958
4812,Sales,Lead,14,Tier 1,1914768
4813,HR,Senior Dev,10,Tier 3,1196145
4814,Operations,Senior Dev,6,Tier 2,1069203
4815,HR,Senior Dev,10,Tier 1,1486412
4816,IT,Director,1,Tier 2,1381596
4817,Marketing,Lead,15,Tier 2,1772406
4818,HR,Senior Dev,12,Tier 3,1313332
4819,Support,Lead,16,Tier 1,2060764
4820,Support,Senior Dev,11,Tier 2,1378139
4821,IT,Senior Dev,18,Tier 3,1655062
4822,Finance,Manager,5,Tier 1,1527223
4823,HR,Manager,12,Tier 1,2001372
4824,IT,Lead,1,Tier 1,939965
4825,IT,Director,10,Tier 2,1994997
4826,Marketing,Analyst,6,Tier 2,741048
4827,Finance,Analyst,6,Tier 2,700050
4828,Support,Associate,5,Tier 3,685722
4829,Operations,Analyst,10,Tier 3,919510
4830,IT,Director,1,Tier 2,1394674
4831,Operations,Associate,3,Tier 2,642489
4832,Marketing,Analyst,5,Tier 1,740080
4833,Sales,Intern,4,Tier 3,468940
4834,Operations,Associate,6,Tier 2,852232
4835,Finance,Analyst,0,Tier 1,383014
4836,Finance,Senior Dev,0,Tier 2,657250
4837,Sales,Associate,5,Tier 1,896729
4838,HR,Associate,9,Tier 3,926475
4839,HR,Director,10,Tier 1,2277824
4840,Sales,Manager,0,Tier 1,1141412
4841,Finance,Manager,4,Tier 1,1424011
4842,Marketing,Lead,0,Tier 3,720227
4843,HR,Intern,2,Tier 1,388897
4844,HR,Senior Dev,8,Tier 2,1164861
4845,HR,Lead,16,Tier 2,1809750
4846,Sales,Lead,13,Tier 2,1614988
4847,HR,Lead,3,Tier 3,873524
4848,Finance,Analyst,16,Tier 2,1389365
4849,Operations,Analyst,1,Tier 2,371622
4850,IT,Lead,4,Tier 3,938419
4851,Marketing,Manager,3,Tier 2,1183605
4852,Support,Associate,19,Tier 3,1532164
4853,Operations,Associate,12,Tier 1,1416197
4854,Operations,Manager,4,Tier 1,1431854
4855,Support,Associate,6,Tier 3,752995
4856,Sales,Lead,0,Tier 3,684605
4857,Sales,Lead,3,Tier 3,897952
4858,Support,Senior Dev,13,Tier 1,1700263
4859,Finance,Manager,13,Tier 2,1858719
4860,Sales,Manager,19,Tier 1,2557276
4861,Support,Senior Dev,7,Tier 1,1299615
4862,Marketing,Intern,2,Tier 1,414504
4863,Sales,Lead,18,Tier 1,2242456
4864,HR,Senior Dev,1,Tier 2,697102
4865,IT,Intern,9,Tier 3,755009
4866,Sales,Analyst,13,Tier 3,1056256
4867,IT,Analyst,12,Tier 1,1274401
4868,Finance,Manager,12,Tier 3,1596554
4869,Sales,Analyst,13,Tier 1,1368279
4870,Finance,Lead,2,Tier 1,999846
4871,Support,Associate,18,Tier 1,1846205
4872,Marketing,Manager,2,Tier 3,1020255
4873,IT,Intern,13,Tier 2,1091019
4874,Operations,Senior Dev,11,Tier 3,1275532
4875,Finance,Associate,10,Tier 2,1070400
4876,Sales,Senior Dev,7,Tier 3,1000416
4877,Support,Associate,19,Tier 3,1563695
4878,Operations,Manager,10,Tier 2,1656536
4879,Operations,Associate,1,Tier 2,488489
4880,IT,Director,9,Tier 1,2171986
4881,Marketing,Manager,5,Tier 2,1304691
4882,Support,Associate,11,Tier 2,1146794
4883,Sales,Analyst,12,Tier 1,1294956
4884,Finance,Senior Dev,5,Tier 2,980800
4885,Marketing,Associate,5,Tier 1,902777
4886,HR,Lead,8,Tier 3,1186439
4887,Finance,Analyst,14,Tier 1,1418385
4888,HR,Senior Dev,7,Tier 2,1110482
4889,Operations,Director,15,Tier 2,2323877
4890,HR,Associate,5,Tier 1,893373
4891,Marketing,Manager,2,Tier 3,1032089
4892,Operations,Manager,0,Tier 2,965435
4893,Sales,Lead,13,Tier 1,1826691
4894,Marketing,Lead,11,Tier 1,1690389
4895,Sales,Analyst,10,Tier 1,1131009
4896,Marketing,Manager,17,Tier 3,1906934
4897,Operations,Analyst,6,Tier 1,833179
4898,IT,Analyst,19,Tier 1,1812782
4899,Finance,Associate,0,Tier 1,524412
4900,Operations,Associate,17,Tier 2,1543688
4901,IT,Manager,8,Tier 2,1514751
4902,Support,Director,8,Tier 3,1662041
4903,Support,Lead,1,Tier 3,766069
4904,Operations,Associate,14,Tier 3,1236370
4905,Support,Director,10,Tier 1,2279806
4906,Sales,Director,5,Tier 3,1481586
4907,Marketing,Manager,10,Tier 1,1858932
4908,HR,Intern,19,Tier 2,1469179
4909,Support,Associate,9,Tier 1,1191501
4910,Finance,Analyst,14,Tier 3,1156136
4911,Operations,Senior Dev,17,Tier 2,1763249
4912,IT,Manager,6,Tier 1,1566390
4913,Support,Manager,17,Tier 2,2094881
4914,IT,Director,19,Tier 3,2338264
4915,Operations,Senior Dev,1,Tier 2,718375
4916,Sales,Associate,19,Tier 3,1552026
4917,Support,Analyst,6,Tier 1,842013
4918,Marketing,Lead,9,Tier 3,1225754
4919,Finance,Intern,0,Tier 2,202577
4920,Finance,Manager,0,Tier 2,995282
4921,Operations,Manager,1,Tier 2,1078436
4922,Sales,Lead,19,Tier 1,2294124
4923,Operations,Analyst,3,Tier 1,601115
4924,HR,Senior Dev,19,Tier 2,1895345
4925,HR,Senior Dev,0,Tier 3,604077
4926,HR,Senior Dev,0,Tier 2,642055
4927,Marketing,Director,13,Tier 1,2464747
4928,IT,Analyst,4,Tier 2,575978
4929,Finance,Manager,12,Tier 1,2012615
4930,Operations,Associate,12,Tier 2,1253863
4931,Operations,Lead,1,Tier 1,950031
4932,Operations,Analyst,5,Tier 2,672733
4933,Operations,Associate,0,Tier 2,421760
4934,Sales,Associate,10,Tier 2,1103714
4935,Marketing,Director,2,Tier 2,1472986
4936,Sales,Lead,4,Tier 3,914944
4937,HR,Director,6,Tier 2,1728907
4938,Marketing,Analyst,10,Tier 3,919538
4939,Operations,Analyst,19,Tier 1,1828505
4940,Sales,Manager,9,Tier 2,1585629
4941,IT,Manager,11,Tier 2,1708958
4942,Finance,,9,Tier 1,1790317
4943,IT,,9,Tier 2,928207
4944,Operations,,18,Tier 2,1431632
4945,Operations,,9,Tier 3,1145969
4946,Sales,,16,Tier 3,1630669
4947,IT,,6,Tier 3,1263734
4948,Sales,,19,Tier 2,2012522
4949,Finance,,8,Tier 1,835893
4950,Support,,1,Tier 1,1186493
4951,IT,,16,Tier 1,2700336
4952,Support,,8,Tier 1,1358452
4953,Marketing,,18,Tier 2,1873651
4954,Finance,Lead,7,Tier 3,1106940
4955,HR,Manager,3,Tier 2,1190872
4956,Support,Associate,17,Tier 3,1407257
4957,IT,Director,10,Tier 3,1789622
4958,Finance,Senior Dev,8,Tier 3,1058837
4959,Marketing,Lead,18,Tier 1,2210407
4960,IT,Senior Dev,14,Tier 3,1437654
4961,Operations,Senior Dev,15,Tier 1,1900748
4962,HR,Senior Dev,15,Tier 1,1866376
4963,Finance,Analyst,18,Tier 2,1536676
4964,Marketing,Analyst,6,Tier 1,818762
4965,Finance,Associate,4,Tier 3,613196
4966,Marketing,Intern,16,Tier 2,1299439
4967,Finance,Director,7,Tier 3,1631916
4968,Operations,Manager,0,Tier 3,898225
4969,Finance,Analyst,14,Tier 3,1142275
4970,Operations,Manager,17,Tier 1,2420538
4971,Finance,Associate,9,Tier 2,1035639
4972,Support,Manager,3,Tier 3,1078708
4973,Marketing,Intern,3,Tier 3,406908
4974,Marketing,Director,12,Tier 2,2083425
4975,Sales,Associate,1,Tier 3,466015
4976,Finance,Associate,0,Tier 3,404258
4977,HR,Senior Dev,8,Tier 1,1371739
4978,Operations,Intern,2,Tier 1,422216
4979,Finance,Associate,6,Tier 3,786956
4980,HR,Analyst,9,Tier 3,859984
4981,IT,Manager,9,Tier 1,1782884
4982,Sales,Analyst,8,Tier 2,865563
4983,Sales,Intern,14,Tier 3,1026142
4984,Support,Analyst,2,Tier 1,544592
4985,Finance,Associate,4,Tier 2,687928
4986,Sales,Manager,8,Tier 1,1722862
4987,Operations,Senior Dev,6,Tier 3,934663
4988,Finance,Intern,11,Tier 1,1103648
4989,Support,Associate,8,Tier 2,966549
4990,Marketing,Associate,1,Tier 3,433262
4991,HR,Director,8,Tier 2,1869259
4992,Finance,Associate,16,Tier 2,1519472
4993,Operations,Associate,18,Tier 2,1617131
4994,IT,Associate,5,Tier 3,677972
4995,IT,Director,1,Tier 2,1393032
4996,HR,Analyst,13,Tier 2,1176595
4997,Support,Lead,3,Tier 2,984926
4998,HR,Senior Dev,7,Tier 1,1279457
4999,Finance,Intern,3,Tier 3,357727
5000,Marketing,Lead,3,Tier 1,1123693
880,IT,Intern,11,Tier 1,1056939
881,Marketing,Director,2,Tier 1,1641427
882,Marketing,Analyst,11,Tier 1,1191510
883,Marketing,Intern,10,Tier 2,894064
884,Finance,Associate,5,Tier 1,876598
885,Support,Associate,14,Tier 1,1547570
886,Support,Intern,10,Tier 3,799241
887,HR,Manager,1,Tier 2,1052029
888,Support,Intern,1,Tier 2,292124
889,Marketing,Director,3,Tier 1,1709288
890,Operations,Manager,2,Tier 1,1251540
891,Marketing,Associate,8,Tier 3,866422
892,Sales,Intern,14,Tier 3,1051846
893,Marketing,Lead,10,Tier 3,1293411
894,IT,Senior Dev,1,Tier 2,742766
895,HR,Director,13,Tier 1,2497307
896,Sales,Analyst,10,Tier 3,892042
897,Marketing,Associate,2,Tier 2,594048
898,IT,Intern,11,Tier 2,944087
899,HR,Intern,14,Tier 3,1026335
900,Sales,Associate,4,Tier 1,798602
901,Marketing,Analyst,19,Tier 1,1818901
902,Marketing,Associate,18,Tier 2,1630196
903,Marketing,Manager,2,Tier 2,1097626
904,Finance,Intern,0,Tier 2,202857
905,Finance,Senior Dev,5,Tier 2,979982
906,Finance,Associate,1,Tier 3,431980
