OrderDetailID,OrderID,ProductID,Quantity,Price
OD000001,O00001,P0064,1,29997.92
OD000002,O00001,P0157,2,318.02
OD000003,O00001,P0035,2,88647.62
OD000004,O00001,P0195,3,115124.85
OD000005,O00001,P0259,3,93443.4
OD000006,O00002,P0106,2,66852.6
OD000007,O00002,P0242,2,59124.2
OD000008,O00002,P0433,3,115158.93
OD000009,O00003,P0275,1,40260.94
OD000010,O00003,P0249,1,16905.35
OD000011,O00004,P0126,2,57499.02
OD000012,O00004,P0048,2,31938.52
OD000013,O00005,P0034,3,70359.51
OD000014,O00005,P0153,3,141786.9
OD000015,O00005,P0272,3,143854.62
OD000016,O00005,P0142,2,85253.04
OD000017,O00006,P0326,3,56860.47
OD000018,O00006,P0497,1,14070.95
OD000019,O00006,P0117,2,3584.78
OD000020,O00006,P0176,1,30664.46
OD000021,O00007,P0407,1,15477.24
OD000022,O00007,P0040,1,27945.65
OD000023,O00007,P0083,3,102439.89
OD000024,O00007,P0117,3,5377.17
OD000025,O00007,P0399,2,16717.48
OD000026,O00008,P0400,2,48102.82
OD000027,O00008,P0009,3,96404.85
OD000028,O00008,P0057,2,64072.7
OD000029,O00008,P0303,1,45811.55
OD000030,O00009,P0009,1,32134.95
OD000031,O00009,P0005,1,17555.54
OD000032,O00009,P0254,3,95345.01
OD000033,O00009,P0279,1,22978.31
OD000034,O00009,P0116,2,14367.78
OD000035,O00010,P0456,2,64057.32
OD000036,O00010,P0353,1,12904.16
OD000037,O00010,P0085,2,66366.56
OD000038,O00010,P0221,2,50053.38
OD000039,O00010,P0044,1,29870.75
OD000040,O00011,P0234,1,31655.12
OD000041,O00011,P0117,2,3584.78
OD000042,O00011,P0362,2,36407.72
OD000043,O00011,P0014,1,46778.4
OD000044,O00011,P0152,1,24420.94
OD000045,O00012,P0336,3,73020.45
OD000046,O00012,P0090,2,9082.44
OD000047,O00012,P0495,2,35363.1
OD000048,O00012,P0221,2,50053.38
OD000049,O00012,P0309,3,14988.09
OD000050,O00013,P0082,1,26893.32
OD000051,O00013,P0002,3,89430.96
OD000052,O00013,P0090,3,13623.66
OD000053,O00014,P0303,3,137434.65
OD000054,O00014,P0310,1,32555.16
OD000055,O00014,P0453,1,34440.96
OD000056,O00015,P0387,1,37111.49
OD000057,O00015,P0231,1,36040.9
OD000058,O00015,P0385,1,5603.28
OD000059,O00016,P0312,2,53932.56
OD000060,O00016,P0292,2,12783.32
OD000061,O00016,P0041,1,6624.75
OD000062,O00016,P0195,2,76749.9
OD000063,O00016,P0072,3,91758.27
OD000064,O00017,P0340,1,47305.7
OD000065,O00017,P0345,2,56514.24
OD000066,O00017,P0147,2,7030.5
OD000067,O00018,P0165,2,74513.26
OD000068,O00018,P0124,3,115938.09
OD000069,O00018,P0359,1,17296.21
OD000070,O00018,P0304,1,4472.77
OD000071,O00019,P0215,1,12235.32
OD000072,O00019,P0040,3,83836.95
OD000073,O00019,P0338,3,114213.24
OD000074,O00020,P0255,3,67473.18
OD000075,O00020,P0221,1,25026.69
OD000076,O00020,P0290,3,79248.24
OD000077,O00020,P0428,1,36183.78
OD000078,O00020,P0303,1,45811.55
OD000079,O00021,P0381,1,20362.89
OD000080,O00021,P0102,3,125107.26
OD000081,O00021,P0284,3,28576.68
OD000082,O00021,P0252,2,55679.46
OD000083,O00022,P0267,2,74251.86
OD000084,O00022,P0156,2,74164.72
OD000085,O00022,P0367,1,45671.59
OD000086,O00022,P0402,1,5152.16
OD000087,O00022,P0432,1,21473.93
OD000088,O00023,P0191,1,4114.1
OD000089,O00024,P0229,3,55491.21
OD000090,O00024,P0106,1,33426.3
OD000091,O00025,P0269,1,34902.62
OD000092,O00025,P0058,3,59553.18
OD000093,O00025,P0153,3,141786.9
OD000094,O00025,P0141,3,26411.58
OD000095,O00026,P0146,3,54358.47
OD000096,O00027,P0135,2,55538.56
OD000097,O00027,P0464,2,79150.34
OD000098,O00027,P0377,2,31018.98
OD000099,O00027,P0031,1,3707.32
OD000100,O00027,P0016,2,91677.02
OD000101,O00028,P0443,3,9082.47
OD000102,O00028,P0257,2,35772.98
OD000103,O00028,P0125,3,134926.98
OD000104,O00028,P0057,3,96109.05
OD000105,O00029,P0393,1,20161.69
OD000106,O00029,P0437,1,16672.54
OD000107,O00029,P0497,2,28141.9
OD000108,O00029,P0243,2,79058.8
OD000109,O00029,P0340,1,47305.7
OD000110,O00030,P0459,1,5875.98
OD000111,O00031,P0007,1,3639.73
OD000112,O00032,P0310,1,32555.16
OD000113,O00032,P0204,1,36853.4
OD000114,O00032,P0475,2,71887.36
OD000115,O00033,P0271,2,50483.8
OD000116,O00033,P0405,3,110104.23
OD000117,O00034,P0055,2,19695.38
OD000118,O00034,P0343,3,108763.23
OD000119,O00035,P0257,2,35772.98
OD000120,O00036,P0339,3,47198.88
OD000121,O00036,P0039,2,48625.88
OD000122,O00036,P0150,1,48970.24
OD000123,O00036,P0113,2,15376.84
OD000124,O00036,P0317,2,97456.1
OD000125,O00037,P0141,2,17607.72
OD000126,O00037,P0094,1,39141.36
OD000127,O00037,P0011,1,12639.93
OD000128,O00037,P0312,2,53932.56
OD000129,O00037,P0090,1,4541.22
OD000130,O00038,P0226,1,22025.27
OD000131,O00038,P0450,3,40029.45
OD000132,O00038,P0297,2,79609.82
OD000133,O00038,P0401,2,8418.08
OD000134,O00038,P0369,1,29719.67
OD000135,O00039,P0243,3,118588.2
OD000136,O00039,P0425,3,71313.75
OD000137,O00039,P0035,3,132971.43
OD000138,O00039,P0484,1,8571.02
OD000139,O00039,P0313,2,73815.2
OD000140,O00040,P0291,1,38797.98
OD000141,O00040,P0194,1,49657.42
OD000142,O00040,P0490,2,4434.28
OD000143,O00041,P0360,1,44753.22
OD000144,O00042,P0457,1,25557.49
OD000145,O00042,P0163,2,83464.28
OD000146,O00043,P0343,1,36254.41
OD000147,O00043,P0136,1,2991.68
OD000148,O00044,P0188,2,26281.06
OD000149,O00044,P0305,2,24769.32
OD000150,O00045,P0293,1,486.78
OD000151,O00045,P0322,1,37337.54
OD000152,O00045,P0074,2,63201.18
OD000153,O00045,P0053,2,57477.82
OD000154,O00046,P0346,3,39770.88
OD000155,O00046,P0409,1,48069.69
OD000156,O00047,P0497,1,14070.95
OD000157,O00047,P0095,2,86842.78
OD000158,O00047,P0315,3,19353.69
OD000159,O00048,P0312,2,53932.56
OD000160,O00048,P0319,2,35040.3
OD000161,O00049,P0456,2,64057.32
OD000162,O00049,P0170,1,26961.11
OD000163,O00049,P0021,2,17396.04
OD000164,O00049,P0242,3,88686.3
OD000165,O00049,P0115,2,88803.46
OD000166,O00050,P0284,1,9525.56
OD000167,O00050,P0200,1,13941.44
OD000168,O00050,P0187,3,138227.25
OD000169,O00050,P0344,1,6188.97
OD000170,O00050,P0368,2,57498.34
OD000171,O00051,P0248,3,113146.65
OD000172,O00051,P0286,3,103159.8
OD000173,O00051,P0143,1,38572.8
OD000174,O00052,P0214,3,91180.77
OD000175,O00053,P0422,2,47390.44
OD000176,O00053,P0056,1,710.67
OD000177,O00053,P0140,3,86369.13
OD000178,O00053,P0142,3,127879.56
OD000179,O00053,P0067,2,45030.94
OD000180,O00054,P0403,1,9574.21
OD000181,O00054,P0367,1,45671.59
OD000182,O00054,P0227,1,36013.96
OD000183,O00055,P0449,3,95631.57
OD000184,O00055,P0451,1,32544.56
OD000185,O00055,P0155,3,21514.71
OD000186,O00056,P0018,1,38945.67
OD000187,O00056,P0398,1,42310.86
OD000188,O00056,P0260,1,4260.68
OD000189,O00057,P0163,3,125196.42
OD000190,O00057,P0050,3,146514.54
OD000191,O00057,P0353,3,38712.48
OD000192,O00058,P0019,1,14547.49
OD000193,O00059,P0449,1,31877.19
OD000194,O00059,P0223,2,16256.24
OD000195,O00059,P0243,1,39529.4
OD000196,O00060,P0088,2,47724.7
OD000197,O00061,P0391,3,130953.0
OD000198,O00061,P0493,1,26066.08
OD000199,O00061,P0219,3,13061.79
OD000200,O00061,P0253,3,86577.21
OD000201,O00061,P0500,1,30616.24
OD000202,O00062,P0475,1,35943.68
OD000203,O00063,P0133,1,25607.5
OD000204,O00063,P0039,1,24312.94
OD000205,O00063,P0270,2,22105.8
OD000206,O00063,P0208,1,45993.95
OD000207,O00064,P0370,3,141394.38
OD000208,O00065,P0189,2,42234.28
OD000209,O00065,P0021,3,26094.06
OD000210,O00065,P0405,2,73402.82
OD000211,O00065,P0386,3,80619.09
OD000212,O00066,P0017,3,5655.0
OD000213,O00066,P0194,1,49657.42
OD000214,O00066,P0434,3,16717.71
OD000215,O00066,P0500,1,30616.24
OD000216,O00066,P0134,2,69334.56
OD000217,O00067,P0140,2,57579.42
OD000218,O00067,P0188,2,26281.06
OD000219,O00067,P0320,3,5772.72
OD000220,O00068,P0215,3,36705.96
OD000221,O00068,P0385,1,5603.28
OD000222,O00068,P0225,1,34961.77
OD000223,O00069,P0319,2,35040.3
OD000224,O00069,P0111,3,41311.53
OD000225,O00069,P0182,2,56661.3
OD000226,O00069,P0125,3,134926.98
OD000227,O00069,P0296,1,6885.75
OD000228,O00070,P0067,2,45030.94
OD000229,O00070,P0455,1,24246.4
OD000230,O00070,P0265,2,61726.32
OD000231,O00070,P0052,2,16260.74
OD000232,O00070,P0194,1,49657.42
OD000233,O00071,P0049,1,33685.14
OD000234,O00071,P0344,1,6188.97
OD000235,O00072,P0264,3,120101.01
OD000236,O00072,P0279,2,45956.62
OD000237,O00072,P0475,3,107831.04
OD000238,O00073,P0065,2,92449.4
OD000239,O00074,P0396,3,26250.33
OD000240,O00074,P0459,3,17627.94
OD000241,O00074,P0198,1,4664.49
OD000242,O00075,P0327,3,135682.62
OD000243,O00075,P0455,2,48492.8
OD000244,O00075,P0487,2,52109.94
OD000245,O00076,P0091,2,38473.08
OD000246,O00076,P0453,3,103322.88
OD000247,O00076,P0259,3,93443.4
OD000248,O00077,P0081,2,34751.26
OD000249,O00078,P0282,2,77401.48
OD000250,O00078,P0466,1,32070.74
OD000251,O00078,P0051,2,1814.34
OD000252,O00079,P0287,2,57192.92
OD000253,O00079,P0054,3,148209.21
OD000254,O00079,P0460,2,84409.9
OD000255,O00079,P0046,1,33731.27
OD000256,O00080,P0111,2,27541.02
OD000257,O00080,P0355,2,97337.12
OD000258,O00080,P0046,2,67462.54
OD000259,O00081,P0184,1,40592.32
OD000260,O00081,P0345,3,84771.36
OD000261,O00082,P0255,3,67473.18
OD000262,O00083,P0294,1,28895.66
OD000263,O00083,P0223,2,16256.24
OD000264,O00083,P0465,1,38414.53
OD000265,O00083,P0216,3,15772.17
OD000266,O00084,P0494,3,79167.45
OD000267,O00084,P0063,3,5388.06
OD000268,O00084,P0235,3,108055.71
OD000269,O00084,P0451,3,97633.68
OD000270,O00085,P0300,3,30209.37
OD000271,O00085,P0103,2,87758.38
OD000272,O00085,P0372,3,39744.84
OD000273,O00086,P0213,2,34237.56
OD000274,O00086,P0037,3,108149.19
OD000275,O00087,P0248,2,75431.1
OD000276,O00087,P0441,2,62882.12
OD000277,O00087,P0410,2,79522.66
OD000278,O00087,P0358,1,20030.96
OD000279,O00088,P0412,2,57957.92
OD000280,O00088,P0291,2,77595.96
OD000281,O00088,P0054,1,49403.07
OD000282,O00088,P0140,1,28789.71
OD000283,O00089,P0014,1,46778.4
OD000284,O00089,P0140,1,28789.71
OD000285,O00090,P0205,3,11683.8
OD000286,O00090,P0201,1,38270.76
OD000287,O00090,P0386,2,53746.06
OD000288,O00091,P0252,2,55679.46
OD000289,O00091,P0416,1,2188.07
OD000290,O00091,P0214,2,60787.18
OD000291,O00091,P0006,1,22450.55
OD000292,O00092,P0390,2,94094.3
OD000293,O00092,P0294,2,57791.32
OD000294,O00092,P0367,1,45671.59
OD000295,O00092,P0019,1,14547.49
OD000296,O00092,P0140,3,86369.13
OD000297,O00093,P0474,2,12072.54
OD000298,O00093,P0243,3,118588.2
OD000299,O00093,P0166,1,4704.45
OD000300,O00093,P0417,1,48161.82
OD000301,O00094,P0448,3,22534.23
OD000302,O00094,P0036,2,49027.96
OD000303,O00094,P0067,3,67546.41
OD000304,O00094,P0391,1,43651.0
OD000305,O00095,P0226,2,44050.54
OD000306,O00096,P0352,1,22564.59
OD000307,O00096,P0187,3,138227.25
OD000308,O00096,P0429,3,75678.51
OD000309,O00097,P0410,1,39761.33
OD000310,O00097,P0439,1,18005.17
OD000311,O00097,P0022,1,33123.51
OD000312,O00098,P0384,2,60553.36
OD000313,O00099,P0178,2,13485.0
OD000314,O00099,P0067,1,22515.47
OD000315,O00099,P0488,1,19763.51
OD000316,O00099,P0370,1,47131.46
OD000317,O00100,P0259,3,93443.4
OD000318,O00100,P0321,1,41419.14
OD000319,O00101,P0155,2,14343.14
OD000320,O00101,P0230,3,38824.17
OD000321,O00101,P0225,1,34961.77
OD000322,O00101,P0123,3,11527.41
OD000323,O00101,P0367,3,137014.77
OD000324,O00102,P0042,3,125919.15
OD000325,O00102,P0391,3,130953.0
OD000326,O00102,P0149,3,99129.78
OD000327,O00103,P0291,1,38797.98
OD000328,O00103,P0255,1,22491.06
OD000329,O00103,P0096,2,10335.48
OD000330,O00104,P0471,2,8575.6
OD000331,O00105,P0151,2,66999.72
OD000332,O00106,P0347,1,48533.81
OD000333,O00106,P0391,1,43651.0
OD000334,O00106,P0055,2,19695.38
OD000335,O00106,P0455,2,48492.8
OD000336,O00106,P0475,2,71887.36
OD000337,O00107,P0207,3,95434.8
OD000338,O00108,P0384,1,30276.68
OD000339,O00108,P0131,2,50269.88
OD000340,O00108,P0312,1,26966.28
OD000341,O00109,P0401,1,4209.04
OD000342,O00109,P0329,3,109579.05
OD000343,O00109,P0312,2,53932.56
OD000344,O00109,P0226,2,44050.54
OD000345,O00110,P0297,2,79609.82
OD000346,O00110,P0391,3,130953.0
OD000347,O00110,P0028,1,169.02
OD000348,O00111,P0347,3,145601.43
OD000349,O00111,P0307,3,83232.54
OD000350,O00111,P0167,2,19615.54
OD000351,O00111,P0360,2,89506.44
OD000352,O00111,P0070,3,46880.16
OD000353,O00112,P0277,1,47598.78
OD000354,O00112,P0324,1,19384.0
OD000355,O00112,P0323,3,141014.67
OD000356,O00112,P0006,3,67351.65
OD000357,O00112,P0107,2,70374.92
OD000358,O00113,P0288,3,63358.53
OD000359,O00113,P0039,3,72938.82
OD000360,O00113,P0027,1,26312.15
OD000361,O00114,P0302,2,35899.8
OD000362,O00114,P0470,2,13050.64
OD000363,O00114,P0076,3,101235.15
OD000364,O00114,P0089,2,95552.4
OD000365,O00115,P0405,2,73402.82
OD000366,O00115,P0324,2,38768.0
OD000367,O00115,P0325,2,16610.06
OD000368,O00116,P0156,2,74164.72
OD000369,O00116,P0152,2,48841.88
OD000370,O00116,P0479,2,41293.1
OD000371,O00116,P0239,1,1403.24
OD000372,O00117,P0471,1,4287.8
OD000373,O00117,P0314,1,23667.18
OD000374,O00117,P0430,2,86703.36
OD000375,O00117,P0426,3,99483.48
OD000376,O00117,P0278,3,60685.14
OD000377,O00118,P0049,2,67370.28
OD000378,O00119,P0372,2,26496.56
OD000379,O00119,P0282,1,38700.74
OD000380,O00119,P0117,1,1792.39
OD000381,O00119,P0025,1,32682.8
OD000382,O00119,P0247,1,41823.06
OD000383,O00120,P0002,1,29810.32
OD000384,O00120,P0258,3,146895.51
OD000385,O00120,P0242,2,59124.2
OD000386,O00120,P0053,2,57477.82
OD000387,O00121,P0252,1,27839.73
OD000388,O00121,P0109,2,58341.42
OD000389,O00122,P0100,1,7336.08
OD000390,O00122,P0044,3,89612.25
OD000391,O00122,P0156,1,37082.36
OD000392,O00122,P0163,1,41732.14
OD000393,O00123,P0453,1,34440.96
OD000394,O00123,P0419,2,63458.24
OD000395,O00123,P0350,2,69662.16
OD000396,O00123,P0413,3,35995.65
OD000397,O00124,P0011,1,12639.93
OD000398,O00124,P0457,3,76672.47
OD000399,O00125,P0266,1,24933.26
OD000400,O00126,P0386,3,80619.09
OD000401,O00126,P0041,2,13249.5
OD000402,O00126,P0148,1,29281.73
OD000403,O00126,P0375,1,11084.88
OD000404,O00126,P0325,2,16610.06
OD000405,O00127,P0376,1,42513.81
OD000406,O00127,P0470,1,6525.32
OD000407,O00128,P0364,2,56865.66
OD000408,O00128,P0058,2,39702.12
OD000409,O00128,P0108,1,30794.61
OD000410,O00128,P0159,1,16887.31
OD000411,O00129,P0168,1,16016.13
OD000412,O00129,P0424,1,13776.75
OD000413,O00129,P0236,1,7364.61
OD000414,O00129,P0065,1,46224.7
OD000415,O00129,P0298,2,20241.46
OD000416,O00130,P0139,2,76032.34
OD000417,O00130,P0385,1,5603.28
OD000418,O00130,P0131,1,25134.94
OD000419,O00130,P0453,3,103322.88
OD000420,O00131,P0090,3,13623.66
OD000421,O00131,P0316,1,10470.32
OD000422,O00132,P0080,3,66344.25
OD000423,O00132,P0424,1,13776.75
OD000424,O00132,P0040,3,83836.95
OD000425,O00132,P0065,1,46224.7
OD000426,O00132,P0421,2,75187.26
OD000427,O00133,P0266,1,24933.26
OD000428,O00133,P0227,3,108041.88
OD000429,O00133,P0235,2,72037.14
OD000430,O00133,P0051,2,1814.34
OD000431,O00133,P0121,3,68977.5
OD000432,O00134,P0284,2,19051.12
OD000433,O00134,P0108,1,30794.61
OD000434,O00134,P0088,2,47724.7
OD000435,O00134,P0407,2,30954.48
OD000436,O00135,P0054,3,148209.21
OD000437,O00135,P0320,3,5772.72
OD000438,O00135,P0330,3,83306.01
OD000439,O00135,P0138,3,6703.62
OD000440,O00135,P0356,1,1746.39
OD000441,O00136,P0112,3,21379.35
OD000442,O00137,P0489,2,60315.48
OD000443,O00137,P0211,1,42595.97
OD000444,O00137,P0313,3,110722.8
OD000445,O00137,P0477,3,122388.12
OD000446,O00137,P0338,2,76142.16
OD000447,O00138,P0137,1,22076.28
OD000448,O00139,P0128,1,14179.39
OD000449,O00140,P0330,2,55537.34
OD000450,O00140,P0281,2,87884.82
OD000451,O00140,P0133,2,51215.0
OD000452,O00141,P0381,1,20362.89
OD000453,O00141,P0434,3,16717.71
OD000454,O00141,P0019,1,14547.49
OD000455,O00142,P0156,1,37082.36
OD000456,O00142,P0215,1,12235.32
OD000457,O00142,P0316,3,31410.96
OD000458,O00142,P0484,1,8571.02
OD000459,O00142,P0363,1,26506.83
OD000460,O00143,P0309,2,9992.06
OD000461,O00143,P0125,1,44975.66
OD000462,O00143,P0115,3,133205.19
OD000463,O00144,P0171,1,7881.56
OD000464,O00144,P0312,2,53932.56
OD000465,O00144,P0153,2,94524.6
OD000466,O00145,P0478,3,135643.38
OD000467,O00145,P0225,2,69923.54
OD000468,O00145,P0470,2,13050.64
OD000469,O00145,P0240,3,37376.67
OD000470,O00145,P0059,2,10444.44
OD000471,O00146,P0220,2,31127.54
OD000472,O00146,P0021,2,17396.04
OD000473,O00146,P0289,1,4903.97
OD000474,O00146,P0117,1,1792.39
OD000475,O00146,P0037,1,36049.73
OD000476,O00147,P0459,3,17627.94
OD000477,O00147,P0272,3,143854.62
OD000478,O00148,P0173,1,36346.52
OD000479,O00148,P0003,3,144441.69
OD000480,O00149,P0018,3,116837.01
OD000481,O00150,P0034,1,23453.17
OD000482,O00150,P0122,1,25630.56
OD000483,O00150,P0351,1,16869.29
OD000484,O00150,P0083,3,102439.89
OD000485,O00150,P0019,3,43642.47
OD000486,O00151,P0467,1,6015.2
OD000487,O00151,P0489,2,60315.48
OD000488,O00151,P0282,1,38700.74
OD000489,O00152,P0051,3,2721.51
OD000490,O00153,P0448,2,15022.82
OD000491,O00153,P0402,2,10304.32
OD000492,O00154,P0256,3,114288.09
OD000493,O00155,P0230,2,25882.78
OD000494,O00156,P0434,2,11145.14
OD000495,O00156,P0466,3,96212.22
OD000496,O00156,P0300,3,30209.37
OD000497,O00157,P0398,3,126932.58
OD000498,O00158,P0438,2,51734.68
OD000499,O00158,P0086,2,90828.36
OD000500,O00158,P0020,1,28373.35
OD000501,O00159,P0428,3,108551.34
OD000502,O00159,P0188,2,26281.06
OD000503,O00159,P0099,1,5087.08
OD000504,O00159,P0104,1,25936.71
OD000505,O00160,P0185,1,15224.0
OD000506,O00161,P0407,3,46431.72
OD000507,O00162,P0455,1,24246.4
OD000508,O00162,P0067,1,22515.47
OD000509,O00163,P0413,3,35995.65
OD000510,O00163,P0027,3,78936.45
OD000511,O00163,P0021,2,17396.04
OD000512,O00163,P0341,3,95815.47
OD000513,O00164,P0039,2,48625.88
OD000514,O00164,P0483,3,25125.87
OD000515,O00165,P0328,1,7635.87
OD000516,O00166,P0355,1,48668.56
OD000517,O00166,P0168,3,48048.39
OD000518,O00167,P0326,1,18953.49
OD000519,O00167,P0269,2,69805.24
OD000520,O00167,P0194,1,49657.42
OD000521,O00167,P0464,3,118725.51
OD000522,O00168,P0202,3,92446.68
OD000523,O00168,P0023,2,86751.02
OD000524,O00168,P0180,2,30358.6
OD000525,O00168,P0035,3,132971.43
OD000526,O00168,P0136,3,8975.04
OD000527,O00169,P0241,3,126024.42
OD000528,O00169,P0364,3,85298.49
OD000529,O00169,P0115,2,88803.46
OD000530,O00169,P0275,2,80521.88
OD000531,O00169,P0102,1,41702.42
OD000532,O00170,P0035,3,132971.43
OD000533,O00170,P0251,1,13197.73
OD000534,O00170,P0098,1,30136.38
OD000535,O00170,P0185,3,45672.0
OD000536,O00171,P0032,1,22132.39
OD000537,O00172,P0218,1,25984.1
OD000538,O00172,P0216,1,5257.39
OD000539,O00172,P0073,1,29600.94
OD000540,O00173,P0346,1,13256.96
OD000541,O00173,P0038,3,39468.03
OD000542,O00173,P0179,2,31797.26
OD000543,O00173,P0439,1,18005.17
OD000544,O00173,P0436,2,35814.42
OD000545,O00174,P0082,2,53786.64
OD000546,O00174,P0118,3,107988.48
OD000547,O00174,P0475,1,35943.68
OD000548,O00175,P0208,2,91987.9
OD000549,O00175,P0054,2,98806.14
OD000550,O00175,P0200,3,41824.32
OD000551,O00175,P0326,3,56860.47
OD000552,O00175,P0158,3,2242.68
OD000553,O00176,P0319,1,17520.15
OD000554,O00176,P0255,1,22491.06
OD000555,O00176,P0155,1,7171.57
OD000556,O00177,P0111,3,41311.53
OD000557,O00177,P0499,2,44758.16
OD000558,O00178,P0199,3,63996.0
OD000559,O00178,P0315,3,19353.69
OD000560,O00178,P0270,3,33158.7
OD000561,O00178,P0423,1,36902.07
OD000562,O00178,P0429,1,25226.17
OD000563,O00179,P0072,2,61172.18
OD000564,O00179,P0149,1,33043.26
OD000565,O00179,P0056,3,2132.01
OD000566,O00179,P0192,3,98643.27
OD000567,O00180,P0216,1,5257.39
OD000568,O00180,P0041,2,13249.5
OD000569,O00181,P0150,3,146910.72
OD000570,O00181,P0255,2,44982.12
OD000571,O00181,P0426,2,66322.32
OD000572,O00181,P0322,1,37337.54
OD000573,O00181,P0233,2,11070.52
OD000574,O00182,P0418,1,11635.18
OD000575,O00182,P0142,2,85253.04
OD000576,O00182,P0216,3,15772.17
OD000577,O00182,P0130,2,54957.94
OD000578,O00183,P0102,3,125107.26
OD000579,O00183,P0130,2,54957.94
OD000580,O00183,P0020,1,28373.35
OD000581,O00184,P0204,3,110560.2
OD000582,O00184,P0481,3,57196.89
OD000583,O00184,P0166,3,14113.35
OD000584,O00185,P0321,2,82838.28
OD000585,O00185,P0112,2,14252.9
OD000586,O00186,P0256,1,38096.03
OD000587,O00186,P0226,1,22025.27
OD000588,O00187,P0133,3,76822.5
OD000589,O00188,P0225,3,104885.31
OD000590,O00188,P0069,3,131616.3
OD000591,O00189,P0419,3,95187.36
OD000592,O00190,P0426,2,66322.32
OD000593,O00190,P0125,1,44975.66
OD000594,O00190,P0396,2,17500.22
OD000595,O00191,P0348,2,38874.06
OD000596,O00191,P0304,2,8945.54
OD000597,O00191,P0470,2,13050.64
OD000598,O00191,P0284,3,28576.68
OD000599,O00192,P0073,2,59201.88
OD000600,O00192,P0047,1,18552.11
OD000601,O00193,P0359,2,34592.42
OD000602,O00193,P0224,1,595.03
OD000603,O00193,P0168,3,48048.39
OD000604,O00194,P0349,2,26848.34
OD000605,O00194,P0426,2,66322.32
OD000606,O00194,P0091,2,38473.08
OD000607,O00194,P0238,1,6342.47
OD000608,O00194,P0206,2,32835.72
OD000609,O00195,P0118,2,71992.32
OD000610,O00195,P0434,2,11145.14
OD000611,O00195,P0307,3,83232.54
OD000612,O00195,P0207,3,95434.8
OD000613,O00195,P0310,3,97665.48
OD000614,O00196,P0296,3,20657.25
OD000615,O00196,P0476,1,635.14
OD000616,O00196,P0081,3,52126.89
OD000617,O00196,P0244,2,89479.28
OD000618,O00197,P0114,2,23796.3
OD000619,O00197,P0438,2,51734.68
OD000620,O00197,P0041,2,13249.5
OD000621,O00197,P0440,3,82513.62
OD000622,O00197,P0354,2,84309.28
OD000623,O00198,P0289,2,9807.94
OD000624,O00198,P0319,1,17520.15
OD000625,O00199,P0037,2,72099.46
OD000626,O00199,P0006,3,67351.65
OD000627,O00199,P0029,2,3493.64
OD000628,O00199,P0454,3,118151.85
OD000629,O00199,P0019,1,14547.49
OD000630,O00200,P0390,3,141141.45
OD000631,O00200,P0362,3,54611.58
OD000632,O00200,P0406,3,106994.07
OD000633,O00201,P0429,2,50452.34
OD000634,O00201,P0222,1,16593.23
OD000635,O00202,P0418,1,11635.18
OD000636,O00202,P0095,3,130264.17
OD000637,O00202,P0293,1,486.78
OD000638,O00202,P0053,2,57477.82
OD000639,O00202,P0203,1,11474.77
OD000640,O00203,P0276,2,34132.26
OD000641,O00203,P0457,2,51114.98
OD000642,O00203,P0356,2,3492.78
OD000643,O00203,P0394,3,72722.01
OD000644,O00203,P0442,3,144149.19
OD000645,O00204,P0491,1,14220.38
OD000646,O00204,P0242,3,88686.3
OD000647,O00204,P0363,3,79520.49
OD000648,O00204,P0391,3,130953.0
OD000649,O00205,P0295,1,197.81
OD000650,O00206,P0054,1,49403.07
OD000651,O00206,P0208,2,91987.9
OD000652,O00206,P0293,3,1460.34
OD000653,O00206,P0422,2,47390.44
OD000654,O00207,P0475,3,107831.04
OD000655,O00207,P0200,3,41824.32
OD000656,O00208,P0138,3,6703.62
OD000657,O00208,P0381,3,61088.67
OD000658,O00208,P0373,3,19385.79
OD000659,O00209,P0358,1,20030.96
OD000660,O00209,P0498,1,23027.23
OD000661,O00209,P0421,3,112780.89
OD000662,O00209,P0019,3,43642.47
OD000663,O00209,P0193,2,4759.68
OD000664,O00210,P0455,1,24246.4
OD000665,O00210,P0095,1,43421.39
OD000666,O00211,P0051,1,907.17
OD000667,O00211,P0321,3,124257.42
OD000668,O00212,P0473,3,20225.46
OD000669,O00212,P0148,3,87845.19
OD000670,O00213,P0455,3,72739.2
OD000671,O00213,P0244,3,134218.92
OD000672,O00213,P0274,1,36502.79
OD000673,O00213,P0261,2,69295.22
OD000674,O00213,P0136,2,5983.36
OD000675,O00214,P0379,1,13525.07
OD000676,O00214,P0182,3,84991.95
OD000677,O00214,P0148,1,29281.73
OD000678,O00214,P0227,2,72027.92
OD000679,O00214,P0046,3,101193.81
OD000680,O00215,P0249,2,33810.7
OD000681,O00216,P0477,2,81592.08
OD000682,O00216,P0269,3,104707.86
OD000683,O00217,P0061,3,128530.74
OD000684,O00217,P0248,1,37715.55
OD000685,O00217,P0087,3,7825.47
OD000686,O00217,P0095,3,130264.17
OD000687,O00217,P0400,2,48102.82
OD000688,O00218,P0274,3,109508.37
OD000689,O00218,P0416,3,6564.21
OD000690,O00219,P0052,2,16260.74
OD000691,O00219,P0347,3,145601.43
OD000692,O00219,P0496,1,6446.33
OD000693,O00219,P0040,3,83836.95
OD000694,O00219,P0382,2,20594.3
OD000695,O00220,P0180,3,45537.9
OD000696,O00220,P0446,1,42866.03
OD000697,O00220,P0224,3,1785.09
OD000698,O00220,P0101,2,22875.5
OD000699,O00220,P0243,1,39529.4
OD000700,O00221,P0318,2,30568.84
OD000701,O00221,P0275,3,120782.82
OD000702,O00221,P0177,2,63015.5
OD000703,O00221,P0194,1,49657.42
OD000704,O00221,P0062,2,1439.84
OD000705,O00222,P0352,1,22564.59
OD000706,O00222,P0309,1,4996.03
OD000707,O00222,P0160,3,124150.35
OD000708,O00222,P0276,3,51198.39
OD000709,O00222,P0454,2,78767.9
OD000710,O00223,P0091,2,38473.08
OD000711,O00223,P0363,2,53013.66
OD000712,O00223,P0076,3,101235.15
OD000713,O00224,P0310,2,65110.32
OD000714,O00224,P0489,3,90473.22
OD000715,O00224,P0181,3,21513.87
OD000716,O00224,P0333,2,10406.38
OD000717,O00224,P0319,1,17520.15
OD000718,O00225,P0154,3,80577.6
OD000719,O00225,P0455,2,48492.8
OD000720,O00226,P0439,3,54015.51
OD000721,O00226,P0224,1,595.03
OD000722,O00226,P0118,3,107988.48
OD000723,O00227,P0099,1,5087.08
OD000724,O00227,P0220,2,31127.54
OD000725,O00227,P0328,2,15271.74
OD000726,O00228,P0202,2,61631.12
OD000727,O00228,P0217,1,43359.09
OD000728,O00228,P0307,2,55488.36
OD000729,O00228,P0180,1,15179.3
OD000730,O00228,P0300,3,30209.37
OD000731,O00229,P0330,3,83306.01
OD000732,O00230,P0149,3,99129.78
OD000733,O00230,P0072,2,61172.18
OD000734,O00231,P0228,3,128062.8
OD000735,O00231,P0220,3,46691.31
OD000736,O00231,P0202,2,61631.12
OD000737,O00232,P0256,1,38096.03
OD000738,O00233,P0173,3,109039.56
OD000739,O00233,P0144,2,39831.06
OD000740,O00233,P0441,1,31441.06
OD000741,O00233,P0053,2,57477.82
OD000742,O00233,P0416,2,4376.14
OD000743,O00234,P0369,3,89159.01
OD000744,O00234,P0326,2,37906.98
OD000745,O00234,P0314,2,47334.36
OD000746,O00235,P0236,2,14729.22
OD000747,O00235,P0132,2,33906.2
OD000748,O00235,P0024,3,76948.5
OD000749,O00235,P0300,3,30209.37
OD000750,O00236,P0004,2,29527.22
OD000751,O00236,P0227,1,36013.96
OD000752,O00236,P0454,2,78767.9
OD000753,O00236,P0268,1,49631.1
OD000754,O00236,P0417,3,144485.46
OD000755,O00237,P0491,2,28440.76
OD000756,O00237,P0193,3,7139.52
OD000757,O00237,P0300,1,10069.79
OD000758,O00238,P0487,2,52109.94
OD000759,O00238,P0228,2,85375.2
OD000760,O00238,P0087,2,5216.98
OD000761,O00238,P0186,1,39743.81
OD000762,O00239,P0013,3,8631.57
OD000763,O00240,P0153,3,141786.9
OD000764,O00240,P0152,3,73262.82
OD000765,O00241,P0101,3,34313.25
OD000766,O00241,P0126,2,57499.02
OD000767,O00242,P0417,3,144485.46
OD000768,O00242,P0131,2,50269.88
OD000769,O00242,P0141,3,26411.58
OD000770,O00242,P0205,3,11683.8
OD000771,O00242,P0287,3,85789.38
OD000772,O00243,P0296,3,20657.25
OD000773,O00244,P0093,1,43974.96
OD000774,O00244,P0174,3,99184.23
OD000775,O00244,P0496,2,12892.66
OD000776,O00244,P0037,1,36049.73
OD000777,O00244,P0379,1,13525.07
OD000778,O00245,P0441,3,94323.18
OD000779,O00245,P0338,1,38071.08
OD000780,O00246,P0112,1,7126.45
OD000781,O00246,P0280,1,33100.84
OD000782,O00246,P0091,2,38473.08
OD000783,O00246,P0188,1,13140.53
OD000784,O00247,P0103,2,87758.38
OD000785,O00247,P0176,1,30664.46
OD000786,O00247,P0045,3,82843.56
OD000787,O00247,P0429,1,25226.17
OD000788,O00247,P0137,1,22076.28
OD000789,O00248,P0196,3,95782.86
OD000790,O00248,P0500,3,91848.72
OD000791,O00249,P0453,3,103322.88
OD000792,O00249,P0339,3,47198.88
OD000793,O00249,P0170,1,26961.11
OD000794,O00249,P0184,2,81184.64
OD000795,O00249,P0474,1,6036.27
OD000796,O00250,P0276,1,17066.13
OD000797,O00250,P0343,2,72508.82
OD000798,O00250,P0223,3,24384.36
OD000799,O00250,P0225,1,34961.77
OD000800,O00250,P0348,1,19437.03
OD000801,O00251,P0469,2,16872.68
OD000802,O00252,P0143,1,38572.8
OD000803,O00252,P0208,2,91987.9
OD000804,O00252,P0137,2,44152.56
OD000805,O00252,P0237,2,25601.9
OD000806,O00252,P0262,2,35779.22
OD000807,O00253,P0197,3,35485.14
OD000808,O00253,P0124,1,38646.03
OD000809,O00253,P0247,2,83646.12
OD000810,O00253,P0218,2,51968.2
OD000811,O00254,P0306,3,134845.59
OD000812,O00254,P0490,1,2217.14
OD000813,O00255,P0032,2,44264.78
OD000814,O00256,P0124,1,38646.03
OD000815,O00256,P0015,2,58240.62
OD000816,O00257,P0135,2,55538.56
OD000817,O00257,P0321,2,82838.28
OD000818,O00257,P0319,1,17520.15
OD000819,O00257,P0355,3,146005.68
OD000820,O00258,P0391,1,43651.0
OD000821,O00258,P0010,3,94392.39
OD000822,O00259,P0430,2,86703.36
OD000823,O00260,P0241,2,84016.28
OD000824,O00260,P0153,2,94524.6
OD000825,O00260,P0166,1,4704.45
OD000826,O00260,P0353,2,25808.32
OD000827,O00260,P0462,1,34764.62
OD000828,O00261,P0468,1,34232.29
OD000829,O00261,P0092,1,40584.21
OD000830,O00261,P0386,2,53746.06
OD000831,O00261,P0007,1,3639.73
OD000832,O00261,P0057,3,96109.05
OD000833,O00262,P0167,2,19615.54
OD000834,O00262,P0232,3,143019.57
OD000835,O00262,P0185,1,15224.0
OD000836,O00263,P0320,3,5772.72
OD000837,O00264,P0411,3,57315.0
OD000838,O00264,P0113,2,15376.84
OD000839,O00264,P0003,3,144441.69
OD000840,O00264,P0291,1,38797.98
OD000841,O00264,P0163,1,41732.14
OD000842,O00265,P0279,2,45956.62
OD000843,O00266,P0354,1,42154.64
OD000844,O00266,P0478,1,45214.46
OD000845,O00267,P0423,2,73804.14
OD000846,O00268,P0139,3,114048.51
OD000847,O00269,P0036,1,24513.98
OD000848,O00270,P0070,1,15626.72
OD000849,O00270,P0049,3,101055.42
OD000850,O00271,P0432,1,21473.93
OD000851,O00271,P0175,3,32140.47
OD000852,O00271,P0309,3,14988.09
OD000853,O00271,P0444,3,20947.47
OD000854,O00272,P0248,3,113146.65
OD000855,O00273,P0272,1,47951.54
OD000856,O00273,P0260,3,12782.04
OD000857,O00273,P0241,2,84016.28
OD000858,O00273,P0235,1,36018.57
OD000859,O00273,P0090,1,4541.22
OD000860,O00274,P0192,3,98643.27
OD000861,O00274,P0437,1,16672.54
OD000862,O00274,P0444,3,20947.47
OD000863,O00274,P0197,2,23656.76
OD000864,O00274,P0448,1,7511.41
OD000865,O00275,P0097,3,64201.65
OD000866,O00275,P0041,1,6624.75
OD000867,O00275,P0233,3,16605.78
OD000868,O00275,P0115,1,44401.73
OD000869,O00275,P0398,1,42310.86
OD000870,O00276,P0365,3,21585.42
OD000871,O00276,P0370,1,47131.46
OD000872,O00276,P0162,3,145625.88
OD000873,O00276,P0303,3,137434.65
OD000874,O00277,P0297,3,119414.73
OD000875,O00277,P0309,1,4996.03
OD000876,O00277,P0034,2,46906.34
OD000877,O00277,P0039,2,48625.88
OD000878,O00278,P0102,1,41702.42
OD000879,O00279,P0482,3,109182.51
OD000880,O00279,P0147,1,3515.25
OD000881,O00279,P0256,3,114288.09
OD000882,O00279,P0336,1,24340.15
OD000883,O00280,P0361,1,22373.88
OD000884,O00280,P0184,3,121776.96
OD000885,O00280,P0019,3,43642.47
OD000886,O00281,P0165,2,74513.26
OD000887,O00281,P0356,1,1746.39
OD000888,O00281,P0492,1,5178.13
OD000889,O00281,P0082,2,53786.64
OD000890,O00281,P0465,1,38414.53
OD000891,O00282,P0365,1,7195.14
OD000892,O00282,P0164,1,9669.61
OD000893,O00282,P0323,3,141014.67
OD000894,O00282,P0192,1,32881.09
OD000895,O00283,P0364,1,28432.83
OD000896,O00283,P0441,1,31441.06
OD000897,O00283,P0252,3,83519.19
OD000898,O00284,P0080,3,66344.25
OD000899,O00284,P0034,1,23453.17
OD000900,O00285,P0183,1,13105.89
OD000901,O00285,P0298,1,10120.73
OD000902,O00285,P0452,1,28509.16
OD000903,O00285,P0240,1,12458.89
OD000904,O00286,P0145,3,57867.72
OD000905,O00286,P0160,3,124150.35
OD000906,O00286,P0102,1,41702.42
OD000907,O00287,P0124,1,38646.03
OD000908,O00287,P0379,1,13525.07
OD000909,O00288,P0500,2,61232.48
OD000910,O00289,P0252,2,55679.46
OD000911,O00289,P0019,2,29094.98
OD000912,O00289,P0165,3,111769.89
OD000913,O00289,P0305,3,37153.98
OD000914,O00290,P0071,2,63780.52
OD000915,O00290,P0387,2,74222.98
OD000916,O00290,P0310,2,65110.32
OD000917,O00291,P0408,1,30060.41
OD000918,O00291,P0446,1,42866.03
OD000919,O00291,P0467,2,12030.4
OD000920,O00291,P0174,3,99184.23
OD000921,O00292,P0165,3,111769.89
OD000922,O00292,P0387,1,37111.49
OD000923,O00293,P0274,2,73005.58
OD000924,O00294,P0230,3,38824.17
OD000925,O00295,P0186,1,39743.81
OD000926,O00295,P0382,2,20594.3
OD000927,O00295,P0269,2,69805.24
OD000928,O00295,P0244,1,44739.64
OD000929,O00296,P0201,1,38270.76
OD000930,O00296,P0217,2,86718.18
OD000931,O00296,P0136,3,8975.04
OD000932,O00296,P0388,1,48051.78
OD000933,O00296,P0260,3,12782.04
OD000934,O00297,P0033,3,21913.89
OD000935,O00298,P0344,3,18566.91
OD000936,O00299,P0427,1,32006.32
OD000937,O00299,P0010,3,94392.39
OD000938,O00300,P0230,3,38824.17
OD000939,O00300,P0128,1,14179.39
OD000940,O00300,P0077,2,63540.52
OD000941,O00300,P0271,1,25241.9
OD000942,O00300,P0264,3,120101.01
OD000943,O00301,P0389,3,8970.27
OD000944,O00301,P0145,3,57867.72
OD000945,O00302,P0019,3,43642.47
OD000946,O00302,P0480,2,68366.46
OD000947,O00302,P0386,2,53746.06
OD000948,O00302,P0261,3,103942.83
OD000949,O00303,P0034,2,46906.34
OD000950,O00303,P0087,2,5216.98
OD000951,O00303,P0470,1,6525.32
OD000952,O00303,P0177,2,63015.5
OD000953,O00304,P0164,2,19339.22
OD000954,O00304,P0099,2,10174.16
OD000955,O00304,P0253,2,57718.14
OD000956,O00304,P0248,1,37715.55
OD000957,O00305,P0448,1,7511.41
OD000958,O00305,P0465,2,76829.06
OD000959,O00305,P0433,3,115158.93
OD000960,O00306,P0305,2,24769.32
OD000961,O00306,P0007,3,10919.19
OD000962,O00306,P0302,2,35899.8
OD000963,O00306,P0333,3,15609.57
OD000964,O00306,P0291,3,116393.94
OD000965,O00307,P0092,1,40584.21
OD000966,O00308,P0136,2,5983.36
OD000967,O00308,P0389,2,5980.18
OD000968,O00308,P0206,1,16417.86
OD000969,O00308,P0242,2,59124.2
OD000970,O00308,P0212,3,73914.27
OD000971,O00309,P0203,2,22949.54
OD000972,O00309,P0463,3,25867.05
OD000973,O00309,P0485,2,95008.48
OD000974,O00309,P0242,1,29562.1
OD000975,O00309,P0460,1,42204.95
OD000976,O00310,P0310,3,97665.48
OD000977,O00310,P0460,3,126614.85
OD000978,O00311,P0458,3,92443.95
OD000979,O00311,P0125,3,134926.98
OD000980,O00311,P0180,3,45537.9
OD000981,O00311,P0418,1,11635.18
OD000982,O00311,P0455,3,72739.2
OD000983,O00312,P0346,3,39770.88
OD000984,O00313,P0253,2,57718.14
OD000985,O00313,P0321,1,41419.14
OD000986,O00314,P0401,1,4209.04
OD000987,O00314,P0357,3,25863.24
OD000988,O00314,P0415,2,74935.54
OD000989,O00314,P0405,1,36701.41
OD000990,O00314,P0215,3,36705.96
OD000991,O00315,P0127,3,129659.79
OD000992,O00316,P0471,3,12863.4
OD000993,O00316,P0274,2,73005.58
OD000994,O00317,P0079,3,6302.61
OD000995,O00318,P0009,1,32134.95
OD000996,O00318,P0076,1,33745.05
OD000997,O00319,P0080,3,66344.25
OD000998,O00319,P0122,3,76891.68
OD000999,O00319,P0253,2,57718.14
OD001000,O00319,P0424,3,41330.25
OD001001,O00320,P0417,3,144485.46
OD001002,O00320,P0175,1,10713.49
OD001003,O00321,P0181,2,14342.58
OD001004,O00322,P0147,2,7030.5
OD001005,O00322,P0253,3,86577.21
OD001006,O00322,P0354,2,84309.28
OD001007,O00323,P0022,3,99370.53
OD001008,O00323,P0218,3,77952.3
OD001009,O00323,P0151,2,66999.72
OD001010,O00323,P0321,3,124257.42
OD001011,O00324,P0213,3,51356.34
OD001012,O00324,P0447,1,9508.52
OD001013,O00325,P0382,1,10297.15
OD001014,O00326,P0337,1,4887.85
OD001015,O00326,P0305,2,24769.32
OD001016,O00326,P0062,2,1439.84
OD001017,O00326,P0268,1,49631.1
OD001018,O00326,P0386,3,80619.09
OD001019,O00327,P0235,1,36018.57
OD001020,O00327,P0149,3,99129.78
OD001021,O00327,P0077,3,95310.78
OD001022,O00327,P0333,3,15609.57
OD001023,O00328,P0401,2,8418.08
OD001024,O00328,P0258,1,48965.17
OD001025,O00329,P0178,2,13485.0
OD001026,O00329,P0247,2,83646.12
OD001027,O00329,P0190,3,94840.47
OD001028,O00329,P0327,3,135682.62
OD001029,O00330,P0460,2,84409.9
OD001030,O00330,P0311,1,26120.96
OD001031,O00330,P0386,2,53746.06
OD001032,O00331,P0466,1,32070.74
OD001033,O00331,P0072,1,30586.09
OD001034,O00331,P0197,2,23656.76
OD001035,O00331,P0483,1,8375.29
OD001036,O00331,P0448,1,7511.41
OD001037,O00332,P0181,2,14342.58
OD001038,O00332,P0236,2,14729.22
OD001039,O00332,P0026,2,26808.06
OD001040,O00332,P0249,2,33810.7
OD001041,O00333,P0111,2,27541.02
OD001042,O00333,P0231,1,36040.9
OD001043,O00333,P0421,2,75187.26
OD001044,O00334,P0402,3,15456.48
OD001045,O00334,P0255,3,67473.18
OD001046,O00335,P0294,1,28895.66
OD001047,O00336,P0025,1,32682.8
OD001048,O00336,P0017,3,5655.0
OD001049,O00336,P0435,1,47966.92
OD001050,O00337,P0122,3,76891.68
OD001051,O00338,P0072,1,30586.09
OD001052,O00338,P0236,1,7364.61
OD001053,O00339,P0273,2,72017.36
OD001054,O00340,P0286,2,68773.2
OD001055,O00341,P0421,2,75187.26
OD001056,O00342,P0033,3,21913.89
OD001057,O00342,P0259,1,31147.8
OD001058,O00342,P0082,1,26893.32
OD001059,O00342,P0398,2,84621.72
OD001060,O00343,P0204,1,36853.4
OD001061,O00343,P0172,1,37358.39
OD001062,O00343,P0221,3,75080.07
OD001063,O00343,P0379,3,40575.21
OD001064,O00344,P0418,1,11635.18
OD001065,O00345,P0267,2,74251.86
OD001066,O00345,P0306,1,44948.53
OD001067,O00345,P0090,1,4541.22
OD001068,O00345,P0233,2,11070.52
OD001069,O00345,P0100,2,14672.16
OD001070,O00346,P0058,1,19851.06
OD001071,O00347,P0025,3,98048.4
OD001072,O00347,P0031,1,3707.32
OD001073,O00347,P0148,3,87845.19
OD001074,O00348,P0105,2,3268.92
OD001075,O00348,P0323,3,141014.67
OD001076,O00349,P0186,1,39743.81
OD001077,O00349,P0196,3,95782.86
OD001078,O00349,P0359,2,34592.42
OD001079,O00349,P0410,2,79522.66
OD001080,O00349,P0320,1,1924.24
OD001081,O00350,P0031,2,7414.64
OD001082,O00350,P0479,1,20646.55
OD001083,O00350,P0187,1,46075.75
OD001084,O00350,P0404,3,140949.39
OD001085,O00350,P0471,3,12863.4
OD001086,O00351,P0023,2,86751.02
OD001087,O00351,P0227,1,36013.96
OD001088,O00351,P0352,2,45129.18
OD001089,O00352,P0420,1,1072.49
OD001090,O00352,P0469,1,8436.34
OD001091,O00353,P0080,1,22114.75
OD001092,O00353,P0118,2,71992.32
OD001093,O00354,P0443,1,3027.49
OD001094,O00354,P0306,2,89897.06
OD001095,O00354,P0386,2,53746.06
OD001096,O00355,P0152,3,73262.82
OD001097,O00355,P0335,1,27474.41
OD001098,O00355,P0334,3,33337.29
OD001099,O00356,P0112,3,21379.35
OD001100,O00356,P0005,1,17555.54
OD001101,O00357,P0396,2,17500.22
OD001102,O00357,P0236,1,7364.61
OD001103,O00357,P0493,1,26066.08
OD001104,O00357,P0487,3,78164.91
OD001105,O00358,P0107,2,70374.92
OD001106,O00358,P0199,1,21332.0
OD001107,O00358,P0475,2,71887.36
OD001108,O00358,P0352,1,22564.59
OD001109,O00358,P0354,3,126463.92
OD001110,O00359,P0427,2,64012.64
OD001111,O00359,P0221,1,25026.69
OD001112,O00360,P0407,1,15477.24
OD001113,O00360,P0346,1,13256.96
OD001114,O00361,P0404,3,140949.39
OD001115,O00361,P0476,2,1270.28
OD001116,O00362,P0300,3,30209.37
OD001117,O00362,P0057,2,64072.7
OD001118,O00362,P0149,3,99129.78
OD001119,O00362,P0471,3,12863.4
OD001120,O00363,P0352,2,45129.18
OD001121,O00364,P0223,3,24384.36
OD001122,O00364,P0175,3,32140.47
OD001123,O00364,P0176,3,91993.38
OD001124,O00365,P0442,2,96099.46
OD001125,O00365,P0201,1,38270.76
OD001126,O00366,P0324,3,58152.0
OD001127,O00366,P0457,2,51114.98
OD001128,O00366,P0050,1,48838.18
OD001129,O00366,P0279,1,22978.31
OD001130,O00367,P0083,2,68293.26
OD001131,O00367,P0476,3,1905.42
OD001132,O00367,P0016,1,45838.51
OD001133,O00367,P0285,3,147506.49
OD001134,O00368,P0376,3,127541.43
OD001135,O00368,P0093,2,87949.92
OD001136,O00368,P0208,2,91987.9
OD001137,O00369,P0071,3,95670.78
OD001138,O00369,P0363,3,79520.49
OD001139,O00369,P0419,1,31729.12
OD001140,O00369,P0072,3,91758.27
OD001141,O00369,P0500,2,61232.48
OD001142,O00370,P0196,2,63855.24
OD001143,O00370,P0239,2,2806.48
OD001144,O00370,P0418,3,34905.54
OD001145,O00370,P0443,1,3027.49
OD001146,O00370,P0467,1,6015.2
OD001147,O00371,P0476,1,635.14
OD001148,O00371,P0450,2,26686.3
OD001149,O00371,P0236,1,7364.61
OD001150,O00371,P0423,3,110706.21
OD001151,O00371,P0432,3,64421.79
OD001152,O00372,P0118,3,107988.48
OD001153,O00372,P0132,3,50859.3
OD001154,O00372,P0412,1,28978.96
OD001155,O00372,P0180,2,30358.6
OD001156,O00373,P0102,2,83404.84
OD001157,O00373,P0335,3,82423.23
OD001158,O00373,P0267,1,37125.93
OD001159,O00373,P0134,1,34667.28
OD001160,O00373,P0487,2,52109.94
OD001161,O00374,P0293,1,486.78
OD001162,O00375,P0394,1,24240.67
OD001163,O00375,P0160,3,124150.35
OD001164,O00375,P0359,1,17296.21
OD001165,O00376,P0072,3,91758.27
OD001166,O00377,P0187,3,138227.25
OD001167,O00377,P0034,3,70359.51
OD001168,O00377,P0366,1,7198.86
OD001169,O00377,P0302,1,17949.9
OD001170,O00377,P0132,3,50859.3
OD001171,O00378,P0164,1,9669.61
OD001172,O00379,P0162,3,145625.88
OD001173,O00380,P0494,3,79167.45
OD001174,O00380,P0209,1,25876.61
OD001175,O00380,P0144,3,59746.59
OD001176,O00381,P0040,3,83836.95
OD001177,O00381,P0385,1,5603.28
OD001178,O00382,P0327,2,90455.08
OD001179,O00383,P0225,2,69923.54
OD001180,O00383,P0441,1,31441.06
OD001181,O00383,P0299,2,83202.12
OD001182,O00384,P0426,1,33161.16
OD001183,O00384,P0274,1,36502.79
OD001184,O00384,P0127,3,129659.79
OD001185,O00385,P0051,1,907.17
OD001186,O00386,P0370,2,94262.92
OD001187,O00386,P0046,1,33731.27
OD001188,O00386,P0241,1,42008.14
OD001189,O00387,P0116,3,21551.67
OD001190,O00387,P0120,1,37572.81
OD001191,O00388,P0218,3,77952.3
OD001192,O00389,P0110,1,41735.28
OD001193,O00389,P0356,1,1746.39
OD001194,O00389,P0278,1,20228.38
OD001195,O00389,P0145,2,38578.48
OD001196,O00390,P0310,2,65110.32
OD001197,O00391,P0328,2,15271.74
OD001198,O00391,P0155,2,14343.14
OD001199,O00391,P0400,2,48102.82
OD001200,O00391,P0082,3,80679.96
OD001201,O00392,P0006,3,67351.65
OD001202,O00392,P0424,2,27553.5
OD001203,O00392,P0203,3,34424.31
OD001204,O00392,P0141,2,17607.72
OD001205,O00392,P0282,1,38700.74
OD001206,O00393,P0212,2,49276.18
OD001207,O00393,P0134,1,34667.28
OD001208,O00394,P0354,1,42154.64
OD001209,O00394,P0411,3,57315.0
OD001210,O00395,P0093,1,43974.96
OD001211,O00395,P0034,2,46906.34
OD001212,O00395,P0244,3,134218.92
OD001213,O00395,P0348,2,38874.06
OD001214,O00396,P0056,3,2132.01
OD001215,O00396,P0067,1,22515.47
OD001216,O00397,P0348,2,38874.06
OD001217,O00398,P0229,1,18497.07
OD001218,O00398,P0140,1,28789.71
OD001219,O00399,P0033,1,7304.63
OD001220,O00399,P0067,2,45030.94
OD001221,O00400,P0237,3,38402.85
OD001222,O00400,P0273,3,108026.04
OD001223,O00400,P0129,1,26497.65
OD001224,O00400,P0364,2,56865.66
OD001225,O00401,P0143,1,38572.8
OD001226,O00401,P0373,1,6461.93
OD001227,O00401,P0279,3,68934.93
OD001228,O00401,P0228,2,85375.2
OD001229,O00401,P0456,2,64057.32
OD001230,O00402,P0324,2,38768.0
OD001231,O00402,P0010,3,94392.39
OD001232,O00402,P0239,3,4209.72
OD001233,O00402,P0088,2,47724.7
OD001234,O00402,P0026,3,40212.09
OD001235,O00403,P0280,3,99302.52
OD001236,O00403,P0044,2,59741.5
OD001237,O00403,P0385,2,11206.56
OD001238,O00403,P0285,1,49168.83
OD001239,O00403,P0011,1,12639.93
OD001240,O00404,P0441,2,62882.12
OD001241,O00405,P0431,2,7945.06
OD001242,O00405,P0160,2,82766.9
OD001243,O00406,P0500,3,91848.72
OD001244,O00407,P0268,3,148893.3
OD001245,O00407,P0230,1,12941.39
OD001246,O00408,P0115,2,88803.46
OD001247,O00408,P0498,3,69081.69
OD001248,O00408,P0015,1,29120.31
OD001249,O00408,P0062,2,1439.84
OD001250,O00408,P0358,1,20030.96
OD001251,O00409,P0274,1,36502.79
OD001252,O00409,P0409,3,144209.07
OD001253,O00409,P0479,1,20646.55
OD001254,O00410,P0205,2,7789.2
OD001255,O00410,P0126,2,57499.02
OD001256,O00411,P0348,2,38874.06
OD001257,O00411,P0089,2,95552.4
OD001258,O00411,P0419,1,31729.12
OD001259,O00412,P0019,1,14547.49
OD001260,O00412,P0482,3,109182.51
OD001261,O00413,P0438,1,25867.34
OD001262,O00414,P0187,2,92151.5
OD001263,O00414,P0432,1,21473.93
OD001264,O00414,P0462,1,34764.62
OD001265,O00415,P0398,3,126932.58
OD001266,O00416,P0057,3,96109.05
OD001267,O00416,P0444,1,6982.49
OD001268,O00416,P0155,3,21514.71
OD001269,O00416,P0129,3,79492.95
OD001270,O00416,P0077,3,95310.78
OD001271,O00417,P0031,1,3707.32
OD001272,O00417,P0255,3,67473.18
OD001273,O00417,P0108,1,30794.61
OD001274,O00417,P0094,2,78282.72
OD001275,O00418,P0020,1,28373.35
OD001276,O00419,P0285,3,147506.49
OD001277,O00419,P0299,2,83202.12
OD001278,O00419,P0220,3,46691.31
OD001279,O00419,P0022,2,66247.02
OD001280,O00420,P0166,3,14113.35
OD001281,O00420,P0345,2,56514.24
OD001282,O00420,P0172,3,112075.17
OD001283,O00420,P0409,2,96139.38
OD001284,O00420,P0028,2,338.04
OD001285,O00421,P0453,2,68881.92
OD001286,O00422,P0234,2,63310.24
OD001287,O00422,P0130,3,82436.91
OD001288,O00422,P0359,2,34592.42
OD001289,O00422,P0416,3,6564.21
OD001290,O00423,P0381,1,20362.89
OD001291,O00423,P0082,1,26893.32
OD001292,O00423,P0304,2,8945.54
OD001293,O00423,P0279,2,45956.62
OD001294,O00423,P0399,2,16717.48
OD001295,O00424,P0104,1,25936.71
OD001296,O00424,P0095,2,86842.78
OD001297,O00424,P0453,1,34440.96
OD001298,O00424,P0049,3,101055.42
OD001299,O00425,P0490,2,4434.28
OD001300,O00425,P0323,1,47004.89
OD001301,O00425,P0065,2,92449.4
OD001302,O00425,P0061,1,42843.58
OD001303,O00426,P0367,2,91343.18
OD001304,O00426,P0426,1,33161.16
OD001305,O00426,P0079,2,4201.74
OD001306,O00426,P0361,2,44747.76
OD001307,O00426,P0261,3,103942.83
OD001308,O00427,P0055,1,9847.69
OD001309,O00427,P0481,1,19065.63
OD001310,O00427,P0423,2,73804.14
OD001311,O00428,P0099,1,5087.08
OD001312,O00428,P0216,3,15772.17
OD001313,O00428,P0135,3,83307.84
OD001314,O00429,P0248,2,75431.1
OD001315,O00429,P0123,1,3842.47
OD001316,O00430,P0255,1,22491.06
OD001317,O00430,P0267,3,111377.79
OD001318,O00430,P0360,3,134259.66
OD001319,O00431,P0409,3,144209.07
OD001320,O00431,P0186,3,119231.43
OD001321,O00431,P0306,2,89897.06
OD001322,O00431,P0430,3,130055.04
OD001323,O00431,P0328,1,7635.87
OD001324,O00432,P0067,3,67546.41
OD001325,O00432,P0472,1,43777.9
OD001326,O00432,P0198,2,9328.98
OD001327,O00433,P0033,2,14609.26
OD001328,O00433,P0117,3,5377.17
OD001329,O00433,P0091,1,19236.54
OD001330,O00433,P0473,3,20225.46
OD001331,O00433,P0338,1,38071.08
OD001332,O00434,P0446,1,42866.03
OD001333,O00434,P0045,2,55229.04
OD001334,O00434,P0472,2,87555.8
OD001335,O00435,P0229,2,36994.14
OD001336,O00436,P0028,3,507.06
OD001337,O00436,P0001,3,137432.34
OD001338,O00437,P0214,3,91180.77
OD001339,O00437,P0207,3,95434.8
OD001340,O00438,P0048,3,47907.78
OD001341,O00438,P0419,1,31729.12
OD001342,O00439,P0210,2,70812.3
OD001343,O00439,P0451,1,32544.56
OD001344,O00439,P0269,3,104707.86
OD001345,O00439,P0189,3,63351.42
OD001346,O00440,P0372,1,13248.28
OD001347,O00440,P0461,2,33969.74
OD001348,O00440,P0018,3,116837.01
OD001349,O00440,P0070,2,31253.44
OD001350,O00441,P0099,2,10174.16
OD001351,O00442,P0048,3,47907.78
OD001352,O00442,P0028,1,169.02
OD001353,O00443,P0466,2,64141.48
OD001354,O00443,P0383,2,79706.9
OD001355,O00443,P0153,2,94524.6
OD001356,O00443,P0494,1,26389.15
OD001357,O00444,P0368,2,57498.34
OD001358,O00444,P0080,2,44229.5
OD001359,O00444,P0123,3,11527.41
OD001360,O00444,P0496,1,6446.33
OD001361,O00445,P0151,3,100499.58
OD001362,O00445,P0438,2,51734.68
OD001363,O00445,P0258,1,48965.17
OD001364,O00446,P0486,1,3392.63
OD001365,O00446,P0431,3,11917.59
OD001366,O00447,P0261,3,103942.83
OD001367,O00447,P0253,3,86577.21
OD001368,O00447,P0293,2,973.56
OD001369,O00448,P0037,3,108149.19
OD001370,O00448,P0360,2,89506.44
OD001371,O00449,P0377,3,46528.47
OD001372,O00449,P0087,1,2608.49
OD001373,O00449,P0228,3,128062.8
OD001374,O00450,P0425,1,23771.25
OD001375,O00450,P0431,3,11917.59
OD001376,O00450,P0358,2,40061.92
OD001377,O00450,P0333,2,10406.38
OD001378,O00450,P0462,3,104293.86
OD001379,O00451,P0170,1,26961.11
OD001380,O00451,P0230,1,12941.39
OD001381,O00451,P0354,3,126463.92
OD001382,O00452,P0071,2,63780.52
OD001383,O00452,P0417,3,144485.46
OD001384,O00452,P0343,1,36254.41
OD001385,O00453,P0280,3,99302.52
OD001386,O00453,P0338,2,76142.16
OD001387,O00453,P0234,1,31655.12
OD001388,O00453,P0070,3,46880.16
OD001389,O00454,P0476,1,635.14
OD001390,O00454,P0174,2,66122.82
OD001391,O00454,P0247,1,41823.06
OD001392,O00455,P0254,3,95345.01
OD001393,O00456,P0318,2,30568.84
OD001394,O00456,P0355,2,97337.12
OD001395,O00456,P0183,3,39317.67
OD001396,O00456,P0049,2,67370.28
OD001397,O00456,P0102,1,41702.42
OD001398,O00457,P0258,2,97930.34
OD001399,O00457,P0264,2,80067.34
OD001400,O00457,P0384,2,60553.36
OD001401,O00457,P0265,3,92589.48
OD001402,O00457,P0204,1,36853.4
OD001403,O00458,P0287,1,28596.46
OD001404,O00459,P0170,1,26961.11
OD001405,O00459,P0156,2,74164.72
OD001406,O00459,P0295,2,395.62
OD001407,O00459,P0227,2,72027.92
OD001408,O00459,P0313,3,110722.8
OD001409,O00460,P0276,1,17066.13
OD001410,O00461,P0420,2,2144.98
OD001411,O00461,P0446,1,42866.03
OD001412,O00461,P0479,3,61939.65
OD001413,O00461,P0212,1,24638.09
OD001414,O00461,P0208,3,137981.85
OD001415,O00462,P0179,1,15898.63
OD001416,O00463,P0114,3,35694.45
OD001417,O00463,P0430,3,130055.04
OD001418,O00463,P0239,2,2806.48
OD001419,O00463,P0181,2,14342.58
OD001420,O00464,P0071,2,63780.52
OD001421,O00465,P0119,1,23790.55
OD001422,O00465,P0308,3,21575.43
OD001423,O00466,P0375,2,22169.76
OD001424,O00466,P0050,2,97676.36
OD001425,O00466,P0184,1,40592.32
OD001426,O00466,P0110,3,125205.84
OD001427,O00466,P0314,1,23667.18
OD001428,O00467,P0114,1,11898.15
OD001429,O00467,P0290,1,26416.08
OD001430,O00467,P0401,2,8418.08
OD001431,O00467,P0322,2,74675.08
OD001432,O00467,P0005,3,52666.62
OD001433,O00468,P0314,2,47334.36
OD001434,O00469,P0155,3,21514.71
OD001435,O00469,P0272,3,143854.62
OD001436,O00469,P0129,1,26497.65
OD001437,O00469,P0399,1,8358.74
OD001438,O00469,P0306,1,44948.53
OD001439,O00470,P0278,2,40456.76
OD001440,O00471,P0043,3,95470.65
OD001441,O00471,P0065,1,46224.7
OD001442,O00471,P0273,3,108026.04
OD001443,O00472,P0019,1,14547.49
OD001444,O00473,P0483,2,16750.58
OD001445,O00473,P0353,2,25808.32
OD001446,O00473,P0173,1,36346.52
OD001447,O00473,P0291,2,77595.96
OD001448,O00473,P0486,3,10177.89
OD001449,O00474,P0435,3,143900.76
OD001450,O00474,P0132,1,16953.1
OD001451,O00474,P0219,2,8707.86
OD001452,O00474,P0112,3,21379.35
OD001453,O00474,P0202,1,30815.56
OD001454,O00475,P0186,1,39743.81
OD001455,O00476,P0147,2,7030.5
OD001456,O00476,P0291,1,38797.98
OD001457,O00477,P0131,2,50269.88
OD001458,O00477,P0238,3,19027.41
OD001459,O00477,P0489,3,90473.22
OD001460,O00477,P0219,3,13061.79
OD001461,O00477,P0366,1,7198.86
OD001462,O00478,P0104,1,25936.71
OD001463,O00479,P0471,1,4287.8
OD001464,O00479,P0446,3,128598.09
OD001465,O00480,P0382,1,10297.15
OD001466,O00480,P0284,3,28576.68
OD001467,O00481,P0464,2,79150.34
OD001468,O00481,P0440,1,27504.54
OD001469,O00481,P0317,3,146184.15
OD001470,O00482,P0402,2,10304.32
OD001471,O00482,P0040,2,55891.3
OD001472,O00483,P0488,3,59290.53
OD001473,O00484,P0113,2,15376.84
OD001474,O00484,P0164,1,9669.61
OD001475,O00484,P0449,1,31877.19
OD001476,O00484,P0366,1,7198.86
OD001477,O00485,P0423,3,110706.21
OD001478,O00485,P0127,2,86439.86
OD001479,O00486,P0180,3,45537.9
OD001480,O00486,P0036,1,24513.98
OD001481,O00486,P0090,2,9082.44
OD001482,O00486,P0382,1,10297.15
OD001483,O00486,P0034,3,70359.51
OD001484,O00487,P0275,3,120782.82
OD001485,O00487,P0074,3,94801.77
OD001486,O00488,P0372,3,39744.84
OD001487,O00488,P0420,1,1072.49
OD001488,O00489,P0387,3,111334.47
OD001489,O00489,P0200,1,13941.44
OD001490,O00489,P0164,3,29008.83
OD001491,O00489,P0211,3,127787.91
OD001492,O00490,P0254,2,63563.34
OD001493,O00490,P0244,1,44739.64
OD001494,O00490,P0437,3,50017.62
OD001495,O00490,P0367,3,137014.77
OD001496,O00490,P0225,1,34961.77
OD001497,O00491,P0478,2,90428.92
OD001498,O00491,P0315,2,12902.46
OD001499,O00491,P0026,3,40212.09
OD001500,O00491,P0221,1,25026.69
OD001501,O00491,P0416,3,6564.21
OD001502,O00492,P0028,2,338.04
OD001503,O00492,P0319,3,52560.45
OD001504,O00492,P0183,3,39317.67
OD001505,O00492,P0203,3,34424.31
OD001506,O00493,P0054,3,148209.21
OD001507,O00493,P0386,1,26873.03
OD001508,O00494,P0001,3,137432.34
OD001509,O00494,P0495,3,53044.65
OD001510,O00494,P0332,1,47413.18
OD001511,O00494,P0123,2,7684.94
OD001512,O00494,P0265,1,30863.16
OD001513,O00495,P0420,1,1072.49
OD001514,O00495,P0098,1,30136.38
OD001515,O00495,P0314,1,23667.18
OD001516,O00495,P0029,2,3493.64
OD001517,O00496,P0167,2,19615.54
OD001518,O00497,P0034,2,46906.34
OD001519,O00498,P0268,2,99262.2
OD001520,O00498,P0084,2,49939.34
OD001521,O00498,P0461,2,33969.74
OD001522,O00498,P0378,1,44960.42
OD001523,O00498,P0049,2,67370.28
OD001524,O00499,P0325,2,16610.06
OD001525,O00499,P0268,3,148893.3
OD001526,O00499,P0200,3,41824.32
OD001527,O00499,P0085,3,99549.84
OD001528,O00499,P0426,3,99483.48
OD001529,O00500,P0003,1,48147.23
OD001530,O00500,P0025,2,65365.6
OD001531,O00500,P0334,3,33337.29
OD001532,O00500,P0318,3,45853.26
OD001533,O00500,P0426,3,99483.48
OD001534,O00501,P0181,3,21513.87
OD001535,O00502,P0013,1,2877.19
OD001536,O00503,P0339,1,15732.96
OD001537,O00503,P0445,1,39696.35
OD001538,O00503,P0113,3,23065.26
OD001539,O00503,P0032,3,66397.17
OD001540,O00504,P0001,3,137432.34
OD001541,O00504,P0100,3,22008.24
OD001542,O00504,P0079,2,4201.74
OD001543,O00504,P0256,1,38096.03
OD001544,O00504,P0207,1,31811.6
OD001545,O00505,P0386,3,80619.09
OD001546,O00505,P0471,2,8575.6
OD001547,O00505,P0049,3,101055.42
OD001548,O00505,P0253,3,86577.21
OD001549,O00505,P0206,2,32835.72
OD001550,O00506,P0476,1,635.14
OD001551,O00507,P0433,1,38386.31
OD001552,O00507,P0447,3,28525.56
OD001553,O00507,P0352,2,45129.18
OD001554,O00507,P0332,3,142239.54
OD001555,O00507,P0246,1,13452.24
OD001556,O00508,P0318,2,30568.84
OD001557,O00508,P0212,1,24638.09
OD001558,O00509,P0346,1,13256.96
OD001559,O00509,P0498,3,69081.69
OD001560,O00509,P0261,3,103942.83
OD001561,O00509,P0065,1,46224.7
OD001562,O00510,P0190,3,94840.47
OD001563,O00511,P0235,3,108055.71
OD001564,O00511,P0276,1,17066.13
OD001565,O00511,P0085,3,99549.84
OD001566,O00511,P0024,1,25649.5
OD001567,O00511,P0341,2,63876.98
OD001568,O00512,P0093,3,131924.88
OD001569,O00513,P0146,2,36238.98
OD001570,O00513,P0024,3,76948.5
OD001571,O00513,P0272,1,47951.54
OD001572,O00513,P0106,1,33426.3
OD001573,O00514,P0088,3,71587.05
OD001574,O00515,P0275,2,80521.88
OD001575,O00516,P0227,2,72027.92
OD001576,O00517,P0055,3,29543.07
OD001577,O00517,P0328,1,7635.87
OD001578,O00517,P0141,2,17607.72
OD001579,O00517,P0316,3,31410.96
OD001580,O00517,P0254,3,95345.01
OD001581,O00518,P0348,3,58311.09
OD001582,O00518,P0011,3,37919.79
OD001583,O00519,P0053,3,86216.73
OD001584,O00520,P0366,1,7198.86
OD001585,O00520,P0105,2,3268.92
OD001586,O00521,P0425,1,23771.25
OD001587,O00521,P0442,3,144149.19
OD001588,O00522,P0048,3,47907.78
OD001589,O00522,P0077,3,95310.78
OD001590,O00522,P0148,3,87845.19
OD001591,O00523,P0340,2,94611.4
OD001592,O00523,P0485,2,95008.48
OD001593,O00523,P0046,3,101193.81
OD001594,O00524,P0146,3,54358.47
OD001595,O00524,P0267,3,111377.79
OD001596,O00525,P0072,1,30586.09
OD001597,O00525,P0451,3,97633.68
OD001598,O00526,P0124,2,77292.06
OD001599,O00526,P0418,1,11635.18
OD001600,O00526,P0007,2,7279.46
OD001601,O00526,P0139,1,38016.17
OD001602,O00527,P0156,1,37082.36
OD001603,O00527,P0066,2,81888.84
OD001604,O00527,P0428,1,36183.78
OD001605,O00527,P0109,2,58341.42
OD001606,O00527,P0116,3,21551.67
OD001607,O00528,P0448,3,22534.23
OD001608,O00528,P0274,3,109508.37
OD001609,O00529,P0026,2,26808.06
OD001610,O00529,P0097,3,64201.65
OD001611,O00530,P0235,2,72037.14
OD001612,O00530,P0139,3,114048.51
OD001613,O00531,P0022,1,33123.51
OD001614,O00531,P0423,2,73804.14
OD001615,O00531,P0209,3,77629.83
OD001616,O00531,P0293,3,1460.34
OD001617,O00532,P0438,2,51734.68
OD001618,O00532,P0252,1,27839.73
OD001619,O00532,P0161,3,86993.7
OD001620,O00532,P0086,1,45414.18
OD001621,O00532,P0360,3,134259.66
OD001622,O00533,P0160,2,82766.9
OD001623,O00533,P0427,1,32006.32
OD001624,O00533,P0244,3,134218.92
OD001625,O00533,P0205,2,7789.2
OD001626,O00533,P0175,2,21426.98
OD001627,O00534,P0340,1,47305.7
OD001628,O00534,P0168,1,16016.13
OD001629,O00534,P0132,2,33906.2
OD001630,O00535,P0293,2,973.56
OD001631,O00535,P0053,3,86216.73
OD001632,O00535,P0299,3,124803.18
OD001633,O00535,P0058,1,19851.06
OD001634,O00536,P0012,1,16101.89
OD001635,O00537,P0276,3,51198.39
OD001636,O00537,P0296,3,20657.25
OD001637,O00537,P0159,3,50661.93
OD001638,O00537,P0422,2,47390.44
OD001639,O00537,P0372,3,39744.84
OD001640,O00538,P0440,2,55009.08
OD001641,O00538,P0013,2,5754.38
OD001642,O00539,P0110,3,125205.84
OD001643,O00539,P0225,2,69923.54
OD001644,O00539,P0267,3,111377.79
OD001645,O00540,P0265,1,30863.16
OD001646,O00540,P0409,3,144209.07
OD001647,O00540,P0066,1,40944.42
OD001648,O00540,P0102,1,41702.42
OD001649,O00540,P0016,2,91677.02
OD001650,O00541,P0003,1,48147.23
OD001651,O00541,P0351,2,33738.58
OD001652,O00542,P0389,1,2990.09
OD001653,O00542,P0102,1,41702.42
OD001654,O00542,P0219,3,13061.79
OD001655,O00543,P0022,3,99370.53
OD001656,O00543,P0445,2,79392.7
OD001657,O00543,P0051,3,2721.51
OD001658,O00543,P0109,3,87512.13
OD001659,O00543,P0476,2,1270.28
OD001660,O00544,P0426,3,99483.48
OD001661,O00544,P0083,3,102439.89
OD001662,O00545,P0273,2,72017.36
OD001663,O00545,P0244,3,134218.92
OD001664,O00545,P0012,3,48305.67
OD001665,O00545,P0048,1,15969.26
OD001666,O00546,P0309,3,14988.09
OD001667,O00546,P0258,1,48965.17
OD001668,O00546,P0025,1,32682.8
OD001669,O00547,P0461,1,16984.87
OD001670,O00548,P0096,2,10335.48
OD001671,O00548,P0410,3,119283.99
OD001672,O00549,P0286,1,34386.6
OD001673,O00549,P0219,3,13061.79
OD001674,O00549,P0215,2,24470.64
OD001675,O00549,P0039,1,24312.94
OD001676,O00549,P0480,1,34183.23
OD001677,O00550,P0139,1,38016.17
OD001678,O00550,P0163,3,125196.42
OD001679,O00550,P0063,1,1796.02
OD001680,O00550,P0131,3,75404.82
OD001681,O00551,P0276,2,34132.26
OD001682,O00551,P0053,2,57477.82
OD001683,O00551,P0459,2,11751.96
OD001684,O00552,P0293,2,973.56
OD001685,O00552,P0260,2,8521.36
OD001686,O00553,P0151,1,33499.86
OD001687,O00553,P0050,2,97676.36
OD001688,O00554,P0279,3,68934.93
OD001689,O00555,P0247,2,83646.12
OD001690,O00555,P0477,1,40796.04
OD001691,O00555,P0338,2,76142.16
OD001692,O00555,P0149,1,33043.26
OD001693,O00555,P0318,1,15284.42
OD001694,O00556,P0255,3,67473.18
OD001695,O00556,P0439,2,36010.34
OD001696,O00557,P0401,2,8418.08
OD001697,O00557,P0263,1,6202.41
OD001698,O00558,P0057,3,96109.05
OD001699,O00558,P0322,1,37337.54
OD001700,O00559,P0006,3,67351.65
OD001701,O00559,P0195,1,38374.95
OD001702,O00559,P0069,2,87744.2
OD001703,O00560,P0474,2,12072.54
OD001704,O00560,P0101,1,11437.75
OD001705,O00561,P0132,3,50859.3
OD001706,O00561,P0009,3,96404.85
OD001707,O00561,P0479,2,41293.1
OD001708,O00561,P0260,2,8521.36
OD001709,O00562,P0376,3,127541.43
OD001710,O00562,P0112,3,21379.35
OD001711,O00563,P0362,3,54611.58
OD001712,O00563,P0251,3,39593.19
OD001713,O00563,P0076,2,67490.1
OD001714,O00563,P0154,3,80577.6
OD001715,O00564,P0104,1,25936.71
OD001716,O00564,P0375,2,22169.76
OD001717,O00564,P0438,1,25867.34
OD001718,O00564,P0471,2,8575.6
OD001719,O00564,P0443,1,3027.49
OD001720,O00565,P0080,2,44229.5
OD001721,O00565,P0101,2,22875.5
OD001722,O00565,P0313,3,110722.8
OD001723,O00566,P0479,3,61939.65
OD001724,O00566,P0257,2,35772.98
OD001725,O00566,P0402,1,5152.16
OD001726,O00566,P0290,1,26416.08
OD001727,O00567,P0124,2,77292.06
OD001728,O00567,P0448,2,15022.82
OD001729,O00567,P0434,1,5572.57
OD001730,O00567,P0154,3,80577.6
OD001731,O00567,P0282,2,77401.48
OD001732,O00568,P0062,3,2159.76
OD001733,O00568,P0324,2,38768.0
OD001734,O00569,P0352,2,45129.18
OD001735,O00569,P0247,3,125469.18
OD001736,O00569,P0217,3,130077.27
OD001737,O00569,P0411,2,38210.0
OD001738,O00569,P0103,2,87758.38
OD001739,O00570,P0138,3,6703.62
OD001740,O00570,P0175,2,21426.98
OD001741,O00570,P0145,3,57867.72
OD001742,O00571,P0363,1,26506.83
OD001743,O00571,P0097,3,64201.65
OD001744,O00572,P0103,1,43879.19
OD001745,O00573,P0059,1,5222.22
OD001746,O00573,P0383,2,79706.9
OD001747,O00573,P0198,2,9328.98
OD001748,O00574,P0295,1,197.81
OD001749,O00575,P0399,2,16717.48
OD001750,O00575,P0153,3,141786.9
OD001751,O00575,P0065,1,46224.7
OD001752,O00575,P0476,3,1905.42
OD001753,O00576,P0031,2,7414.64
OD001754,O00576,P0156,2,74164.72
OD001755,O00576,P0078,2,27738.42
OD001756,O00577,P0193,1,2379.84
OD001757,O00578,P0322,1,37337.54
OD001758,O00578,P0281,1,43942.41
OD001759,O00578,P0373,2,12923.86
OD001760,O00578,P0330,1,27768.67
OD001761,O00578,P0417,1,48161.82
OD001762,O00579,P0175,3,32140.47
OD001763,O00579,P0027,3,78936.45
OD001764,O00579,P0145,2,38578.48
OD001765,O00579,P0211,1,42595.97
OD001766,O00580,P0399,3,25076.22
OD001767,O00581,P0063,1,1796.02
OD001768,O00582,P0195,3,115124.85
OD001769,O00582,P0281,2,87884.82
OD001770,O00582,P0469,2,16872.68
OD001771,O00582,P0034,3,70359.51
OD001772,O00582,P0245,3,103332.3
OD001773,O00583,P0318,2,30568.84
OD001774,O00583,P0282,3,116102.22
OD001775,O00584,P0115,1,44401.73
OD001776,O00584,P0151,2,66999.72
OD001777,O00584,P0121,3,68977.5
OD001778,O00584,P0486,2,6785.26
OD001779,O00584,P0329,2,73052.7
OD001780,O00585,P0403,3,28722.63
OD001781,O00585,P0182,2,56661.3
OD001782,O00586,P0429,2,50452.34
OD001783,O00586,P0266,1,24933.26
OD001784,O00587,P0107,2,70374.92
OD001785,O00587,P0396,2,17500.22
OD001786,O00587,P0457,3,76672.47
OD001787,O00587,P0178,2,13485.0
OD001788,O00587,P0023,3,130126.53
OD001789,O00588,P0323,3,141014.67
OD001790,O00588,P0096,2,10335.48
OD001791,O00588,P0210,3,106218.45
OD001792,O00589,P0054,1,49403.07
OD001793,O00590,P0299,3,124803.18
OD001794,O00590,P0349,2,26848.34
OD001795,O00590,P0236,1,7364.61
OD001796,O00590,P0345,2,56514.24
OD001797,O00590,P0275,2,80521.88
OD001798,O00591,P0192,2,65762.18
OD001799,O00592,P0044,1,29870.75
OD001800,O00592,P0150,2,97940.48
OD001801,O00592,P0039,3,72938.82
OD001802,O00592,P0433,2,76772.62
OD001803,O00593,P0265,1,30863.16
OD001804,O00593,P0221,1,25026.69
OD001805,O00593,P0140,1,28789.71
OD001806,O00593,P0152,3,73262.82
OD001807,O00594,P0412,2,57957.92
OD001808,O00594,P0010,1,31464.13
OD001809,O00594,P0450,3,40029.45
OD001810,O00595,P0046,2,67462.54
OD001811,O00595,P0106,3,100278.9
OD001812,O00596,P0337,1,4887.85
OD001813,O00596,P0381,3,61088.67
OD001814,O00596,P0131,3,75404.82
OD001815,O00596,P0342,1,11727.32
OD001816,O00596,P0143,1,38572.8
OD001817,O00597,P0196,1,31927.62
OD001818,O00597,P0267,1,37125.93
OD001819,O00597,P0052,3,24391.11
OD001820,O00597,P0268,1,49631.1
OD001821,O00598,P0344,2,12377.94
OD001822,O00598,P0123,1,3842.47
OD001823,O00598,P0094,1,39141.36
OD001824,O00599,P0440,3,82513.62
OD001825,O00599,P0283,3,56423.25
OD001826,O00599,P0344,1,6188.97
OD001827,O00599,P0238,2,12684.94
OD001828,O00600,P0197,1,11828.38
OD001829,O00600,P0122,2,51261.12
OD001830,O00600,P0137,3,66228.84
OD001831,O00600,P0415,1,37467.77
OD001832,O00601,P0076,1,33745.05
OD001833,O00601,P0179,3,47695.89
OD001834,O00601,P0133,3,76822.5
OD001835,O00602,P0173,1,36346.52
OD001836,O00602,P0154,1,26859.2
OD001837,O00602,P0205,2,7789.2
OD001838,O00603,P0334,2,22224.86
OD001839,O00603,P0486,2,6785.26
OD001840,O00604,P0247,1,41823.06
OD001841,O00604,P0109,3,87512.13
OD001842,O00605,P0246,3,40356.72
OD001843,O00605,P0214,1,30393.59
OD001844,O00605,P0395,2,24363.1
OD001845,O00605,P0014,1,46778.4
OD001846,O00606,P0304,2,8945.54
OD001847,O00606,P0161,2,57995.8
OD001848,O00606,P0046,3,101193.81
OD001849,O00607,P0255,2,44982.12
OD001850,O00608,P0221,1,25026.69
OD001851,O00608,P0500,3,91848.72
OD001852,O00608,P0429,3,75678.51
OD001853,O00608,P0007,1,3639.73
OD001854,O00609,P0463,1,8622.35
OD001855,O00610,P0390,2,94094.3
OD001856,O00610,P0216,3,15772.17
OD001857,O00611,P0487,1,26054.97
OD001858,O00611,P0198,3,13993.47
OD001859,O00611,P0111,3,41311.53
OD001860,O00612,P0316,2,20940.64
OD001861,O00612,P0458,1,30814.65
OD001862,O00612,P0482,1,36394.17
OD001863,O00612,P0076,1,33745.05
OD001864,O00612,P0165,2,74513.26
OD001865,O00613,P0455,3,72739.2
OD001866,O00613,P0248,1,37715.55
OD001867,O00613,P0033,1,7304.63
OD001868,O00613,P0197,1,11828.38
OD001869,O00613,P0061,1,42843.58
OD001870,O00614,P0402,3,15456.48
OD001871,O00614,P0289,1,4903.97
OD001872,O00614,P0290,1,26416.08
OD001873,O00614,P0012,3,48305.67
OD001874,O00615,P0344,2,12377.94
OD001875,O00615,P0433,2,76772.62
OD001876,O00615,P0127,3,129659.79
OD001877,O00615,P0253,3,86577.21
OD001878,O00616,P0175,1,10713.49
OD001879,O00616,P0354,3,126463.92
OD001880,O00616,P0053,3,86216.73
OD001881,O00616,P0026,1,13404.03
OD001882,O00616,P0247,1,41823.06
OD001883,O00617,P0226,3,66075.81
OD001884,O00617,P0464,3,118725.51
OD001885,O00618,P0495,1,17681.55
OD001886,O00618,P0244,2,89479.28
OD001887,O00618,P0405,3,110104.23
OD001888,O00618,P0237,1,12800.95
OD001889,O00619,P0159,3,50661.93
OD001890,O00619,P0426,3,99483.48
OD001891,O00619,P0326,1,18953.49
OD001892,O00619,P0409,3,144209.07
OD001893,O00619,P0170,1,26961.11
OD001894,O00620,P0371,1,15840.23
OD001895,O00620,P0381,1,20362.89
OD001896,O00620,P0235,3,108055.71
OD001897,O00621,P0055,2,19695.38
OD001898,O00621,P0317,1,48728.05
OD001899,O00622,P0298,2,20241.46
OD001900,O00622,P0168,2,32032.26
OD001901,O00622,P0005,3,52666.62
OD001902,O00623,P0481,1,19065.63
OD001903,O00623,P0300,1,10069.79
OD001904,O00624,P0218,3,77952.3
OD001905,O00624,P0163,3,125196.42
OD001906,O00624,P0353,1,12904.16
OD001907,O00625,P0285,2,98337.66
OD001908,O00625,P0384,3,90830.04
OD001909,O00625,P0186,2,79487.62
OD001910,O00625,P0230,3,38824.17
OD001911,O00626,P0392,3,34217.16
OD001912,O00626,P0499,3,67137.24
OD001913,O00626,P0197,1,11828.38
OD001914,O00626,P0136,2,5983.36
OD001915,O00626,P0436,3,53721.63
OD001916,O00627,P0430,3,130055.04
OD001917,O00628,P0065,1,46224.7
OD001918,O00629,P0085,3,99549.84
OD001919,O00629,P0004,2,29527.22
OD001920,O00630,P0229,2,36994.14
OD001921,O00631,P0463,3,25867.05
OD001922,O00631,P0343,3,108763.23
OD001923,O00632,P0189,2,42234.28
OD001924,O00633,P0480,3,102549.69
OD001925,O00634,P0107,3,105562.38
OD001926,O00634,P0407,1,15477.24
OD001927,O00634,P0487,2,52109.94
OD001928,O00635,P0036,2,49027.96
OD001929,O00635,P0459,3,17627.94
OD001930,O00636,P0214,3,91180.77
OD001931,O00636,P0377,2,31018.98
OD001932,O00636,P0081,2,34751.26
OD001933,O00636,P0373,3,19385.79
OD001934,O00636,P0114,3,35694.45
OD001935,O00637,P0002,3,89430.96
OD001936,O00638,P0357,3,25863.24
OD001937,O00638,P0296,3,20657.25
OD001938,O00638,P0303,2,91623.1
OD001939,O00639,P0014,2,93556.8
OD001940,O00639,P0158,1,747.56
OD001941,O00639,P0163,3,125196.42
OD001942,O00639,P0412,3,86936.88
OD001943,O00640,P0424,1,13776.75
OD001944,O00640,P0197,3,35485.14
OD001945,O00640,P0330,3,83306.01
OD001946,O00640,P0007,1,3639.73
OD001947,O00640,P0294,2,57791.32
OD001948,O00641,P0374,1,35723.66
OD001949,O00641,P0294,3,86686.98
OD001950,O00641,P0007,3,10919.19
OD001951,O00641,P0118,1,35996.16
OD001952,O00641,P0291,1,38797.98
OD001953,O00642,P0004,3,44290.83
OD001954,O00642,P0139,2,76032.34
OD001955,O00642,P0332,3,142239.54
OD001956,O00642,P0297,2,79609.82
OD001957,O00643,P0365,1,7195.14
OD001958,O00643,P0353,1,12904.16
OD001959,O00643,P0493,2,52132.16
OD001960,O00644,P0424,1,13776.75
OD001961,O00644,P0306,1,44948.53
OD001962,O00644,P0386,3,80619.09
OD001963,O00644,P0324,3,58152.0
OD001964,O00644,P0421,1,37593.63
OD001965,O00645,P0375,1,11084.88
OD001966,O00646,P0005,2,35111.08
OD001967,O00646,P0281,2,87884.82
OD001968,O00646,P0361,1,22373.88
OD001969,O00647,P0376,2,85027.62
OD001970,O00648,P0389,2,5980.18
OD001971,O00648,P0076,2,67490.1
OD001972,O00648,P0344,2,12377.94
OD001973,O00648,P0495,2,35363.1
OD001974,O00649,P0357,2,17242.16
OD001975,O00649,P0074,3,94801.77
OD001976,O00650,P0335,1,27474.41
OD001977,O00650,P0328,2,15271.74
OD001978,O00650,P0299,3,124803.18
OD001979,O00650,P0048,2,31938.52
OD001980,O00650,P0130,2,54957.94
OD001981,O00651,P0429,3,75678.51
OD001982,O00651,P0356,1,1746.39
OD001983,O00651,P0234,1,31655.12
OD001984,O00651,P0343,2,72508.82
OD001985,O00652,P0469,3,25309.02
OD001986,O00652,P0472,3,131333.7
OD001987,O00652,P0258,3,146895.51
OD001988,O00653,P0194,1,49657.42
OD001989,O00653,P0033,1,7304.63
OD001990,O00653,P0216,3,15772.17
OD001991,O00653,P0380,3,25064.49
OD001992,O00654,P0260,1,4260.68
OD001993,O00654,P0107,2,70374.92
OD001994,O00655,P0143,2,77145.6
OD001995,O00655,P0325,1,8305.03
OD001996,O00656,P0427,1,32006.32
OD001997,O00656,P0443,3,9082.47
OD001998,O00656,P0204,1,36853.4
OD001999,O00656,P0455,3,72739.2
OD002000,O00657,P0195,2,76749.9
OD002001,O00657,P0410,2,79522.66
OD002002,O00657,P0125,2,89951.32
OD002003,O00657,P0147,1,3515.25
OD002004,O00658,P0453,2,68881.92
OD002005,O00658,P0232,3,143019.57
OD002006,O00658,P0290,2,52832.16
OD002007,O00658,P0263,3,18607.23
OD002008,O00659,P0434,1,5572.57
OD002009,O00659,P0368,1,28749.17
OD002010,O00659,P0087,1,2608.49
OD002011,O00659,P0363,3,79520.49
OD002012,O00660,P0001,3,137432.34
OD002013,O00660,P0384,3,90830.04
OD002014,O00661,P0301,1,17437.95
OD002015,O00661,P0032,2,44264.78
OD002016,O00661,P0001,3,137432.34
OD002017,O00662,P0476,3,1905.42
OD002018,O00662,P0395,1,12181.55
OD002019,O00663,P0200,2,27882.88
OD002020,O00663,P0247,3,125469.18
OD002021,O00663,P0097,1,21400.55
OD002022,O00663,P0377,3,46528.47
OD002023,O00663,P0154,1,26859.2
OD002024,O00664,P0318,2,30568.84
OD002025,O00664,P0018,3,116837.01
OD002026,O00664,P0139,3,114048.51
OD002027,O00664,P0295,3,593.43
OD002028,O00664,P0424,2,27553.5
OD002029,O00665,P0210,3,106218.45
OD002030,O00665,P0395,3,36544.65
OD002031,O00665,P0119,2,47581.1
OD002032,O00665,P0406,1,35664.69
OD002033,O00665,P0273,1,36008.68
OD002034,O00666,P0269,2,69805.24
OD002035,O00666,P0153,1,47262.3
OD002036,O00667,P0234,3,94965.36
OD002037,O00667,P0115,3,133205.19
OD002038,O00668,P0073,1,29600.94
OD002039,O00668,P0095,1,43421.39
OD002040,O00668,P0469,3,25309.02
OD002041,O00668,P0476,2,1270.28
OD002042,O00669,P0113,3,23065.26
OD002043,O00669,P0493,1,26066.08
OD002044,O00669,P0268,1,49631.1
OD002045,O00669,P0282,2,77401.48
OD002046,O00669,P0364,3,85298.49
OD002047,O00670,P0070,3,46880.16
OD002048,O00671,P0020,2,56746.7
OD002049,O00671,P0483,2,16750.58
OD002050,O00671,P0289,1,4903.97
OD002051,O00671,P0040,3,83836.95
OD002052,O00671,P0383,3,119560.35
OD002053,O00672,P0050,2,97676.36
OD002054,O00673,P0344,1,6188.97
OD002055,O00673,P0391,1,43651.0
OD002056,O00674,P0350,2,69662.16
OD002057,O00674,P0271,1,25241.9
OD002058,O00674,P0448,2,15022.82
OD002059,O00674,P0326,1,18953.49
OD002060,O00675,P0099,3,15261.24
OD002061,O00675,P0113,1,7688.42
OD002062,O00676,P0393,3,60485.07
OD002063,O00676,P0221,2,50053.38
OD002064,O00676,P0233,3,16605.78
OD002065,O00677,P0167,2,19615.54
OD002066,O00677,P0417,2,96323.64
OD002067,O00677,P0206,2,32835.72
OD002068,O00678,P0250,3,48252.99
OD002069,O00678,P0203,3,34424.31
OD002070,O00678,P0060,1,25955.43
OD002071,O00678,P0302,3,53849.7
OD002072,O00679,P0102,2,83404.84
OD002073,O00680,P0449,3,95631.57
OD002074,O00680,P0189,3,63351.42
OD002075,O00681,P0380,2,16709.66
OD002076,O00681,P0285,3,147506.49
OD002077,O00681,P0351,3,50607.87
OD002078,O00682,P0436,2,35814.42
OD002079,O00682,P0201,1,38270.76
OD002080,O00682,P0133,3,76822.5
OD002081,O00682,P0296,3,20657.25
OD002082,O00683,P0470,1,6525.32
OD002083,O00683,P0188,1,13140.53
OD002084,O00683,P0386,2,53746.06
OD002085,O00683,P0078,2,27738.42
OD002086,O00684,P0267,1,37125.93
OD002087,O00684,P0337,2,9775.7
OD002088,O00684,P0120,1,37572.81
OD002089,O00684,P0351,3,50607.87
OD002090,O00684,P0387,3,111334.47
OD002091,O00685,P0057,3,96109.05
OD002092,O00685,P0035,1,44323.81
OD002093,O00686,P0437,3,50017.62
OD002094,O00686,P0386,3,80619.09
OD002095,O00687,P0302,3,53849.7
OD002096,O00688,P0378,2,89920.84
OD002097,O00688,P0471,1,4287.8
OD002098,O00688,P0392,3,34217.16
OD002099,O00688,P0133,2,51215.0
OD002100,O00689,P0240,3,37376.67
OD002101,O00689,P0457,2,51114.98
OD002102,O00689,P0307,1,27744.18
OD002103,O00689,P0319,2,35040.3
OD002104,O00689,P0175,1,10713.49
OD002105,O00690,P0305,1,12384.66
OD002106,O00690,P0087,3,7825.47
OD002107,O00690,P0078,3,41607.63
OD002108,O00690,P0178,1,6742.5
OD002109,O00690,P0388,2,96103.56
OD002110,O00691,P0327,2,90455.08
OD002111,O00691,P0286,1,34386.6
OD002112,O00691,P0244,2,89479.28
OD002113,O00691,P0207,2,63623.2
OD002114,O00692,P0433,2,76772.62
OD002115,O00692,P0032,3,66397.17
OD002116,O00692,P0292,3,19174.98
OD002117,O00692,P0058,1,19851.06
OD002118,O00693,P0047,3,55656.33
OD002119,O00693,P0075,3,19242.21
OD002120,O00693,P0342,2,23454.64
OD002121,O00693,P0314,3,71001.54
OD002122,O00694,P0132,1,16953.1
OD002123,O00694,P0104,1,25936.71
OD002124,O00694,P0397,2,74773.32
OD002125,O00695,P0432,2,42947.86
OD002126,O00695,P0397,1,37386.66
OD002127,O00695,P0473,1,6741.82
OD002128,O00695,P0033,2,14609.26
OD002129,O00695,P0401,1,4209.04
OD002130,O00696,P0416,3,6564.21
OD002131,O00696,P0190,1,31613.49
OD002132,O00696,P0400,1,24051.41
OD002133,O00697,P0005,3,52666.62
OD002134,O00697,P0304,3,13418.31
OD002135,O00697,P0196,1,31927.62
OD002136,O00697,P0365,1,7195.14
OD002137,O00697,P0081,1,17375.63
OD002138,O00698,P0427,2,64012.64
OD002139,O00698,P0141,2,17607.72
OD002140,O00699,P0482,1,36394.17
OD002141,O00699,P0329,1,36526.35
OD002142,O00700,P0444,3,20947.47
OD002143,O00700,P0375,3,33254.64
OD002144,O00700,P0245,3,103332.3
OD002145,O00701,P0188,3,39421.59
OD002146,O00701,P0394,3,72722.01
OD002147,O00701,P0071,1,31890.26
OD002148,O00701,P0255,1,22491.06
OD002149,O00702,P0200,2,27882.88
OD002150,O00703,P0271,3,75725.7
OD002151,O00704,P0235,3,108055.71
OD002152,O00704,P0278,2,40456.76
OD002153,O00704,P0024,2,51299.0
OD002154,O00704,P0478,1,45214.46
OD002155,O00705,P0383,3,119560.35
OD002156,O00705,P0483,3,25125.87
OD002157,O00706,P0438,1,25867.34
OD002158,O00707,P0108,2,61589.22
OD002159,O00707,P0252,1,27839.73
OD002160,O00707,P0440,2,55009.08
OD002161,O00707,P0037,2,72099.46
OD002162,O00708,P0159,3,50661.93
OD002163,O00708,P0023,1,43375.51
OD002164,O00708,P0160,3,124150.35
OD002165,O00708,P0403,3,28722.63
OD002166,O00708,P0356,1,1746.39
OD002167,O00709,P0030,2,25822.06
OD002168,O00710,P0471,3,12863.4
OD002169,O00711,P0145,1,19289.24
OD002170,O00711,P0433,1,38386.31
OD002171,O00711,P0151,3,100499.58
OD002172,O00711,P0259,3,93443.4
OD002173,O00711,P0078,3,41607.63
OD002174,O00712,P0094,3,117424.08
OD002175,O00712,P0484,2,17142.04
OD002176,O00712,P0006,2,44901.1
OD002177,O00712,P0287,3,85789.38
OD002178,O00712,P0146,2,36238.98
OD002179,O00713,P0106,1,33426.3
OD002180,O00713,P0185,2,30448.0
OD002181,O00713,P0070,2,31253.44
OD002182,O00713,P0182,1,28330.65
OD002183,O00714,P0041,3,19874.25
OD002184,O00715,P0267,2,74251.86
OD002185,O00715,P0001,2,91621.56
OD002186,O00715,P0408,1,30060.41
OD002187,O00715,P0414,2,58957.62
OD002188,O00715,P0327,2,90455.08
OD002189,O00716,P0262,3,53668.83
OD002190,O00717,P0419,1,31729.12
OD002191,O00717,P0167,2,19615.54
OD002192,O00717,P0287,2,57192.92
OD002193,O00717,P0398,2,84621.72
OD002194,O00717,P0451,1,32544.56
OD002195,O00718,P0136,1,2991.68
OD002196,O00718,P0351,3,50607.87
OD002197,O00718,P0494,3,79167.45
OD002198,O00719,P0167,1,9807.77
OD002199,O00720,P0059,1,5222.22
OD002200,O00720,P0260,1,4260.68
OD002201,O00720,P0196,1,31927.62
OD002202,O00721,P0453,1,34440.96
OD002203,O00721,P0375,1,11084.88
OD002204,O00721,P0100,2,14672.16
OD002205,O00722,P0470,1,6525.32
OD002206,O00722,P0077,3,95310.78
OD002207,O00722,P0070,3,46880.16
OD002208,O00722,P0058,1,19851.06
OD002209,O00723,P0090,3,13623.66
OD002210,O00724,P0164,2,19339.22
OD002211,O00724,P0352,1,22564.59
OD002212,O00724,P0053,1,28738.91
OD002213,O00724,P0004,2,29527.22
OD002214,O00725,P0085,2,66366.56
OD002215,O00725,P0128,3,42538.17
OD002216,O00725,P0006,2,44901.1
OD002217,O00726,P0255,1,22491.06
OD002218,O00726,P0256,1,38096.03
OD002219,O00727,P0101,2,22875.5
OD002220,O00728,P0468,1,34232.29
OD002221,O00728,P0039,2,48625.88
OD002222,O00728,P0069,2,87744.2
OD002223,O00728,P0328,1,7635.87
OD002224,O00729,P0294,3,86686.98
OD002225,O00729,P0273,1,36008.68
OD002226,O00729,P0499,2,44758.16
OD002227,O00729,P0312,3,80898.84
OD002228,O00729,P0472,3,131333.7
OD002229,O00730,P0030,3,38733.09
OD002230,O00730,P0048,3,47907.78
OD002231,O00730,P0363,3,79520.49
OD002232,O00731,P0122,3,76891.68
OD002233,O00731,P0046,3,101193.81
OD002234,O00731,P0474,2,12072.54
OD002235,O00732,P0370,2,94262.92
OD002236,O00733,P0242,1,29562.1
OD002237,O00733,P0493,2,52132.16
OD002238,O00734,P0191,2,8228.2
OD002239,O00735,P0243,1,39529.4
OD002240,O00736,P0044,3,89612.25
OD002241,O00736,P0413,1,11998.55
OD002242,O00736,P0172,1,37358.39
OD002243,O00737,P0175,1,10713.49
OD002244,O00737,P0210,1,35406.15
OD002245,O00737,P0247,2,83646.12
OD002246,O00738,P0092,1,40584.21
OD002247,O00738,P0247,2,83646.12
OD002248,O00738,P0227,1,36013.96
OD002249,O00738,P0399,2,16717.48
OD002250,O00739,P0322,2,74675.08
OD002251,O00739,P0050,1,48838.18
OD002252,O00740,P0343,3,108763.23
OD002253,O00740,P0366,3,21596.58
OD002254,O00740,P0220,2,31127.54
OD002255,O00740,P0294,2,57791.32
OD002256,O00741,P0054,1,49403.07
OD002257,O00741,P0074,2,63201.18
OD002258,O00742,P0448,1,7511.41
OD002259,O00742,P0355,2,97337.12
OD002260,O00742,P0497,1,14070.95
OD002261,O00742,P0172,3,112075.17
OD002262,O00742,P0463,2,17244.7
OD002263,O00743,P0076,2,67490.1
OD002264,O00744,P0492,2,10356.26
OD002265,O00745,P0077,3,95310.78
OD002266,O00745,P0226,2,44050.54
OD002267,O00745,P0405,1,36701.41
OD002268,O00745,P0429,2,50452.34
OD002269,O00745,P0442,1,48049.73
OD002270,O00746,P0309,2,9992.06
OD002271,O00746,P0268,2,99262.2
OD002272,O00747,P0012,1,16101.89
OD002273,O00747,P0102,2,83404.84
OD002274,O00747,P0097,3,64201.65
OD002275,O00747,P0374,1,35723.66
OD002276,O00747,P0015,1,29120.31
OD002277,O00748,P0339,1,15732.96
OD002278,O00749,P0048,1,15969.26
OD002279,O00749,P0011,3,37919.79
OD002280,O00749,P0079,3,6302.61
OD002281,O00749,P0185,3,45672.0
OD002282,O00749,P0065,1,46224.7
OD002283,O00750,P0383,3,119560.35
OD002284,O00750,P0247,2,83646.12
OD002285,O00750,P0453,2,68881.92
OD002286,O00750,P0222,2,33186.46
OD002287,O00751,P0005,2,35111.08
OD002288,O00751,P0226,3,66075.81
OD002289,O00751,P0295,3,593.43
OD002290,O00752,P0313,2,73815.2
OD002291,O00752,P0182,2,56661.3
OD002292,O00753,P0205,3,11683.8
OD002293,O00753,P0314,1,23667.18
OD002294,O00753,P0426,2,66322.32
OD002295,O00753,P0380,1,8354.83
OD002296,O00754,P0307,3,83232.54
OD002297,O00754,P0199,1,21332.0
OD002298,O00754,P0288,1,21119.51
OD002299,O00754,P0198,3,13993.47
OD002300,O00754,P0017,1,1885.0
OD002301,O00755,P0360,1,44753.22
OD002302,O00755,P0390,3,141141.45
OD002303,O00755,P0137,2,44152.56
OD002304,O00756,P0026,2,26808.06
OD002305,O00756,P0335,1,27474.41
OD002306,O00756,P0194,1,49657.42
OD002307,O00757,P0456,1,32028.66
OD002308,O00757,P0231,1,36040.9
OD002309,O00757,P0246,2,26904.48
OD002310,O00757,P0237,2,25601.9
OD002311,O00757,P0327,1,45227.54
OD002312,O00758,P0374,1,35723.66
OD002313,O00758,P0004,1,14763.61
OD002314,O00759,P0139,2,76032.34
OD002315,O00759,P0174,3,99184.23
OD002316,O00759,P0365,1,7195.14
OD002317,O00760,P0357,2,17242.16
OD002318,O00760,P0037,3,108149.19
OD002319,O00760,P0108,2,61589.22
OD002320,O00760,P0321,2,82838.28
OD002321,O00761,P0425,1,23771.25
OD002322,O00761,P0367,3,137014.77
OD002323,O00762,P0251,1,13197.73
OD002324,O00762,P0308,1,7191.81
OD002325,O00762,P0077,3,95310.78
OD002326,O00762,P0136,3,8975.04
OD002327,O00763,P0285,2,98337.66
OD002328,O00763,P0418,2,23270.36
OD002329,O00763,P0243,2,79058.8
OD002330,O00764,P0170,1,26961.11
OD002331,O00764,P0183,2,26211.78
OD002332,O00764,P0220,3,46691.31
OD002333,O00765,P0339,1,15732.96
OD002334,O00765,P0153,3,141786.9
OD002335,O00766,P0383,2,79706.9
OD002336,O00766,P0163,3,125196.42
OD002337,O00767,P0155,3,21514.71
OD002338,O00767,P0464,1,39575.17
OD002339,O00767,P0387,1,37111.49
OD002340,O00768,P0324,2,38768.0
OD002341,O00768,P0492,2,10356.26
OD002342,O00768,P0135,3,83307.84
OD002343,O00768,P0405,3,110104.23
OD002344,O00768,P0289,2,9807.94
OD002345,O00769,P0236,1,7364.61
OD002346,O00769,P0060,3,77866.29
OD002347,O00770,P0341,2,63876.98
OD002348,O00770,P0417,3,144485.46
OD002349,O00770,P0306,2,89897.06
OD002350,O00770,P0146,1,18119.49
OD002351,O00771,P0328,1,7635.87
OD002352,O00771,P0124,3,115938.09
OD002353,O00771,P0244,2,89479.28
OD002354,O00772,P0042,2,83946.1
OD002355,O00772,P0267,2,74251.86
OD002356,O00773,P0395,3,36544.65
OD002357,O00774,P0407,1,15477.24
OD002358,O00774,P0104,1,25936.71
OD002359,O00774,P0245,2,68888.2
OD002360,O00774,P0475,1,35943.68
OD002361,O00774,P0047,1,18552.11
OD002362,O00775,P0064,2,59995.84
OD002363,O00776,P0349,3,40272.51
OD002364,O00776,P0072,1,30586.09
OD002365,O00777,P0205,2,7789.2
OD002366,O00777,P0194,2,99314.84
OD002367,O00777,P0096,3,15503.22
OD002368,O00777,P0315,1,6451.23
OD002369,O00778,P0395,3,36544.65
OD002370,O00778,P0044,2,59741.5
OD002371,O00778,P0451,1,32544.56
OD002372,O00778,P0404,1,46983.13
OD002373,O00778,P0303,1,45811.55
OD002374,O00779,P0072,3,91758.27
OD002375,O00779,P0310,1,32555.16
OD002376,O00779,P0044,3,89612.25
OD002377,O00779,P0360,2,89506.44
OD002378,O00779,P0088,3,71587.05
OD002379,O00780,P0376,3,127541.43
OD002380,O00780,P0216,2,10514.78
OD002381,O00781,P0310,1,32555.16
OD002382,O00781,P0007,3,10919.19
OD002383,O00782,P0368,3,86247.51
OD002384,O00782,P0391,1,43651.0
OD002385,O00783,P0080,2,44229.5
OD002386,O00784,P0388,2,96103.56
OD002387,O00784,P0093,3,131924.88
OD002388,O00785,P0413,3,35995.65
OD002389,O00785,P0135,3,83307.84
OD002390,O00785,P0109,1,29170.71
OD002391,O00785,P0115,3,133205.19
OD002392,O00785,P0316,3,31410.96
OD002393,O00786,P0146,2,36238.98
OD002394,O00786,P0235,2,72037.14
OD002395,O00787,P0082,1,26893.32
OD002396,O00787,P0318,1,15284.42
OD002397,O00787,P0015,1,29120.31
OD002398,O00787,P0149,2,66086.52
OD002399,O00787,P0242,1,29562.1
OD002400,O00788,P0426,2,66322.32
OD002401,O00789,P0351,3,50607.87
OD002402,O00789,P0085,1,33183.28
OD002403,O00789,P0160,2,82766.9
OD002404,O00789,P0024,2,51299.0
OD002405,O00790,P0241,1,42008.14
OD002406,O00790,P0272,2,95903.08
OD002407,O00791,P0159,1,16887.31
OD002408,O00791,P0352,2,45129.18
OD002409,O00792,P0490,1,2217.14
OD002410,O00792,P0449,1,31877.19
OD002411,O00792,P0009,1,32134.95
OD002412,O00793,P0434,3,16717.71
OD002413,O00793,P0333,1,5203.19
OD002414,O00794,P0370,1,47131.46
OD002415,O00794,P0036,1,24513.98
OD002416,O00794,P0005,1,17555.54
OD002417,O00794,P0128,1,14179.39
OD002418,O00794,P0148,3,87845.19
OD002419,O00795,P0016,3,137515.53
OD002420,O00795,P0490,3,6651.42
OD002421,O00795,P0202,3,92446.68
OD002422,O00795,P0088,2,47724.7
OD002423,O00796,P0112,1,7126.45
OD002424,O00796,P0056,1,710.67
OD002425,O00796,P0467,1,6015.2
OD002426,O00796,P0106,1,33426.3
OD002427,O00797,P0445,2,79392.7
OD002428,O00797,P0108,2,61589.22
OD002429,O00797,P0409,2,96139.38
OD002430,O00797,P0450,1,13343.15
OD002431,O00798,P0420,2,2144.98
OD002432,O00798,P0064,2,59995.84
OD002433,O00799,P0041,1,6624.75
OD002434,O00799,P0076,2,67490.1
OD002435,O00800,P0143,3,115718.4
OD002436,O00800,P0231,1,36040.9
OD002437,O00800,P0426,3,99483.48
OD002438,O00800,P0135,2,55538.56
OD002439,O00801,P0367,2,91343.18
OD002440,O00801,P0183,2,26211.78
OD002441,O00802,P0327,2,90455.08
OD002442,O00802,P0119,2,47581.1
OD002443,O00802,P0454,3,118151.85
OD002444,O00803,P0181,2,14342.58
OD002445,O00803,P0175,1,10713.49
OD002446,O00804,P0039,3,72938.82
OD002447,O00804,P0082,2,53786.64
OD002448,O00804,P0048,2,31938.52
OD002449,O00805,P0494,2,52778.3
OD002450,O00805,P0112,1,7126.45
OD002451,O00806,P0189,1,21117.14
OD002452,O00806,P0090,2,9082.44
OD002453,O00806,P0181,1,7171.29
OD002454,O00806,P0084,1,24969.67
OD002455,O00807,P0058,3,59553.18
OD002456,O00807,P0376,1,42513.81
OD002457,O00807,P0368,2,57498.34
OD002458,O00807,P0130,2,54957.94
OD002459,O00808,P0280,1,33100.84
OD002460,O00808,P0173,3,109039.56
OD002461,O00808,P0095,2,86842.78
OD002462,O00809,P0055,1,9847.69
OD002463,O00810,P0406,1,35664.69
OD002464,O00811,P0331,3,119340.21
OD002465,O00812,P0293,3,1460.34
OD002466,O00813,P0106,3,100278.9
OD002467,O00813,P0224,3,1785.09
OD002468,O00813,P0143,3,115718.4
OD002469,O00813,P0405,2,73402.82
OD002470,O00814,P0144,2,39831.06
OD002471,O00814,P0293,3,1460.34
OD002472,O00815,P0249,3,50716.05
OD002473,O00816,P0439,3,54015.51
OD002474,O00816,P0125,3,134926.98
OD002475,O00816,P0411,1,19105.0
OD002476,O00816,P0317,1,48728.05
OD002477,O00817,P0007,1,3639.73
OD002478,O00817,P0157,2,318.02
OD002479,O00817,P0037,2,72099.46
OD002480,O00817,P0360,2,89506.44
OD002481,O00817,P0434,1,5572.57
OD002482,O00818,P0437,1,16672.54
OD002483,O00819,P0283,3,56423.25
OD002484,O00820,P0405,1,36701.41
OD002485,O00820,P0113,1,7688.42
OD002486,O00820,P0326,1,18953.49
OD002487,O00820,P0432,1,21473.93
OD002488,O00820,P0282,2,77401.48
OD002489,O00821,P0435,1,47966.92
OD002490,O00821,P0226,2,44050.54
OD002491,O00821,P0158,1,747.56
OD002492,O00821,P0306,3,134845.59
OD002493,O00821,P0115,2,88803.46
OD002494,O00822,P0221,1,25026.69
OD002495,O00822,P0081,3,52126.89
OD002496,O00822,P0413,2,23997.1
OD002497,O00823,P0329,3,109579.05
OD002498,O00823,P0427,1,32006.32
OD002499,O00823,P0196,1,31927.62
OD002500,O00823,P0024,2,51299.0
OD002501,O00824,P0458,2,61629.3
OD002502,O00824,P0461,3,50954.61
OD002503,O00824,P0082,3,80679.96
OD002504,O00824,P0335,2,54948.82
OD002505,O00825,P0245,2,68888.2
OD002506,O00825,P0256,3,114288.09
OD002507,O00825,P0332,1,47413.18
OD002508,O00825,P0058,1,19851.06
OD002509,O00825,P0075,3,19242.21
OD002510,O00826,P0180,1,15179.3
OD002511,O00826,P0346,1,13256.96
OD002512,O00826,P0388,1,48051.78
OD002513,O00826,P0194,3,148972.26
OD002514,O00826,P0213,1,17118.78
OD002515,O00827,P0006,1,22450.55
OD002516,O00827,P0424,3,41330.25
OD002517,O00827,P0095,2,86842.78
OD002518,O00827,P0228,3,128062.8
OD002519,O00828,P0119,2,47581.1
OD002520,O00828,P0481,2,38131.26
OD002521,O00828,P0086,3,136242.54
OD002522,O00828,P0024,1,25649.5
OD002523,O00829,P0195,1,38374.95
OD002524,O00830,P0367,2,91343.18
OD002525,O00830,P0133,1,25607.5
OD002526,O00831,P0237,2,25601.9
OD002527,O00831,P0178,1,6742.5
OD002528,O00831,P0289,2,9807.94
OD002529,O00831,P0212,3,73914.27
OD002530,O00831,P0025,2,65365.6
OD002531,O00832,P0235,3,108055.71
OD002532,O00832,P0470,1,6525.32
OD002533,O00832,P0187,3,138227.25
OD002534,O00832,P0293,3,1460.34
OD002535,O00832,P0167,2,19615.54
OD002536,O00833,P0107,2,70374.92
OD002537,O00833,P0337,3,14663.55
OD002538,O00834,P0428,3,108551.34
OD002539,O00834,P0351,2,33738.58
OD002540,O00834,P0281,1,43942.41
OD002541,O00834,P0476,1,635.14
OD002542,O00834,P0320,2,3848.48
OD002543,O00835,P0288,1,21119.51
OD002544,O00835,P0416,1,2188.07
OD002545,O00835,P0399,1,8358.74
OD002546,O00836,P0103,1,43879.19
OD002547,O00836,P0489,3,90473.22
OD002548,O00836,P0092,3,121752.63
OD002549,O00837,P0487,3,78164.91
OD002550,O00838,P0086,1,45414.18
OD002551,O00838,P0384,3,90830.04
OD002552,O00838,P0246,1,13452.24
OD002553,O00838,P0055,3,29543.07
OD002554,O00839,P0097,3,64201.65
OD002555,O00839,P0037,3,108149.19
OD002556,O00839,P0026,2,26808.06
OD002557,O00840,P0443,3,9082.47
OD002558,O00840,P0402,2,10304.32
OD002559,O00840,P0311,1,26120.96
OD002560,O00841,P0279,1,22978.31
OD002561,O00841,P0060,3,77866.29
OD002562,O00841,P0053,2,57477.82
OD002563,O00841,P0017,2,3770.0
OD002564,O00841,P0443,1,3027.49
OD002565,O00842,P0119,1,23790.55
OD002566,O00843,P0310,1,32555.16
OD002567,O00843,P0020,3,85120.05
OD002568,O00843,P0284,3,28576.68
OD002569,O00843,P0402,2,10304.32
OD002570,O00844,P0368,2,57498.34
OD002571,O00844,P0386,2,53746.06
OD002572,O00844,P0208,3,137981.85
OD002573,O00844,P0499,3,67137.24
OD002574,O00844,P0327,3,135682.62
OD002575,O00845,P0052,2,16260.74
OD002576,O00845,P0274,2,73005.58
OD002577,O00845,P0220,2,31127.54
OD002578,O00845,P0013,1,2877.19
OD002579,O00845,P0487,3,78164.91
OD002580,O00846,P0029,3,5240.46
OD002581,O00846,P0493,2,52132.16
OD002582,O00847,P0383,1,39853.45
OD002583,O00847,P0413,3,35995.65
OD002584,O00847,P0264,3,120101.01
OD002585,O00847,P0123,1,3842.47
OD002586,O00848,P0039,2,48625.88
OD002587,O00848,P0479,2,41293.1
OD002588,O00848,P0371,2,31680.46
OD002589,O00848,P0388,1,48051.78
OD002590,O00849,P0477,3,122388.12
OD002591,O00849,P0001,2,91621.56
OD002592,O00849,P0045,2,55229.04
OD002593,O00850,P0206,2,32835.72
OD002594,O00850,P0373,2,12923.86
OD002595,O00850,P0121,2,45985.0
OD002596,O00850,P0265,2,61726.32
OD002597,O00851,P0021,2,17396.04
OD002598,O00851,P0321,2,82838.28
OD002599,O00851,P0267,3,111377.79
OD002600,O00851,P0447,1,9508.52
OD002601,O00851,P0023,2,86751.02
OD002602,O00852,P0424,3,41330.25
OD002603,O00852,P0025,1,32682.8
OD002604,O00853,P0071,2,63780.52
OD002605,O00853,P0376,1,42513.81
OD002606,O00853,P0311,1,26120.96
OD002607,O00853,P0261,2,69295.22
OD002608,O00853,P0200,3,41824.32
OD002609,O00854,P0094,2,78282.72
OD002610,O00854,P0446,2,85732.06
OD002611,O00855,P0431,1,3972.53
OD002612,O00855,P0279,2,45956.62
OD002613,O00855,P0184,3,121776.96
OD002614,O00856,P0084,1,24969.67
OD002615,O00856,P0334,1,11112.43
OD002616,O00856,P0044,2,59741.5
OD002617,O00856,P0219,3,13061.79
OD002618,O00856,P0031,2,7414.64
OD002619,O00857,P0179,1,15898.63
OD002620,O00857,P0451,2,65089.12
OD002621,O00857,P0143,2,77145.6
OD002622,O00858,P0162,3,145625.88
OD002623,O00858,P0418,2,23270.36
OD002624,O00858,P0078,3,41607.63
OD002625,O00858,P0204,1,36853.4
OD002626,O00859,P0092,1,40584.21
OD002627,O00859,P0238,2,12684.94
OD002628,O00859,P0318,1,15284.42
OD002629,O00860,P0152,1,24420.94
OD002630,O00860,P0106,2,66852.6
OD002631,O00861,P0028,1,169.02
OD002632,O00861,P0192,1,32881.09
OD002633,O00861,P0186,1,39743.81
OD002634,O00861,P0001,2,91621.56
OD002635,O00862,P0254,2,63563.34
OD002636,O00862,P0140,3,86369.13
OD002637,O00862,P0472,2,87555.8
OD002638,O00863,P0459,3,17627.94
OD002639,O00864,P0380,1,8354.83
OD002640,O00864,P0066,2,81888.84
OD002641,O00864,P0439,1,18005.17
OD002642,O00864,P0029,1,1746.82
OD002643,O00865,P0383,1,39853.45
OD002644,O00865,P0463,2,17244.7
OD002645,O00865,P0413,3,35995.65
OD002646,O00866,P0152,2,48841.88
OD002647,O00867,P0001,3,137432.34
OD002648,O00867,P0346,3,39770.88
OD002649,O00867,P0108,2,61589.22
OD002650,O00867,P0147,1,3515.25
OD002651,O00867,P0145,1,19289.24
OD002652,O00868,P0040,3,83836.95
OD002653,O00868,P0296,3,20657.25
OD002654,O00868,P0216,1,5257.39
OD002655,O00869,P0263,3,18607.23
OD002656,O00869,P0135,1,27769.28
OD002657,O00869,P0221,1,25026.69
OD002658,O00870,P0109,3,87512.13
OD002659,O00870,P0012,1,16101.89
OD002660,O00870,P0195,2,76749.9
OD002661,O00871,P0241,2,84016.28
OD002662,O00871,P0068,3,43564.56
OD002663,O00871,P0076,1,33745.05
OD002664,O00872,P0009,1,32134.95
OD002665,O00872,P0350,3,104493.24
OD002666,O00872,P0399,3,25076.22
OD002667,O00872,P0315,3,19353.69
OD002668,O00873,P0414,3,88436.43
OD002669,O00873,P0145,3,57867.72
OD002670,O00873,P0165,1,37256.63
OD002671,O00873,P0176,1,30664.46
OD002672,O00874,P0393,1,20161.69
OD002673,O00875,P0248,2,75431.1
OD002674,O00875,P0336,3,73020.45
OD002675,O00875,P0323,1,47004.89
OD002676,O00875,P0364,1,28432.83
OD002677,O00876,P0248,1,37715.55
OD002678,O00876,P0202,3,92446.68
OD002679,O00876,P0048,3,47907.78
OD002680,O00876,P0360,3,134259.66
OD002681,O00877,P0473,3,20225.46
OD002682,O00877,P0285,2,98337.66
OD002683,O00877,P0303,2,91623.1
OD002684,O00878,P0104,1,25936.71
OD002685,O00878,P0319,3,52560.45
OD002686,O00879,P0440,2,55009.08
OD002687,O00879,P0291,1,38797.98
OD002688,O00880,P0129,2,52995.3
OD002689,O00880,P0139,2,76032.34
OD002690,O00881,P0371,2,31680.46
OD002691,O00881,P0094,3,117424.08
OD002692,O00881,P0370,3,141394.38
OD002693,O00881,P0299,2,83202.12
OD002694,O00882,P0336,1,24340.15
OD002695,O00882,P0377,2,31018.98
OD002696,O00883,P0319,1,17520.15
OD002697,O00883,P0028,2,338.04
OD002698,O00883,P0447,3,28525.56
OD002699,O00883,P0236,2,14729.22
OD002700,O00884,P0217,1,43359.09
OD002701,O00884,P0056,1,710.67
OD002702,O00884,P0149,3,99129.78
OD002703,O00884,P0193,3,7139.52
OD002704,O00885,P0457,2,51114.98
OD002705,O00885,P0177,2,63015.5
OD002706,O00886,P0202,3,92446.68
OD002707,O00887,P0130,2,54957.94
OD002708,O00888,P0070,2,31253.44
OD002709,O00888,P0412,1,28978.96
OD002710,O00888,P0072,1,30586.09
OD002711,O00888,P0466,3,96212.22
OD002712,O00889,P0009,2,64269.9
OD002713,O00890,P0305,2,24769.32
OD002714,O00890,P0388,2,96103.56
OD002715,O00890,P0124,2,77292.06
OD002716,O00890,P0254,3,95345.01
OD002717,O00890,P0243,1,39529.4
OD002718,O00891,P0447,3,28525.56
OD002719,O00892,P0309,1,4996.03
OD002720,O00892,P0045,3,82843.56
OD002721,O00892,P0433,1,38386.31
OD002722,O00892,P0215,2,24470.64
OD002723,O00893,P0383,2,79706.9
OD002724,O00893,P0087,1,2608.49
OD002725,O00893,P0176,3,91993.38
OD002726,O00893,P0485,1,47504.24
OD002727,O00893,P0475,2,71887.36
OD002728,O00894,P0232,2,95346.38
OD002729,O00894,P0089,2,95552.4
OD002730,O00894,P0086,1,45414.18
OD002731,O00895,P0164,1,9669.61
OD002732,O00896,P0182,2,56661.3
OD002733,O00896,P0471,3,12863.4
OD002734,O00896,P0370,2,94262.92
OD002735,O00897,P0399,2,16717.48
OD002736,O00898,P0020,3,85120.05
OD002737,O00898,P0451,1,32544.56
OD002738,O00898,P0346,3,39770.88
OD002739,O00898,P0418,2,23270.36
OD002740,O00898,P0071,1,31890.26
OD002741,O00899,P0129,3,79492.95
OD002742,O00899,P0494,2,52778.3
OD002743,O00899,P0023,1,43375.51
OD002744,O00900,P0137,3,66228.84
OD002745,O00900,P0481,2,38131.26
OD002746,O00900,P0028,1,169.02
OD002747,O00900,P0199,2,42664.0
OD002748,O00901,P0314,3,71001.54
OD002749,O00901,P0395,1,12181.55
OD002750,O00901,P0419,1,31729.12
OD002751,O00901,P0080,1,22114.75
OD002752,O00902,P0379,1,13525.07
OD002753,O00903,P0283,2,37615.5
OD002754,O00903,P0479,3,61939.65
OD002755,O00903,P0249,2,33810.7
OD002756,O00903,P0130,1,27478.97
OD002757,O00903,P0284,2,19051.12
OD002758,O00904,P0162,1,48541.96
OD002759,O00904,P0439,1,18005.17
OD002760,O00904,P0460,1,42204.95
OD002761,O00905,P0331,3,119340.21
OD002762,O00905,P0353,1,12904.16
OD002763,O00905,P0209,1,25876.61
OD002764,O00906,P0389,2,5980.18
OD002765,O00906,P0113,3,23065.26
OD002766,O00907,P0280,3,99302.52
OD002767,O00908,P0237,1,12800.95
OD002768,O00908,P0127,2,86439.86
OD002769,O00909,P0379,3,40575.21
OD002770,O00909,P0433,3,115158.93
OD002771,O00909,P0144,1,19915.53
OD002772,O00909,P0316,2,20940.64
OD002773,O00910,P0340,2,94611.4
OD002774,O00911,P0018,3,116837.01
OD002775,O00912,P0330,1,27768.67
OD002776,O00913,P0469,3,25309.02
OD002777,O00913,P0314,3,71001.54
OD002778,O00913,P0120,2,75145.62
OD002779,O00914,P0223,3,24384.36
OD002780,O00914,P0205,1,3894.6
OD002781,O00915,P0032,2,44264.78
OD002782,O00915,P0123,1,3842.47
OD002783,O00915,P0458,3,92443.95
OD002784,O00915,P0324,2,38768.0
OD002785,O00916,P0457,3,76672.47
OD002786,O00916,P0210,3,106218.45
OD002787,O00917,P0342,3,35181.96
OD002788,O00917,P0264,1,40033.67
OD002789,O00917,P0088,2,47724.7
OD002790,O00917,P0203,2,22949.54
OD002791,O00918,P0253,1,28859.07
OD002792,O00919,P0016,3,137515.53
OD002793,O00920,P0256,2,76192.06
OD002794,O00920,P0051,3,2721.51
OD002795,O00920,P0293,3,1460.34
OD002796,O00920,P0384,1,30276.68
OD002797,O00920,P0072,3,91758.27
OD002798,O00921,P0051,1,907.17
OD002799,O00921,P0350,3,104493.24
OD002800,O00922,P0470,1,6525.32
OD002801,O00922,P0171,3,23644.68
OD002802,O00923,P0347,2,97067.62
OD002803,O00923,P0276,2,34132.26
OD002804,O00923,P0007,2,7279.46
OD002805,O00924,P0010,2,62928.26
OD002806,O00924,P0139,1,38016.17
OD002807,O00925,P0107,2,70374.92
OD002808,O00925,P0342,1,11727.32
OD002809,O00925,P0141,3,26411.58
OD002810,O00925,P0119,3,71371.65
OD002811,O00925,P0249,1,16905.35
OD002812,O00926,P0304,2,8945.54
OD002813,O00926,P0359,1,17296.21
OD002814,O00926,P0344,3,18566.91
OD002815,O00926,P0333,1,5203.19
OD002816,O00927,P0392,3,34217.16
OD002817,O00927,P0275,3,120782.82
OD002818,O00927,P0133,1,25607.5
OD002819,O00927,P0119,3,71371.65
OD002820,O00928,P0434,2,11145.14
OD002821,O00928,P0423,1,36902.07
OD002822,O00928,P0399,3,25076.22
OD002823,O00929,P0043,3,95470.65
OD002824,O00930,P0105,1,1634.46
OD002825,O00930,P0322,2,74675.08
OD002826,O00930,P0035,2,88647.62
OD002827,O00931,P0401,1,4209.04
OD002828,O00932,P0494,3,79167.45
OD002829,O00932,P0225,1,34961.77
OD002830,O00932,P0228,2,85375.2
OD002831,O00933,P0075,2,12828.14
OD002832,O00934,P0083,2,68293.26
OD002833,O00934,P0237,2,25601.9
OD002834,O00934,P0227,2,72027.92
OD002835,O00935,P0480,1,34183.23
OD002836,O00935,P0258,3,146895.51
OD002837,O00936,P0109,3,87512.13
OD002838,O00937,P0254,1,31781.67
OD002839,O00937,P0226,2,44050.54
OD002840,O00937,P0176,1,30664.46
OD002841,O00937,P0452,2,57018.32
OD002842,O00937,P0162,1,48541.96
OD002843,O00938,P0173,2,72693.04
OD002844,O00938,P0297,3,119414.73
OD002845,O00938,P0319,3,52560.45
OD002846,O00939,P0487,1,26054.97
OD002847,O00939,P0213,3,51356.34
OD002848,O00939,P0231,3,108122.7
OD002849,O00939,P0114,1,11898.15
OD002850,O00939,P0050,1,48838.18
OD002851,O00940,P0208,3,137981.85
OD002852,O00940,P0410,2,79522.66
OD002853,O00940,P0261,1,34647.61
OD002854,O00941,P0065,2,92449.4
OD002855,O00941,P0190,2,63226.98
OD002856,O00941,P0497,2,28141.9
OD002857,O00941,P0118,2,71992.32
OD002858,O00941,P0073,1,29600.94
OD002859,O00942,P0315,2,12902.46
OD002860,O00942,P0376,2,85027.62
OD002861,O00942,P0426,1,33161.16
OD002862,O00943,P0019,2,29094.98
OD002863,O00944,P0037,2,72099.46
OD002864,O00944,P0272,2,95903.08
OD002865,O00944,P0305,3,37153.98
OD002866,O00944,P0146,1,18119.49
OD002867,O00945,P0316,2,20940.64
OD002868,O00945,P0266,3,74799.78
OD002869,O00945,P0265,3,92589.48
OD002870,O00946,P0267,1,37125.93
OD002871,O00946,P0112,1,7126.45
OD002872,O00946,P0184,3,121776.96
OD002873,O00946,P0308,2,14383.62
OD002874,O00947,P0330,3,83306.01
OD002875,O00947,P0184,2,81184.64
OD002876,O00947,P0271,3,75725.7
OD002877,O00948,P0361,1,22373.88
OD002878,O00949,P0204,2,73706.8
OD002879,O00949,P0410,2,79522.66
OD002880,O00949,P0027,3,78936.45
OD002881,O00949,P0355,2,97337.12
OD002882,O00949,P0118,2,71992.32
OD002883,O00950,P0300,1,10069.79
OD002884,O00950,P0167,3,29423.31
OD002885,O00950,P0396,3,26250.33
OD002886,O00951,P0145,3,57867.72
OD002887,O00951,P0150,1,48970.24
OD002888,O00951,P0399,3,25076.22
OD002889,O00952,P0093,1,43974.96
OD002890,O00952,P0468,3,102696.87
OD002891,O00952,P0473,3,20225.46
OD002892,O00952,P0182,3,84991.95
OD002893,O00953,P0422,2,47390.44
OD002894,O00953,P0292,1,6391.66
OD002895,O00954,P0011,3,37919.79
OD002896,O00955,P0224,2,1190.06
OD002897,O00955,P0019,3,43642.47
OD002898,O00955,P0439,2,36010.34
OD002899,O00955,P0271,3,75725.7
OD002900,O00955,P0171,3,23644.68
OD002901,O00956,P0124,3,115938.09
OD002902,O00956,P0156,2,74164.72
OD002903,O00957,P0207,2,63623.2
OD002904,O00957,P0195,3,115124.85
OD002905,O00957,P0468,2,68464.58
OD002906,O00958,P0444,3,20947.47
OD002907,O00958,P0373,3,19385.79
OD002908,O00958,P0283,3,56423.25
OD002909,O00959,P0140,3,86369.13
OD002910,O00959,P0225,1,34961.77
OD002911,O00960,P0211,2,85191.94
OD002912,O00960,P0305,3,37153.98
OD002913,O00960,P0463,3,25867.05
OD002914,O00960,P0207,1,31811.6
OD002915,O00961,P0351,3,50607.87
OD002916,O00961,P0483,2,16750.58
OD002917,O00962,P0028,2,338.04
OD002918,O00962,P0484,1,8571.02
OD002919,O00962,P0274,3,109508.37
OD002920,O00963,P0486,1,3392.63
OD002921,O00964,P0239,1,1403.24
OD002922,O00964,P0210,3,106218.45
OD002923,O00965,P0471,2,8575.6
OD002924,O00965,P0437,3,50017.62
OD002925,O00965,P0484,1,8571.02
OD002926,O00966,P0289,1,4903.97
OD002927,O00966,P0145,1,19289.24
OD002928,O00966,P0274,3,109508.37
OD002929,O00966,P0397,2,74773.32
OD002930,O00966,P0415,2,74935.54
OD002931,O00967,P0260,2,8521.36
OD002932,O00967,P0292,3,19174.98
OD002933,O00968,P0376,2,85027.62
OD002934,O00968,P0181,3,21513.87
OD002935,O00968,P0259,3,93443.4
OD002936,O00968,P0220,3,46691.31
OD002937,O00968,P0367,2,91343.18
OD002938,O00969,P0473,2,13483.64
OD002939,O00969,P0488,2,39527.02
OD002940,O00970,P0321,2,82838.28
OD002941,O00970,P0164,1,9669.61
OD002942,O00971,P0309,2,9992.06
OD002943,O00971,P0196,2,63855.24
OD002944,O00971,P0301,2,34875.9
OD002945,O00971,P0338,3,114213.24
OD002946,O00971,P0045,2,55229.04
OD002947,O00972,P0317,2,97456.1
OD002948,O00972,P0482,3,109182.51
OD002949,O00972,P0087,1,2608.49
OD002950,O00973,P0065,2,92449.4
OD002951,O00974,P0364,2,56865.66
OD002952,O00974,P0482,1,36394.17
OD002953,O00975,P0064,3,89993.76
OD002954,O00975,P0498,2,46054.46
OD002955,O00975,P0300,3,30209.37
OD002956,O00976,P0010,3,94392.39
OD002957,O00976,P0163,3,125196.42
OD002958,O00976,P0476,3,1905.42
OD002959,O00976,P0028,1,169.02
OD002960,O00977,P0465,3,115243.59
OD002961,O00977,P0052,1,8130.37
OD002962,O00977,P0338,3,114213.24
OD002963,O00977,P0305,1,12384.66
OD002964,O00978,P0100,3,22008.24
OD002965,O00978,P0126,3,86248.53
OD002966,O00979,P0181,2,14342.58
OD002967,O00979,P0193,3,7139.52
OD002968,O00979,P0412,3,86936.88
OD002969,O00979,P0217,3,130077.27
OD002970,O00980,P0111,2,27541.02
OD002971,O00980,P0205,2,7789.2
OD002972,O00981,P0296,3,20657.25
OD002973,O00982,P0352,1,22564.59
OD002974,O00982,P0269,1,34902.62
OD002975,O00982,P0003,3,144441.69
OD002976,O00982,P0152,2,48841.88
OD002977,O00983,P0203,1,11474.77
OD002978,O00983,P0282,3,116102.22
OD002979,O00983,P0474,3,18108.81
OD002980,O00984,P0227,1,36013.96
OD002981,O00984,P0236,2,14729.22
OD002982,O00984,P0291,1,38797.98
OD002983,O00984,P0273,1,36008.68
OD002984,O00985,P0010,2,62928.26
OD002985,O00985,P0380,3,25064.49
OD002986,O00985,P0331,1,39780.07
OD002987,O00985,P0383,1,39853.45
OD002988,O00985,P0405,1,36701.41
OD002989,O00986,P0157,1,159.01
OD002990,O00986,P0405,3,110104.23
OD002991,O00986,P0253,3,86577.21
OD002992,O00986,P0154,3,80577.6
OD002993,O00986,P0394,3,72722.01
OD002994,O00987,P0227,2,72027.92
OD002995,O00987,P0032,2,44264.78
OD002996,O00987,P0420,3,3217.47
OD002997,O00987,P0030,3,38733.09
OD002998,O00988,P0085,1,33183.28
OD002999,O00988,P0187,1,46075.75
OD003000,O00988,P0160,2,82766.9
OD003001,O00988,P0008,2,43270.64
OD003002,O00989,P0007,3,10919.19
OD003003,O00990,P0005,3,52666.62
OD003004,O00990,P0421,3,112780.89
OD003005,O00990,P0409,2,96139.38
OD003006,O00991,P0025,1,32682.8
OD003007,O00991,P0064,2,59995.84
OD003008,O00992,P0170,3,80883.33
OD003009,O00993,P0048,3,47907.78
OD003010,O00993,P0035,3,132971.43
OD003011,O00993,P0148,3,87845.19
OD003012,O00993,P0034,1,23453.17
OD003013,O00994,P0035,3,132971.43
OD003014,O00994,P0159,1,16887.31
OD003015,O00994,P0181,1,7171.29
OD003016,O00994,P0047,1,18552.11
OD003017,O00994,P0384,2,60553.36
OD003018,O00995,P0357,1,8621.08
OD003019,O00995,P0413,1,11998.55
OD003020,O00995,P0036,1,24513.98
OD003021,O00996,P0125,3,134926.98
OD003022,O00996,P0272,3,143854.62
OD003023,O00996,P0330,3,83306.01
OD003024,O00997,P0472,3,131333.7
OD003025,O00997,P0162,3,145625.88
OD003026,O00997,P0342,2,23454.64
OD003027,O00997,P0380,2,16709.66
OD003028,O00997,P0349,1,13424.17
OD003029,O00998,P0364,3,85298.49
OD003030,O00998,P0231,2,72081.8
OD003031,O00998,P0036,2,49027.96
OD003032,O00998,P0150,1,48970.24
OD003033,O00999,P0310,1,32555.16
OD003034,O00999,P0155,1,7171.57
OD003035,O01000,P0145,1,19289.24
OD003036,O01000,P0012,2,32203.78
OD003037,O01000,P0437,3,50017.62
OD003038,O01000,P0338,3,114213.24
OD003039,O01001,P0392,3,34217.16
OD003040,O01001,P0153,2,94524.6
OD003041,O01001,P0334,1,11112.43
OD003042,O01001,P0350,3,104493.24
OD003043,O01002,P0006,2,44901.1
OD003044,O01002,P0056,3,2132.01
OD003045,O01002,P0459,1,5875.98
OD003046,O01002,P0263,1,6202.41
OD003047,O01002,P0169,2,19610.32
OD003048,O01003,P0275,2,80521.88
OD003049,O01003,P0032,1,22132.39
OD003050,O01003,P0008,3,64905.96
OD003051,O01004,P0235,1,36018.57
OD003052,O01004,P0438,3,77602.02
OD003053,O01004,P0474,3,18108.81
OD003054,O01005,P0462,3,104293.86
OD003055,O01006,P0297,3,119414.73
OD003056,O01006,P0139,3,114048.51
OD003057,O01007,P0232,3,143019.57
OD003058,O01007,P0211,3,127787.91
OD003059,O01007,P0121,1,22992.5
OD003060,O01007,P0301,1,17437.95
OD003061,O01007,P0276,1,17066.13
OD003062,O01008,P0296,2,13771.5
OD003063,O01008,P0029,1,1746.82
OD003064,O01008,P0106,1,33426.3
OD003065,O01008,P0076,3,101235.15
OD003066,O01009,P0380,1,8354.83
OD003067,O01009,P0461,1,16984.87
OD003068,O01009,P0082,1,26893.32
OD003069,O01009,P0174,2,66122.82
OD003070,O01009,P0273,1,36008.68
OD003071,O01010,P0050,1,48838.18
OD003072,O01010,P0190,3,94840.47
OD003073,O01011,P0099,2,10174.16
OD003074,O01011,P0288,1,21119.51
OD003075,O01011,P0043,2,63647.1
OD003076,O01011,P0248,1,37715.55
OD003077,O01012,P0415,2,74935.54
OD003078,O01012,P0294,1,28895.66
OD003079,O01012,P0418,3,34905.54
OD003080,O01013,P0395,3,36544.65
OD003081,O01014,P0371,1,15840.23
OD003082,O01014,P0448,1,7511.41
OD003083,O01014,P0120,3,112718.43
OD003084,O01014,P0319,1,17520.15
OD003085,O01014,P0138,2,4469.08
OD003086,O01015,P0449,3,95631.57
OD003087,O01016,P0194,3,148972.26
OD003088,O01016,P0049,3,101055.42
OD003089,O01016,P0039,3,72938.82
OD003090,O01017,P0482,2,72788.34
OD003091,O01017,P0468,3,102696.87
OD003092,O01017,P0186,2,79487.62
OD003093,O01017,P0181,3,21513.87
OD003094,O01017,P0326,1,18953.49
OD003095,O01018,P0280,2,66201.68
OD003096,O01018,P0049,2,67370.28
OD003097,O01018,P0098,2,60272.76
OD003098,O01019,P0018,1,38945.67
OD003099,O01019,P0179,2,31797.26
OD003100,O01019,P0383,3,119560.35
OD003101,O01019,P0001,3,137432.34
OD003102,O01019,P0114,1,11898.15
OD003103,O01020,P0121,1,22992.5
OD003104,O01020,P0399,2,16717.48
OD003105,O01020,P0286,2,68773.2
OD003106,O01020,P0002,1,29810.32
OD003107,O01020,P0363,3,79520.49
OD003108,O01021,P0169,3,29415.48
OD003109,O01021,P0374,3,107170.98
OD003110,O01021,P0103,3,131637.57
OD003111,O01021,P0440,2,55009.08
OD003112,O01021,P0288,3,63358.53
OD003113,O01022,P0193,2,4759.68
OD003114,O01022,P0457,2,51114.98
OD003115,O01022,P0169,2,19610.32
OD003116,O01022,P0038,1,13156.01
OD003117,O01022,P0207,3,95434.8
OD003118,O01023,P0283,2,37615.5
OD003119,O01023,P0337,3,14663.55
OD003120,O01023,P0371,2,31680.46
OD003121,O01024,P0273,3,108026.04
OD003122,O01024,P0176,2,61328.92
OD003123,O01024,P0266,2,49866.52
OD003124,O01025,P0117,2,3584.78
OD003125,O01026,P0220,3,46691.31
OD003126,O01026,P0496,3,19338.99
OD003127,O01026,P0218,2,51968.2
OD003128,O01026,P0464,1,39575.17
OD003129,O01027,P0280,2,66201.68
OD003130,O01027,P0334,1,11112.43
OD003131,O01028,P0378,1,44960.42
OD003132,O01028,P0204,2,73706.8
OD003133,O01028,P0467,2,12030.4
OD003134,O01029,P0463,1,8622.35
OD003135,O01029,P0449,2,63754.38
OD003136,O01029,P0412,2,57957.92
OD003137,O01029,P0193,3,7139.52
OD003138,O01030,P0476,1,635.14
OD003139,O01030,P0409,1,48069.69
OD003140,O01030,P0027,2,52624.3
OD003141,O01030,P0044,2,59741.5
OD003142,O01030,P0230,3,38824.17
OD003143,O01031,P0326,2,37906.98
OD003144,O01032,P0477,2,81592.08
OD003145,O01032,P0478,1,45214.46
OD003146,O01032,P0222,1,16593.23
OD003147,O01032,P0267,1,37125.93
OD003148,O01032,P0327,2,90455.08
OD003149,O01033,P0007,3,10919.19
OD003150,O01033,P0415,3,112403.31
OD003151,O01033,P0077,1,31770.26
OD003152,O01033,P0198,2,9328.98
OD003153,O01034,P0392,2,22811.44
OD003154,O01034,P0464,1,39575.17
OD003155,O01034,P0115,1,44401.73
OD003156,O01035,P0324,2,38768.0
OD003157,O01035,P0441,2,62882.12
OD003158,O01035,P0351,2,33738.58
OD003159,O01036,P0396,1,8750.11
OD003160,O01036,P0381,2,40725.78
OD003161,O01037,P0494,3,79167.45
OD003162,O01037,P0463,1,8622.35
OD003163,O01037,P0211,3,127787.91
OD003164,O01038,P0108,1,30794.61
OD003165,O01038,P0431,1,3972.53
OD003166,O01038,P0092,1,40584.21
OD003167,O01038,P0365,3,21585.42
OD003168,O01038,P0490,2,4434.28
OD003169,O01039,P0055,2,19695.38
OD003170,O01040,P0313,2,73815.2
OD003171,O01040,P0135,1,27769.28
OD003172,O01040,P0299,3,124803.18
OD003173,O01040,P0125,3,134926.98
OD003174,O01041,P0011,3,37919.79
OD003175,O01042,P0207,2,63623.2
OD003176,O01042,P0303,1,45811.55
OD003177,O01042,P0020,2,56746.7
OD003178,O01042,P0036,2,49027.96
OD003179,O01042,P0497,1,14070.95
OD003180,O01043,P0440,3,82513.62
OD003181,O01043,P0283,2,37615.5
OD003182,O01043,P0274,3,109508.37
OD003183,O01043,P0311,2,52241.92
OD003184,O01044,P0139,3,114048.51
OD003185,O01044,P0436,1,17907.21
OD003186,O01044,P0022,3,99370.53
OD003187,O01045,P0333,2,10406.38
OD003188,O01045,P0203,3,34424.31
OD003189,O01045,P0357,2,17242.16
OD003190,O01045,P0098,3,90409.14
OD003191,O01045,P0219,3,13061.79
OD003192,O01046,P0435,3,143900.76
OD003193,O01046,P0233,1,5535.26
OD003194,O01046,P0157,2,318.02
OD003195,O01047,P0168,1,16016.13
OD003196,O01048,P0364,2,56865.66
OD003197,O01048,P0155,1,7171.57
OD003198,O01048,P0148,2,58563.46
OD003199,O01048,P0110,3,125205.84
OD003200,O01049,P0092,1,40584.21
OD003201,O01049,P0177,3,94523.25
OD003202,O01049,P0372,1,13248.28
OD003203,O01050,P0049,3,101055.42
OD003204,O01050,P0285,1,49168.83
OD003205,O01050,P0021,3,26094.06
OD003206,O01050,P0361,2,44747.76
OD003207,O01051,P0166,3,14113.35
OD003208,O01051,P0483,1,8375.29
OD003209,O01052,P0009,1,32134.95
OD003210,O01053,P0010,2,62928.26
OD003211,O01053,P0089,2,95552.4
OD003212,O01053,P0038,1,13156.01
OD003213,O01054,P0156,1,37082.36
OD003214,O01054,P0465,1,38414.53
OD003215,O01054,P0481,2,38131.26
OD003216,O01055,P0380,2,16709.66
OD003217,O01056,P0435,3,143900.76
OD003218,O01056,P0073,3,88802.82
OD003219,O01057,P0180,2,30358.6
OD003220,O01057,P0240,1,12458.89
OD003221,O01057,P0424,3,41330.25
OD003222,O01057,P0476,2,1270.28
OD003223,O01058,P0431,2,7945.06
OD003224,O01058,P0069,3,131616.3
OD003225,O01058,P0049,2,67370.28
OD003226,O01058,P0472,2,87555.8
OD003227,O01058,P0477,2,81592.08
OD003228,O01059,P0235,3,108055.71
OD003229,O01059,P0195,3,115124.85
OD003230,O01059,P0331,2,79560.14
OD003231,O01060,P0296,3,20657.25
OD003232,O01060,P0456,2,64057.32
OD003233,O01060,P0275,2,80521.88
OD003234,O01061,P0089,1,47776.2
OD003235,O01061,P0086,3,136242.54
OD003236,O01061,P0442,2,96099.46
OD003237,O01062,P0440,1,27504.54
OD003238,O01063,P0179,2,31797.26
OD003239,O01063,P0227,2,72027.92
OD003240,O01064,P0217,2,86718.18
OD003241,O01064,P0326,2,37906.98
OD003242,O01064,P0040,3,83836.95
OD003243,O01064,P0262,3,53668.83
OD003244,O01065,P0476,3,1905.42
OD003245,O01065,P0245,1,34444.1
OD003246,O01065,P0427,2,64012.64
OD003247,O01065,P0347,1,48533.81
OD003248,O01066,P0102,3,125107.26
OD003249,O01067,P0265,2,61726.32
OD003250,O01068,P0206,2,32835.72
OD003251,O01068,P0362,1,18203.86
OD003252,O01068,P0200,1,13941.44
OD003253,O01068,P0445,1,39696.35
OD003254,O01068,P0451,3,97633.68
OD003255,O01069,P0122,2,51261.12
OD003256,O01069,P0005,1,17555.54
OD003257,O01069,P0430,1,43351.68
OD003258,O01070,P0496,1,6446.33
OD003259,O01070,P0216,1,5257.39
OD003260,O01070,P0427,3,96018.96
OD003261,O01070,P0095,1,43421.39
OD003262,O01071,P0033,1,7304.63
OD003263,O01071,P0087,1,2608.49
OD003264,O01071,P0060,3,77866.29
OD003265,O01071,P0314,2,47334.36
OD003266,O01071,P0413,2,23997.1
OD003267,O01072,P0405,1,36701.41
OD003268,O01073,P0092,3,121752.63
OD003269,O01073,P0227,1,36013.96
OD003270,O01074,P0149,2,66086.52
OD003271,O01074,P0132,3,50859.3
OD003272,O01074,P0446,1,42866.03
OD003273,O01075,P0121,2,45985.0
OD003274,O01076,P0131,1,25134.94
OD003275,O01076,P0220,1,15563.77
OD003276,O01077,P0404,2,93966.26
OD003277,O01078,P0246,2,26904.48
OD003278,O01078,P0494,1,26389.15
OD003279,O01078,P0275,1,40260.94
OD003280,O01078,P0324,2,38768.0
OD003281,O01079,P0478,1,45214.46
OD003282,O01079,P0365,2,14390.28
OD003283,O01080,P0356,2,3492.78
OD003284,O01080,P0180,2,30358.6
OD003285,O01080,P0462,3,104293.86
OD003286,O01080,P0401,2,8418.08
OD003287,O01081,P0421,3,112780.89
OD003288,O01081,P0191,3,12342.3
OD003289,O01081,P0166,3,14113.35
OD003290,O01082,P0213,1,17118.78
OD003291,O01083,P0084,3,74909.01
OD003292,O01083,P0487,2,52109.94
OD003293,O01083,P0199,2,42664.0
OD003294,O01084,P0205,3,11683.8
OD003295,O01084,P0464,1,39575.17
OD003296,O01084,P0076,1,33745.05
OD003297,O01085,P0162,3,145625.88
OD003298,O01086,P0346,2,26513.92
OD003299,O01086,P0186,3,119231.43
OD003300,O01086,P0171,1,7881.56
OD003301,O01086,P0034,2,46906.34
OD003302,O01087,P0127,3,129659.79
OD003303,O01087,P0229,1,18497.07
OD003304,O01087,P0048,1,15969.26
OD003305,O01088,P0099,3,15261.24
OD003306,O01088,P0084,1,24969.67
OD003307,O01088,P0228,1,42687.6
OD003308,O01088,P0212,1,24638.09
OD003309,O01089,P0163,3,125196.42
OD003310,O01090,P0029,3,5240.46
OD003311,O01090,P0071,2,63780.52
OD003312,O01090,P0022,2,66247.02
OD003313,O01090,P0049,2,67370.28
OD003314,O01091,P0449,2,63754.38
OD003315,O01091,P0261,1,34647.61
OD003316,O01091,P0137,3,66228.84
OD003317,O01091,P0293,2,973.56
OD003318,O01091,P0023,1,43375.51
OD003319,O01092,P0287,3,85789.38
OD003320,O01092,P0281,2,87884.82
OD003321,O01092,P0023,2,86751.02
OD003322,O01093,P0444,3,20947.47
OD003323,O01093,P0204,3,110560.2
OD003324,O01093,P0356,3,5239.17
OD003325,O01093,P0194,1,49657.42
OD003326,O01094,P0103,1,43879.19
OD003327,O01095,P0457,2,51114.98
OD003328,O01095,P0358,2,40061.92
OD003329,O01095,P0494,3,79167.45
OD003330,O01095,P0167,1,9807.77
OD003331,O01096,P0208,1,45993.95
OD003332,O01097,P0166,1,4704.45
OD003333,O01098,P0216,3,15772.17
OD003334,O01098,P0363,1,26506.83
OD003335,O01098,P0170,2,53922.22
OD003336,O01098,P0320,3,5772.72
OD003337,O01098,P0210,1,35406.15
OD003338,O01099,P0112,1,7126.45
OD003339,O01100,P0112,2,14252.9
OD003340,O01100,P0285,3,147506.49
OD003341,O01100,P0181,1,7171.29
OD003342,O01101,P0091,3,57709.62
OD003343,O01101,P0424,1,13776.75
OD003344,O01102,P0299,3,124803.18
OD003345,O01102,P0063,3,5388.06
OD003346,O01102,P0019,2,29094.98
OD003347,O01102,P0148,2,58563.46
OD003348,O01102,P0002,2,59620.64
OD003349,O01103,P0310,3,97665.48
OD003350,O01104,P0351,3,50607.87
OD003351,O01104,P0042,3,125919.15
OD003352,O01104,P0081,2,34751.26
OD003353,O01104,P0408,1,30060.41
OD003354,O01105,P0442,3,144149.19
OD003355,O01105,P0251,1,13197.73
OD003356,O01105,P0149,3,99129.78
OD003357,O01106,P0271,1,25241.9
OD003358,O01107,P0074,1,31600.59
OD003359,O01107,P0268,3,148893.3
OD003360,O01107,P0043,2,63647.1
OD003361,O01108,P0316,2,20940.64
OD003362,O01108,P0339,1,15732.96
OD003363,O01108,P0083,2,68293.26
OD003364,O01109,P0079,3,6302.61
OD003365,O01109,P0247,3,125469.18
OD003366,O01110,P0310,1,32555.16
OD003367,O01110,P0026,2,26808.06
OD003368,O01110,P0490,3,6651.42
OD003369,O01111,P0474,3,18108.81
OD003370,O01111,P0412,1,28978.96
OD003371,O01112,P0230,2,25882.78
OD003372,O01112,P0496,2,12892.66
OD003373,O01112,P0317,2,97456.1
OD003374,O01112,P0422,1,23695.22
OD003375,O01112,P0090,3,13623.66
OD003376,O01113,P0445,1,39696.35
OD003377,O01113,P0157,2,318.02
OD003378,O01113,P0488,3,59290.53
OD003379,O01114,P0115,1,44401.73
OD003380,O01114,P0478,1,45214.46
OD003381,O01115,P0370,3,141394.38
OD003382,O01115,P0008,2,43270.64
OD003383,O01116,P0322,1,37337.54
OD003384,O01117,P0465,1,38414.53
OD003385,O01117,P0126,1,28749.51
OD003386,O01117,P0116,2,14367.78
OD003387,O01117,P0172,3,112075.17
OD003388,O01118,P0252,1,27839.73
OD003389,O01118,P0349,1,13424.17
OD003390,O01118,P0029,3,5240.46
OD003391,O01119,P0496,1,6446.33
OD003392,O01119,P0145,3,57867.72
OD003393,O01119,P0242,1,29562.1
OD003394,O01119,P0285,3,147506.49
OD003395,O01120,P0408,2,60120.82
OD003396,O01120,P0144,2,39831.06
OD003397,O01121,P0315,3,19353.69
OD003398,O01121,P0230,3,38824.17
OD003399,O01122,P0191,3,12342.3
OD003400,O01122,P0446,3,128598.09
OD003401,O01122,P0002,2,59620.64
OD003402,O01122,P0317,1,48728.05
OD003403,O01123,P0401,2,8418.08
OD003404,O01123,P0307,2,55488.36
OD003405,O01123,P0221,2,50053.38
OD003406,O01123,P0488,3,59290.53
OD003407,O01123,P0329,1,36526.35
OD003408,O01124,P0128,2,28358.78
OD003409,O01125,P0191,1,4114.1
OD003410,O01125,P0226,2,44050.54
OD003411,O01125,P0433,2,76772.62
OD003412,O01125,P0193,3,7139.52
OD003413,O01125,P0156,3,111247.08
OD003414,O01126,P0206,2,32835.72
OD003415,O01126,P0349,2,26848.34
OD003416,O01127,P0197,3,35485.14
OD003417,O01127,P0219,2,8707.86
OD003418,O01127,P0094,2,78282.72
OD003419,O01127,P0189,3,63351.42
OD003420,O01128,P0329,2,73052.7
OD003421,O01128,P0432,2,42947.86
OD003422,O01128,P0126,2,57499.02
OD003423,O01129,P0426,2,66322.32
OD003424,O01130,P0408,1,30060.41
OD003425,O01131,P0293,2,973.56
OD003426,O01131,P0090,3,13623.66
OD003427,O01132,P0096,3,15503.22
OD003428,O01132,P0120,2,75145.62
OD003429,O01132,P0124,2,77292.06
OD003430,O01132,P0107,2,70374.92
OD003431,O01133,P0284,1,9525.56
OD003432,O01134,P0452,1,28509.16
OD003433,O01134,P0357,3,25863.24
OD003434,O01135,P0373,1,6461.93
OD003435,O01135,P0313,1,36907.6
OD003436,O01135,P0218,2,51968.2
OD003437,O01136,P0136,2,5983.36
OD003438,O01136,P0420,3,3217.47
OD003439,O01136,P0452,1,28509.16
OD003440,O01136,P0036,2,49027.96
OD003441,O01137,P0414,2,58957.62
OD003442,O01137,P0286,1,34386.6
OD003443,O01137,P0348,1,19437.03
OD003444,O01137,P0180,2,30358.6
OD003445,O01138,P0291,1,38797.98
OD003446,O01138,P0077,2,63540.52
OD003447,O01138,P0412,3,86936.88
OD003448,O01138,P0349,1,13424.17
OD003449,O01139,P0229,2,36994.14
OD003450,O01140,P0390,3,141141.45
OD003451,O01140,P0325,3,24915.09
OD003452,O01140,P0362,2,36407.72
OD003453,O01141,P0364,2,56865.66
OD003454,O01141,P0154,1,26859.2
OD003455,O01141,P0088,2,47724.7
OD003456,O01141,P0160,3,124150.35
OD003457,O01141,P0343,1,36254.41
OD003458,O01142,P0490,1,2217.14
OD003459,O01142,P0287,3,85789.38
OD003460,O01143,P0347,3,145601.43
OD003461,O01143,P0304,3,13418.31
OD003462,O01143,P0327,3,135682.62
OD003463,O01143,P0449,2,63754.38
OD003464,O01144,P0036,2,49027.96
OD003465,O01144,P0088,1,23862.35
OD003466,O01144,P0342,3,35181.96
OD003467,O01144,P0082,2,53786.64
OD003468,O01145,P0418,3,34905.54
OD003469,O01146,P0375,1,11084.88
OD003470,O01146,P0379,1,13525.07
OD003471,O01146,P0498,3,69081.69
OD003472,O01146,P0201,2,76541.52
OD003473,O01146,P0253,3,86577.21
OD003474,O01147,P0065,2,92449.4
OD003475,O01147,P0054,2,98806.14
OD003476,O01147,P0169,1,9805.16
OD003477,O01147,P0041,1,6624.75
OD003478,O01147,P0388,1,48051.78
OD003479,O01148,P0037,2,72099.46
OD003480,O01148,P0035,1,44323.81
OD003481,O01148,P0123,2,7684.94
OD003482,O01148,P0425,1,23771.25
OD003483,O01149,P0143,3,115718.4
OD003484,O01149,P0317,1,48728.05
OD003485,O01149,P0265,1,30863.16
OD003486,O01149,P0474,1,6036.27
OD003487,O01149,P0083,1,34146.63
OD003488,O01150,P0214,2,60787.18
OD003489,O01151,P0267,2,74251.86
OD003490,O01152,P0197,1,11828.38
OD003491,O01152,P0155,1,7171.57
OD003492,O01152,P0282,1,38700.74
OD003493,O01153,P0227,2,72027.92
OD003494,O01154,P0223,3,24384.36
OD003495,O01154,P0380,2,16709.66
OD003496,O01154,P0309,1,4996.03
OD003497,O01154,P0204,3,110560.2
OD003498,O01154,P0418,2,23270.36
OD003499,O01155,P0378,3,134881.26
OD003500,O01155,P0182,2,56661.3
OD003501,O01155,P0206,1,16417.86
OD003502,O01156,P0252,1,27839.73
OD003503,O01157,P0331,2,79560.14
OD003504,O01158,P0172,1,37358.39
OD003505,O01158,P0298,3,30362.19
OD003506,O01158,P0239,3,4209.72
OD003507,O01159,P0495,3,53044.65
OD003508,O01159,P0131,1,25134.94
OD003509,O01159,P0464,3,118725.51
OD003510,O01160,P0282,3,116102.22
OD003511,O01160,P0475,1,35943.68
OD003512,O01160,P0236,2,14729.22
OD003513,O01161,P0007,3,10919.19
OD003514,O01161,P0284,3,28576.68
OD003515,O01162,P0020,2,56746.7
OD003516,O01162,P0308,2,14383.62
OD003517,O01162,P0014,3,140335.2
OD003518,O01162,P0407,1,15477.24
OD003519,O01163,P0398,3,126932.58
OD003520,O01163,P0043,3,95470.65
OD003521,O01164,P0429,1,25226.17
OD003522,O01164,P0415,1,37467.77
OD003523,O01164,P0364,1,28432.83
OD003524,O01164,P0421,2,75187.26
OD003525,O01164,P0222,3,49779.69
OD003526,O01165,P0290,1,26416.08
OD003527,O01165,P0248,1,37715.55
OD003528,O01165,P0403,2,19148.42
OD003529,O01165,P0059,3,15666.66
OD003530,O01165,P0058,3,59553.18
OD003531,O01166,P0223,1,8128.12
OD003532,O01166,P0020,2,56746.7
OD003533,O01166,P0015,2,58240.62
OD003534,O01166,P0493,2,52132.16
OD003535,O01167,P0266,2,49866.52
OD003536,O01167,P0434,1,5572.57
OD003537,O01167,P0487,2,52109.94
OD003538,O01167,P0246,3,40356.72
OD003539,O01168,P0015,3,87360.93
OD003540,O01169,P0107,3,105562.38
OD003541,O01170,P0214,1,30393.59
OD003542,O01170,P0052,1,8130.37
OD003543,O01170,P0155,2,14343.14
OD003544,O01171,P0133,1,25607.5
OD003545,O01171,P0177,1,31507.75
OD003546,O01171,P0035,1,44323.81
OD003547,O01171,P0459,2,11751.96
OD003548,O01172,P0045,3,82843.56
OD003549,O01172,P0220,1,15563.77
OD003550,O01172,P0170,2,53922.22
OD003551,O01172,P0347,2,97067.62
OD003552,O01172,P0135,2,55538.56
OD003553,O01173,P0067,3,67546.41
OD003554,O01173,P0473,2,13483.64
OD003555,O01174,P0427,1,32006.32
OD003556,O01174,P0140,1,28789.71
OD003557,O01174,P0304,1,4472.77
OD003558,O01174,P0269,3,104707.86
OD003559,O01174,P0047,1,18552.11
OD003560,O01175,P0111,2,27541.02
OD003561,O01175,P0487,2,52109.94
OD003562,O01175,P0233,2,11070.52
OD003563,O01175,P0303,2,91623.1
OD003564,O01176,P0401,1,4209.04
OD003565,O01177,P0145,2,38578.48
OD003566,O01177,P0317,1,48728.05
OD003567,O01178,P0358,2,40061.92
OD003568,O01179,P0496,2,12892.66
OD003569,O01179,P0389,2,5980.18
OD003570,O01179,P0291,2,77595.96
OD003571,O01180,P0345,2,56514.24
OD003572,O01181,P0362,1,18203.86
OD003573,O01181,P0054,1,49403.07
OD003574,O01182,P0008,2,43270.64
OD003575,O01182,P0020,2,56746.7
OD003576,O01183,P0384,3,90830.04
OD003577,O01184,P0083,1,34146.63
OD003578,O01184,P0431,2,7945.06
OD003579,O01184,P0323,2,94009.78
OD003580,O01184,P0459,1,5875.98
OD003581,O01184,P0215,2,24470.64
OD003582,O01185,P0047,1,18552.11
OD003583,O01185,P0032,1,22132.39
OD003584,O01185,P0454,3,118151.85
OD003585,O01186,P0081,1,17375.63
OD003586,O01186,P0483,1,8375.29
OD003587,O01186,P0475,2,71887.36
OD003588,O01186,P0270,1,11052.9
OD003589,O01187,P0289,1,4903.97
OD003590,O01187,P0430,2,86703.36
OD003591,O01187,P0231,3,108122.7
OD003592,O01187,P0472,3,131333.7
OD003593,O01188,P0081,1,17375.63
OD003594,O01188,P0445,1,39696.35
OD003595,O01188,P0296,2,13771.5
OD003596,O01189,P0374,2,71447.32
OD003597,O01189,P0046,2,67462.54
OD003598,O01189,P0190,3,94840.47
OD003599,O01190,P0176,3,91993.38
OD003600,O01191,P0281,3,131827.23
OD003601,O01192,P0073,1,29600.94
OD003602,O01192,P0266,3,74799.78
OD003603,O01192,P0143,2,77145.6
OD003604,O01192,P0375,3,33254.64
OD003605,O01193,P0467,3,18045.6
OD003606,O01194,P0072,2,61172.18
OD003607,O01194,P0112,1,7126.45
OD003608,O01195,P0414,1,29478.81
OD003609,O01196,P0455,2,48492.8
OD003610,O01196,P0297,3,119414.73
OD003611,O01196,P0057,2,64072.7
OD003612,O01196,P0036,2,49027.96
OD003613,O01197,P0067,3,67546.41
OD003614,O01197,P0260,1,4260.68
OD003615,O01197,P0082,3,80679.96
OD003616,O01197,P0196,3,95782.86
OD003617,O01197,P0274,3,109508.37
OD003618,O01198,P0326,1,18953.49
OD003619,O01198,P0454,3,118151.85
OD003620,O01199,P0417,3,144485.46
OD003621,O01200,P0023,1,43375.51
OD003622,O01200,P0004,3,44290.83
OD003623,O01201,P0238,3,19027.41
OD003624,O01201,P0072,3,91758.27
OD003625,O01201,P0498,1,23027.23
OD003626,O01202,P0346,3,39770.88
OD003627,O01202,P0306,2,89897.06
OD003628,O01202,P0072,2,61172.18
OD003629,O01203,P0229,3,55491.21
OD003630,O01203,P0084,2,49939.34
OD003631,O01203,P0205,1,3894.6
OD003632,O01204,P0035,3,132971.43
OD003633,O01204,P0334,3,33337.29
OD003634,O01204,P0010,1,31464.13
OD003635,O01204,P0132,1,16953.1
OD003636,O01205,P0471,3,12863.4
OD003637,O01205,P0405,1,36701.41
OD003638,O01205,P0006,2,44901.1
OD003639,O01205,P0229,2,36994.14
OD003640,O01205,P0247,1,41823.06
OD003641,O01206,P0444,1,6982.49
OD003642,O01206,P0349,1,13424.17
OD003643,O01206,P0226,1,22025.27
OD003644,O01206,P0076,2,67490.1
OD003645,O01206,P0164,1,9669.61
OD003646,O01207,P0156,2,74164.72
OD003647,O01207,P0110,3,125205.84
OD003648,O01207,P0316,2,20940.64
OD003649,O01207,P0230,1,12941.39
OD003650,O01208,P0097,2,42801.1
OD003651,O01209,P0328,2,15271.74
OD003652,O01209,P0184,1,40592.32
OD003653,O01209,P0302,1,17949.9
OD003654,O01209,P0341,2,63876.98
OD003655,O01210,P0319,2,35040.3
OD003656,O01210,P0115,1,44401.73
OD003657,O01210,P0202,2,61631.12
OD003658,O01211,P0419,1,31729.12
OD003659,O01211,P0142,2,85253.04
OD003660,O01211,P0477,3,122388.12
OD003661,O01211,P0028,3,507.06
OD003662,O01211,P0353,3,38712.48
OD003663,O01212,P0407,3,46431.72
OD003664,O01213,P0097,3,64201.65
OD003665,O01214,P0304,1,4472.77
OD003666,O01214,P0015,3,87360.93
OD003667,O01215,P0393,1,20161.69
OD003668,O01215,P0307,2,55488.36
OD003669,O01216,P0373,3,19385.79
OD003670,O01216,P0452,1,28509.16
OD003671,O01216,P0459,2,11751.96
OD003672,O01216,P0250,2,32168.66
OD003673,O01217,P0280,2,66201.68
OD003674,O01218,P0300,2,20139.58
OD003675,O01218,P0182,1,28330.65
OD003676,O01218,P0379,2,27050.14
OD003677,O01218,P0207,2,63623.2
OD003678,O01219,P0466,2,64141.48
OD003679,O01219,P0445,1,39696.35
OD003680,O01219,P0049,3,101055.42
OD003681,O01219,P0247,1,41823.06
OD003682,O01219,P0467,1,6015.2
OD003683,O01220,P0075,1,6414.07
OD003684,O01220,P0073,1,29600.94
OD003685,O01220,P0123,3,11527.41
OD003686,O01221,P0144,3,59746.59
OD003687,O01221,P0387,3,111334.47
OD003688,O01221,P0234,2,63310.24
OD003689,O01221,P0356,2,3492.78
OD003690,O01222,P0229,1,18497.07
OD003691,O01222,P0143,2,77145.6
OD003692,O01222,P0281,1,43942.41
OD003693,O01223,P0184,2,81184.64
OD003694,O01223,P0325,1,8305.03
OD003695,O01223,P0135,2,55538.56
OD003696,O01223,P0120,2,75145.62
OD003697,O01224,P0218,2,51968.2
OD003698,O01224,P0442,1,48049.73
OD003699,O01224,P0136,2,5983.36
OD003700,O01224,P0056,1,710.67
OD003701,O01224,P0152,1,24420.94
OD003702,O01225,P0462,1,34764.62
OD003703,O01225,P0260,3,12782.04
OD003704,O01225,P0367,2,91343.18
OD003705,O01226,P0166,1,4704.45
OD003706,O01227,P0484,3,25713.06
OD003707,O01227,P0467,1,6015.2
OD003708,O01227,P0237,3,38402.85
OD003709,O01227,P0142,3,127879.56
OD003710,O01228,P0053,2,57477.82
OD003711,O01228,P0217,2,86718.18
OD003712,O01229,P0135,3,83307.84
OD003713,O01229,P0197,2,23656.76
OD003714,O01229,P0486,1,3392.63
OD003715,O01229,P0061,2,85687.16
OD003716,O01230,P0018,2,77891.34
OD003717,O01230,P0111,3,41311.53
OD003718,O01230,P0242,2,59124.2
OD003719,O01230,P0304,3,13418.31
OD003720,O01231,P0393,3,60485.07
OD003721,O01231,P0004,1,14763.61
OD003722,O01231,P0256,3,114288.09
OD003723,O01231,P0394,3,72722.01
OD003724,O01232,P0381,3,61088.67
OD003725,O01232,P0279,1,22978.31
OD003726,O01232,P0377,1,15509.49
OD003727,O01232,P0406,3,106994.07
OD003728,O01232,P0066,2,81888.84
OD003729,O01233,P0301,1,17437.95
OD003730,O01233,P0446,2,85732.06
OD003731,O01234,P0058,2,39702.12
OD003732,O01234,P0169,2,19610.32
OD003733,O01234,P0245,2,68888.2
OD003734,O01234,P0305,2,24769.32
OD003735,O01234,P0489,3,90473.22
OD003736,O01235,P0179,1,15898.63
OD003737,O01235,P0391,1,43651.0
OD003738,O01236,P0244,3,134218.92
OD003739,O01236,P0146,1,18119.49
OD003740,O01236,P0138,3,6703.62
OD003741,O01236,P0320,3,5772.72
OD003742,O01237,P0023,3,130126.53
OD003743,O01237,P0284,3,28576.68
OD003744,O01238,P0334,1,11112.43
OD003745,O01239,P0256,1,38096.03
OD003746,O01239,P0324,1,19384.0
OD003747,O01239,P0065,1,46224.7
OD003748,O01240,P0285,2,98337.66
OD003749,O01240,P0080,3,66344.25
OD003750,O01240,P0056,3,2132.01
OD003751,O01240,P0364,1,28432.83
OD003752,O01240,P0295,2,395.62
OD003753,O01241,P0053,3,86216.73
OD003754,O01242,P0386,2,53746.06
OD003755,O01242,P0256,2,76192.06
OD003756,O01243,P0406,2,71329.38
OD003757,O01244,P0236,3,22093.83
OD003758,O01244,P0378,3,134881.26
OD003759,O01244,P0317,1,48728.05
OD003760,O01244,P0001,2,91621.56
OD003761,O01245,P0036,2,49027.96
OD003762,O01245,P0472,2,87555.8
OD003763,O01245,P0137,2,44152.56
OD003764,O01245,P0277,2,95197.56
OD003765,O01246,P0126,3,86248.53
OD003766,O01246,P0224,2,1190.06
OD003767,O01247,P0033,3,21913.89
OD003768,O01247,P0110,2,83470.56
OD003769,O01247,P0379,3,40575.21
OD003770,O01247,P0419,1,31729.12
OD003771,O01247,P0167,1,9807.77
OD003772,O01248,P0248,3,113146.65
OD003773,O01249,P0412,2,57957.92
OD003774,O01249,P0283,1,18807.75
OD003775,O01249,P0353,2,25808.32
OD003776,O01249,P0377,2,31018.98
OD003777,O01250,P0059,1,5222.22
OD003778,O01251,P0021,2,17396.04
OD003779,O01252,P0161,3,86993.7
OD003780,O01252,P0057,2,64072.7
OD003781,O01252,P0414,1,29478.81
OD003782,O01252,P0167,3,29423.31
OD003783,O01253,P0198,1,4664.49
OD003784,O01253,P0443,2,6054.98
OD003785,O01253,P0069,3,131616.3
OD003786,O01253,P0380,3,25064.49
OD003787,O01254,P0418,2,23270.36
OD003788,O01254,P0023,2,86751.02
OD003789,O01254,P0232,1,47673.19
OD003790,O01254,P0401,1,4209.04
OD003791,O01255,P0134,3,104001.84
OD003792,O01255,P0394,1,24240.67
OD003793,O01256,P0037,3,108149.19
OD003794,O01256,P0411,3,57315.0
OD003795,O01256,P0257,1,17886.49
OD003796,O01256,P0017,3,5655.0
OD003797,O01257,P0480,3,102549.69
OD003798,O01257,P0365,2,14390.28
OD003799,O01257,P0012,3,48305.67
OD003800,O01258,P0186,2,79487.62
OD003801,O01259,P0201,2,76541.52
OD003802,O01259,P0216,2,10514.78
OD003803,O01259,P0485,2,95008.48
OD003804,O01260,P0110,1,41735.28
OD003805,O01260,P0326,1,18953.49
OD003806,O01260,P0085,3,99549.84
OD003807,O01260,P0016,1,45838.51
OD003808,O01261,P0230,3,38824.17
OD003809,O01261,P0070,1,15626.72
OD003810,O01261,P0106,1,33426.3
OD003811,O01261,P0405,2,73402.82
OD003812,O01261,P0025,3,98048.4
OD003813,O01262,P0077,1,31770.26
OD003814,O01262,P0141,3,26411.58
OD003815,O01263,P0348,3,58311.09
OD003816,O01263,P0217,2,86718.18
OD003817,O01263,P0237,2,25601.9
OD003818,O01264,P0398,3,126932.58
OD003819,O01264,P0433,1,38386.31
OD003820,O01265,P0276,3,51198.39
OD003821,O01266,P0159,3,50661.93
OD003822,O01267,P0481,2,38131.26
OD003823,O01268,P0366,2,14397.72
OD003824,O01268,P0050,2,97676.36
OD003825,O01268,P0493,1,26066.08
OD003826,O01269,P0147,1,3515.25
OD003827,O01270,P0069,1,43872.1
OD003828,O01270,P0116,1,7183.89
OD003829,O01270,P0112,1,7126.45
OD003830,O01270,P0323,1,47004.89
OD003831,O01270,P0115,1,44401.73
OD003832,O01271,P0108,1,30794.61
OD003833,O01271,P0436,3,53721.63
OD003834,O01272,P0036,1,24513.98
OD003835,O01273,P0009,1,32134.95
OD003836,O01273,P0099,1,5087.08
OD003837,O01273,P0316,1,10470.32
OD003838,O01273,P0422,1,23695.22
OD003839,O01273,P0282,1,38700.74
OD003840,O01274,P0204,3,110560.2
OD003841,O01274,P0432,3,64421.79
OD003842,O01274,P0336,1,24340.15
OD003843,O01275,P0067,3,67546.41
OD003844,O01276,P0079,1,2100.87
OD003845,O01276,P0127,1,43219.93
OD003846,O01276,P0019,2,29094.98
OD003847,O01276,P0426,2,66322.32
OD003848,O01276,P0446,1,42866.03
OD003849,O01277,P0483,1,8375.29
OD003850,O01277,P0124,3,115938.09
OD003851,O01277,P0109,1,29170.71
OD003852,O01278,P0454,1,39383.95
OD003853,O01278,P0250,3,48252.99
OD003854,O01278,P0088,3,71587.05
OD003855,O01278,P0078,2,27738.42
OD003856,O01279,P0074,1,31600.59
OD003857,O01279,P0191,2,8228.2
OD003858,O01280,P0164,3,29008.83
OD003859,O01281,P0359,2,34592.42
OD003860,O01281,P0084,2,49939.34
OD003861,O01281,P0383,2,79706.9
OD003862,O01281,P0135,2,55538.56
OD003863,O01281,P0482,3,109182.51
OD003864,O01282,P0277,2,95197.56
OD003865,O01282,P0104,2,51873.42
OD003866,O01282,P0050,1,48838.18
OD003867,O01283,P0404,3,140949.39
OD003868,O01283,P0133,1,25607.5
OD003869,O01283,P0318,1,15284.42
OD003870,O01284,P0199,1,21332.0
OD003871,O01284,P0194,1,49657.42
OD003872,O01284,P0250,1,16084.33
OD003873,O01284,P0059,3,15666.66
OD003874,O01284,P0071,2,63780.52
OD003875,O01285,P0018,2,77891.34
OD003876,O01285,P0054,3,148209.21
OD003877,O01285,P0315,3,19353.69
OD003878,O01285,P0116,1,7183.89
OD003879,O01286,P0488,2,39527.02
OD003880,O01286,P0196,1,31927.62
OD003881,O01286,P0193,2,4759.68
OD003882,O01287,P0184,2,81184.64
OD003883,O01287,P0039,1,24312.94
OD003884,O01287,P0282,3,116102.22
OD003885,O01287,P0273,1,36008.68
OD003886,O01288,P0470,3,19575.96
OD003887,O01288,P0307,3,83232.54
OD003888,O01288,P0019,1,14547.49
OD003889,O01289,P0020,3,85120.05
OD003890,O01290,P0110,1,41735.28
OD003891,O01291,P0361,3,67121.64
OD003892,O01291,P0283,2,37615.5
OD003893,O01292,P0219,2,8707.86
OD003894,O01292,P0149,3,99129.78
OD003895,O01293,P0211,1,42595.97
OD003896,O01293,P0089,3,143328.6
OD003897,O01293,P0348,2,38874.06
OD003898,O01293,P0462,2,69529.24
OD003899,O01294,P0321,1,41419.14
OD003900,O01294,P0299,1,41601.06
OD003901,O01294,P0141,1,8803.86
OD003902,O01294,P0056,1,710.67
OD003903,O01294,P0042,3,125919.15
OD003904,O01295,P0399,3,25076.22
OD003905,O01295,P0232,3,143019.57
OD003906,O01296,P0466,2,64141.48
OD003907,O01296,P0166,2,9408.9
OD003908,O01296,P0411,3,57315.0
OD003909,O01297,P0050,3,146514.54
OD003910,O01297,P0482,2,72788.34
OD003911,O01297,P0431,1,3972.53
OD003912,O01297,P0149,2,66086.52
OD003913,O01298,P0293,3,1460.34
OD003914,O01298,P0143,2,77145.6
OD003915,O01298,P0131,2,50269.88
OD003916,O01298,P0188,1,13140.53
OD003917,O01298,P0064,2,59995.84
OD003918,O01299,P0484,3,25713.06
OD003919,O01299,P0191,1,4114.1
OD003920,O01299,P0005,2,35111.08
OD003921,O01299,P0356,2,3492.78
OD003922,O01299,P0295,3,593.43
OD003923,O01300,P0361,3,67121.64
OD003924,O01300,P0174,3,99184.23
OD003925,O01300,P0068,3,43564.56
OD003926,O01300,P0378,2,89920.84
OD003927,O01300,P0166,1,4704.45
OD003928,O01301,P0389,3,8970.27
OD003929,O01301,P0192,2,65762.18
OD003930,O01301,P0020,3,85120.05
OD003931,O01301,P0388,3,144155.34
OD003932,O01301,P0460,3,126614.85
OD003933,O01302,P0039,2,48625.88
OD003934,O01302,P0066,1,40944.42
OD003935,O01302,P0358,2,40061.92
OD003936,O01302,P0108,1,30794.61
OD003937,O01302,P0498,1,23027.23
OD003938,O01303,P0196,3,95782.86
OD003939,O01303,P0133,3,76822.5
OD003940,O01303,P0132,2,33906.2
OD003941,O01304,P0272,1,47951.54
OD003942,O01305,P0497,3,42212.85
OD003943,O01305,P0365,1,7195.14
OD003944,O01305,P0113,3,23065.26
OD003945,O01305,P0344,3,18566.91
OD003946,O01306,P0392,1,11405.72
OD003947,O01306,P0264,3,120101.01
OD003948,O01306,P0022,3,99370.53
OD003949,O01307,P0109,3,87512.13
OD003950,O01307,P0103,3,131637.57
OD003951,O01307,P0351,3,50607.87
OD003952,O01308,P0353,2,25808.32
OD003953,O01308,P0084,1,24969.67
OD003954,O01308,P0209,3,77629.83
OD003955,O01308,P0218,1,25984.1
OD003956,O01308,P0064,1,29997.92
OD003957,O01309,P0328,2,15271.74
OD003958,O01309,P0110,3,125205.84
OD003959,O01310,P0048,2,31938.52
OD003960,O01310,P0298,1,10120.73
OD003961,O01310,P0315,1,6451.23
OD003962,O01310,P0165,2,74513.26
OD003963,O01310,P0070,2,31253.44
OD003964,O01311,P0030,2,25822.06
OD003965,O01311,P0263,1,6202.41
OD003966,O01311,P0487,2,52109.94
OD003967,O01312,P0227,2,72027.92
OD003968,O01312,P0071,2,63780.52
OD003969,O01312,P0097,3,64201.65
OD003970,O01312,P0287,2,57192.92
OD003971,O01312,P0086,2,90828.36
OD003972,O01313,P0034,1,23453.17
OD003973,O01313,P0292,1,6391.66
OD003974,O01313,P0442,3,144149.19
OD003975,O01313,P0374,3,107170.98
OD003976,O01313,P0369,2,59439.34
OD003977,O01314,P0275,3,120782.82
OD003978,O01314,P0458,1,30814.65
OD003979,O01314,P0233,3,16605.78
OD003980,O01314,P0155,2,14343.14
OD003981,O01314,P0009,2,64269.9
OD003982,O01315,P0233,1,5535.26
OD003983,O01315,P0360,2,89506.44
OD003984,O01316,P0116,2,14367.78
OD003985,O01317,P0131,3,75404.82
OD003986,O01317,P0208,2,91987.9
OD003987,O01317,P0297,2,79609.82
OD003988,O01317,P0060,3,77866.29
OD003989,O01317,P0421,3,112780.89
OD003990,O01318,P0225,1,34961.77
OD003991,O01318,P0326,1,18953.49
OD003992,O01318,P0278,2,40456.76
OD003993,O01318,P0113,2,15376.84
OD003994,O01318,P0462,2,69529.24
OD003995,O01319,P0256,2,76192.06
OD003996,O01319,P0201,1,38270.76
OD003997,O01319,P0116,3,21551.67
OD003998,O01320,P0161,1,28997.9
OD003999,O01320,P0331,3,119340.21
OD004000,O01320,P0158,2,1495.12
OD004001,O01320,P0370,1,47131.46
OD004002,O01320,P0296,2,13771.5
OD004003,O01321,P0024,2,51299.0
OD004004,O01322,P0285,3,147506.49
OD004005,O01323,P0454,2,78767.9
OD004006,O01323,P0201,1,38270.76
OD004007,O01324,P0389,1,2990.09
OD004008,O01324,P0429,3,75678.51
OD004009,O01324,P0238,1,6342.47
OD004010,O01325,P0266,2,49866.52
OD004011,O01325,P0251,1,13197.73
OD004012,O01325,P0071,2,63780.52
OD004013,O01326,P0166,1,4704.45
OD004014,O01326,P0228,1,42687.6
OD004015,O01326,P0312,3,80898.84
OD004016,O01326,P0286,1,34386.6
OD004017,O01326,P0044,1,29870.75
OD004018,O01327,P0342,1,11727.32
OD004019,O01327,P0112,1,7126.45
OD004020,O01327,P0310,2,65110.32
OD004021,O01327,P0314,1,23667.18
OD004022,O01327,P0189,3,63351.42
OD004023,O01328,P0199,3,63996.0
OD004024,O01329,P0039,1,24312.94
OD004025,O01329,P0127,3,129659.79
OD004026,O01329,P0143,1,38572.8
OD004027,O01330,P0070,3,46880.16
OD004028,O01331,P0038,2,26312.02
OD004029,O01331,P0221,1,25026.69
OD004030,O01331,P0030,1,12911.03
OD004031,O01332,P0194,2,99314.84
OD004032,O01332,P0089,3,143328.6
OD004033,O01332,P0348,1,19437.03
OD004034,O01332,P0255,1,22491.06
OD004035,O01333,P0345,2,56514.24
OD004036,O01333,P0293,1,486.78
OD004037,O01333,P0344,1,6188.97
OD004038,O01333,P0362,1,18203.86
OD004039,O01333,P0274,1,36502.79
OD004040,O01334,P0211,2,85191.94
OD004041,O01334,P0009,3,96404.85
OD004042,O01334,P0266,2,49866.52
OD004043,O01335,P0115,3,133205.19
OD004044,O01335,P0461,2,33969.74
OD004045,O01335,P0185,1,15224.0
OD004046,O01336,P0277,3,142796.34
OD004047,O01336,P0275,2,80521.88
OD004048,O01336,P0148,1,29281.73
OD004049,O01336,P0047,1,18552.11
OD004050,O01337,P0017,2,3770.0
OD004051,O01337,P0458,2,61629.3
OD004052,O01337,P0493,2,52132.16
OD004053,O01337,P0056,2,1421.34
OD004054,O01337,P0200,1,13941.44
OD004055,O01338,P0494,3,79167.45
OD004056,O01338,P0176,1,30664.46
OD004057,O01338,P0405,1,36701.41
OD004058,O01338,P0496,2,12892.66
OD004059,O01338,P0483,2,16750.58
OD004060,O01339,P0064,2,59995.84
OD004061,O01339,P0286,3,103159.8
OD004062,O01339,P0124,2,77292.06
OD004063,O01340,P0205,3,11683.8
OD004064,O01340,P0004,3,44290.83
OD004065,O01341,P0154,3,80577.6
OD004066,O01341,P0161,2,57995.8
OD004067,O01341,P0387,2,74222.98
OD004068,O01341,P0389,2,5980.18
OD004069,O01342,P0443,2,6054.98
OD004070,O01342,P0061,2,85687.16
OD004071,O01342,P0189,1,21117.14
OD004072,O01342,P0385,2,11206.56
OD004073,O01342,P0440,2,55009.08
OD004074,O01343,P0309,1,4996.03
OD004075,O01343,P0141,1,8803.86
OD004076,O01344,P0199,3,63996.0
OD004077,O01344,P0010,1,31464.13
OD004078,O01344,P0345,3,84771.36
OD004079,O01344,P0461,1,16984.87
OD004080,O01345,P0301,1,17437.95
OD004081,O01345,P0496,3,19338.99
OD004082,O01345,P0405,3,110104.23
OD004083,O01345,P0476,1,635.14
OD004084,O01345,P0064,3,89993.76
OD004085,O01346,P0382,3,30891.45
OD004086,O01346,P0171,2,15763.12
OD004087,O01347,P0362,1,18203.86
OD004088,O01348,P0154,2,53718.4
OD004089,O01348,P0251,1,13197.73
OD004090,O01348,P0476,1,635.14
OD004091,O01349,P0016,2,91677.02
OD004092,O01349,P0097,3,64201.65
OD004093,O01350,P0367,1,45671.59
OD004094,O01350,P0341,3,95815.47
OD004095,O01350,P0234,1,31655.12
OD004096,O01350,P0420,1,1072.49
OD004097,O01351,P0201,1,38270.76
OD004098,O01351,P0021,3,26094.06
OD004099,O01352,P0489,3,90473.22
OD004100,O01353,P0372,3,39744.84
OD004101,O01353,P0246,2,26904.48
OD004102,O01353,P0057,1,32036.35
OD004103,O01353,P0184,2,81184.64
OD004104,O01354,P0111,1,13770.51
OD004105,O01354,P0068,1,14521.52
OD004106,O01354,P0170,3,80883.33
OD004107,O01354,P0420,3,3217.47
OD004108,O01355,P0362,3,54611.58
OD004109,O01355,P0158,1,747.56
OD004110,O01356,P0299,1,41601.06
OD004111,O01356,P0180,3,45537.9
OD004112,O01356,P0184,2,81184.64
OD004113,O01356,P0022,3,99370.53
OD004114,O01357,P0467,1,6015.2
OD004115,O01358,P0052,1,8130.37
OD004116,O01358,P0235,1,36018.57
OD004117,O01358,P0360,2,89506.44
OD004118,O01359,P0261,2,69295.22
OD004119,O01360,P0468,3,102696.87
OD004120,O01360,P0482,3,109182.51
OD004121,O01360,P0114,3,35694.45
OD004122,O01361,P0431,2,7945.06
OD004123,O01361,P0012,3,48305.67
OD004124,O01361,P0317,3,146184.15
OD004125,O01362,P0498,3,69081.69
OD004126,O01362,P0177,1,31507.75
OD004127,O01362,P0106,2,66852.6
OD004128,O01362,P0359,3,51888.63
OD004129,O01363,P0219,2,8707.86
OD004130,O01363,P0435,1,47966.92
OD004131,O01363,P0409,2,96139.38
OD004132,O01363,P0131,3,75404.82
OD004133,O01364,P0256,1,38096.03
OD004134,O01364,P0248,1,37715.55
OD004135,O01364,P0117,2,3584.78
OD004136,O01365,P0173,1,36346.52
OD004137,O01365,P0438,2,51734.68
OD004138,O01365,P0112,3,21379.35
OD004139,O01366,P0105,3,4903.38
OD004140,O01367,P0127,1,43219.93
OD004141,O01367,P0255,1,22491.06
OD004142,O01367,P0332,3,142239.54
OD004143,O01368,P0440,3,82513.62
OD004144,O01368,P0234,2,63310.24
OD004145,O01368,P0141,2,17607.72
OD004146,O01369,P0276,2,34132.26
OD004147,O01369,P0284,2,19051.12
OD004148,O01369,P0430,2,86703.36
OD004149,O01369,P0283,1,18807.75
OD004150,O01369,P0372,2,26496.56
OD004151,O01370,P0176,3,91993.38
OD004152,O01370,P0111,3,41311.53
OD004153,O01370,P0156,1,37082.36
OD004154,O01371,P0380,1,8354.83
OD004155,O01371,P0249,1,16905.35
OD004156,O01372,P0404,2,93966.26
OD004157,O01372,P0211,1,42595.97
OD004158,O01372,P0230,3,38824.17
OD004159,O01373,P0004,1,14763.61
OD004160,O01373,P0492,1,5178.13
OD004161,O01373,P0098,3,90409.14
OD004162,O01373,P0071,3,95670.78
OD004163,O01373,P0321,3,124257.42
OD004164,O01374,P0057,2,64072.7
OD004165,O01374,P0494,3,79167.45
OD004166,O01375,P0240,2,24917.78
OD004167,O01375,P0490,2,4434.28
OD004168,O01375,P0003,3,144441.69
OD004169,O01375,P0165,1,37256.63
OD004170,O01375,P0392,3,34217.16
OD004171,O01376,P0038,1,13156.01
OD004172,O01377,P0190,3,94840.47
OD004173,O01377,P0135,2,55538.56
OD004174,O01377,P0040,2,55891.3
OD004175,O01377,P0374,3,107170.98
OD004176,O01377,P0042,2,83946.1
OD004177,O01378,P0042,2,83946.1
OD004178,O01378,P0051,3,2721.51
OD004179,O01378,P0023,1,43375.51
OD004180,O01379,P0362,2,36407.72
OD004181,O01379,P0337,1,4887.85
OD004182,O01380,P0072,3,91758.27
OD004183,O01380,P0087,2,5216.98
OD004184,O01380,P0013,3,8631.57
OD004185,O01380,P0146,2,36238.98
OD004186,O01380,P0401,2,8418.08
OD004187,O01381,P0131,1,25134.94
OD004188,O01381,P0340,3,141917.1
OD004189,O01381,P0123,2,7684.94
OD004190,O01382,P0436,3,53721.63
OD004191,O01383,P0312,3,80898.84
OD004192,O01383,P0426,3,99483.48
OD004193,O01384,P0032,2,44264.78
OD004194,O01384,P0491,2,28440.76
OD004195,O01385,P0459,1,5875.98
OD004196,O01385,P0172,3,112075.17
OD004197,O01385,P0390,1,47047.15
OD004198,O01386,P0420,2,2144.98
OD004199,O01386,P0040,1,27945.65
OD004200,O01386,P0209,3,77629.83
OD004201,O01387,P0227,1,36013.96
OD004202,O01387,P0111,1,13770.51
OD004203,O01388,P0231,2,72081.8
OD004204,O01389,P0168,1,16016.13
OD004205,O01389,P0429,3,75678.51
OD004206,O01389,P0253,1,28859.07
OD004207,O01389,P0148,3,87845.19
OD004208,O01389,P0354,2,84309.28
OD004209,O01390,P0128,1,14179.39
OD004210,O01390,P0437,2,33345.08
OD004211,O01391,P0220,3,46691.31
OD004212,O01391,P0231,3,108122.7
OD004213,O01392,P0059,1,5222.22
OD004214,O01392,P0058,2,39702.12
OD004215,O01393,P0251,3,39593.19
OD004216,O01393,P0265,3,92589.48
OD004217,O01393,P0499,2,44758.16
OD004218,O01393,P0123,2,7684.94
OD004219,O01393,P0182,2,56661.3
OD004220,O01394,P0051,3,2721.51
OD004221,O01395,P0487,1,26054.97
OD004222,O01396,P0116,1,7183.89
OD004223,O01396,P0068,3,43564.56
OD004224,O01397,P0442,3,144149.19
OD004225,O01398,P0498,3,69081.69
OD004226,O01398,P0196,2,63855.24
OD004227,O01398,P0281,2,87884.82
OD004228,O01398,P0106,3,100278.9
OD004229,O01399,P0063,3,5388.06
OD004230,O01399,P0109,3,87512.13
OD004231,O01399,P0228,2,85375.2
OD004232,O01400,P0406,2,71329.38
OD004233,O01400,P0493,1,26066.08
OD004234,O01401,P0093,1,43974.96
OD004235,O01401,P0400,1,24051.41
OD004236,O01401,P0132,3,50859.3
OD004237,O01402,P0253,2,57718.14
OD004238,O01402,P0430,3,130055.04
OD004239,O01402,P0398,1,42310.86
OD004240,O01403,P0205,3,11683.8
OD004241,O01403,P0244,3,134218.92
OD004242,O01404,P0405,2,73402.82
OD004243,O01405,P0153,1,47262.3
OD004244,O01405,P0350,3,104493.24
OD004245,O01405,P0461,2,33969.74
OD004246,O01405,P0180,3,45537.9
OD004247,O01406,P0481,1,19065.63
OD004248,O01406,P0354,2,84309.28
OD004249,O01407,P0280,1,33100.84
OD004250,O01408,P0434,3,16717.71
OD004251,O01408,P0493,1,26066.08
OD004252,O01408,P0250,2,32168.66
OD004253,O01409,P0071,3,95670.78
OD004254,O01410,P0294,3,86686.98
OD004255,O01410,P0304,3,13418.31
OD004256,O01410,P0146,2,36238.98
OD004257,O01411,P0280,1,33100.84
OD004258,O01412,P0320,1,1924.24
OD004259,O01412,P0123,2,7684.94
OD004260,O01412,P0253,3,86577.21
OD004261,O01413,P0295,1,197.81
OD004262,O01414,P0446,1,42866.03
OD004263,O01415,P0167,3,29423.31
OD004264,O01416,P0008,3,64905.96
OD004265,O01417,P0400,2,48102.82
OD004266,O01418,P0308,2,14383.62
OD004267,O01419,P0382,2,20594.3
OD004268,O01419,P0331,1,39780.07
OD004269,O01419,P0165,2,74513.26
OD004270,O01419,P0401,1,4209.04
OD004271,O01419,P0245,2,68888.2
OD004272,O01420,P0477,1,40796.04
OD004273,O01420,P0293,2,973.56
OD004274,O01421,P0266,1,24933.26
OD004275,O01421,P0468,1,34232.29
OD004276,O01422,P0224,1,595.03
OD004277,O01423,P0261,1,34647.61
OD004278,O01423,P0400,1,24051.41
OD004279,O01424,P0228,1,42687.6
OD004280,O01425,P0368,2,57498.34
OD004281,O01425,P0092,3,121752.63
OD004282,O01425,P0239,3,4209.72
OD004283,O01426,P0313,3,110722.8
OD004284,O01426,P0170,3,80883.33
OD004285,O01426,P0429,1,25226.17
OD004286,O01426,P0120,2,75145.62
OD004287,O01427,P0329,1,36526.35
OD004288,O01427,P0195,2,76749.9
OD004289,O01427,P0094,2,78282.72
OD004290,O01427,P0328,2,15271.74
OD004291,O01428,P0333,3,15609.57
OD004292,O01428,P0087,2,5216.98
OD004293,O01428,P0025,1,32682.8
OD004294,O01428,P0181,2,14342.58
OD004295,O01429,P0088,2,47724.7
OD004296,O01429,P0161,2,57995.8
OD004297,O01429,P0157,3,477.03
OD004298,O01429,P0143,2,77145.6
OD004299,O01430,P0346,1,13256.96
OD004300,O01431,P0435,1,47966.92
OD004301,O01431,P0413,1,11998.55
OD004302,O01431,P0463,2,17244.7
OD004303,O01432,P0477,2,81592.08
OD004304,O01432,P0452,1,28509.16
OD004305,O01432,P0453,1,34440.96
OD004306,O01432,P0199,3,63996.0
OD004307,O01432,P0030,3,38733.09
OD004308,O01433,P0161,2,57995.8
OD004309,O01433,P0338,3,114213.24
OD004310,O01433,P0031,3,11121.96
OD004311,O01434,P0371,3,47520.69
OD004312,O01434,P0387,2,74222.98
OD004313,O01434,P0104,1,25936.71
OD004314,O01434,P0487,3,78164.91
OD004315,O01434,P0490,2,4434.28
OD004316,O01435,P0005,3,52666.62
OD004317,O01435,P0090,1,4541.22
OD004318,O01435,P0392,3,34217.16
OD004319,O01436,P0139,3,114048.51
OD004320,O01436,P0243,3,118588.2
OD004321,O01437,P0242,1,29562.1
OD004322,O01437,P0093,2,87949.92
OD004323,O01437,P0245,1,34444.1
OD004324,O01437,P0039,3,72938.82
OD004325,O01438,P0188,2,26281.06
OD004326,O01438,P0369,1,29719.67
OD004327,O01438,P0115,1,44401.73
OD004328,O01438,P0240,3,37376.67
OD004329,O01438,P0236,2,14729.22
OD004330,O01439,P0441,3,94323.18
OD004331,O01439,P0497,1,14070.95
OD004332,O01439,P0041,1,6624.75
OD004333,O01440,P0386,1,26873.03
OD004334,O01441,P0135,2,55538.56
OD004335,O01442,P0481,3,57196.89
OD004336,O01442,P0235,1,36018.57
OD004337,O01442,P0325,2,16610.06
OD004338,O01443,P0305,3,37153.98
OD004339,O01444,P0296,3,20657.25
OD004340,O01445,P0253,3,86577.21
OD004341,O01445,P0022,3,99370.53
OD004342,O01445,P0494,1,26389.15
OD004343,O01446,P0444,1,6982.49
OD004344,O01446,P0019,3,43642.47
OD004345,O01447,P0298,3,30362.19
OD004346,O01447,P0220,2,31127.54
OD004347,O01447,P0362,1,18203.86
OD004348,O01447,P0297,1,39804.91
OD004349,O01447,P0104,2,51873.42
OD004350,O01448,P0043,3,95470.65
OD004351,O01448,P0118,3,107988.48
OD004352,O01448,P0308,1,7191.81
OD004353,O01449,P0002,3,89430.96
OD004354,O01449,P0309,2,9992.06
OD004355,O01450,P0253,1,28859.07
OD004356,O01450,P0438,3,77602.02
OD004357,O01450,P0342,3,35181.96
OD004358,O01451,P0073,3,88802.82
OD004359,O01452,P0429,2,50452.34
OD004360,O01452,P0151,3,100499.58
OD004361,O01452,P0310,1,32555.16
OD004362,O01452,P0325,1,8305.03
OD004363,O01453,P0337,1,4887.85
OD004364,O01453,P0074,3,94801.77
OD004365,O01453,P0003,2,96294.46
OD004366,O01454,P0193,2,4759.68
OD004367,O01454,P0492,3,15534.39
OD004368,O01455,P0101,3,34313.25
OD004369,O01455,P0171,1,7881.56
OD004370,O01455,P0377,3,46528.47
OD004371,O01456,P0276,1,17066.13
OD004372,O01456,P0282,3,116102.22
OD004373,O01456,P0162,3,145625.88
OD004374,O01456,P0033,3,21913.89
OD004375,O01456,P0294,3,86686.98
OD004376,O01457,P0389,2,5980.18
OD004377,O01457,P0026,3,40212.09
OD004378,O01458,P0342,1,11727.32
OD004379,O01459,P0325,2,16610.06
OD004380,O01459,P0498,3,69081.69
OD004381,O01459,P0252,2,55679.46
OD004382,O01460,P0235,1,36018.57
OD004383,O01460,P0449,2,63754.38
OD004384,O01460,P0364,2,56865.66
OD004385,O01460,P0151,3,100499.58
OD004386,O01461,P0425,3,71313.75
OD004387,O01461,P0028,2,338.04
OD004388,O01461,P0164,1,9669.61
OD004389,O01461,P0497,1,14070.95
OD004390,O01462,P0255,2,44982.12
OD004391,O01462,P0439,3,54015.51
OD004392,O01463,P0129,3,79492.95
OD004393,O01463,P0217,2,86718.18
OD004394,O01464,P0301,1,17437.95
OD004395,O01464,P0358,3,60092.88
OD004396,O01465,P0479,1,20646.55
OD004397,O01465,P0469,3,25309.02
OD004398,O01466,P0460,3,126614.85
OD004399,O01467,P0125,2,89951.32
OD004400,O01467,P0069,2,87744.2
OD004401,O01467,P0381,3,61088.67
OD004402,O01467,P0325,1,8305.03
OD004403,O01468,P0489,3,90473.22
OD004404,O01469,P0460,3,126614.85
OD004405,O01469,P0302,2,35899.8
OD004406,O01470,P0002,2,59620.64
OD004407,O01471,P0341,1,31938.49
OD004408,O01471,P0123,1,3842.47
OD004409,O01472,P0301,3,52313.85
OD004410,O01472,P0281,1,43942.41
OD004411,O01472,P0380,2,16709.66
OD004412,O01472,P0174,2,66122.82
OD004413,O01473,P0394,3,72722.01
OD004414,O01473,P0251,1,13197.73
OD004415,O01473,P0140,1,28789.71
OD004416,O01473,P0212,2,49276.18
OD004417,O01474,P0159,1,16887.31
OD004418,O01475,P0006,2,44901.1
OD004419,O01475,P0016,3,137515.53
OD004420,O01475,P0087,3,7825.47
OD004421,O01475,P0240,1,12458.89
OD004422,O01476,P0475,2,71887.36
OD004423,O01477,P0461,2,33969.74
OD004424,O01477,P0287,2,57192.92
OD004425,O01478,P0471,2,8575.6
OD004426,O01478,P0432,3,64421.79
OD004427,O01478,P0113,3,23065.26
OD004428,O01478,P0064,2,59995.84
OD004429,O01479,P0170,1,26961.11
OD004430,O01479,P0489,1,30157.74
OD004431,O01479,P0300,2,20139.58
OD004432,O01480,P0216,3,15772.17
OD004433,O01481,P0317,2,97456.1
OD004434,O01481,P0329,2,73052.7
OD004435,O01481,P0115,2,88803.46
OD004436,O01482,P0400,2,48102.82
OD004437,O01482,P0351,1,16869.29
OD004438,O01482,P0187,1,46075.75
OD004439,O01483,P0475,3,107831.04
OD004440,O01483,P0321,3,124257.42
OD004441,O01483,P0262,2,35779.22
OD004442,O01483,P0407,2,30954.48
OD004443,O01484,P0251,2,26395.46
OD004444,O01484,P0328,2,15271.74
OD004445,O01484,P0151,2,66999.72
OD004446,O01485,P0473,2,13483.64
OD004447,O01485,P0053,2,57477.82
OD004448,O01485,P0217,3,130077.27
OD004449,O01486,P0426,2,66322.32
OD004450,O01486,P0064,3,89993.76
OD004451,O01486,P0283,3,56423.25
OD004452,O01486,P0278,2,40456.76
OD004453,O01486,P0074,1,31600.59
OD004454,O01487,P0225,3,104885.31
OD004455,O01487,P0136,1,2991.68
OD004456,O01488,P0462,3,104293.86
OD004457,O01488,P0287,1,28596.46
OD004458,O01488,P0045,2,55229.04
OD004459,O01488,P0485,2,95008.48
OD004460,O01489,P0332,3,142239.54
OD004461,O01489,P0077,2,63540.52
OD004462,O01489,P0232,1,47673.19
OD004463,O01490,P0244,1,44739.64
OD004464,O01490,P0249,1,16905.35
OD004465,O01490,P0106,3,100278.9
OD004466,O01490,P0229,1,18497.07
OD004467,O01491,P0213,1,17118.78
OD004468,O01491,P0111,3,41311.53
OD004469,O01491,P0372,3,39744.84
OD004470,O01491,P0454,2,78767.9
OD004471,O01492,P0330,3,83306.01
OD004472,O01492,P0062,2,1439.84
OD004473,O01492,P0244,3,134218.92
OD004474,O01492,P0431,3,11917.59
OD004475,O01493,P0408,1,30060.41
OD004476,O01493,P0405,2,73402.82
OD004477,O01493,P0232,3,143019.57
OD004478,O01493,P0334,2,22224.86
OD004479,O01494,P0303,3,137434.65
OD004480,O01494,P0235,3,108055.71
OD004481,O01495,P0256,2,76192.06
OD004482,O01495,P0223,3,24384.36
OD004483,O01495,P0115,2,88803.46
OD004484,O01496,P0092,3,121752.63
OD004485,O01496,P0312,1,26966.28
OD004486,O01496,P0451,3,97633.68
OD004487,O01496,P0478,3,135643.38
OD004488,O01497,P0023,3,130126.53
OD004489,O01497,P0215,2,24470.64
OD004490,O01498,P0432,3,64421.79
OD004491,O01498,P0211,3,127787.91
OD004492,O01498,P0412,2,57957.92
OD004493,O01498,P0352,1,22564.59
OD004494,O01499,P0500,1,30616.24
OD004495,O01499,P0318,2,30568.84
OD004496,O01499,P0042,3,125919.15
OD004497,O01499,P0186,3,119231.43
OD004498,O01499,P0059,1,5222.22
OD004499,O01500,P0478,1,45214.46
OD004500,O01500,P0032,1,22132.39
OD004501,O01501,P0094,1,39141.36
OD004502,O01502,P0272,2,95903.08
OD004503,O01503,P0318,3,45853.26
OD004504,O01503,P0012,2,32203.78
OD004505,O01503,P0188,3,39421.59
OD004506,O01504,P0434,3,16717.71
OD004507,O01504,P0141,1,8803.86
OD004508,O01505,P0007,3,10919.19
OD004509,O01505,P0416,1,2188.07
OD004510,O01505,P0223,2,16256.24
OD004511,O01506,P0012,2,32203.78
OD004512,O01507,P0498,1,23027.23
OD004513,O01507,P0101,3,34313.25
OD004514,O01507,P0318,2,30568.84
OD004515,O01507,P0455,3,72739.2
OD004516,O01507,P0127,3,129659.79
OD004517,O01508,P0148,1,29281.73
OD004518,O01508,P0490,2,4434.28
OD004519,O01508,P0078,1,13869.21
OD004520,O01508,P0096,1,5167.74
OD004521,O01509,P0334,2,22224.86
OD004522,O01510,P0037,2,72099.46
OD004523,O01510,P0249,3,50716.05
OD004524,O01510,P0308,2,14383.62
OD004525,O01510,P0498,3,69081.69
OD004526,O01511,P0338,3,114213.24
OD004527,O01511,P0349,3,40272.51
OD004528,O01512,P0167,3,29423.31
OD004529,O01512,P0332,1,47413.18
OD004530,O01512,P0230,2,25882.78
OD004531,O01513,P0346,3,39770.88
OD004532,O01513,P0147,3,10545.75
OD004533,O01513,P0221,3,75080.07
OD004534,O01513,P0482,1,36394.17
OD004535,O01513,P0332,3,142239.54
OD004536,O01514,P0090,3,13623.66
OD004537,O01514,P0162,1,48541.96
OD004538,O01515,P0220,3,46691.31
OD004539,O01515,P0168,1,16016.13
OD004540,O01515,P0367,3,137014.77
OD004541,O01515,P0388,2,96103.56
OD004542,O01516,P0036,3,73541.94
OD004543,O01516,P0123,2,7684.94
OD004544,O01517,P0364,2,56865.66
OD004545,O01517,P0289,3,14711.91
OD004546,O01517,P0372,2,26496.56
OD004547,O01517,P0331,1,39780.07
OD004548,O01518,P0230,1,12941.39
OD004549,O01518,P0154,1,26859.2
OD004550,O01519,P0488,3,59290.53
OD004551,O01519,P0321,2,82838.28
OD004552,O01519,P0159,3,50661.93
OD004553,O01519,P0492,1,5178.13
OD004554,O01519,P0118,3,107988.48
OD004555,O01520,P0272,2,95903.08
OD004556,O01520,P0072,2,61172.18
OD004557,O01520,P0003,1,48147.23
OD004558,O01521,P0067,3,67546.41
OD004559,O01521,P0178,1,6742.5
OD004560,O01521,P0054,1,49403.07
OD004561,O01521,P0495,2,35363.1
OD004562,O01522,P0227,1,36013.96
OD004563,O01522,P0254,1,31781.67
OD004564,O01522,P0226,1,22025.27
OD004565,O01523,P0418,3,34905.54
OD004566,O01523,P0369,3,89159.01
OD004567,O01524,P0160,1,41383.45
OD004568,O01524,P0358,1,20030.96
OD004569,O01524,P0181,1,7171.29
OD004570,O01524,P0397,3,112159.98
OD004571,O01524,P0378,1,44960.42
OD004572,O01525,P0259,2,62295.6
OD004573,O01525,P0111,1,13770.51
OD004574,O01525,P0093,2,87949.92
OD004575,O01526,P0250,1,16084.33
OD004576,O01526,P0487,3,78164.91
OD004577,O01527,P0140,3,86369.13
OD004578,O01527,P0144,2,39831.06
OD004579,O01528,P0336,2,48680.3
OD004580,O01528,P0441,1,31441.06
OD004581,O01528,P0333,1,5203.19
OD004582,O01528,P0485,3,142512.72
OD004583,O01529,P0126,3,86248.53
OD004584,O01529,P0050,3,146514.54
OD004585,O01529,P0320,1,1924.24
OD004586,O01529,P0427,1,32006.32
OD004587,O01530,P0311,2,52241.92
OD004588,O01530,P0227,2,72027.92
OD004589,O01530,P0062,1,719.92
OD004590,O01530,P0430,2,86703.36
OD004591,O01531,P0195,3,115124.85
OD004592,O01531,P0402,3,15456.48
OD004593,O01531,P0232,3,143019.57
OD004594,O01531,P0251,3,39593.19
OD004595,O01531,P0120,2,75145.62
OD004596,O01532,P0069,3,131616.3
OD004597,O01532,P0123,1,3842.47
OD004598,O01532,P0309,3,14988.09
OD004599,O01532,P0059,3,15666.66
OD004600,O01533,P0469,3,25309.02
OD004601,O01533,P0399,1,8358.74
OD004602,O01533,P0454,2,78767.9
OD004603,O01533,P0113,1,7688.42
OD004604,O01534,P0138,3,6703.62
OD004605,O01534,P0440,3,82513.62
OD004606,O01534,P0190,2,63226.98
OD004607,O01534,P0427,3,96018.96
OD004608,O01535,P0398,1,42310.86
OD004609,O01536,P0142,1,42626.52
OD004610,O01536,P0375,3,33254.64
OD004611,O01537,P0250,2,32168.66
OD004612,O01537,P0118,2,71992.32
OD004613,O01538,P0044,1,29870.75
OD004614,O01538,P0396,1,8750.11
OD004615,O01538,P0210,3,106218.45
OD004616,O01538,P0388,1,48051.78
OD004617,O01539,P0059,2,10444.44
OD004618,O01539,P0177,3,94523.25
OD004619,O01540,P0254,2,63563.34
OD004620,O01540,P0096,3,15503.22
OD004621,O01540,P0466,2,64141.48
OD004622,O01540,P0197,1,11828.38
OD004623,O01540,P0098,2,60272.76
OD004624,O01541,P0291,3,116393.94
OD004625,O01542,P0194,1,49657.42
OD004626,O01543,P0151,3,100499.58
OD004627,O01544,P0361,2,44747.76
OD004628,O01544,P0260,3,12782.04
OD004629,O01544,P0170,3,80883.33
OD004630,O01544,P0472,3,131333.7
OD004631,O01544,P0018,2,77891.34
OD004632,O01545,P0065,1,46224.7
OD004633,O01545,P0241,2,84016.28
OD004634,O01545,P0483,2,16750.58
OD004635,O01545,P0315,2,12902.46
OD004636,O01546,P0391,2,87302.0
OD004637,O01546,P0264,1,40033.67
OD004638,O01546,P0005,3,52666.62
OD004639,O01547,P0357,2,17242.16
OD004640,O01548,P0357,1,8621.08
OD004641,O01548,P0404,3,140949.39
OD004642,O01548,P0101,2,22875.5
OD004643,O01548,P0488,1,19763.51
OD004644,O01548,P0401,2,8418.08
OD004645,O01549,P0013,1,2877.19
OD004646,O01549,P0070,3,46880.16
OD004647,O01550,P0056,1,710.67
OD004648,O01550,P0278,3,60685.14
OD004649,O01550,P0387,3,111334.47
OD004650,O01551,P0102,2,83404.84
OD004651,O01551,P0367,2,91343.18
OD004652,O01552,P0147,1,3515.25
OD004653,O01552,P0182,3,84991.95
OD004654,O01552,P0057,1,32036.35
OD004655,O01552,P0183,2,26211.78
OD004656,O01552,P0033,1,7304.63
OD004657,O01553,P0188,1,13140.53
OD004658,O01553,P0239,2,2806.48
OD004659,O01553,P0440,2,55009.08
OD004660,O01554,P0077,3,95310.78
OD004661,O01555,P0222,3,49779.69
OD004662,O01555,P0173,2,72693.04
OD004663,O01555,P0254,1,31781.67
OD004664,O01555,P0055,1,9847.69
OD004665,O01556,P0115,3,133205.19
OD004666,O01556,P0499,3,67137.24
OD004667,O01556,P0338,1,38071.08
OD004668,O01557,P0298,3,30362.19
OD004669,O01557,P0210,2,70812.3
OD004670,O01557,P0143,3,115718.4
OD004671,O01557,P0137,2,44152.56
OD004672,O01557,P0282,1,38700.74
OD004673,O01558,P0214,3,91180.77
OD004674,O01558,P0390,3,141141.45
OD004675,O01558,P0102,2,83404.84
OD004676,O01558,P0063,1,1796.02
OD004677,O01559,P0109,2,58341.42
OD004678,O01559,P0032,1,22132.39
OD004679,O01559,P0002,1,29810.32
OD004680,O01559,P0500,3,91848.72
OD004681,O01560,P0284,1,9525.56
OD004682,O01560,P0415,1,37467.77
OD004683,O01561,P0300,2,20139.58
OD004684,O01561,P0127,3,129659.79
OD004685,O01561,P0064,2,59995.84
OD004686,O01561,P0192,1,32881.09
OD004687,O01561,P0157,3,477.03
OD004688,O01562,P0215,3,36705.96
OD004689,O01563,P0176,3,91993.38
OD004690,O01564,P0238,2,12684.94
OD004691,O01564,P0496,3,19338.99
OD004692,O01565,P0106,2,66852.6
OD004693,O01565,P0104,3,77810.13
OD004694,O01565,P0099,1,5087.08
OD004695,O01565,P0345,2,56514.24
OD004696,O01565,P0388,2,96103.56
OD004697,O01566,P0261,2,69295.22
OD004698,O01566,P0465,3,115243.59
OD004699,O01566,P0238,1,6342.47
OD004700,O01566,P0267,3,111377.79
OD004701,O01566,P0141,1,8803.86
OD004702,O01567,P0199,3,63996.0
OD004703,O01567,P0284,2,19051.12
OD004704,O01568,P0382,3,30891.45
OD004705,O01568,P0485,1,47504.24
OD004706,O01568,P0265,2,61726.32
OD004707,O01568,P0248,3,113146.65
OD004708,O01568,P0438,2,51734.68
OD004709,O01569,P0316,3,31410.96
OD004710,O01569,P0293,1,486.78
OD004711,O01569,P0434,2,11145.14
OD004712,O01570,P0078,3,41607.63
OD004713,O01570,P0115,3,133205.19
OD004714,O01570,P0339,3,47198.88
OD004715,O01571,P0444,2,13964.98
OD004716,O01571,P0290,1,26416.08
OD004717,O01571,P0202,3,92446.68
OD004718,O01572,P0451,1,32544.56
OD004719,O01572,P0111,3,41311.53
OD004720,O01573,P0377,3,46528.47
OD004721,O01574,P0494,3,79167.45
OD004722,O01574,P0283,1,18807.75
OD004723,O01574,P0396,3,26250.33
OD004724,O01575,P0367,1,45671.59
OD004725,O01575,P0176,3,91993.38
OD004726,O01575,P0452,3,85527.48
OD004727,O01575,P0222,2,33186.46
OD004728,O01575,P0404,3,140949.39
OD004729,O01576,P0287,1,28596.46
OD004730,O01576,P0226,3,66075.81
OD004731,O01576,P0460,3,126614.85
OD004732,O01577,P0412,2,57957.92
OD004733,O01577,P0304,3,13418.31
OD004734,O01577,P0101,1,11437.75
OD004735,O01577,P0415,1,37467.77
OD004736,O01577,P0169,3,29415.48
OD004737,O01578,P0069,2,87744.2
OD004738,O01578,P0298,3,30362.19
OD004739,O01578,P0059,2,10444.44
OD004740,O01579,P0027,1,26312.15
OD004741,O01579,P0206,2,32835.72
OD004742,O01579,P0101,3,34313.25
OD004743,O01579,P0465,2,76829.06
OD004744,O01580,P0222,1,16593.23
OD004745,O01580,P0224,3,1785.09
OD004746,O01580,P0072,1,30586.09
OD004747,O01580,P0176,1,30664.46
OD004748,O01580,P0355,1,48668.56
OD004749,O01581,P0497,1,14070.95
OD004750,O01582,P0190,1,31613.49
OD004751,O01582,P0074,3,94801.77
OD004752,O01582,P0274,1,36502.79
OD004753,O01582,P0222,2,33186.46
OD004754,O01582,P0397,1,37386.66
OD004755,O01583,P0230,2,25882.78
OD004756,O01583,P0059,3,15666.66
OD004757,O01583,P0125,3,134926.98
OD004758,O01584,P0073,3,88802.82
OD004759,O01585,P0139,1,38016.17
OD004760,O01586,P0478,3,135643.38
OD004761,O01586,P0277,2,95197.56
OD004762,O01587,P0460,2,84409.9
OD004763,O01587,P0323,2,94009.78
OD004764,O01587,P0161,2,57995.8
OD004765,O01588,P0099,2,10174.16
OD004766,O01588,P0155,3,21514.71
OD004767,O01588,P0275,2,80521.88
OD004768,O01589,P0173,3,109039.56
OD004769,O01590,P0136,1,2991.68
OD004770,O01591,P0033,2,14609.26
OD004771,O01591,P0483,1,8375.29
OD004772,O01591,P0450,2,26686.3
OD004773,O01591,P0008,1,21635.32
OD004774,O01591,P0004,2,29527.22
OD004775,O01592,P0155,3,21514.71
OD004776,O01592,P0444,2,13964.98
OD004777,O01592,P0085,3,99549.84
OD004778,O01592,P0238,1,6342.47
OD004779,O01593,P0344,1,6188.97
OD004780,O01593,P0218,3,77952.3
OD004781,O01594,P0123,2,7684.94
OD004782,O01594,P0152,1,24420.94
OD004783,O01594,P0015,2,58240.62
OD004784,O01594,P0372,3,39744.84
OD004785,O01594,P0355,2,97337.12
OD004786,O01595,P0478,3,135643.38
OD004787,O01596,P0201,2,76541.52
OD004788,O01597,P0156,1,37082.36
OD004789,O01597,P0472,3,131333.7
OD004790,O01598,P0123,1,3842.47
OD004791,O01598,P0058,1,19851.06
OD004792,O01598,P0498,1,23027.23
OD004793,O01599,P0127,1,43219.93
OD004794,O01599,P0053,1,28738.91
OD004795,O01599,P0141,1,8803.86
OD004796,O01600,P0005,3,52666.62
OD004797,O01600,P0067,3,67546.41
OD004798,O01600,P0480,1,34183.23
OD004799,O01600,P0209,1,25876.61
OD004800,O01600,P0488,1,19763.51
OD004801,O01601,P0043,1,31823.55
OD004802,O01601,P0019,3,43642.47
OD004803,O01602,P0284,1,9525.56
OD004804,O01602,P0017,2,3770.0
OD004805,O01602,P0192,2,65762.18
OD004806,O01603,P0486,3,10177.89
OD004807,O01603,P0451,1,32544.56
OD004808,O01603,P0063,3,5388.06
OD004809,O01603,P0253,3,86577.21
OD004810,O01604,P0017,2,3770.0
OD004811,O01604,P0140,1,28789.71
OD004812,O01604,P0481,1,19065.63
OD004813,O01604,P0392,3,34217.16
OD004814,O01604,P0269,2,69805.24
OD004815,O01605,P0257,3,53659.47
OD004816,O01605,P0414,3,88436.43
OD004817,O01605,P0239,2,2806.48
OD004818,O01606,P0046,2,67462.54
OD004819,O01607,P0050,1,48838.18
OD004820,O01607,P0058,2,39702.12
OD004821,O01608,P0179,2,31797.26
OD004822,O01609,P0352,1,22564.59
OD004823,O01609,P0408,3,90181.23
OD004824,O01609,P0140,1,28789.71
OD004825,O01610,P0104,1,25936.71
OD004826,O01610,P0014,1,46778.4
OD004827,O01610,P0343,1,36254.41
OD004828,O01610,P0083,3,102439.89
OD004829,O01610,P0033,1,7304.63
OD004830,O01611,P0473,3,20225.46
OD004831,O01611,P0218,3,77952.3
OD004832,O01612,P0496,3,19338.99
OD004833,O01613,P0404,3,140949.39
OD004834,O01613,P0331,3,119340.21
OD004835,O01613,P0108,3,92383.83
OD004836,O01613,P0175,3,32140.47
OD004837,O01613,P0069,2,87744.2
OD004838,O01614,P0015,3,87360.93
OD004839,O01614,P0451,1,32544.56
OD004840,O01614,P0396,3,26250.33
OD004841,O01615,P0401,2,8418.08
OD004842,O01616,P0499,2,44758.16
OD004843,O01617,P0398,2,84621.72
OD004844,O01618,P0428,2,72367.56
OD004845,O01618,P0369,1,29719.67
OD004846,O01618,P0152,3,73262.82
OD004847,O01618,P0475,1,35943.68
OD004848,O01618,P0124,3,115938.09
OD004849,O01619,P0346,1,13256.96
OD004850,O01619,P0265,2,61726.32
OD004851,O01620,P0354,3,126463.92
OD004852,O01621,P0438,3,77602.02
OD004853,O01621,P0077,3,95310.78
OD004854,O01621,P0159,3,50661.93
OD004855,O01622,P0497,2,28141.9
OD004856,O01622,P0103,1,43879.19
OD004857,O01623,P0034,3,70359.51
OD004858,O01623,P0129,1,26497.65
OD004859,O01624,P0336,2,48680.3
OD004860,O01624,P0268,3,148893.3
OD004861,O01625,P0394,2,48481.34
OD004862,O01625,P0397,3,112159.98
OD004863,O01626,P0287,3,85789.38
OD004864,O01626,P0323,3,141014.67
OD004865,O01627,P0339,3,47198.88
OD004866,O01627,P0139,2,76032.34
OD004867,O01627,P0397,3,112159.98
OD004868,O01627,P0407,1,15477.24
OD004869,O01627,P0133,2,51215.0
OD004870,O01628,P0084,2,49939.34
OD004871,O01628,P0346,3,39770.88
OD004872,O01628,P0217,1,43359.09
OD004873,O01629,P0463,3,25867.05
OD004874,O01629,P0262,1,17889.61
OD004875,O01629,P0399,2,16717.48
OD004876,O01629,P0234,3,94965.36
OD004877,O01630,P0155,1,7171.57
OD004878,O01630,P0200,3,41824.32
OD004879,O01631,P0051,3,2721.51
OD004880,O01631,P0104,1,25936.71
OD004881,O01631,P0053,1,28738.91
OD004882,O01631,P0086,2,90828.36
OD004883,O01631,P0036,1,24513.98
OD004884,O01632,P0208,1,45993.95
OD004885,O01633,P0450,2,26686.3
OD004886,O01633,P0064,3,89993.76
OD004887,O01633,P0196,1,31927.62
OD004888,O01633,P0026,1,13404.03
OD004889,O01633,P0066,1,40944.42
OD004890,O01634,P0191,2,8228.2
OD004891,O01634,P0396,2,17500.22
OD004892,O01634,P0458,2,61629.3
OD004893,O01635,P0032,1,22132.39
OD004894,O01635,P0009,2,64269.9
OD004895,O01635,P0003,1,48147.23
OD004896,O01636,P0344,3,18566.91
OD004897,O01636,P0368,2,57498.34
OD004898,O01637,P0266,1,24933.26
OD004899,O01637,P0497,2,28141.9
OD004900,O01638,P0323,3,141014.67
OD004901,O01638,P0197,1,11828.38
OD004902,O01638,P0060,3,77866.29
OD004903,O01638,P0434,3,16717.71
OD004904,O01639,P0290,3,79248.24
OD004905,O01639,P0270,2,22105.8
OD004906,O01639,P0478,3,135643.38
OD004907,O01639,P0100,1,7336.08
OD004908,O01640,P0287,1,28596.46
OD004909,O01641,P0116,3,21551.67
OD004910,O01641,P0388,3,144155.34
OD004911,O01641,P0207,3,95434.8
OD004912,O01641,P0490,2,4434.28
OD004913,O01642,P0347,2,97067.62
OD004914,O01642,P0166,2,9408.9
OD004915,O01643,P0241,1,42008.14
OD004916,O01643,P0119,3,71371.65
OD004917,O01643,P0283,3,56423.25
OD004918,O01644,P0158,2,1495.12
OD004919,O01644,P0454,2,78767.9
OD004920,O01644,P0282,2,77401.48
OD004921,O01644,P0380,1,8354.83
OD004922,O01645,P0138,3,6703.62
OD004923,O01646,P0048,2,31938.52
OD004924,O01647,P0310,1,32555.16
OD004925,O01647,P0116,3,21551.67
OD004926,O01647,P0481,2,38131.26
OD004927,O01647,P0458,1,30814.65
OD004928,O01647,P0039,2,48625.88
OD004929,O01648,P0206,1,16417.86
OD004930,O01648,P0166,3,14113.35
OD004931,O01649,P0372,3,39744.84
OD004932,O01649,P0260,3,12782.04
OD004933,O01649,P0068,3,43564.56
OD004934,O01649,P0199,1,21332.0
OD004935,O01649,P0287,2,57192.92
OD004936,O01650,P0373,2,12923.86
OD004937,O01651,P0029,1,1746.82
OD004938,O01652,P0435,2,95933.84
OD004939,O01652,P0070,2,31253.44
OD004940,O01652,P0084,2,49939.34
OD004941,O01653,P0167,2,19615.54
OD004942,O01654,P0226,1,22025.27
OD004943,O01655,P0143,2,77145.6
OD004944,O01655,P0218,3,77952.3
OD004945,O01655,P0261,1,34647.61
OD004946,O01655,P0076,3,101235.15
OD004947,O01656,P0179,2,31797.26
OD004948,O01656,P0013,1,2877.19
OD004949,O01656,P0086,1,45414.18
OD004950,O01657,P0083,2,68293.26
OD004951,O01657,P0367,1,45671.59
OD004952,O01657,P0160,2,82766.9
OD004953,O01657,P0019,2,29094.98
OD004954,O01658,P0375,3,33254.64
OD004955,O01659,P0470,2,13050.64
OD004956,O01659,P0300,2,20139.58
OD004957,O01659,P0307,2,55488.36
OD004958,O01659,P0046,2,67462.54
OD004959,O01659,P0025,3,98048.4
OD004960,O01660,P0283,1,18807.75
OD004961,O01660,P0041,3,19874.25
OD004962,O01661,P0230,2,25882.78
OD004963,O01661,P0260,3,12782.04
OD004964,O01661,P0355,1,48668.56
OD004965,O01661,P0436,1,17907.21
OD004966,O01661,P0049,3,101055.42
OD004967,O01662,P0184,2,81184.64
OD004968,O01662,P0214,3,91180.77
OD004969,O01662,P0234,1,31655.12
OD004970,O01662,P0351,2,33738.58
OD004971,O01662,P0120,1,37572.81
OD004972,O01663,P0222,1,16593.23
OD004973,O01663,P0132,1,16953.1
OD004974,O01663,P0227,3,108041.88
OD004975,O01663,P0143,2,77145.6
OD004976,O01663,P0197,1,11828.38
OD004977,O01664,P0370,3,141394.38
OD004978,O01664,P0376,2,85027.62
OD004979,O01664,P0293,3,1460.34
OD004980,O01664,P0251,3,39593.19
OD004981,O01664,P0055,3,29543.07
OD004982,O01665,P0379,3,40575.21
OD004983,O01665,P0217,3,130077.27
OD004984,O01665,P0318,1,15284.42
OD004985,O01665,P0035,2,88647.62
OD004986,O01665,P0491,1,14220.38
OD004987,O01666,P0243,1,39529.4
OD004988,O01666,P0432,2,42947.86
OD004989,O01666,P0448,2,15022.82
OD004990,O01666,P0044,3,89612.25
OD004991,O01667,P0071,2,63780.52
OD004992,O01668,P0313,2,73815.2
OD004993,O01668,P0285,1,49168.83
OD004994,O01668,P0282,3,116102.22
OD004995,O01668,P0254,2,63563.34
OD004996,O01668,P0449,3,95631.57
OD004997,O01669,P0400,2,48102.82
OD004998,O01669,P0384,1,30276.68
OD004999,O01669,P0340,2,94611.4
OD005000,O01669,P0019,3,43642.47
OD005001,O01670,P0156,3,111247.08
OD005002,O01670,P0373,2,12923.86
OD005003,O01670,P0105,1,1634.46
OD005004,O01670,P0328,2,15271.74
OD005005,O01670,P0178,1,6742.5
OD005006,O01671,P0178,3,20227.5
OD005007,O01671,P0272,3,143854.62
OD005008,O01672,P0268,1,49631.1
OD005009,O01672,P0189,2,42234.28
OD005010,O01672,P0142,1,42626.52
OD005011,O01673,P0238,2,12684.94
OD005012,O01673,P0035,1,44323.81
OD005013,O01673,P0393,3,60485.07
OD005014,O01674,P0279,2,45956.62
OD005015,O01674,P0464,1,39575.17
OD005016,O01675,P0095,1,43421.39
OD005017,O01676,P0114,3,35694.45
OD005018,O01676,P0453,1,34440.96
OD005019,O01676,P0224,2,1190.06
OD005020,O01677,P0109,1,29170.71
OD005021,O01677,P0449,2,63754.38
OD005022,O01677,P0391,2,87302.0
OD005023,O01677,P0200,3,41824.32
OD005024,O01677,P0387,2,74222.98
OD005025,O01678,P0463,1,8622.35
OD005026,O01678,P0431,3,11917.59
OD005027,O01679,P0040,1,27945.65
OD005028,O01679,P0109,1,29170.71
OD005029,O01679,P0435,3,143900.76
OD005030,O01679,P0223,2,16256.24
OD005031,O01679,P0287,1,28596.46
OD005032,O01680,P0408,3,90181.23
OD005033,O01681,P0212,2,49276.18
OD005034,O01681,P0409,2,96139.38
OD005035,O01681,P0437,2,33345.08
OD005036,O01681,P0300,3,30209.37
OD005037,O01681,P0252,2,55679.46
OD005038,O01682,P0053,2,57477.82
OD005039,O01682,P0228,2,85375.2
OD005040,O01683,P0303,2,91623.1
OD005041,O01683,P0362,2,36407.72
OD005042,O01683,P0205,3,11683.8
OD005043,O01683,P0043,3,95470.65
OD005044,O01684,P0361,1,22373.88
OD005045,O01684,P0273,1,36008.68
OD005046,O01685,P0129,2,52995.3
OD005047,O01685,P0408,1,30060.41
OD005048,O01685,P0087,3,7825.47
OD005049,O01686,P0417,3,144485.46
OD005050,O01686,P0231,1,36040.9
OD005051,O01686,P0456,3,96085.98
OD005052,O01686,P0243,1,39529.4
OD005053,O01687,P0140,1,28789.71
OD005054,O01687,P0109,2,58341.42
OD005055,O01688,P0411,3,57315.0
OD005056,O01688,P0359,3,51888.63
OD005057,O01688,P0286,1,34386.6
OD005058,O01688,P0127,2,86439.86
OD005059,O01688,P0085,3,99549.84
OD005060,O01689,P0477,1,40796.04
OD005061,O01689,P0025,2,65365.6
OD005062,O01690,P0498,2,46054.46
OD005063,O01690,P0050,1,48838.18
OD005064,O01691,P0208,3,137981.85
OD005065,O01691,P0361,1,22373.88
OD005066,O01691,P0162,1,48541.96
OD005067,O01691,P0499,2,44758.16
OD005068,O01691,P0110,2,83470.56
OD005069,O01692,P0494,3,79167.45
OD005070,O01692,P0276,3,51198.39
OD005071,O01692,P0003,1,48147.23
OD005072,O01692,P0422,2,47390.44
OD005073,O01693,P0073,3,88802.82
OD005074,O01693,P0053,1,28738.91
OD005075,O01693,P0442,1,48049.73
OD005076,O01693,P0012,3,48305.67
OD005077,O01694,P0276,3,51198.39
OD005078,O01695,P0366,2,14397.72
OD005079,O01695,P0330,3,83306.01
OD005080,O01695,P0143,1,38572.8
OD005081,O01695,P0225,3,104885.31
OD005082,O01696,P0019,1,14547.49
OD005083,O01696,P0377,3,46528.47
OD005084,O01696,P0301,3,52313.85
OD005085,O01696,P0406,2,71329.38
OD005086,O01696,P0274,1,36502.79
OD005087,O01697,P0260,3,12782.04
OD005088,O01698,P0192,2,65762.18
OD005089,O01698,P0134,3,104001.84
OD005090,O01698,P0409,1,48069.69
OD005091,O01699,P0354,1,42154.64
OD005092,O01699,P0234,2,63310.24
OD005093,O01699,P0046,3,101193.81
OD005094,O01699,P0161,2,57995.8
OD005095,O01700,P0492,2,10356.26
OD005096,O01700,P0376,2,85027.62
OD005097,O01700,P0380,3,25064.49
OD005098,O01700,P0491,1,14220.38
OD005099,O01700,P0401,2,8418.08
OD005100,O01701,P0140,1,28789.71
OD005101,O01702,P0256,2,76192.06
OD005102,O01702,P0393,2,40323.38
OD005103,O01702,P0123,3,11527.41
OD005104,O01702,P0173,2,72693.04
OD005105,O01702,P0229,3,55491.21
OD005106,O01703,P0227,3,108041.88
OD005107,O01703,P0211,2,85191.94
OD005108,O01703,P0339,2,31465.92
OD005109,O01704,P0189,3,63351.42
OD005110,O01704,P0337,1,4887.85
OD005111,O01704,P0405,2,73402.82
OD005112,O01704,P0199,2,42664.0
OD005113,O01704,P0077,2,63540.52
OD005114,O01705,P0302,3,53849.7
OD005115,O01706,P0383,2,79706.9
OD005116,O01706,P0409,2,96139.38
OD005117,O01707,P0195,3,115124.85
OD005118,O01708,P0330,3,83306.01
OD005119,O01708,P0300,3,30209.37
OD005120,O01708,P0032,3,66397.17
OD005121,O01709,P0173,3,109039.56
OD005122,O01709,P0457,3,76672.47
OD005123,O01709,P0336,2,48680.3
OD005124,O01709,P0184,2,81184.64
OD005125,O01710,P0386,1,26873.03
OD005126,O01710,P0241,3,126024.42
OD005127,O01710,P0346,3,39770.88
OD005128,O01710,P0466,3,96212.22
OD005129,O01710,P0491,1,14220.38
OD005130,O01711,P0013,3,8631.57
OD005131,O01711,P0034,2,46906.34
OD005132,O01711,P0277,2,95197.56
OD005133,O01712,P0277,1,47598.78
OD005134,O01712,P0179,1,15898.63
OD005135,O01712,P0207,3,95434.8
OD005136,O01713,P0402,3,15456.48
OD005137,O01713,P0192,2,65762.18
OD005138,O01714,P0226,2,44050.54
OD005139,O01714,P0253,3,86577.21
OD005140,O01714,P0037,3,108149.19
OD005141,O01715,P0207,2,63623.2
OD005142,O01715,P0103,3,131637.57
OD005143,O01715,P0292,2,12783.32
OD005144,O01715,P0238,2,12684.94
OD005145,O01715,P0047,3,55656.33
OD005146,O01716,P0017,1,1885.0
OD005147,O01716,P0072,3,91758.27
OD005148,O01716,P0031,2,7414.64
OD005149,O01716,P0188,2,26281.06
OD005150,O01717,P0377,3,46528.47
OD005151,O01717,P0092,1,40584.21
OD005152,O01717,P0390,3,141141.45
OD005153,O01717,P0011,3,37919.79
OD005154,O01717,P0090,3,13623.66
OD005155,O01718,P0441,1,31441.06
OD005156,O01719,P0152,1,24420.94
OD005157,O01719,P0335,1,27474.41
OD005158,O01719,P0215,1,12235.32
OD005159,O01719,P0071,1,31890.26
OD005160,O01720,P0388,3,144155.34
OD005161,O01720,P0462,1,34764.62
OD005162,O01721,P0389,1,2990.09
OD005163,O01721,P0342,1,11727.32
OD005164,O01722,P0167,1,9807.77
OD005165,O01722,P0336,2,48680.3
OD005166,O01722,P0378,2,89920.84
OD005167,O01722,P0301,3,52313.85
OD005168,O01723,P0390,2,94094.3
OD005169,O01723,P0227,1,36013.96
OD005170,O01723,P0500,1,30616.24
OD005171,O01724,P0135,3,83307.84
OD005172,O01724,P0200,2,27882.88
OD005173,O01724,P0415,2,74935.54
OD005174,O01725,P0467,2,12030.4
OD005175,O01725,P0386,3,80619.09
OD005176,O01725,P0477,3,122388.12
OD005177,O01725,P0496,1,6446.33
OD005178,O01726,P0303,3,137434.65
OD005179,O01726,P0267,3,111377.79
OD005180,O01726,P0478,3,135643.38
OD005181,O01726,P0236,3,22093.83
OD005182,O01727,P0100,1,7336.08
OD005183,O01727,P0227,2,72027.92
OD005184,O01727,P0429,1,25226.17
OD005185,O01727,P0323,1,47004.89
OD005186,O01728,P0090,1,4541.22
OD005187,O01729,P0285,2,98337.66
OD005188,O01729,P0099,2,10174.16
OD005189,O01730,P0305,2,24769.32
OD005190,O01730,P0258,2,97930.34
OD005191,O01730,P0001,2,91621.56
OD005192,O01730,P0021,3,26094.06
OD005193,O01730,P0275,2,80521.88
OD005194,O01731,P0060,1,25955.43
OD005195,O01731,P0273,3,108026.04
OD005196,O01732,P0448,2,15022.82
OD005197,O01733,P0155,2,14343.14
OD005198,O01734,P0457,2,51114.98
OD005199,O01734,P0062,3,2159.76
OD005200,O01734,P0440,2,55009.08
OD005201,O01734,P0132,1,16953.1
OD005202,O01734,P0351,1,16869.29
OD005203,O01735,P0271,2,50483.8
OD005204,O01735,P0261,3,103942.83
OD005205,O01735,P0464,3,118725.51
OD005206,O01736,P0066,1,40944.42
OD005207,O01736,P0422,2,47390.44
OD005208,O01736,P0007,1,3639.73
OD005209,O01736,P0492,2,10356.26
OD005210,O01737,P0002,1,29810.32
OD005211,O01737,P0355,1,48668.56
OD005212,O01737,P0013,3,8631.57
OD005213,O01737,P0378,1,44960.42
OD005214,O01738,P0187,2,92151.5
OD005215,O01738,P0486,2,6785.26
OD005216,O01739,P0282,1,38700.74
OD005217,O01740,P0434,2,11145.14
OD005218,O01740,P0376,2,85027.62
OD005219,O01741,P0271,2,50483.8
OD005220,O01741,P0383,1,39853.45
OD005221,O01742,P0476,1,635.14
OD005222,O01742,P0283,1,18807.75
OD005223,O01742,P0332,2,94826.36
OD005224,O01743,P0145,1,19289.24
OD005225,O01743,P0002,3,89430.96
OD005226,O01744,P0322,1,37337.54
OD005227,O01744,P0183,2,26211.78
OD005228,O01744,P0035,2,88647.62
OD005229,O01744,P0324,3,58152.0
OD005230,O01745,P0348,1,19437.03
OD005231,O01746,P0255,3,67473.18
OD005232,O01746,P0068,1,14521.52
OD005233,O01746,P0122,2,51261.12
OD005234,O01747,P0086,2,90828.36
OD005235,O01747,P0371,3,47520.69
OD005236,O01748,P0347,3,145601.43
OD005237,O01748,P0085,2,66366.56
OD005238,O01749,P0092,3,121752.63
OD005239,O01749,P0310,3,97665.48
OD005240,O01749,P0334,3,33337.29
OD005241,O01749,P0362,2,36407.72
OD005242,O01749,P0058,1,19851.06
OD005243,O01750,P0398,1,42310.86
OD005244,O01750,P0456,1,32028.66
OD005245,O01750,P0431,2,7945.06
OD005246,O01750,P0146,2,36238.98
OD005247,O01750,P0430,2,86703.36
OD005248,O01751,P0478,1,45214.46
OD005249,O01751,P0340,3,141917.1
OD005250,O01751,P0184,3,121776.96
OD005251,O01751,P0452,2,57018.32
OD005252,O01752,P0094,2,78282.72
OD005253,O01752,P0439,1,18005.17
OD005254,O01752,P0164,1,9669.61
OD005255,O01753,P0315,2,12902.46
OD005256,O01753,P0136,3,8975.04
OD005257,O01753,P0036,1,24513.98
OD005258,O01753,P0283,1,18807.75
OD005259,O01753,P0312,3,80898.84
OD005260,O01754,P0109,3,87512.13
OD005261,O01754,P0333,2,10406.38
OD005262,O01754,P0189,2,42234.28
OD005263,O01755,P0392,1,11405.72
OD005264,O01755,P0074,3,94801.77
OD005265,O01756,P0044,1,29870.75
OD005266,O01757,P0428,1,36183.78
OD005267,O01757,P0401,3,12627.12
OD005268,O01757,P0457,3,76672.47
OD005269,O01757,P0060,1,25955.43
OD005270,O01757,P0030,3,38733.09
OD005271,O01758,P0380,1,8354.83
OD005272,O01759,P0371,3,47520.69
OD005273,O01759,P0453,1,34440.96
OD005274,O01759,P0181,3,21513.87
OD005275,O01760,P0245,2,68888.2
OD005276,O01760,P0121,2,45985.0
OD005277,O01760,P0451,1,32544.56
OD005278,O01760,P0336,2,48680.3
OD005279,O01760,P0369,2,59439.34
OD005280,O01761,P0195,1,38374.95
OD005281,O01761,P0087,1,2608.49
OD005282,O01761,P0281,2,87884.82
OD005283,O01762,P0332,1,47413.18
OD005284,O01762,P0039,3,72938.82
OD005285,O01763,P0390,3,141141.45
OD005286,O01763,P0259,2,62295.6
OD005287,O01764,P0162,2,97083.92
OD005288,O01764,P0456,3,96085.98
OD005289,O01764,P0114,2,23796.3
OD005290,O01764,P0298,1,10120.73
OD005291,O01764,P0310,2,65110.32
OD005292,O01765,P0184,2,81184.64
OD005293,O01765,P0003,2,96294.46
OD005294,O01765,P0315,1,6451.23
OD005295,O01765,P0486,3,10177.89
OD005296,O01766,P0099,2,10174.16
OD005297,O01767,P0224,3,1785.09
OD005298,O01767,P0452,1,28509.16
OD005299,O01768,P0110,2,83470.56
OD005300,O01768,P0213,1,17118.78
OD005301,O01768,P0279,3,68934.93
OD005302,O01768,P0225,3,104885.31
OD005303,O01769,P0334,1,11112.43
OD005304,O01769,P0200,1,13941.44
OD005305,O01770,P0267,1,37125.93
OD005306,O01770,P0362,3,54611.58
OD005307,O01771,P0005,3,52666.62
OD005308,O01771,P0476,1,635.14
OD005309,O01771,P0176,1,30664.46
OD005310,O01771,P0328,3,22907.61
OD005311,O01772,P0180,2,30358.6
OD005312,O01772,P0003,2,96294.46
OD005313,O01772,P0251,1,13197.73
OD005314,O01772,P0023,1,43375.51
OD005315,O01772,P0191,2,8228.2
OD005316,O01773,P0100,1,7336.08
OD005317,O01773,P0415,2,74935.54
OD005318,O01773,P0274,2,73005.58
OD005319,O01773,P0320,1,1924.24
OD005320,O01773,P0112,2,14252.9
OD005321,O01774,P0171,3,23644.68
OD005322,O01774,P0193,1,2379.84
OD005323,O01775,P0345,3,84771.36
OD005324,O01776,P0325,3,24915.09
OD005325,O01777,P0008,2,43270.64
OD005326,O01777,P0205,2,7789.2
OD005327,O01777,P0390,1,47047.15
OD005328,O01778,P0115,2,88803.46
OD005329,O01778,P0226,3,66075.81
OD005330,O01778,P0384,2,60553.36
OD005331,O01778,P0138,2,4469.08
OD005332,O01779,P0485,3,142512.72
OD005333,O01779,P0104,2,51873.42
OD005334,O01780,P0111,1,13770.51
OD005335,O01780,P0286,2,68773.2
OD005336,O01780,P0131,1,25134.94
OD005337,O01780,P0051,2,1814.34
OD005338,O01781,P0340,2,94611.4
OD005339,O01781,P0383,1,39853.45
OD005340,O01781,P0181,1,7171.29
OD005341,O01781,P0389,3,8970.27
OD005342,O01781,P0345,3,84771.36
OD005343,O01782,P0265,3,92589.48
OD005344,O01782,P0298,2,20241.46
OD005345,O01782,P0362,3,54611.58
OD005346,O01782,P0029,1,1746.82
OD005347,O01783,P0480,2,68366.46
OD005348,O01783,P0455,3,72739.2
OD005349,O01784,P0338,3,114213.24
OD005350,O01785,P0205,2,7789.2
OD005351,O01785,P0358,3,60092.88
OD005352,O01785,P0154,1,26859.2
OD005353,O01785,P0285,3,147506.49
OD005354,O01786,P0481,1,19065.63
OD005355,O01787,P0149,1,33043.26
OD005356,O01787,P0046,3,101193.81
OD005357,O01787,P0478,2,90428.92
OD005358,O01788,P0187,1,46075.75
OD005359,O01788,P0342,1,11727.32
OD005360,O01788,P0448,1,7511.41
OD005361,O01788,P0081,3,52126.89
OD005362,O01788,P0484,2,17142.04
OD005363,O01789,P0486,3,10177.89
OD005364,O01789,P0392,2,22811.44
OD005365,O01789,P0472,3,131333.7
OD005366,O01789,P0428,3,108551.34
OD005367,O01790,P0168,1,16016.13
OD005368,O01790,P0072,2,61172.18
OD005369,O01790,P0290,1,26416.08
OD005370,O01790,P0062,2,1439.84
OD005371,O01791,P0413,2,23997.1
OD005372,O01791,P0232,3,143019.57
OD005373,O01791,P0416,1,2188.07
OD005374,O01792,P0057,2,64072.7
OD005375,O01792,P0111,2,27541.02
OD005376,O01792,P0108,3,92383.83
OD005377,O01793,P0036,1,24513.98
OD005378,O01794,P0490,2,4434.28
OD005379,O01794,P0483,1,8375.29
OD005380,O01794,P0010,1,31464.13
OD005381,O01794,P0209,1,25876.61
OD005382,O01795,P0225,3,104885.31
OD005383,O01796,P0413,3,35995.65
OD005384,O01796,P0420,2,2144.98
OD005385,O01797,P0410,2,79522.66
OD005386,O01797,P0350,3,104493.24
OD005387,O01797,P0365,1,7195.14
OD005388,O01797,P0367,1,45671.59
OD005389,O01797,P0301,1,17437.95
OD005390,O01798,P0436,3,53721.63
OD005391,O01799,P0448,2,15022.82
OD005392,O01799,P0064,2,59995.84
OD005393,O01799,P0319,1,17520.15
OD005394,O01800,P0064,2,59995.84
OD005395,O01800,P0223,1,8128.12
OD005396,O01800,P0102,3,125107.26
OD005397,O01801,P0162,2,97083.92
OD005398,O01801,P0434,2,11145.14
OD005399,O01801,P0077,1,31770.26
OD005400,O01802,P0430,1,43351.68
OD005401,O01802,P0454,2,78767.9
OD005402,O01802,P0128,3,42538.17
OD005403,O01802,P0217,3,130077.27
OD005404,O01802,P0470,1,6525.32
OD005405,O01803,P0446,3,128598.09
OD005406,O01803,P0206,3,49253.58
OD005407,O01803,P0166,3,14113.35
OD005408,O01803,P0344,1,6188.97
OD005409,O01804,P0119,2,47581.1
OD005410,O01804,P0038,1,13156.01
OD005411,O01804,P0465,2,76829.06
OD005412,O01804,P0459,1,5875.98
OD005413,O01804,P0406,2,71329.38
OD005414,O01805,P0475,3,107831.04
OD005415,O01805,P0257,1,17886.49
OD005416,O01805,P0050,3,146514.54
OD005417,O01805,P0075,2,12828.14
OD005418,O01806,P0316,1,10470.32
OD005419,O01806,P0015,2,58240.62
OD005420,O01806,P0396,2,17500.22
OD005421,O01806,P0477,1,40796.04
OD005422,O01806,P0405,1,36701.41
OD005423,O01807,P0484,1,8571.02
OD005424,O01807,P0049,1,33685.14
OD005425,O01807,P0233,1,5535.26
OD005426,O01807,P0120,2,75145.62
OD005427,O01808,P0380,3,25064.49
OD005428,O01808,P0046,3,101193.81
OD005429,O01808,P0146,2,36238.98
OD005430,O01809,P0138,3,6703.62
OD005431,O01809,P0417,2,96323.64
OD005432,O01809,P0230,1,12941.39
OD005433,O01810,P0085,2,66366.56
OD005434,O01810,P0125,2,89951.32
OD005435,O01810,P0247,2,83646.12
OD005436,O01811,P0134,1,34667.28
OD005437,O01811,P0223,2,16256.24
OD005438,O01811,P0433,3,115158.93
OD005439,O01811,P0164,1,9669.61
OD005440,O01812,P0082,1,26893.32
OD005441,O01813,P0331,1,39780.07
OD005442,O01814,P0055,1,9847.69
OD005443,O01814,P0387,1,37111.49
OD005444,O01814,P0431,3,11917.59
OD005445,O01814,P0280,2,66201.68
OD005446,O01814,P0152,3,73262.82
OD005447,O01815,P0133,1,25607.5
OD005448,O01815,P0293,2,973.56
OD005449,O01815,P0166,1,4704.45
OD005450,O01816,P0223,1,8128.12
OD005451,O01816,P0111,1,13770.51
OD005452,O01817,P0341,1,31938.49
OD005453,O01817,P0090,1,4541.22
OD005454,O01818,P0142,2,85253.04
OD005455,O01818,P0016,1,45838.51
OD005456,O01818,P0473,3,20225.46
OD005457,O01819,P0148,2,58563.46
OD005458,O01819,P0036,1,24513.98
OD005459,O01820,P0244,3,134218.92
OD005460,O01820,P0024,2,51299.0
OD005461,O01820,P0239,2,2806.48
OD005462,O01820,P0032,2,44264.78
OD005463,O01820,P0425,2,47542.5
OD005464,O01821,P0085,2,66366.56
OD005465,O01821,P0449,3,95631.57
OD005466,O01821,P0490,1,2217.14
OD005467,O01821,P0482,1,36394.17
OD005468,O01822,P0341,3,95815.47
OD005469,O01822,P0115,3,133205.19
OD005470,O01823,P0357,1,8621.08
OD005471,O01824,P0147,2,7030.5
OD005472,O01824,P0418,1,11635.18
OD005473,O01824,P0050,2,97676.36
OD005474,O01824,P0081,3,52126.89
OD005475,O01825,P0190,3,94840.47
OD005476,O01825,P0023,2,86751.02
OD005477,O01825,P0327,1,45227.54
OD005478,O01826,P0089,1,47776.2
OD005479,O01827,P0460,2,84409.9
OD005480,O01827,P0267,3,111377.79
OD005481,O01827,P0199,3,63996.0
OD005482,O01827,P0382,2,20594.3
OD005483,O01827,P0069,2,87744.2
OD005484,O01828,P0116,2,14367.78
OD005485,O01828,P0079,1,2100.87
OD005486,O01828,P0448,2,15022.82
OD005487,O01828,P0333,3,15609.57
OD005488,O01829,P0221,2,50053.38
OD005489,O01829,P0051,2,1814.34
OD005490,O01829,P0026,1,13404.03
OD005491,O01829,P0304,2,8945.54
OD005492,O01829,P0284,3,28576.68
OD005493,O01830,P0105,3,4903.38
OD005494,O01830,P0474,1,6036.27
OD005495,O01830,P0191,2,8228.2
OD005496,O01831,P0147,2,7030.5
OD005497,O01832,P0375,3,33254.64
OD005498,O01832,P0184,2,81184.64
OD005499,O01833,P0142,2,85253.04
OD005500,O01833,P0064,1,29997.92
OD005501,O01834,P0107,3,105562.38
OD005502,O01834,P0350,3,104493.24
OD005503,O01835,P0435,1,47966.92
OD005504,O01835,P0266,3,74799.78
OD005505,O01836,P0356,2,3492.78
OD005506,O01836,P0140,1,28789.71
OD005507,O01836,P0066,2,81888.84
OD005508,O01836,P0308,3,21575.43
OD005509,O01837,P0491,1,14220.38
OD005510,O01837,P0145,3,57867.72
OD005511,O01837,P0369,2,59439.34
OD005512,O01837,P0187,1,46075.75
OD005513,O01837,P0208,3,137981.85
OD005514,O01838,P0295,3,593.43
OD005515,O01838,P0302,3,53849.7
OD005516,O01838,P0407,2,30954.48
OD005517,O01839,P0376,1,42513.81
OD005518,O01839,P0187,1,46075.75
OD005519,O01839,P0493,3,78198.24
OD005520,O01840,P0268,2,99262.2
OD005521,O01840,P0010,3,94392.39
OD005522,O01840,P0428,3,108551.34
OD005523,O01840,P0106,3,100278.9
OD005524,O01841,P0274,1,36502.79
OD005525,O01842,P0084,1,24969.67
OD005526,O01843,P0430,1,43351.68
OD005527,O01843,P0086,3,136242.54
OD005528,O01843,P0009,1,32134.95
OD005529,O01843,P0161,1,28997.9
OD005530,O01843,P0110,1,41735.28
OD005531,O01844,P0001,2,91621.56
OD005532,O01845,P0078,1,13869.21
OD005533,O01845,P0349,1,13424.17
OD005534,O01846,P0083,1,34146.63
OD005535,O01846,P0313,2,73815.2
OD005536,O01846,P0307,2,55488.36
OD005537,O01846,P0050,2,97676.36
OD005538,O01846,P0093,2,87949.92
OD005539,O01847,P0116,2,14367.78
OD005540,O01847,P0386,1,26873.03
OD005541,O01847,P0303,2,91623.1
OD005542,O01847,P0349,3,40272.51
OD005543,O01848,P0284,2,19051.12
OD005544,O01848,P0424,2,27553.5
OD005545,O01848,P0285,1,49168.83
OD005546,O01849,P0228,3,128062.8
OD005547,O01849,P0475,3,107831.04
OD005548,O01849,P0404,3,140949.39
OD005549,O01849,P0080,2,44229.5
OD005550,O01850,P0314,1,23667.18
OD005551,O01850,P0479,1,20646.55
OD005552,O01850,P0086,2,90828.36
OD005553,O01850,P0498,2,46054.46
OD005554,O01851,P0215,2,24470.64
OD005555,O01851,P0164,2,19339.22
OD005556,O01851,P0217,2,86718.18
OD005557,O01851,P0106,3,100278.9
OD005558,O01852,P0412,2,57957.92
OD005559,O01852,P0050,3,146514.54
OD005560,O01853,P0321,2,82838.28
OD005561,O01853,P0080,2,44229.5
OD005562,O01854,P0355,2,97337.12
OD005563,O01855,P0114,2,23796.3
OD005564,O01855,P0221,2,50053.38
OD005565,O01855,P0049,3,101055.42
OD005566,O01855,P0125,1,44975.66
OD005567,O01855,P0263,2,12404.82
OD005568,O01856,P0378,2,89920.84
OD005569,O01857,P0334,2,22224.86
OD005570,O01857,P0082,2,53786.64
OD005571,O01857,P0390,2,94094.3
OD005572,O01857,P0020,1,28373.35
OD005573,O01857,P0080,2,44229.5
OD005574,O01858,P0261,3,103942.83
OD005575,O01859,P0212,1,24638.09
OD005576,O01859,P0450,1,13343.15
OD005577,O01860,P0045,2,55229.04
OD005578,O01861,P0488,2,39527.02
OD005579,O01861,P0038,3,39468.03
OD005580,O01862,P0307,1,27744.18
OD005581,O01863,P0001,2,91621.56
OD005582,O01863,P0415,3,112403.31
OD005583,O01864,P0006,1,22450.55
OD005584,O01864,P0314,2,47334.36
OD005585,O01864,P0445,2,79392.7
OD005586,O01864,P0480,2,68366.46
OD005587,O01864,P0336,3,73020.45
OD005588,O01865,P0380,3,25064.49
OD005589,O01865,P0370,1,47131.46
OD005590,O01866,P0095,3,130264.17
OD005591,O01866,P0080,2,44229.5
OD005592,O01866,P0149,1,33043.26
OD005593,O01866,P0375,3,33254.64
OD005594,O01867,P0341,2,63876.98
OD005595,O01867,P0180,2,30358.6
OD005596,O01867,P0416,2,4376.14
OD005597,O01867,P0476,1,635.14
OD005598,O01868,P0209,2,51753.22
OD005599,O01868,P0089,1,47776.2
OD005600,O01868,P0174,1,33061.41
OD005601,O01868,P0036,1,24513.98
OD005602,O01868,P0368,2,57498.34
OD005603,O01869,P0384,3,90830.04
OD005604,O01869,P0069,1,43872.1
OD005605,O01869,P0077,3,95310.78
OD005606,O01870,P0026,1,13404.03
OD005607,O01870,P0427,3,96018.96
OD005608,O01870,P0475,3,107831.04
OD005609,O01870,P0115,3,133205.19
OD005610,O01871,P0042,3,125919.15
OD005611,O01872,P0190,2,63226.98
OD005612,O01873,P0406,1,35664.69
OD005613,O01873,P0381,2,40725.78
OD005614,O01874,P0314,2,47334.36
OD005615,O01874,P0148,2,58563.46
OD005616,O01874,P0043,3,95470.65
OD005617,O01874,P0471,2,8575.6
OD005618,O01874,P0287,2,57192.92
OD005619,O01875,P0095,2,86842.78
OD005620,O01875,P0421,1,37593.63
OD005621,O01876,P0494,2,52778.3
OD005622,O01876,P0359,1,17296.21
OD005623,O01876,P0245,1,34444.1
OD005624,O01876,P0431,3,11917.59
OD005625,O01877,P0327,2,90455.08
OD005626,O01877,P0288,3,63358.53
OD005627,O01877,P0256,3,114288.09
OD005628,O01878,P0432,1,21473.93
OD005629,O01878,P0333,3,15609.57
OD005630,O01879,P0053,3,86216.73
OD005631,O01880,P0191,1,4114.1
OD005632,O01881,P0292,3,19174.98
OD005633,O01881,P0079,3,6302.61
OD005634,O01881,P0017,3,5655.0
OD005635,O01881,P0324,1,19384.0
OD005636,O01881,P0174,1,33061.41
OD005637,O01882,P0354,2,84309.28
OD005638,O01882,P0298,2,20241.46
OD005639,O01882,P0066,2,81888.84
OD005640,O01882,P0003,3,144441.69
OD005641,O01882,P0355,2,97337.12
OD005642,O01883,P0173,1,36346.52
OD005643,O01883,P0326,3,56860.47
OD005644,O01883,P0036,2,49027.96
OD005645,O01883,P0047,2,37104.22
OD005646,O01884,P0488,1,19763.51
OD005647,O01885,P0169,3,29415.48
OD005648,O01885,P0264,1,40033.67
OD005649,O01885,P0252,2,55679.46
OD005650,O01886,P0373,3,19385.79
OD005651,O01887,P0113,1,7688.42
OD005652,O01887,P0300,1,10069.79
OD005653,O01887,P0456,2,64057.32
OD005654,O01887,P0356,2,3492.78
OD005655,O01888,P0423,2,73804.14
OD005656,O01888,P0400,3,72154.23
OD005657,O01888,P0374,2,71447.32
OD005658,O01889,P0005,1,17555.54
OD005659,O01889,P0353,1,12904.16
OD005660,O01889,P0313,3,110722.8
OD005661,O01889,P0446,2,85732.06
OD005662,O01889,P0437,2,33345.08
OD005663,O01890,P0406,1,35664.69
OD005664,O01890,P0384,3,90830.04
OD005665,O01890,P0038,2,26312.02
OD005666,O01890,P0085,3,99549.84
OD005667,O01891,P0164,3,29008.83
OD005668,O01891,P0208,3,137981.85
OD005669,O01891,P0022,1,33123.51
OD005670,O01892,P0188,2,26281.06
OD005671,O01892,P0184,3,121776.96
OD005672,O01892,P0061,2,85687.16
OD005673,O01892,P0235,2,72037.14
OD005674,O01892,P0200,2,27882.88
OD005675,O01893,P0500,1,30616.24
OD005676,O01893,P0496,3,19338.99
OD005677,O01893,P0205,1,3894.6
OD005678,O01894,P0153,2,94524.6
OD005679,O01894,P0186,2,79487.62
OD005680,O01894,P0125,3,134926.98
OD005681,O01894,P0058,2,39702.12
OD005682,O01894,P0034,1,23453.17
OD005683,O01895,P0481,3,57196.89
OD005684,O01896,P0227,1,36013.96
OD005685,O01896,P0328,2,15271.74
OD005686,O01897,P0011,3,37919.79
OD005687,O01898,P0133,3,76822.5
OD005688,O01898,P0025,2,65365.6
OD005689,O01898,P0320,1,1924.24
OD005690,O01899,P0285,3,147506.49
OD005691,O01899,P0303,3,137434.65
OD005692,O01899,P0263,3,18607.23
OD005693,O01899,P0445,1,39696.35
OD005694,O01899,P0371,3,47520.69
OD005695,O01900,P0355,3,146005.68
OD005696,O01900,P0344,2,12377.94
OD005697,O01900,P0357,3,25863.24
OD005698,O01901,P0454,1,39383.95
OD005699,O01901,P0338,2,76142.16
OD005700,O01901,P0117,2,3584.78
OD005701,O01902,P0037,3,108149.19
OD005702,O01902,P0396,3,26250.33
OD005703,O01902,P0182,3,84991.95
OD005704,O01902,P0368,3,86247.51
OD005705,O01902,P0233,1,5535.26
OD005706,O01903,P0255,3,67473.18
OD005707,O01903,P0493,3,78198.24
OD005708,O01904,P0063,3,5388.06
OD005709,O01904,P0447,2,19017.04
OD005710,O01904,P0105,1,1634.46
OD005711,O01905,P0191,2,8228.2
OD005712,O01905,P0204,1,36853.4
OD005713,O01905,P0104,3,77810.13
OD005714,O01905,P0294,2,57791.32
OD005715,O01905,P0254,1,31781.67
OD005716,O01906,P0335,2,54948.82
OD005717,O01906,P0201,2,76541.52
OD005718,O01906,P0205,2,7789.2
OD005719,O01906,P0383,1,39853.45
OD005720,O01906,P0361,3,67121.64
OD005721,O01907,P0150,3,146910.72
OD005722,O01907,P0185,3,45672.0
OD005723,O01907,P0059,2,10444.44
OD005724,O01907,P0180,1,15179.3
OD005725,O01907,P0389,2,5980.18
OD005726,O01908,P0421,3,112780.89
OD005727,O01909,P0337,2,9775.7
OD005728,O01910,P0165,1,37256.63
OD005729,O01910,P0452,1,28509.16
OD005730,O01910,P0334,2,22224.86
OD005731,O01911,P0155,2,14343.14
OD005732,O01912,P0373,2,12923.86
OD005733,O01912,P0366,2,14397.72
OD005734,O01912,P0059,1,5222.22
OD005735,O01912,P0040,2,55891.3
OD005736,O01913,P0216,3,15772.17
OD005737,O01913,P0346,3,39770.88
OD005738,O01914,P0201,1,38270.76
OD005739,O01914,P0038,1,13156.01
OD005740,O01914,P0265,2,61726.32
OD005741,O01914,P0490,2,4434.28
OD005742,O01915,P0093,1,43974.96
OD005743,O01915,P0041,2,13249.5
OD005744,O01915,P0338,3,114213.24
OD005745,O01915,P0380,2,16709.66
OD005746,O01916,P0326,3,56860.47
OD005747,O01916,P0016,1,45838.51
OD005748,O01916,P0193,1,2379.84
OD005749,O01916,P0431,2,7945.06
OD005750,O01916,P0291,3,116393.94
OD005751,O01917,P0063,2,3592.04
OD005752,O01917,P0243,3,118588.2
OD005753,O01918,P0418,3,34905.54
OD005754,O01918,P0322,2,74675.08
OD005755,O01918,P0114,1,11898.15
OD005756,O01918,P0467,3,18045.6
OD005757,O01918,P0113,1,7688.42
OD005758,O01919,P0459,3,17627.94
OD005759,O01919,P0317,2,97456.1
OD005760,O01919,P0205,1,3894.6
OD005761,O01919,P0165,3,111769.89
OD005762,O01920,P0379,1,13525.07
OD005763,O01921,P0170,1,26961.11
OD005764,O01921,P0041,1,6624.75
OD005765,O01922,P0004,2,29527.22
OD005766,O01922,P0114,1,11898.15
OD005767,O01922,P0371,2,31680.46
OD005768,O01922,P0467,2,12030.4
OD005769,O01923,P0101,3,34313.25
OD005770,O01924,P0285,1,49168.83
OD005771,O01925,P0096,1,5167.74
OD005772,O01926,P0095,3,130264.17
OD005773,O01926,P0385,1,5603.28
OD005774,O01926,P0229,1,18497.07
OD005775,O01927,P0107,2,70374.92
OD005776,O01927,P0426,1,33161.16
OD005777,O01927,P0135,3,83307.84
OD005778,O01927,P0221,1,25026.69
OD005779,O01927,P0471,2,8575.6
OD005780,O01928,P0047,3,55656.33
OD005781,O01928,P0278,3,60685.14
OD005782,O01929,P0147,1,3515.25
OD005783,O01929,P0035,2,88647.62
OD005784,O01930,P0195,2,76749.9
OD005785,O01930,P0394,3,72722.01
OD005786,O01931,P0482,1,36394.17
OD005787,O01931,P0459,3,17627.94
OD005788,O01931,P0071,2,63780.52
OD005789,O01932,P0090,2,9082.44
OD005790,O01932,P0157,1,159.01
OD005791,O01932,P0359,2,34592.42
OD005792,O01932,P0024,2,51299.0
OD005793,O01932,P0332,3,142239.54
OD005794,O01933,P0031,3,11121.96
OD005795,O01933,P0301,1,17437.95
OD005796,O01933,P0466,1,32070.74
OD005797,O01933,P0401,1,4209.04
OD005798,O01934,P0003,3,144441.69
OD005799,O01934,P0089,2,95552.4
OD005800,O01934,P0093,3,131924.88
OD005801,O01935,P0197,2,23656.76
OD005802,O01935,P0189,3,63351.42
OD005803,O01935,P0494,1,26389.15
OD005804,O01936,P0128,1,14179.39
OD005805,O01936,P0226,3,66075.81
OD005806,O01936,P0276,1,17066.13
OD005807,O01937,P0254,2,63563.34
OD005808,O01937,P0371,3,47520.69
OD005809,O01937,P0485,3,142512.72
OD005810,O01938,P0308,2,14383.62
OD005811,O01938,P0371,3,47520.69
OD005812,O01938,P0359,3,51888.63
OD005813,O01939,P0324,2,38768.0
OD005814,O01939,P0414,3,88436.43
OD005815,O01939,P0434,3,16717.71
OD005816,O01939,P0169,3,29415.48
OD005817,O01939,P0206,3,49253.58
OD005818,O01940,P0431,2,7945.06
OD005819,O01940,P0091,1,19236.54
OD005820,O01941,P0211,3,127787.91
OD005821,O01941,P0405,3,110104.23
OD005822,O01941,P0011,3,37919.79
OD005823,O01941,P0122,3,76891.68
OD005824,O01941,P0465,3,115243.59
OD005825,O01942,P0191,2,8228.2
OD005826,O01942,P0108,1,30794.61
OD005827,O01943,P0003,1,48147.23
OD005828,O01943,P0489,2,60315.48
OD005829,O01943,P0437,1,16672.54
OD005830,O01943,P0151,3,100499.58
OD005831,O01943,P0073,1,29600.94
OD005832,O01944,P0184,3,121776.96
OD005833,O01944,P0442,3,144149.19
OD005834,O01945,P0364,1,28432.83
OD005835,O01945,P0184,3,121776.96
OD005836,O01945,P0178,2,13485.0
OD005837,O01945,P0022,1,33123.51
OD005838,O01945,P0211,2,85191.94
OD005839,O01946,P0276,3,51198.39
OD005840,O01946,P0194,1,49657.42
OD005841,O01947,P0262,1,17889.61
OD005842,O01947,P0048,1,15969.26
OD005843,O01947,P0243,1,39529.4
OD005844,O01947,P0424,3,41330.25
OD005845,O01947,P0233,3,16605.78
OD005846,O01948,P0003,2,96294.46
OD005847,O01948,P0176,2,61328.92
OD005848,O01948,P0250,1,16084.33
OD005849,O01949,P0108,1,30794.61
OD005850,O01949,P0261,2,69295.22
OD005851,O01949,P0102,3,125107.26
OD005852,O01950,P0063,2,3592.04
OD005853,O01950,P0321,2,82838.28
OD005854,O01950,P0379,2,27050.14
OD005855,O01950,P0069,1,43872.1
OD005856,O01950,P0371,2,31680.46
OD005857,O01951,P0254,3,95345.01
OD005858,O01951,P0423,1,36902.07
OD005859,O01951,P0003,2,96294.46
OD005860,O01952,P0078,1,13869.21
OD005861,O01952,P0364,1,28432.83
OD005862,O01952,P0111,3,41311.53
OD005863,O01952,P0261,1,34647.61
OD005864,O01953,P0194,1,49657.42
OD005865,O01954,P0183,3,39317.67
OD005866,O01954,P0170,3,80883.33
OD005867,O01954,P0118,3,107988.48
OD005868,O01954,P0450,2,26686.3
OD005869,O01954,P0220,2,31127.54
OD005870,O01955,P0203,3,34424.31
OD005871,O01956,P0252,1,27839.73
OD005872,O01956,P0152,1,24420.94
OD005873,O01957,P0142,1,42626.52
OD005874,O01957,P0136,3,8975.04
OD005875,O01957,P0482,2,72788.34
OD005876,O01958,P0488,1,19763.51
OD005877,O01958,P0297,3,119414.73
OD005878,O01959,P0499,2,44758.16
OD005879,O01960,P0064,1,29997.92
OD005880,O01960,P0164,2,19339.22
OD005881,O01960,P0111,3,41311.53
OD005882,O01961,P0370,3,141394.38
OD005883,O01961,P0258,1,48965.17
OD005884,O01961,P0143,3,115718.4
OD005885,O01961,P0110,3,125205.84
OD005886,O01962,P0161,1,28997.9
OD005887,O01963,P0164,2,19339.22
OD005888,O01963,P0049,1,33685.14
OD005889,O01964,P0192,3,98643.27
OD005890,O01964,P0068,1,14521.52
OD005891,O01965,P0438,1,25867.34
OD005892,O01965,P0486,3,10177.89
OD005893,O01965,P0233,2,11070.52
OD005894,O01966,P0099,1,5087.08
OD005895,O01966,P0398,2,84621.72
OD005896,O01966,P0414,1,29478.81
OD005897,O01966,P0223,2,16256.24
OD005898,O01967,P0037,1,36049.73
OD005899,O01967,P0008,3,64905.96
OD005900,O01967,P0263,3,18607.23
OD005901,O01968,P0121,2,45985.0
OD005902,O01969,P0215,3,36705.96
OD005903,O01969,P0086,3,136242.54
OD005904,O01969,P0128,3,42538.17
OD005905,O01969,P0333,2,10406.38
OD005906,O01969,P0057,3,96109.05
OD005907,O01970,P0205,1,3894.6
OD005908,O01970,P0168,1,16016.13
OD005909,O01970,P0428,2,72367.56
OD005910,O01970,P0228,3,128062.8
OD005911,O01971,P0069,2,87744.2
OD005912,O01972,P0134,1,34667.28
OD005913,O01972,P0084,2,49939.34
OD005914,O01972,P0361,2,44747.76
OD005915,O01973,P0059,3,15666.66
OD005916,O01973,P0142,1,42626.52
OD005917,O01973,P0272,1,47951.54
OD005918,O01974,P0355,3,146005.68
OD005919,O01974,P0085,2,66366.56
OD005920,O01974,P0053,3,86216.73
OD005921,O01974,P0351,3,50607.87
OD005922,O01974,P0493,2,52132.16
OD005923,O01975,P0476,2,1270.28
OD005924,O01975,P0094,1,39141.36
OD005925,O01975,P0325,3,24915.09
OD005926,O01976,P0114,3,35694.45
OD005927,O01976,P0013,1,2877.19
OD005928,O01976,P0247,3,125469.18
OD005929,O01976,P0433,1,38386.31
OD005930,O01976,P0287,3,85789.38
OD005931,O01977,P0415,2,74935.54
OD005932,O01977,P0392,1,11405.72
OD005933,O01977,P0274,3,109508.37
OD005934,O01977,P0312,1,26966.28
OD005935,O01978,P0286,1,34386.6
OD005936,O01978,P0125,2,89951.32
OD005937,O01979,P0109,3,87512.13
OD005938,O01980,P0030,2,25822.06
OD005939,O01980,P0417,2,96323.64
OD005940,O01980,P0452,3,85527.48
OD005941,O01980,P0245,3,103332.3
OD005942,O01980,P0228,1,42687.6
OD005943,O01981,P0418,1,11635.18
OD005944,O01981,P0455,2,48492.8
OD005945,O01981,P0302,3,53849.7
OD005946,O01982,P0252,1,27839.73
OD005947,O01982,P0491,3,42661.14
OD005948,O01982,P0313,1,36907.6
OD005949,O01982,P0309,2,9992.06
OD005950,O01983,P0035,2,88647.62
OD005951,O01983,P0418,1,11635.18
OD005952,O01983,P0480,3,102549.69
OD005953,O01983,P0118,1,35996.16
OD005954,O01983,P0344,2,12377.94
OD005955,O01984,P0289,3,14711.91
OD005956,O01984,P0083,1,34146.63
OD005957,O01984,P0150,2,97940.48
OD005958,O01984,P0092,1,40584.21
OD005959,O01984,P0243,3,118588.2
OD005960,O01985,P0050,3,146514.54
OD005961,O01985,P0101,2,22875.5
OD005962,O01985,P0112,2,14252.9
OD005963,O01986,P0105,2,3268.92
OD005964,O01986,P0361,2,44747.76
OD005965,O01987,P0199,2,42664.0
OD005966,O01987,P0362,1,18203.86
OD005967,O01987,P0343,3,108763.23
OD005968,O01988,P0338,2,76142.16
OD005969,O01989,P0496,1,6446.33
OD005970,O01989,P0477,3,122388.12
OD005971,O01990,P0192,3,98643.27
OD005972,O01990,P0416,2,4376.14
OD005973,O01990,P0446,1,42866.03
OD005974,O01990,P0122,1,25630.56
OD005975,O01991,P0205,3,11683.8
OD005976,O01992,P0386,1,26873.03
OD005977,O01992,P0258,1,48965.17
OD005978,O01993,P0342,2,23454.64
OD005979,O01994,P0498,2,46054.46
OD005980,O01994,P0213,3,51356.34
OD005981,O01994,P0461,2,33969.74
OD005982,O01994,P0075,3,19242.21
OD005983,O01994,P0217,1,43359.09
OD005984,O01995,P0322,3,112012.62
OD005985,O01995,P0027,3,78936.45
OD005986,O01996,P0228,3,128062.8
OD005987,O01996,P0208,3,137981.85
OD005988,O01996,P0306,3,134845.59
OD005989,O01996,P0269,1,34902.62
OD005990,O01996,P0307,3,83232.54
OD005991,O01997,P0247,1,41823.06
OD005992,O01997,P0190,2,63226.98
OD005993,O01997,P0021,1,8698.02
OD005994,O01997,P0442,2,96099.46
OD005995,O01998,P0235,2,72037.14
OD005996,O01998,P0210,3,106218.45
OD005997,O01998,P0491,3,42661.14
OD005998,O01998,P0478,3,135643.38
OD005999,O01999,P0263,2,12404.82
OD006000,O01999,P0490,1,2217.14
OD006001,O01999,P0047,3,55656.33
OD006002,O01999,P0228,2,85375.2
OD006003,O02000,P0036,3,73541.94
OD006004,O02000,P0255,3,67473.18
OD006005,O02000,P0193,1,2379.84
OD006006,O02000,P0286,1,34386.6
OD006007,O02000,P0435,1,47966.92
